source_id,anchor_drug_id
3,1
4,1
3,2
4,2
3,3
4,3
4,4
5,4
4,5
5,5
4,6
5,6
3,7
4,7
3,8
4,8
3,9
4,9
3,10
4,10
3,11
4,11
3,12
4,12
3,13
4,13
4,14
5,14
3,15
4,15
5,15
3,16
4,16
4,17
5,17
3,18
4,18
3,19
4,19
3,20
4,20
4,21
5,21
4,22
5,22
3,23
4,23
5,23
3,24
4,24
3,25
4,25
5,25
3,26
4,26
3,27
4,27
3,28
4,28
4,29
7,29
4,30
5,30
4,31
5,31
3,32
4,32
3,33
4,33
3,34
4,34
3,35
4,35
3,36
4,36
3,37
4,37
5,37
3,38
4,38
3,39
4,39
3,40
4,40
4,41
5,41
3,42
4,42
3,43
4,43
3,44
4,44
5,44
3,45
4,45
3,46
4,46
5,46
3,47
4,47
4,48
5,48
3,49
4,49
3,50
4,50
3,51
4,51
5,51
4,52
5,52
3,53
4,53
3,54
4,54
5,54
3,55
4,55
1,56
2,56
3,56
4,56
5,56
7,56
3,57
4,57
5,57
3,58
4,58
3,59
4,59
3,60
4,60
3,61
4,61
3,62
4,62
3,63
4,63
3,64
4,64
3,65
4,65
4,66
5,66
4,67
5,67
3,68
4,68
4,69
5,69
3,70
4,70
1,71
3,71
4,71
5,71
3,72
4,72
3,73
4,73
3,74
4,74
4,75
5,75
4,76
5,76
4,77
5,77
3,78
4,78
5,78
3,79
4,79
5,79
1,80
3,80
4,80
3,81
4,81
5,81
7,81
1,82
3,82
4,82
1,83
2,83
3,83
4,83
5,83
7,83
3,84
4,84
5,84
1,85
2,85
3,85
4,85
5,85
7,85
1,86
2,86
4,86
5,86
7,86
3,87
4,87
5,87
1,88
2,88
3,88
4,88
5,88
7,88
3,89
4,89
5,89
3,90
4,90
3,91
4,91
5,91
4,92
5,92
3,93
4,93
5,93
3,94
4,94
5,94
3,95
4,95
5,95
4,96
5,96
3,97
4,97
5,97
3,98
4,98
5,98
3,99
4,99
5,99
3,100
4,100
5,100
3,101
4,101
5,101
3,102
4,102
5,102
4,103
5,103
3,104
4,104
1,105
3,105
4,105
7,105
4,106
5,106
4,107
5,107
4,108
5,108
4,109
5,109
4,110
5,110
4,111
5,111
4,112
5,112
3,113
4,113
1,114
3,114
4,114
5,114
7,114
4,115
5,115
3,116
4,116
5,116
4,117
5,117
3,118
4,118
5,118
3,119
4,119
5,119
4,120
5,120
3,121
4,121
5,121
3,122
4,122
3,123
4,123
5,123
4,124
5,124
3,125
4,125
3,126
4,126
5,126
3,127
4,127
5,127
3,128
4,128
5,128
7,128
3,129
4,129
5,129
3,130
4,130
4,131
5,131
4,132
5,132
3,133
4,133
5,133
3,134
4,134
7,134
1,135
3,135
4,135
3,136
4,136
5,136
4,137
5,137
4,138
5,138
4,139
5,139
3,140
4,140
5,140
3,141
4,141
3,142
4,142
3,143
4,143
3,144
4,144
4,145
5,145
3,146
4,146
5,146
4,147
5,147
3,148
4,148
3,149
4,149
3,150
4,150
3,151
4,151
1,152
3,152
4,152
5,152
7,152
1,153
2,153
3,153
4,153
5,153
7,153
3,154
4,154
5,154
1,155
3,155
4,155
5,155
3,156
4,156
5,156
3,157
4,157
3,158
4,158
5,158
3,159
4,159
5,159
3,160
4,160
5,160
3,161
4,161
3,162
4,162
3,163
4,163
5,163
3,164
4,164
3,165
4,165
5,165
3,166
4,166
5,166
3,167
4,167
3,168
4,168
5,168
1,169
3,169
4,169
1,170
2,170
3,170
4,170
5,170
7,170
3,171
4,171
5,171
1,172
2,172
3,172
4,172
7,172
3,173
4,173
5,173
3,174
4,174
5,174
3,175
4,175
5,175
4,176
5,176
4,177
5,177
1,178
3,178
4,178
5,178
7,178
3,179
4,179
4,180
5,180
3,181
4,181
3,182
4,182
5,182
3,183
4,183
5,183
3,184
4,184
5,184
3,185
4,185
5,185
3,186
4,186
5,186
3,187
4,187
5,187
7,187
3,188
4,188
5,188
3,189
4,189
3,190
4,190
3,191
4,191
5,191
3,192
4,192
5,192
3,193
4,193
5,193
7,193
4,194
5,194
3,195
4,195
5,195
3,196
4,196
5,196
3,197
4,197
5,197
3,198
4,198
5,198
1,199
2,199
3,199
4,199
5,199
7,199
4,200
5,200
3,201
4,201
1,202
2,202
3,202
4,202
5,202
7,202
3,203
4,203
5,203
1,204
2,204
3,204
4,204
7,204
1,205
3,205
4,205
5,205
7,205
1,206
3,206
4,206
5,206
3,207
4,207
5,207
3,208
4,208
5,208
3,209
4,209
4,210
5,210
3,211
4,211
5,211
3,212
4,212
5,212
3,213
4,213
5,213
3,214
4,214
3,215
4,215
5,215
3,216
4,216
3,217
4,217
3,218
4,218
5,218
3,219
4,219
5,219
4,220
5,220
3,221
4,221
5,221
3,222
4,222
5,222
1,223
2,223
3,223
4,223
7,223
1,224
3,224
4,224
3,225
4,225
3,226
4,226
3,227
4,227
5,227
3,228
4,228
5,228
3,229
4,229
5,229
3,230
4,230
3,231
4,231
3,232
4,232
3,233
4,233
5,233
1,234
3,234
4,234
7,234
3,235
4,235
4,236
5,236
3,237
4,237
5,237
4,238
5,238
3,239
4,239
5,239
3,240
4,240
5,240
3,241
4,241
5,241
3,242
4,242
3,243
4,243
3,244
4,244
3,245
4,245
3,246
4,246
3,247
4,247
5,247
3,248
4,248
3,249
4,249
5,249
3,250
4,250
5,250
1,251
2,251
3,251
4,251
5,251
7,251
3,252
4,252
5,252
4,253
7,253
3,254
4,254
5,254
3,255
4,255
3,256
4,256
4,257
5,257
3,258
4,258
5,258
3,259
4,259
4,260
5,260
4,261
5,261
3,262
4,262
3,263
4,263
5,263
3,264
4,264
1,265
3,265
4,265
3,266
4,266
5,266
3,267
4,267
3,268
4,268
3,269
4,269
4,270
5,270
3,271
4,271
5,271
1,272
2,272
3,272
4,272
5,272
7,272
3,273
4,273
5,273
3,274
4,274
3,275
4,275
5,275
3,276
4,276
3,277
4,277
3,278
4,278
5,278
3,279
4,279
5,279
3,280
4,280
4,281
7,281
3,282
4,282
3,283
4,283
3,284
4,284
3,285
4,285
5,285
3,286
4,286
5,286
3,287
4,287
3,288
4,288
3,289
4,289
3,290
4,290
5,290
4,291
5,291
3,292
4,292
3,293
4,293
3,294
4,294
3,295
4,295
5,295
3,296
4,296
5,296
3,297
4,297
5,297
3,298
4,298
5,298
3,299
4,299
5,299
3,300
4,300
3,301
4,301
5,301
3,302
4,302
3,303
4,303
5,303
3,304
4,304
5,304
3,305
4,305
5,305
3,306
4,306
5,306
3,307
4,307
5,307
3,308
4,308
3,309
4,309
3,310
4,310
3,311
4,311
5,311
1,312
2,312
3,312
4,312
5,312
7,312
3,313
4,313
3,314
4,314
5,314
4,315
5,315
3,316
4,316
5,316
3,317
4,317
5,317
3,318
4,318
4,319
5,319
4,320
5,320
1,321
3,321
4,321
7,321
4,322
7,322
3,323
4,323
4,324
5,324
3,325
4,325
5,325
3,326
4,326
5,326
3,327
4,327
5,327
4,328
5,328
1,329
3,329
4,329
7,329
3,330
4,330
5,330
3,331
4,331
5,331
3,332
4,332
5,332
7,332
3,333
4,333
3,334
4,334
5,334
3,335
4,335
3,336
4,336
1,337
2,337
3,337
4,337
7,337
3,338
4,338
5,338
3,339
4,339
5,339
4,340
5,340
1,341
4,341
3,342
4,342
5,342
3,343
4,343
4,344
5,344
4,345
5,345
3,346
4,346
3,347
4,347
5,347
4,348
5,348
4,349
5,349
3,350
4,350
5,350
3,351
4,351
5,351
1,352
3,352
4,352
4,353
5,353
3,354
4,354
5,354
4,355
5,355
3,356
4,356
5,356
1,357
3,357
4,357
5,357
3,358
4,358
4,359
5,359
3,360
4,360
1,361
3,361
4,361
5,361
3,362
4,362
3,363
4,363
5,363
1,364
3,364
4,364
4,365
5,365
3,366
4,366
5,366
3,367
4,367
3,368
4,368
5,368
3,369
4,369
5,369
3,370
4,370
5,370
3,371
4,371
5,371
3,372
4,372
3,373
4,373
1,374
2,374
3,374
4,374
7,374
1,375
3,375
4,375
5,375
1,376
2,376
3,376
4,376
7,376
1,377
3,377
4,377
7,377
3,378
4,378
1,379
3,379
4,379
5,379
3,380
4,380
3,381
4,381
3,382
4,382
3,383
4,383
3,384
4,384
3,385
4,385
3,386
4,386
5,386
3,387
4,387
3,388
4,388
5,388
3,389
4,389
3,390
4,390
5,390
3,391
4,391
3,392
4,392
5,392
3,393
4,393
3,394
4,394
5,394
4,395
5,395
3,396
4,396
5,396
3,397
4,397
3,398
4,398
3,399
4,399
5,399
3,400
4,400
5,400
1,401
3,401
4,401
3,402
4,402
5,402
3,403
4,403
3,404
4,404
3,405
4,405
3,406
4,406
4,407
5,407
4,408
5,408
3,409
4,409
5,409
1,410
3,410
4,410
5,410
1,411
2,411
3,411
4,411
5,411
7,411
3,412
4,412
5,412
3,413
4,413
5,413
1,414
3,414
4,414
5,414
3,415
4,415
5,415
3,416
4,416
3,417
4,417
4,418
5,418
3,419
4,419
5,419
3,420
4,420
5,420
1,421
2,421
3,421
4,421
5,421
7,421
3,422
4,422
3,423
4,423
5,423
3,424
4,424
3,425
4,425
5,425
3,426
4,426
5,426
3,427
4,427
5,427
3,428
4,428
3,429
4,429
4,430
5,430
3,431
4,431
5,431
3,432
4,432
5,432
3,433
4,433
5,433
3,434
4,434
5,434
3,435
4,435
3,436
4,436
5,436
3,437
4,437
1,438
3,438
4,438
5,438
3,439
4,439
3,440
4,440
5,440
3,441
4,441
3,442
4,442
5,442
1,443
3,443
4,443
5,443
3,444
4,444
5,444
3,445
4,445
3,446
4,446
3,447
4,447
5,447
3,448
4,448
4,449
5,449
3,450
4,450
3,451
4,451
1,452
2,452
3,452
4,452
7,452
3,453
4,453
3,454
4,454
5,454
3,455
4,455
3,456
4,456
3,457
4,457
5,457
3,458
4,458
5,458
3,459
4,459
3,460
4,460
5,460
4,461
5,461
1,462
2,462
3,462
4,462
5,462
7,462
3,463
4,463
3,464
4,464
1,465
3,465
4,465
5,465
7,465
1,466
4,466
4,467
5,467
3,468
4,468
3,469
4,469
5,469
3,470
4,470
5,470
3,471
4,471
5,471
3,472
4,472
5,472
3,473
4,473
5,473
1,474
2,474
3,474
4,474
7,474
3,475
4,475
5,475
3,476
4,476
5,476
3,477
4,477
3,478
4,478
3,479
4,479
3,480
4,480
1,481
3,481
4,481
5,481
7,481
4,482
7,482
4,483
5,483
4,484
5,484
3,485
4,485
5,485
3,486
4,486
5,486
3,487
4,487
3,488
4,488
5,488
3,489
4,489
5,489
3,490
4,490
5,490
4,491
5,491
1,492
3,492
4,492
4,493
5,493
1,494
2,494
3,494
4,494
7,494
3,495
4,495
5,495
4,496
5,496
3,497
4,497
5,497
3,498
4,498
3,499
4,499
5,499
3,500
4,500
3,501
4,501
3,502
4,502
5,502
3,503
4,503
5,503
3,504
4,504
5,504
1,505
2,505
3,505
4,505
5,505
7,505
4,506
5,506
3,507
4,507
3,508
4,508
3,509
4,509
5,509
3,510
4,510
5,510
1,511
3,511
4,511
5,511
4,512
5,512
7,512
4,513
5,513
7,513
4,514
5,514
4,515
5,515
3,516
4,516
5,516
3,517
4,517
5,517
3,518
4,518
5,518
3,519
4,519
5,519
3,520
4,520
3,521
4,521
3,522
4,522
5,522
3,523
4,523
5,523
3,524
4,524
5,524
3,525
4,525
5,525
1,526
2,526
3,526
4,526
5,526
7,526
1,527
3,527
4,527
5,527
1,528
2,528
3,528
4,528
7,528
3,529
4,529
3,530
4,530
5,530
4,531
5,531
3,532
4,532
5,532
3,533
4,533
3,534
4,534
5,534
3,535
4,535
3,536
4,536
3,537
4,537
5,537
3,538
4,538
1,539
2,539
3,539
4,539
7,539
1,540
2,540
3,540
4,540
5,540
7,540
1,541
2,541
3,541
4,541
7,541
4,542
5,542
3,543
4,543
3,544
4,544
5,544
3,545
4,545
5,545
4,546
5,546
1,547
3,547
4,547
5,547
7,547
3,548
4,548
5,548
4,549
5,549
3,550
4,550
5,550
3,551
4,551
5,551
3,552
4,552
5,552
3,553
4,553
5,553
3,554
4,554
5,554
3,555
4,555
5,555
3,556
4,556
5,556
3,557
4,557
5,557
3,558
4,558
5,558
3,559
4,559
3,560
4,560
5,560
3,561
4,561
3,562
4,562
3,563
4,563
3,564
4,564
3,565
4,565
4,566
5,566
3,567
4,567
3,568
4,568
3,569
4,569
3,570
4,570
3,571
4,571
3,572
4,572
3,573
4,573
3,574
4,574
5,574
3,575
4,575
3,576
4,576
5,576
3,577
4,577
3,578
4,578
3,579
4,579
3,580
4,580
3,581
4,581
3,582
4,582
5,582
3,583
4,583
5,583
3,584
4,584
5,584
3,585
4,585
5,585
3,586
4,586
3,587
4,587
5,587
3,588
4,588
5,588
3,589
4,589
5,589
3,590
4,590
5,590
3,591
4,591
3,592
4,592
5,592
3,593
4,593
3,594
4,594
5,594
7,594
4,595
5,595
4,596
5,596
3,597
4,597
3,598
4,598
5,598
4,599
5,599
1,600
2,600
3,600
4,600
1,601
2,601
3,601
4,601
7,601
3,602
4,602
5,602
3,603
4,603
3,604
4,604
5,604
3,605
4,605
5,605
7,605
3,606
4,606
7,606
3,607
4,607
5,607
3,608
4,608
3,609
4,609
3,610
4,610
3,611
4,611
4,612
5,612
4,613
5,613
2,614
4,614
1,615
2,615
3,615
4,615
5,615
7,615
3,616
4,616
5,616
3,617
4,617
1,618
2,618
3,618
4,618
7,618
4,619
5,619
1,620
2,620
3,620
4,620
5,620
1,621
2,621
3,621
4,621
5,621
7,621
3,622
4,622
5,622
3,623
4,623
5,623
3,624
4,624
5,624
4,625
5,625
3,626
4,626
5,626
3,627
4,627
5,627
4,628
5,628
3,629
4,629
5,629
1,630
2,630
3,630
4,630
5,630
7,630
3,631
4,631
5,631
3,632
4,632
5,632
3,633
4,633
5,633
3,634
4,634
5,634
4,635
5,635
3,636
4,636
5,636
3,637
4,637
5,637
3,638
4,638
5,638
1,639
3,639
4,639
3,640
4,640
5,640
3,641
4,641
3,642
4,642
3,643
4,643
5,643
3,644
4,644
5,644
4,645
7,645
4,646
5,646
3,647
4,647
5,647
3,648
4,648
3,649
4,649
5,649
4,650
5,650
3,651
4,651
5,651
3,652
4,652
3,653
4,653
7,653
4,654
5,654
4,655
5,655
7,655
3,656
4,656
5,656
7,656
4,657
5,657
7,657
3,658
4,658
3,659
4,659
3,660
4,660
4,661
5,661
3,662
4,662
5,662
3,663
4,663
5,663
3,664
4,664
5,664
4,665
5,665
3,666
4,666
5,666
7,666
3,667
4,667
5,667
3,668
4,668
5,668
3,669
4,669
5,669
3,670
4,670
5,670
3,671
4,671
5,671
4,672
5,672
3,673
4,673
3,674
4,674
3,675
4,675
3,676
4,676
3,677
4,677
5,677
3,678
4,678
5,678
3,679
4,679
5,679
4,680
5,680
3,681
4,681
5,681
4,682
5,682
3,683
4,683
5,683
3,684
4,684
3,685
4,685
3,686
4,686
5,686
4,687
5,687
3,688
4,688
5,688
3,689
4,689
5,689
7,689
3,690
4,690
3,691
4,691
3,692
4,692
3,693
4,693
5,693
3,694
4,694
5,694
3,695
4,695
5,695
3,696
4,696
5,696
7,696
4,697
5,697
7,697
4,698
5,698
4,699
5,699
3,700
4,700
5,700
3,701
4,701
5,701
3,702
4,702
5,702
3,703
4,703
1,704
3,704
4,704
5,704
3,705
4,705
3,706
4,706
1,707
2,707
3,707
4,707
7,707
3,708
4,708
5,708
1,709
2,709
3,709
4,709
7,709
3,710
4,710
5,710
3,711
4,711
1,712
2,712
3,712
4,712
7,712
3,713
4,713
4,714
5,714
3,715
4,715
5,715
4,716
5,716
3,717
4,717
5,717
3,718
4,718
3,719
4,719
3,720
4,720
3,721
4,721
3,722
4,722
5,722
3,723
4,723
3,724
4,724
5,724
3,725
4,725
1,726
2,726
3,726
4,726
5,726
7,726
3,727
4,727
3,728
4,728
3,729
4,729
5,729
3,730
4,730
5,730
3,731
4,731
3,732
4,732
3,733
4,733
5,733
4,734
5,734
4,735
5,735
4,736
5,736
3,737
4,737
3,738
4,738
3,739
4,739
3,740
4,740
3,741
4,741
5,741
1,742
3,742
4,742
5,742
1,743
4,743
5,743
3,744
4,744
5,744
3,745
4,745
5,745
1,746
3,746
4,746
4,747
5,747
3,748
4,748
5,748
3,749
4,749
5,749
4,750
5,750
3,751
4,751
5,751
3,752
4,752
5,752
3,753
4,753
3,754
4,754
1,755
3,755
4,755
5,755
3,756
4,756
3,757
4,757
3,758
4,758
3,759
4,759
3,760
4,760
3,761
4,761
1,762
2,762
3,762
4,762
7,762
1,763
2,763
3,763
4,763
7,763
3,764
4,764
3,765
4,765
3,766
4,766
3,767
4,767
3,768
4,768
5,768
3,769
4,769
5,769
3,770
4,770
5,770
3,771
4,771
3,772
4,772
3,773
4,773
3,774
4,774
5,774
3,775
4,775
3,776
4,776
3,777
4,777
3,778
4,778
5,778
3,779
4,779
1,780
2,780
3,780
4,780
7,780
3,781
4,781
3,782
4,782
3,783
4,783
5,783
4,784
5,784
1,785
2,785
3,785
4,785
5,785
7,785
3,786
4,786
3,787
4,787
3,788
4,788
5,788
3,789
4,789
5,789
3,790
4,790
5,790
3,791
4,791
3,792
4,792
5,792
3,793
4,793
5,793
1,794
2,794
3,794
4,794
5,794
7,794
3,795
4,795
5,795
3,796
4,796
5,796
3,797
4,797
5,797
1,798
2,798
3,798
4,798
7,798
1,799
2,799
3,799
4,799
5,799
7,799
3,800
4,800
3,801
4,801
3,802
4,802
5,802
3,803
4,803
5,803
3,804
4,804
5,804
3,805
4,805
5,805
3,806
4,806
5,806
3,807
4,807
3,808
4,808
4,809
5,809
3,810
4,810
3,811
4,811
5,811
3,812
4,812
3,813
4,813
5,813
3,814
4,814
3,815
4,815
5,815
3,816
4,816
5,816
2,817
3,817
4,817
5,817
3,818
4,818
5,818
4,819
5,819
3,820
4,820
5,820
3,821
4,821
3,822
4,822
5,822
3,823
4,823
5,823
3,824
4,824
5,824
3,825
4,825
3,826
4,826
5,826
3,827
4,827
5,827
3,828
4,828
3,829
4,829
4,830
7,830
4,831
5,831
3,832
4,832
5,832
3,833
4,833
5,833
3,834
4,834
5,834
3,835
4,835
5,835
3,836
4,836
5,836
3,837
4,837
5,837
3,838
4,838
5,838
1,839
3,839
4,839
3,840
4,840
5,840
3,841
4,841
3,842
4,842
5,842
3,843
4,843
5,843
3,844
4,844
4,845
5,845
3,846
4,846
3,847
4,847
3,848
4,848
3,849
4,849
3,850
4,850
1,851
3,851
4,851
7,851
3,852
4,852
5,852
1,853
2,853
3,853
4,853
7,853
3,854
4,854
5,854
3,855
4,855
5,855
4,856
5,856
3,857
4,857
5,857
3,858
4,858
5,858
3,859
4,859
5,859
3,860
4,860
5,860
4,861
5,861
4,862
5,862
3,863
4,863
5,863
4,864
5,864
3,865
4,865
5,865
4,866
5,866
4,867
5,867
3,868
4,868
5,868
3,869
4,869
5,869
3,870
4,870
5,870
3,871
4,871
5,871
3,872
4,872
3,873
4,873
5,873
3,874
4,874
5,874
4,875
5,875
4,876
5,876
3,877
4,877
3,878
4,878
3,879
4,879
5,879
3,880
4,880
5,880
4,881
5,881
3,882
4,882
5,882
3,883
4,883
1,884
2,884
3,884
4,884
7,884
3,885
4,885
5,885
7,885
3,886
4,886
5,886
1,887
2,887
3,887
4,887
5,887
7,887
3,888
4,888
3,889
4,889
5,889
7,889
4,890
5,890
4,891
5,891
3,892
4,892
5,892
4,893
5,893
3,894
4,894
5,894
7,894
3,895
4,895
4,896
7,896
1,897
2,897
3,897
4,897
5,897
7,897
3,898
4,898
5,898
3,899
4,899
5,899
4,900
5,900
7,900
3,901
4,901
7,901
3,902
4,902
3,903
4,903
5,903
3,904
4,904
3,905
4,905
5,905
4,906
5,906
3,907
4,907
5,907
3,908
4,908
5,908
7,908
3,909
4,909
5,909
3,910
4,910
3,911
4,911
4,912
5,912
3,913
4,913
3,914
4,914
5,914
3,915
4,915
5,915
7,915
3,916
4,916
4,917
5,917
4,918
5,918
3,919
4,919
5,919
4,920
5,920
3,921
4,921
5,921
3,922
4,922
3,923
4,923
5,923
3,924
4,924
3,925
4,925
5,925
4,926
5,926
3,927
4,927
3,928
4,928
3,929
4,929
3,930
4,930
3,931
4,931
3,932
4,932
3,933
4,933
3,934
4,934
3,935
4,935
5,935
3,936
4,936
3,937
4,937
3,938
4,938
3,939
4,939
3,940
4,940
4,941
5,941
3,942
4,942
5,942
3,943
4,943
3,944
4,944
3,945
4,945
4,946
5,946
3,947
4,947
3,948
4,948
4,949
5,949
3,950
4,950
3,951
4,951
3,952
4,952
3,953
4,953
3,954
4,954
3,955
4,955
3,956
4,956
5,956
3,957
4,957
3,958
4,958
1,959
3,959
4,959
5,959
3,960
4,960
3,961
4,961
3,962
4,962
3,963
4,963
3,964
4,964
5,964
7,964
4,965
5,965
3,966
4,966
5,966
3,967
4,967
3,968
4,968
5,968
3,969
4,969
5,969
4,970
5,970
3,971
4,971
1,972
2,972
3,972
4,972
5,972
7,972
1,973
2,973
3,973
4,973
7,973
1,974
3,974
4,974
5,974
1,975
2,975
3,975
4,975
5,975
7,975
3,976
4,976
5,976
7,976
3,977
4,977
5,977
3,978
4,978
5,978
4,979
5,979
3,980
4,980
3,981
4,981
3,982
4,982
3,983
4,983
3,984
4,984
5,984
3,985
4,985
3,986
4,986
5,986
4,987
5,987
4,988
5,988
4,989
5,989
3,990
4,990
3,991
4,991
5,991
3,992
4,992
3,993
4,993
5,993
3,994
4,994
5,994
3,995
4,995
5,995
3,996
4,996
5,996
7,996
3,997
4,997
5,997
7,997
3,998
4,998
5,998
4,999
5,999
3,1000
4,1000
5,1000
3,1001
4,1001
5,1001
3,1002
4,1002
5,1002
3,1003
4,1003
5,1003
4,1004
5,1004
3,1005
4,1005
5,1005
4,1006
5,1006
3,1007
4,1007
5,1007
3,1008
4,1008
3,1009
4,1009
3,1010
4,1010
3,1011
4,1011
5,1011
3,1012
4,1012
4,1013
5,1013
3,1014
4,1014
1,1015
2,1015
3,1015
4,1015
7,1015
3,1016
4,1016
5,1016
3,1017
4,1017
5,1017
3,1018
4,1018
3,1019
4,1019
5,1019
3,1020
4,1020
5,1020
3,1021
4,1021
5,1021
3,1022
4,1022
3,1023
4,1023
1,1024
2,1024
3,1024
4,1024
5,1024
7,1024
3,1025
4,1025
5,1025
3,1026
4,1026
5,1026
3,1027
4,1027
1,1028
2,1028
3,1028
4,1028
5,1028
7,1028
3,1029
4,1029
3,1030
4,1030
4,1031
5,1031
3,1032
4,1032
5,1032
3,1033
4,1033
5,1033
3,1034
4,1034
3,1035
4,1035
3,1036
4,1036
5,1036
3,1037
4,1037
4,1038
5,1038
3,1039
4,1039
3,1040
4,1040
3,1041
4,1041
3,1042
4,1042
5,1042
3,1043
4,1043
1,1044
3,1044
4,1044
3,1045
4,1045
3,1046
4,1046
5,1046
3,1047
4,1047
3,1048
4,1048
3,1049
4,1049
3,1050
4,1050
5,1050
3,1051
4,1051
5,1051
3,1052
4,1052
3,1053
4,1053
3,1054
4,1054
3,1055
4,1055
5,1055
3,1056
4,1056
1,1057
2,1057
4,1057
7,1057
3,1058
4,1058
5,1058
7,1058
3,1059
4,1059
5,1059
7,1059
3,1060
4,1060
5,1060
7,1060
3,1061
4,1061
5,1061
3,1062
4,1062
5,1062
7,1062
3,1063
4,1063
7,1063
3,1064
4,1064
5,1064
7,1064
3,1065
4,1065
5,1065
7,1065
3,1066
4,1066
5,1066
3,1067
4,1067
5,1067
1,1068
3,1068
4,1068
5,1068
7,1068
3,1069
4,1069
5,1069
3,1070
4,1070
3,1071
4,1071
5,1071
7,1071
3,1072
4,1072
5,1072
7,1072
3,1073
4,1073
5,1073
3,1074
4,1074
7,1074
3,1075
4,1075
5,1075
7,1075
3,1076
4,1076
5,1076
3,1077
4,1077
5,1077
3,1078
4,1078
5,1078
7,1078
3,1079
4,1079
5,1079
3,1080
4,1080
5,1080
7,1080
3,1081
4,1081
5,1081
7,1081
3,1082
4,1082
3,1083
4,1083
3,1084
4,1084
5,1084
3,1085
4,1085
7,1085
3,1086
4,1086
5,1086
7,1086
3,1087
4,1087
5,1087
3,1088
4,1088
5,1088
7,1088
3,1089
4,1089
5,1089
3,1090
4,1090
5,1090
4,1091
5,1091
3,1092
4,1092
7,1092
3,1093
4,1093
5,1093
7,1093
1,1094
3,1094
4,1094
7,1094
3,1095
4,1095
5,1095
3,1096
4,1096
5,1096
1,1097
2,1097
3,1097
4,1097
7,1097
3,1098
4,1098
5,1098
3,1099
4,1099
5,1099
3,1100
4,1100
3,1101
4,1101
1,1102
3,1102
4,1102
5,1102
7,1102
3,1103
4,1103
5,1103
3,1104
4,1104
7,1104
3,1105
4,1105
5,1105
7,1105
3,1106
4,1106
5,1106
7,1106
3,1107
4,1107
3,1108
4,1108
3,1109
4,1109
3,1110
4,1110
1,1111
2,1111
3,1111
4,1111
5,1111
7,1111
3,1112
4,1112
3,1113
4,1113
5,1113
3,1114
4,1114
5,1114
3,1115
4,1115
5,1115
3,1116
4,1116
5,1116
3,1117
4,1117
4,1118
5,1118
4,1119
5,1119
4,1120
5,1120
4,1121
5,1121
3,1122
4,1122
5,1122
1,1123
3,1123
4,1123
4,1124
5,1124
4,1125
5,1125
3,1126
4,1126
5,1126
3,1127
4,1127
1,1128
2,1128
3,1128
4,1128
7,1128
3,1129
4,1129
5,1129
3,1130
4,1130
3,1131
4,1131
3,1132
4,1132
5,1132
3,1133
4,1133
5,1133
3,1134
4,1134
5,1134
3,1135
4,1135
3,1136
4,1136
3,1137
4,1137
3,1138
4,1138
3,1139
4,1139
3,1140
4,1140
5,1140
3,1141
4,1141
3,1142
4,1142
3,1143
4,1143
3,1144
4,1144
3,1145
4,1145
3,1146
4,1146
5,1146
3,1147
4,1147
5,1147
3,1148
4,1148
3,1149
4,1149
5,1149
3,1150
4,1150
5,1150
1,1151
2,1151
3,1151
4,1151
7,1151
4,1152
5,1152
3,1153
4,1153
5,1153
3,1154
4,1154
5,1154
3,1155
4,1155
5,1155
4,1156
5,1156
3,1157
4,1157
5,1157
7,1157
4,1158
5,1158
4,1159
5,1159
3,1160
4,1160
3,1161
4,1161
3,1162
4,1162
3,1163
4,1163
5,1163
3,1164
4,1164
5,1164
7,1164
3,1165
4,1165
5,1165
3,1166
4,1166
5,1166
3,1167
4,1167
5,1167
3,1168
4,1168
3,1169
4,1169
4,1170
5,1170
3,1171
4,1171
3,1172
4,1172
5,1172
3,1173
4,1173
5,1173
3,1174
4,1174
5,1174
4,1175
5,1175
3,1176
4,1176
3,1177
4,1177
5,1177
4,1178
5,1178
3,1179
4,1179
5,1179
7,1179
3,1180
4,1180
5,1180
3,1181
4,1181
1,1182
4,1182
7,1182
3,1183
4,1183
5,1183
1,1184
3,1184
4,1184
5,1184
3,1185
4,1185
4,1186
5,1186
4,1187
5,1187
3,1188
4,1188
5,1188
3,1189
4,1189
5,1189
3,1190
4,1190
5,1190
7,1190
3,1191
4,1191
5,1191
3,1192
4,1192
5,1192
3,1193
4,1193
5,1193
3,1194
4,1194
5,1194
3,1195
4,1195
5,1195
3,1196
4,1196
5,1196
4,1197
5,1197
7,1197
3,1198
4,1198
3,1199
4,1199
3,1200
4,1200
3,1201
4,1201
5,1201
3,1202
4,1202
7,1202
3,1203
4,1203
3,1204
4,1204
5,1204
3,1205
4,1205
3,1206
4,1206
5,1206
3,1207
4,1207
3,1208
4,1208
5,1208
4,1209
5,1209
3,1210
4,1210
5,1210
3,1211
4,1211
3,1212
4,1212
5,1212
7,1212
3,1213
4,1213
3,1214
4,1214
5,1214
3,1215
4,1215
7,1215
4,1216
5,1216
3,1217
4,1217
5,1217
3,1218
4,1218
3,1219
4,1219
4,1220
5,1220
3,1221
4,1221
5,1221
3,1222
4,1222
3,1223
4,1223
5,1223
3,1224
4,1224
5,1224
3,1225
4,1225
5,1225
3,1226
4,1226
5,1226
3,1227
4,1227
5,1227
4,1228
5,1228
3,1229
4,1229
5,1229
7,1229
3,1230
4,1230
5,1230
4,1231
5,1231
3,1232
4,1232
5,1232
7,1232
4,1233
7,1233
4,1234
5,1234
3,1235
4,1235
5,1235
3,1236
4,1236
1,1237
3,1237
4,1237
1,1238
2,1238
3,1238
4,1238
7,1238
1,1239
3,1239
4,1239
5,1239
7,1239
3,1240
4,1240
5,1240
4,1241
5,1241
3,1242
4,1242
5,1242
3,1243
4,1243
4,1244
5,1244
3,1245
4,1245
3,1246
4,1246
3,1247
4,1247
5,1247
3,1248
4,1248
5,1248
3,1249
4,1249
5,1249
3,1250
4,1250
5,1250
3,1251
4,1251
5,1251
1,1252
3,1252
4,1252
5,1252
7,1252
3,1253
4,1253
5,1253
3,1254
4,1254
5,1254
1,1255
2,1255
3,1255
4,1255
7,1255
3,1256
4,1256
5,1256
3,1257
4,1257
5,1257
3,1258
4,1258
5,1258
3,1259
4,1259
3,1260
4,1260
5,1260
3,1261
4,1261
5,1261
4,1262
5,1262
3,1263
4,1263
5,1263
3,1264
4,1264
3,1265
4,1265
3,1266
4,1266
4,1267
5,1267
1,1268
2,1268
3,1268
4,1268
7,1268
3,1269
4,1269
1,1270
3,1270
4,1270
5,1270
7,1270
3,1271
4,1271
5,1271
3,1272
4,1272
5,1272
3,1273
4,1273
5,1273
1,1274
3,1274
4,1274
5,1274
4,1275
5,1275
4,1276
5,1276
3,1277
4,1277
5,1277
3,1278
4,1278
3,1279
4,1279
5,1279
3,1280
4,1280
5,1280
3,1281
4,1281
5,1281
3,1282
4,1282
5,1282
7,1282
3,1283
4,1283
5,1283
3,1284
4,1284
5,1284
3,1285
4,1285
5,1285
1,1286
3,1286
4,1286
5,1286
3,1287
4,1287
5,1287
3,1288
4,1288
5,1288
4,1289
5,1289
3,1290
4,1290
5,1290
7,1290
1,1291
3,1291
4,1291
5,1291
1,1292
2,1292
3,1292
4,1292
5,1292
7,1292
3,1293
4,1293
5,1293
7,1293
4,1294
5,1294
3,1295
4,1295
5,1295
3,1296
4,1296
3,1297
4,1297
5,1297
3,1298
4,1298
7,1298
3,1299
4,1299
5,1299
3,1300
4,1300
5,1300
1,1301
3,1301
4,1301
3,1302
4,1302
5,1302
7,1302
4,1303
5,1303
3,1304
4,1304
5,1304
3,1305
4,1305
5,1305
3,1306
4,1306
5,1306
1,1307
3,1307
4,1307
5,1307
4,1308
5,1308
3,1309
4,1309
5,1309
3,1310
4,1310
5,1310
3,1311
4,1311
5,1311
4,1312
5,1312
3,1313
4,1313
5,1313
3,1314
4,1314
5,1314
3,1315
4,1315
3,1316
4,1316
5,1316
3,1317
4,1317
5,1317
3,1318
4,1318
7,1318
3,1319
4,1319
3,1320
4,1320
3,1321
4,1321
5,1321
3,1322
4,1322
5,1322
3,1323
4,1323
3,1324
4,1324
1,1325
3,1325
4,1325
5,1325
3,1326
4,1326
5,1326
3,1327
4,1327
3,1328
4,1328
3,1329
4,1329
3,1330
4,1330
3,1331
4,1331
5,1331
3,1332
4,1332
3,1333
4,1333
5,1333
3,1334
4,1334
3,1335
4,1335
5,1335
4,1336
5,1336
4,1337
5,1337
4,1338
5,1338
4,1339
5,1339
7,1339
1,1340
2,1340
3,1340
4,1340
5,1340
7,1340
3,1341
4,1341
5,1341
4,1342
5,1342
3,1343
4,1343
5,1343
3,1344
4,1344
3,1345
4,1345
3,1346
4,1346
3,1347
4,1347
3,1348
4,1348
5,1348
3,1349
4,1349
3,1350
4,1350
3,1351
4,1351
3,1352
4,1352
5,1352
7,1352
4,1353
5,1353
3,1354
4,1354
3,1355
4,1355
5,1355
3,1356
4,1356
4,1357
5,1357
3,1358
4,1358
1,1359
3,1359
4,1359
3,1360
4,1360
5,1360
3,1361
4,1361
5,1361
3,1362
4,1362
5,1362
3,1363
4,1363
5,1363
3,1364
4,1364
3,1365
4,1365
3,1366
4,1366
5,1366
3,1367
4,1367
5,1367
4,1368
5,1368
3,1369
4,1369
5,1369
3,1370
4,1370
3,1371
4,1371
3,1372
4,1372
3,1373
4,1373
3,1374
4,1374
1,1375
3,1375
4,1375
3,1376
4,1376
4,1377
5,1377
3,1378
4,1378
5,1378
3,1379
4,1379
1,1380
2,1380
3,1380
4,1380
5,1380
7,1380
3,1381
4,1381
3,1382
4,1382
3,1383
4,1383
5,1383
3,1384
4,1384
3,1385
4,1385
7,1385
3,1386
4,1386
3,1387
4,1387
3,1388
4,1388
5,1388
3,1389
4,1389
7,1389
3,1390
4,1390
5,1390
7,1390
1,1391
2,1391
3,1391
4,1391
7,1391
3,1392
4,1392
5,1392
7,1392
3,1393
4,1393
3,1394
4,1394
3,1395
4,1395
7,1395
4,1396
5,1396
3,1397
4,1397
3,1398
4,1398
3,1399
4,1399
3,1400
4,1400
3,1401
4,1401
5,1401
3,1402
4,1402
5,1402
3,1403
4,1403
3,1404
4,1404
3,1405
4,1405
5,1405
4,1406
5,1406
3,1407
4,1407
3,1408
4,1408
3,1409
4,1409
5,1409
3,1410
4,1410
5,1410
1,1411
3,1411
4,1411
5,1411
1,1412
2,1412
3,1412
4,1412
5,1412
7,1412
3,1413
4,1413
4,1414
5,1414
3,1415
4,1415
5,1415
3,1416
4,1416
5,1416
3,1417
4,1417
5,1417
4,1418
5,1418
4,1419
5,1419
3,1420
4,1420
3,1421
4,1421
3,1422
4,1422
3,1423
4,1423
3,1424
4,1424
5,1424
4,1425
5,1425
3,1426
4,1426
3,1427
4,1427
3,1428
4,1428
3,1429
4,1429
3,1430
4,1430
3,1431
4,1431
3,1432
4,1432
3,1433
4,1433
3,1434
4,1434
3,1435
4,1435
3,1436
4,1436
3,1437
4,1437
5,1437
3,1438
4,1438
3,1439
4,1439
3,1440
4,1440
3,1441
4,1441
3,1442
4,1442
3,1443
4,1443
3,1444
4,1444
3,1445
4,1445
3,1446
4,1446
5,1446
4,1447
5,1447
3,1448
4,1448
5,1448
4,1449
5,1449
3,1450
4,1450
5,1450
3,1451
4,1451
5,1451
3,1452
4,1452
5,1452
3,1453
4,1453
5,1453
3,1454
4,1454
5,1454
3,1455
4,1455
5,1455
3,1456
4,1456
3,1457
4,1457
5,1457
3,1458
4,1458
3,1459
4,1459
3,1460
4,1460
3,1461
4,1461
4,1462
5,1462
3,1463
4,1463
5,1463
3,1464
4,1464
5,1464
3,1465
4,1465
5,1465
4,1466
5,1466
1,1467
2,1467
3,1467
4,1467
5,1467
7,1467
3,1468
4,1468
5,1468
7,1468
1,1469
2,1469
3,1469
4,1469
5,1469
7,1469
3,1470
4,1470
5,1470
3,1471
4,1471
5,1471
3,1472
4,1472
4,1473
5,1473
3,1474
4,1474
5,1474
1,1475
3,1475
4,1475
7,1475
4,1476
5,1476
2,1477
3,1477
4,1477
5,1477
3,1478
4,1478
5,1478
3,1479
4,1479
1,1480
2,1480
3,1480
4,1480
7,1480
1,1481
2,1481
3,1481
4,1481
5,1481
7,1481
3,1482
4,1482
1,1483
3,1483
4,1483
5,1483
7,1483
3,1484
4,1484
3,1485
4,1485
3,1486
4,1486
1,1487
3,1487
4,1487
5,1487
1,1488
3,1488
4,1488
5,1488
1,1489
2,1489
3,1489
4,1489
5,1489
7,1489
1,1490
2,1490
3,1490
4,1490
7,1490
3,1491
4,1491
5,1491
3,1492
4,1492
7,1492
1,1493
2,1493
3,1493
4,1493
5,1493
7,1493
1,1494
2,1494
3,1494
4,1494
7,1494
3,1495
4,1495
5,1495
3,1496
4,1496
5,1496
3,1497
4,1497
5,1497
3,1498
4,1498
5,1498
7,1498
1,1499
3,1499
4,1499
5,1499
3,1500
4,1500
3,1501
4,1501
5,1501
1,1502
3,1502
4,1502
5,1502
1,1503
3,1503
4,1503
7,1503
3,1504
4,1504
1,1505
3,1505
4,1505
5,1505
3,1506
4,1506
5,1506
3,1507
4,1507
5,1507
3,1508
4,1508
5,1508
3,1509
4,1509
5,1509
3,1510
4,1510
5,1510
3,1511
4,1511
5,1511
1,1512
3,1512
4,1512
7,1512
3,1513
4,1513
5,1513
1,1514
2,1514
3,1514
4,1514
5,1514
7,1514
1,1515
2,1515
3,1515
4,1515
5,1515
1,1516
2,1516
3,1516
4,1516
3,1517
4,1517
5,1517
3,1518
4,1518
5,1518
3,1519
4,1519
1,1520
2,1520
3,1520
4,1520
5,1520
7,1520
3,1521
4,1521
5,1521
3,1522
4,1522
1,1523
2,1523
3,1523
4,1523
5,1523
7,1523
3,1524
4,1524
5,1524
3,1525
4,1525
3,1526
4,1526
5,1526
1,1527
2,1527
3,1527
4,1527
5,1527
7,1527
3,1528
4,1528
3,1529
4,1529
5,1529
3,1530
4,1530
5,1530
3,1531
4,1531
3,1532
4,1532
5,1532
1,1533
2,1533
3,1533
4,1533
7,1533
3,1534
4,1534
5,1534
3,1535
4,1535
3,1536
4,1536
1,1537
3,1537
4,1537
5,1537
1,1538
3,1538
4,1538
5,1538
1,1539
3,1539
4,1539
7,1539
1,1540
3,1540
4,1540
5,1540
3,1541
4,1541
5,1541
1,1542
2,1542
3,1542
4,1542
5,1542
7,1542
3,1543
4,1543
5,1543
3,1544
4,1544
7,1544
3,1545
4,1545
5,1545
3,1546
4,1546
5,1546
3,1547
4,1547
5,1547
7,1547
3,1548
4,1548
5,1548
3,1549
4,1549
5,1549
3,1550
4,1550
5,1550
3,1551
4,1551
5,1551
4,1552
5,1552
3,1553
4,1553
4,1554
5,1554
4,1555
5,1555
1,1556
2,1556
3,1556
4,1556
7,1556
1,1557
2,1557
3,1557
4,1557
5,1557
7,1557
3,1558
4,1558
5,1558
3,1559
4,1559
5,1559
3,1560
4,1560
5,1560
3,1561
4,1561
5,1561
3,1562
4,1562
3,1563
4,1563
5,1563
3,1564
4,1564
5,1564
3,1565
4,1565
5,1565
3,1566
4,1566
5,1566
3,1567
4,1567
5,1567
3,1568
4,1568
3,1569
4,1569
5,1569
1,1570
3,1570
4,1570
5,1570
3,1571
4,1571
5,1571
3,1572
4,1572
5,1572
3,1573
4,1573
5,1573
3,1574
4,1574
5,1574
7,1574
3,1575
4,1575
5,1575
4,1576
5,1576
3,1577
4,1577
5,1577
3,1578
4,1578
5,1578
4,1579
5,1579
4,1580
5,1580
3,1581
4,1581
5,1581
3,1582
4,1582
5,1582
1,1583
2,1583
3,1583
4,1583
5,1583
7,1583
4,1584
5,1584
7,1584
4,1585
7,1585
3,1586
4,1586
5,1586
1,1587
3,1587
4,1587
5,1587
3,1588
4,1588
5,1588
3,1589
4,1589
5,1589
3,1590
4,1590
5,1590
3,1591
4,1591
5,1591
3,1592
4,1592
5,1592
3,1593
4,1593
5,1593
3,1594
4,1594
5,1594
1,1595
2,1595
3,1595
4,1595
5,1595
7,1595
3,1596
4,1596
7,1596
3,1597
4,1597
4,1598
5,1598
4,1599
5,1599
4,1600
5,1600
3,1601
4,1601
5,1601
4,1602
5,1602
3,1603
4,1603
5,1603
3,1604
4,1604
4,1605
5,1605
3,1606
4,1606
5,1606
3,1607
4,1607
5,1607
3,1608
4,1608
5,1608
3,1609
4,1609
3,1610
4,1610
3,1611
4,1611
3,1612
4,1612
5,1612
3,1613
4,1613
3,1614
4,1614
5,1614
3,1615
4,1615
3,1616
4,1616
3,1617
4,1617
5,1617
3,1618
4,1618
3,1619
4,1619
5,1619
3,1620
4,1620
5,1620
3,1621
4,1621
5,1621
3,1622
4,1622
5,1622
3,1623
4,1623
4,1624
5,1624
3,1625
4,1625
3,1626
4,1626
5,1626
3,1627
4,1627
5,1627
3,1628
4,1628
5,1628
3,1629
4,1629
5,1629
3,1630
4,1630
5,1630
3,1631
4,1631
5,1631
3,1632
4,1632
3,1633
4,1633
5,1633
3,1634
4,1634
5,1634
3,1635
4,1635
5,1635
4,1636
5,1636
3,1637
4,1637
3,1638
4,1638
5,1638
3,1639
4,1639
7,1639
3,1640
4,1640
3,1641
4,1641
5,1641
7,1641
3,1642
4,1642
5,1642
4,1643
5,1643
4,1644
5,1644
4,1645
5,1645
4,1646
5,1646
3,1647
4,1647
3,1648
4,1648
5,1648
3,1649
4,1649
5,1649
7,1649
3,1650
4,1650
3,1651
4,1651
3,1652
4,1652
5,1652
1,1653
3,1653
4,1653
7,1653
3,1654
4,1654
3,1655
4,1655
5,1655
4,1656
5,1656
3,1657
4,1657
5,1657
3,1658
4,1658
5,1658
3,1659
4,1659
5,1659
3,1660
4,1660
5,1660
3,1661
4,1661
5,1661
3,1662
4,1662
5,1662
7,1662
3,1663
4,1663
5,1663
3,1664
4,1664
4,1665
5,1665
3,1666
4,1666
4,1667
5,1667
3,1668
4,1668
3,1669
4,1669
5,1669
1,1670
2,1670
3,1670
4,1670
7,1670
3,1671
4,1671
5,1671
3,1672
4,1672
5,1672
3,1673
4,1673
5,1673
3,1674
4,1674
5,1674
4,1675
5,1675
3,1676
4,1676
5,1676
3,1677
4,1677
5,1677
3,1678
4,1678
5,1678
3,1679
4,1679
3,1680
4,1680
5,1680
3,1681
4,1681
3,1682
4,1682
3,1683
4,1683
5,1683
3,1684
4,1684
5,1684
3,1685
4,1685
5,1685
3,1686
4,1686
5,1686
3,1687
4,1687
5,1687
3,1688
4,1688
5,1688
4,1689
5,1689
4,1690
5,1690
3,1691
4,1691
5,1691
3,1692
4,1692
5,1692
7,1692
3,1693
4,1693
3,1694
4,1694
5,1694
3,1695
4,1695
3,1696
4,1696
5,1696
1,1697
3,1697
4,1697
5,1697
3,1698
4,1698
5,1698
3,1699
4,1699
5,1699
4,1700
5,1700
3,1701
4,1701
5,1701
7,1701
4,1702
5,1702
4,1703
5,1703
4,1704
5,1704
3,1705
4,1705
3,1706
4,1706
3,1707
4,1707
3,1708
4,1708
5,1708
3,1709
4,1709
5,1709
1,1710
2,1710
3,1710
4,1710
7,1710
3,1711
4,1711
3,1712
4,1712
3,1713
4,1713
5,1713
3,1714
4,1714
3,1715
4,1715
5,1715
3,1716
4,1716
5,1716
3,1717
4,1717
3,1718
4,1718
5,1718
3,1719
4,1719
5,1719
1,1720
3,1720
4,1720
5,1720
7,1720
4,1721
5,1721
3,1722
4,1722
5,1722
7,1722
3,1723
4,1723
3,1724
4,1724
3,1725
4,1725
5,1725
3,1726
4,1726
5,1726
3,1727
4,1727
5,1727
3,1728
4,1728
5,1728
3,1729
4,1729
1,1730
3,1730
4,1730
7,1730
3,1731
4,1731
5,1731
3,1732
4,1732
5,1732
3,1733
4,1733
5,1733
3,1734
4,1734
5,1734
3,1735
4,1735
5,1735
3,1736
4,1736
5,1736
3,1737
4,1737
5,1737
3,1738
4,1738
3,1739
4,1739
3,1740
4,1740
3,1741
4,1741
7,1741
4,1742
5,1742
3,1743
4,1743
3,1744
4,1744
5,1744
3,1745
4,1745
5,1745
1,1746
2,1746
3,1746
4,1746
5,1746
7,1746
3,1747
4,1747
5,1747
3,1748
4,1748
5,1748
1,1749
3,1749
4,1749
5,1749
4,1750
5,1750
3,1751
4,1751
5,1751
3,1752
4,1752
3,1753
4,1753
3,1754
4,1754
5,1754
3,1755
4,1755
5,1755
3,1756
4,1756
3,1757
4,1757
3,1758
4,1758
1,1759
2,1759
3,1759
4,1759
5,1759
7,1759
3,1760
4,1760
5,1760
4,1761
5,1761
4,1762
5,1762
3,1763
4,1763
3,1764
4,1764
3,1765
4,1765
3,1766
4,1766
1,1767
3,1767
4,1767
7,1767
3,1768
4,1768
3,1769
4,1769
5,1769
4,1770
5,1770
4,1771
5,1771
3,1772
4,1772
3,1773
4,1773
5,1773
3,1774
4,1774
5,1774
3,1775
4,1775
5,1775
4,1776
7,1776
3,1777
4,1777
5,1777
4,1778
5,1778
3,1779
4,1779
5,1779
3,1780
4,1780
5,1780
3,1781
4,1781
5,1781
3,1782
4,1782
1,1783
2,1783
3,1783
4,1783
7,1783
1,1784
2,1784
3,1784
4,1784
5,1784
7,1784
3,1785
4,1785
5,1785
3,1786
4,1786
3,1787
4,1787
5,1787
3,1788
4,1788
5,1788
3,1789
4,1789
5,1789
3,1790
4,1790
5,1790
3,1791
4,1791
7,1791
1,1792
2,1792
3,1792
4,1792
5,1792
7,1792
1,1793
3,1793
4,1793
5,1793
3,1794
4,1794
5,1794
7,1794
4,1795
5,1795
3,1796
4,1796
3,1797
4,1797
7,1797
1,1798
2,1798
3,1798
4,1798
5,1798
7,1798
3,1799
4,1799
5,1799
3,1800
4,1800
7,1800
3,1801
4,1801
5,1801
3,1802
4,1802
5,1802
3,1803
4,1803
3,1804
4,1804
5,1804
3,1805
4,1805
5,1805
3,1806
4,1806
3,1807
4,1807
5,1807
3,1808
4,1808
5,1808
3,1809
4,1809
5,1809
3,1810
4,1810
5,1810
1,1811
2,1811
3,1811
4,1811
7,1811
1,1812
2,1812
3,1812
4,1812
5,1812
1,1813
2,1813
3,1813
4,1813
5,1813
7,1813
3,1814
4,1814
5,1814
3,1815
4,1815
5,1815
7,1815
4,1816
5,1816
3,1817
4,1817
5,1817
3,1818
4,1818
3,1819
4,1819
3,1820
4,1820
5,1820
3,1821
4,1821
5,1821
3,1822
4,1822
5,1822
3,1823
4,1823
3,1824
4,1824
3,1825
4,1825
5,1825
3,1826
4,1826
5,1826
3,1827
4,1827
5,1827
4,1828
5,1828
1,1829
3,1829
4,1829
5,1829
3,1830
4,1830
5,1830
3,1831
4,1831
3,1832
4,1832
5,1832
4,1833
5,1833
3,1834
4,1834
5,1834
1,1835
3,1835
4,1835
3,1836
4,1836
5,1836
1,1837
3,1837
4,1837
7,1837
3,1838
4,1838
5,1838
3,1839
4,1839
5,1839
3,1840
4,1840
4,1841
5,1841
7,1841
2,1842
3,1842
4,1842
4,1843
5,1843
3,1844
4,1844
5,1844
3,1845
4,1845
5,1845
2,1846
3,1846
4,1846
1,1847
3,1847
4,1847
7,1847
3,1848
4,1848
5,1848
3,1849
4,1849
5,1849
3,1850
4,1850
3,1851
4,1851
3,1852
4,1852
4,1853
5,1853
3,1854
4,1854
5,1854
1,1855
2,1855
3,1855
4,1855
5,1855
7,1855
3,1856
4,1856
5,1856
3,1857
4,1857
5,1857
3,1858
4,1858
5,1858
3,1859
4,1859
5,1859
3,1860
4,1860
5,1860
3,1861
4,1861
5,1861
4,1862
5,1862
3,1863
4,1863
5,1863
3,1864
4,1864
3,1865
4,1865
5,1865
3,1866
4,1866
4,1867
5,1867
3,1868
4,1868
5,1868
3,1869
4,1869
5,1869
3,1870
4,1870
5,1870
1,1871
2,1871
3,1871
4,1871
7,1871
1,1872
2,1872
3,1872
4,1872
5,1872
7,1872
1,1873
3,1873
4,1873
7,1873
3,1874
4,1874
5,1874
3,1875
4,1875
5,1875
1,1876
3,1876
4,1876
3,1877
4,1877
5,1877
3,1878
4,1878
5,1878
3,1879
4,1879
5,1879
3,1880
4,1880
5,1880
7,1880
1,1881
3,1881
4,1881
3,1882
4,1882
3,1883
4,1883
3,1884
4,1884
4,1885
5,1885
3,1886
4,1886
5,1886
4,1887
5,1887
4,1888
5,1888
4,1889
5,1889
4,1890
5,1890
3,1891
4,1891
4,1892
5,1892
3,1893
4,1893
5,1893
1,1894
2,1894
3,1894
4,1894
5,1894
7,1894
3,1895
4,1895
5,1895
1,1896
2,1896
3,1896
4,1896
7,1896
3,1897
4,1897
5,1897
1,1898
2,1898
3,1898
4,1898
5,1898
7,1898
3,1899
4,1899
3,1900
4,1900
5,1900
3,1901
4,1901
3,1902
4,1902
4,1903
5,1903
4,1904
5,1904
3,1905
4,1905
5,1905
3,1906
4,1906
5,1906
1,1907
3,1907
4,1907
5,1907
3,1908
4,1908
5,1908
3,1909
4,1909
5,1909
1,1910
3,1910
4,1910
5,1910
3,1911
4,1911
5,1911
4,1912
5,1912
3,1913
4,1913
5,1913
3,1914
4,1914
5,1914
3,1915
4,1915
5,1915
3,1916
4,1916
1,1917
2,1917
3,1917
4,1917
5,1917
7,1917
4,1918
5,1918
3,1919
4,1919
5,1919
1,1920
2,1920
3,1920
4,1920
5,1920
7,1920
3,1921
4,1921
1,1922
2,1922
3,1922
4,1922
7,1922
3,1923
4,1923
3,1924
4,1924
5,1924
3,1925
4,1925
5,1925
3,1926
4,1926
5,1926
3,1927
4,1927
5,1927
3,1928
4,1928
3,1929
4,1929
5,1929
1,1930
3,1930
4,1930
5,1930
4,1931
5,1931
1,1932
2,1932
3,1932
4,1932
7,1932
3,1933
4,1933
5,1933
3,1934
4,1934
5,1934
1,1935
2,1935
3,1935
4,1935
7,1935
1,1936
3,1936
4,1936
7,1936
3,1937
4,1937
3,1938
4,1938
5,1938
3,1939
4,1939
5,1939
3,1940
4,1940
5,1940
3,1941
4,1941
5,1941
3,1942
4,1942
5,1942
4,1943
5,1943
1,1944
3,1944
4,1944
5,1944
3,1945
4,1945
3,1946
4,1946
4,1947
5,1947
3,1948
4,1948
5,1948
1,1949
2,1949
3,1949
4,1949
5,1949
7,1949
3,1950
4,1950
5,1950
3,1951
4,1951
3,1952
4,1952
3,1953
4,1953
5,1953
3,1954
4,1954
5,1954
3,1955
4,1955
1,1956
2,1956
3,1956
4,1956
7,1956
1,1957
2,1957
3,1957
4,1957
5,1957
7,1957
4,1958
5,1958
3,1959
4,1959
5,1959
3,1960
4,1960
5,1960
4,1961
5,1961
3,1962
4,1962
3,1963
4,1963
5,1963
1,1964
3,1964
4,1964
5,1964
3,1965
4,1965
4,1966
5,1966
3,1967
4,1967
3,1968
4,1968
3,1969
4,1969
5,1969
3,1970
4,1970
3,1971
4,1971
5,1971
3,1972
4,1972
5,1972
3,1973
4,1973
5,1973
3,1974
4,1974
5,1974
3,1975
4,1975
5,1975
3,1976
4,1976
5,1976
1,1977
2,1977
3,1977
4,1977
5,1977
7,1977
3,1978
4,1978
5,1978
7,1978
4,1979
7,1979
3,1980
4,1980
7,1980
3,1981
4,1981
5,1981
1,1982
2,1982
3,1982
4,1982
7,1982
3,1983
4,1983
5,1983
7,1983
4,1984
5,1984
2,1985
4,1985
7,1985
2,1986
4,1986
7,1986
3,1987
4,1987
5,1987
7,1987
4,1988
5,1988
7,1988
3,1989
4,1989
5,1989
3,1990
4,1990
7,1990
3,1991
4,1991
5,1991
3,1992
4,1992
5,1992
3,1993
4,1993
3,1994
4,1994
5,1994
3,1995
4,1995
5,1995
7,1995
3,1996
4,1996
5,1996
7,1996
3,1997
4,1997
5,1997
3,1998
4,1998
5,1998
4,1999
7,1999
3,2000
4,2000
3,2001
4,2001
5,2001
3,2002
4,2002
5,2002
4,2003
5,2003
3,2004
4,2004
5,2004
3,2005
4,2005
5,2005
3,2006
4,2006
5,2006
3,2007
4,2007
7,2007
3,2008
4,2008
5,2008
3,2009
4,2009
5,2009
3,2010
4,2010
3,2011
4,2011
5,2011
7,2011
4,2012
5,2012
3,2013
4,2013
7,2013
3,2014
4,2014
5,2014
3,2015
4,2015
4,2016
5,2016
3,2017
4,2017
5,2017
3,2018
4,2018
5,2018
4,2019
5,2019
3,2020
4,2020
5,2020
3,2021
4,2021
5,2021
4,2022
5,2022
3,2023
4,2023
5,2023
3,2024
4,2024
5,2024
3,2025
4,2025
5,2025
3,2026
4,2026
4,2027
5,2027
3,2028
4,2028
4,2029
5,2029
3,2030
4,2030
5,2030
4,2031
5,2031
3,2032
4,2032
3,2033
4,2033
4,2034
5,2034
4,2035
5,2035
4,2036
5,2036
4,2037
5,2037
4,2038
5,2038
3,2039
4,2039
5,2039
3,2040
4,2040
3,2041
4,2041
5,2041
3,2042
4,2042
3,2043
4,2043
3,2044
4,2044
3,2045
4,2045
5,2045
4,2046
5,2046
3,2047
4,2047
5,2047
3,2048
4,2048
5,2048
3,2049
4,2049
7,2049
3,2050
4,2050
5,2050
3,2051
4,2051
5,2051
3,2052
4,2052
5,2052
3,2053
4,2053
5,2053
3,2054
4,2054
5,2054
3,2055
4,2055
5,2055
3,2056
4,2056
5,2056
4,2057
5,2057
3,2058
4,2058
5,2058
3,2059
4,2059
5,2059
1,2060
2,2060
3,2060
4,2060
7,2060
3,2061
4,2061
5,2061
3,2062
4,2062
5,2062
1,2063
3,2063
4,2063
5,2063
3,2064
4,2064
5,2064
3,2065
4,2065
5,2065
3,2066
4,2066
5,2066
7,2066
3,2067
4,2067
5,2067
4,2068
5,2068
3,2069
4,2069
5,2069
4,2070
5,2070
3,2071
4,2071
3,2072
4,2072
3,2073
4,2073
3,2074
4,2074
3,2075
4,2075
5,2075
3,2076
4,2076
3,2077
4,2077
3,2078
4,2078
3,2079
4,2079
3,2080
4,2080
4,2081
5,2081
1,2082
2,2082
3,2082
4,2082
5,2082
7,2082
3,2083
4,2083
3,2084
4,2084
1,2085
3,2085
4,2085
3,2086
4,2086
1,2087
2,2087
3,2087
4,2087
7,2087
3,2088
4,2088
5,2088
3,2089
4,2089
5,2089
4,2090
5,2090
3,2091
4,2091
5,2091
1,2092
3,2092
4,2092
5,2092
1,2093
4,2093
1,2094
3,2094
4,2094
5,2094
3,2095
4,2095
5,2095
1,2096
3,2096
4,2096
5,2096
1,2097
3,2097
4,2097
5,2097
1,2098
3,2098
4,2098
5,2098
1,2099
3,2099
4,2099
5,2099
1,2100
3,2100
4,2100
5,2100
3,2101
4,2101
3,2102
4,2102
1,2103
3,2103
4,2103
5,2103
7,2103
1,2104
3,2104
4,2104
5,2104
3,2105
4,2105
3,2106
4,2106
3,2107
4,2107
5,2107
3,2108
4,2108
5,2108
3,2109
4,2109
5,2109
4,2110
5,2110
3,2111
4,2111
5,2111
3,2112
4,2112
4,2113
5,2113
1,2114
2,2114
3,2114
4,2114
5,2114
7,2114
3,2115
4,2115
5,2115
3,2116
4,2116
5,2116
3,2117
4,2117
5,2117
3,2118
4,2118
5,2118
3,2119
4,2119
5,2119
4,2120
5,2120
3,2121
4,2121
5,2121
3,2122
4,2122
5,2122
4,2123
5,2123
3,2124
4,2124
5,2124
3,2125
4,2125
5,2125
3,2126
4,2126
5,2126
4,2127
5,2127
3,2128
4,2128
5,2128
3,2129
4,2129
5,2129
3,2130
4,2130
5,2130
3,2131
4,2131
5,2131
3,2132
4,2132
5,2132
3,2133
4,2133
5,2133
3,2134
4,2134
5,2134
3,2135
4,2135
5,2135
3,2136
4,2136
5,2136
3,2137
4,2137
5,2137
7,2137
3,2138
4,2138
5,2138
3,2139
4,2139
5,2139
3,2140
4,2140
4,2141
5,2141
4,2142
5,2142
1,2143
3,2143
4,2143
5,2143
3,2144
4,2144
3,2145
4,2145
5,2145
3,2146
4,2146
5,2146
3,2147
4,2147
5,2147
3,2148
4,2148
3,2149
4,2149
5,2149
3,2150
4,2150
5,2150
3,2151
4,2151
5,2151
3,2152
4,2152
5,2152
3,2153
4,2153
5,2153
4,2154
5,2154
3,2155
4,2155
3,2156
4,2156
3,2157
4,2157
3,2158
4,2158
3,2159
4,2159
3,2160
4,2160
3,2161
4,2161
5,2161
3,2162
4,2162
3,2163
4,2163
5,2163
1,2164
3,2164
4,2164
5,2164
3,2165
4,2165
4,2166
5,2166
4,2167
5,2167
3,2168
4,2168
1,2169
3,2169
4,2169
5,2169
3,2170
4,2170
3,2171
4,2171
3,2172
4,2172
1,2173
3,2173
4,2173
3,2174
4,2174
5,2174
3,2175
4,2175
5,2175
3,2176
4,2176
5,2176
4,2177
5,2177
3,2178
4,2178
5,2178
4,2179
5,2179
3,2180
4,2180
3,2181
4,2181
5,2181
1,2182
3,2182
4,2182
5,2182
3,2183
4,2183
3,2184
4,2184
3,2185
4,2185
5,2185
3,2186
4,2186
5,2186
1,2187
2,2187
3,2187
4,2187
7,2187
3,2188
4,2188
5,2188
1,2189
2,2189
3,2189
4,2189
7,2189
3,2190
4,2190
5,2190
3,2191
4,2191
5,2191
3,2192
4,2192
5,2192
3,2193
4,2193
5,2193
4,2194
5,2194
3,2195
4,2195
5,2195
1,2196
3,2196
4,2196
5,2196
3,2197
4,2197
3,2198
4,2198
5,2198
4,2199
5,2199
3,2200
4,2200
5,2200
3,2201
4,2201
5,2201
3,2202
4,2202
3,2203
4,2203
3,2204
4,2204
3,2205
4,2205
5,2205
3,2206
4,2206
5,2206
3,2207
4,2207
5,2207
4,2208
5,2208
3,2209
4,2209
3,2210
4,2210
3,2211
4,2211
5,2211
3,2212
4,2212
3,2213
4,2213
5,2213
3,2214
4,2214
5,2214
7,2214
3,2215
4,2215
3,2216
4,2216
5,2216
1,2217
2,2217
3,2217
4,2217
7,2217
3,2218
4,2218
5,2218
3,2219
4,2219
3,2220
4,2220
5,2220
3,2221
4,2221
5,2221
1,2222
3,2222
4,2222
7,2222
3,2223
4,2223
7,2223
1,2224
2,2224
3,2224
4,2224
7,2224
1,2225
3,2225
4,2225
7,2225
4,2226
5,2226
3,2227
4,2227
5,2227
3,2228
4,2228
5,2228
3,2229
4,2229
5,2229
3,2230
4,2230
5,2230
3,2231
4,2231
5,2231
7,2231
4,2232
5,2232
3,2233
4,2233
5,2233
3,2234
4,2234
5,2234
3,2235
4,2235
5,2235
3,2236
4,2236
5,2236
3,2237
4,2237
5,2237
3,2238
4,2238
3,2239
4,2239
5,2239
3,2240
4,2240
5,2240
3,2241
4,2241
4,2242
5,2242
3,2243
4,2243
3,2244
4,2244
3,2245
4,2245
5,2245
7,2245
4,2246
5,2246
7,2246
1,2247
2,2247
3,2247
4,2247
7,2247
3,2248
4,2248
1,2249
2,2249
3,2249
4,2249
7,2249
3,2250
4,2250
5,2250
3,2251
4,2251
5,2251
4,2252
5,2252
3,2253
4,2253
5,2253
3,2254
4,2254
5,2254
3,2255
4,2255
5,2255
7,2255
3,2256
4,2256
5,2256
3,2257
4,2257
5,2257
7,2257
3,2258
4,2258
5,2258
3,2259
4,2259
5,2259
7,2259
3,2260
4,2260
5,2260
1,2261
2,2261
3,2261
4,2261
7,2261
3,2262
4,2262
3,2263
4,2263
5,2263
3,2264
4,2264
5,2264
3,2265
4,2265
5,2265
3,2266
4,2266
5,2266
1,2267
3,2267
4,2267
1,2268
2,2268
3,2268
4,2268
5,2268
7,2268
3,2269
4,2269
5,2269
3,2270
4,2270
5,2270
3,2271
4,2271
5,2271
3,2272
4,2272
5,2272
3,2273
4,2273
5,2273
3,2274
4,2274
5,2274
4,2275
5,2275
1,2276
3,2276
4,2276
5,2276
7,2276
3,2277
4,2277
3,2278
4,2278
3,2279
4,2279
4,2280
5,2280
3,2281
4,2281
1,2282
3,2282
4,2282
3,2283
4,2283
3,2284
4,2284
5,2284
3,2285
4,2285
3,2286
4,2286
5,2286
1,2287
2,2287
3,2287
4,2287
5,2287
3,2288
4,2288
7,2288
4,2289
5,2289
3,2290
4,2290
5,2290
4,2291
7,2291
3,2292
4,2292
5,2292
3,2293
4,2293
5,2293
3,2294
4,2294
5,2294
4,2295
5,2295
3,2296
4,2296
5,2296
3,2297
4,2297
5,2297
3,2298
4,2298
5,2298
1,2299
3,2299
4,2299
3,2300
4,2300
5,2300
4,2301
5,2301
3,2302
4,2302
5,2302
3,2303
4,2303
3,2304
4,2304
3,2305
4,2305
3,2306
4,2306
3,2307
4,2307
5,2307
4,2308
5,2308
3,2309
4,2309
5,2309
1,2310
2,2310
3,2310
4,2310
5,2310
7,2310
3,2311
4,2311
5,2311
1,2312
2,2312
3,2312
4,2312
7,2312
3,2313
4,2313
5,2313
7,2313
3,2314
4,2314
5,2314
3,2315
4,2315
5,2315
7,2315
1,2316
3,2316
4,2316
7,2316
4,2317
5,2317
3,2318
4,2318
5,2318
1,2319
2,2319
3,2319
4,2319
5,2319
7,2319
4,2320
5,2320
3,2321
4,2321
5,2321
3,2322
4,2322
3,2323
4,2323
3,2324
4,2324
3,2325
4,2325
3,2326
4,2326
3,2327
4,2327
3,2328
4,2328
3,2329
4,2329
3,2330
4,2330
3,2331
4,2331
3,2332
4,2332
3,2333
4,2333
5,2333
3,2334
4,2334
5,2334
3,2335
4,2335
3,2336
4,2336
5,2336
3,2337
4,2337
7,2337
3,2338
4,2338
5,2338
3,2339
4,2339
5,2339
3,2340
4,2340
3,2341
4,2341
5,2341
3,2342
4,2342
5,2342
3,2343
4,2343
5,2343
3,2344
4,2344
5,2344
3,2345
4,2345
7,2345
3,2346
4,2346
5,2346
3,2347
4,2347
3,2348
4,2348
3,2349
4,2349
3,2350
4,2350
3,2351
4,2351
5,2351
1,2352
2,2352
3,2352
4,2352
7,2352
3,2353
4,2353
1,2354
2,2354
3,2354
4,2354
7,2354
3,2355
4,2355
5,2355
3,2356
4,2356
5,2356
3,2357
4,2357
5,2357
1,2358
2,2358
3,2358
4,2358
7,2358
3,2359
4,2359
5,2359
7,2359
3,2360
4,2360
5,2360
7,2360
3,2361
4,2361
4,2362
5,2362
4,2363
5,2363
3,2364
4,2364
5,2364
3,2365
4,2365
5,2365
3,2366
4,2366
5,2366
3,2367
4,2367
4,2368
5,2368
3,2369
4,2369
5,2369
3,2370
4,2370
3,2371
4,2371
3,2372
4,2372
5,2372
3,2373
4,2373
5,2373
7,2373
3,2374
4,2374
5,2374
4,2375
5,2375
3,2376
4,2376
3,2377
4,2377
1,2378
2,2378
3,2378
4,2378
7,2378
4,2379
5,2379
3,2380
4,2380
4,2381
5,2381
3,2382
4,2382
4,2383
5,2383
3,2384
4,2384
5,2384
3,2385
4,2385
5,2385
1,2386
2,2386
3,2386
4,2386
5,2386
7,2386
3,2387
4,2387
3,2388
4,2388
5,2388
4,2389
5,2389
3,2390
4,2390
3,2391
4,2391
5,2391
3,2392
4,2392
5,2392
3,2393
4,2393
5,2393
3,2394
4,2394
3,2395
4,2395
5,2395
3,2396
4,2396
5,2396
1,2397
2,2397
3,2397
4,2397
5,2397
7,2397
3,2398
4,2398
5,2398
4,2399
5,2399
1,2400
2,2400
3,2400
4,2400
4,2401
5,2401
3,2402
4,2402
3,2403
4,2403
5,2403
3,2404
4,2404
5,2404
3,2405
4,2405
5,2405
3,2406
4,2406
5,2406
4,2407
5,2407
3,2408
4,2408
3,2409
4,2409
4,2410
5,2410
4,2411
5,2411
3,2412
4,2412
5,2412
1,2413
3,2413
4,2413
3,2414
4,2414
3,2415
4,2415
3,2416
4,2416
3,2417
4,2417
5,2417
7,2417
3,2418
4,2418
5,2418
3,2419
4,2419
5,2419
3,2420
4,2420
5,2420
3,2421
4,2421
5,2421
4,2422
5,2422
4,2423
5,2423
4,2424
5,2424
4,2425
5,2425
3,2426
4,2426
4,2427
5,2427
3,2428
4,2428
4,2429
5,2429
3,2430
4,2430
5,2430
3,2431
4,2431
3,2432
4,2432
3,2433
4,2433
5,2433
7,2433
4,2434
5,2434
4,2435
5,2435
4,2436
5,2436
3,2437
4,2437
4,2438
5,2438
3,2439
4,2439
5,2439
3,2440
4,2440
3,2441
4,2441
3,2442
4,2442
5,2442
4,2443
5,2443
3,2444
4,2444
3,2445
4,2445
3,2446
4,2446
5,2446
3,2447
4,2447
5,2447
3,2448
4,2448
3,2449
4,2449
3,2450
4,2450
3,2451
4,2451
5,2451
3,2452
4,2452
5,2452
3,2453
4,2453
5,2453
3,2454
4,2454
5,2454
3,2455
4,2455
1,2456
2,2456
3,2456
4,2456
7,2456
3,2457
4,2457
5,2457
3,2458
4,2458
3,2459
4,2459
5,2459
1,2460
2,2460
3,2460
4,2460
5,2460
7,2460
3,2461
4,2461
3,2462
4,2462
3,2463
4,2463
3,2464
4,2464
5,2464
3,2465
4,2465
3,2466
4,2466
5,2466
3,2467
4,2467
3,2468
4,2468
3,2469
4,2469
3,2470
4,2470
3,2471
4,2471
5,2471
3,2472
4,2472
5,2472
3,2473
4,2473
3,2474
4,2474
5,2474
3,2475
4,2475
3,2476
4,2476
4,2477
5,2477
3,2478
4,2478
3,2479
4,2479
5,2479
3,2480
4,2480
5,2480
3,2481
4,2481
5,2481
3,2482
4,2482
5,2482
7,2482
3,2483
4,2483
5,2483
7,2483
3,2484
4,2484
5,2484
3,2485
4,2485
5,2485
3,2486
4,2486
3,2487
4,2487
3,2488
4,2488
3,2489
4,2489
3,2490
4,2490
3,2491
4,2491
5,2491
4,2492
5,2492
3,2493
4,2493
5,2493
3,2494
4,2494
5,2494
4,2495
5,2495
3,2496
4,2496
5,2496
3,2497
4,2497
5,2497
4,2498
5,2498
3,2499
4,2499
5,2499
3,2500
4,2500
5,2500
1,2501
3,2501
4,2501
5,2501
7,2501
3,2502
4,2502
5,2502
3,2503
4,2503
5,2503
3,2504
4,2504
3,2505
4,2505
3,2506
4,2506
3,2507
4,2507
3,2508
4,2508
3,2509
4,2509
3,2510
4,2510
3,2511
4,2511
3,2512
4,2512
5,2512
3,2513
4,2513
3,2514
4,2514
3,2515
4,2515
3,2516
4,2516
5,2516
1,2517
3,2517
4,2517
4,2518
5,2518
4,2519
5,2519
3,2520
4,2520
5,2520
3,2521
4,2521
5,2521
4,2522
5,2522
3,2523
4,2523
5,2523
3,2524
4,2524
5,2524
3,2525
4,2525
3,2526
4,2526
7,2526
1,2527
2,2527
3,2527
4,2527
5,2527
7,2527
3,2528
4,2528
5,2528
3,2529
4,2529
5,2529
3,2530
4,2530
5,2530
3,2531
4,2531
5,2531
3,2532
4,2532
1,2533
3,2533
4,2533
5,2533
4,2534
5,2534
3,2535
4,2535
3,2536
4,2536
5,2536
4,2537
5,2537
3,2538
4,2538
5,2538
3,2539
4,2539
5,2539
3,2540
4,2540
5,2540
3,2541
4,2541
5,2541
3,2542
4,2542
5,2542
3,2543
4,2543
5,2543
3,2544
4,2544
5,2544
4,2545
5,2545
3,2546
4,2546
5,2546
3,2547
4,2547
5,2547
4,2548
5,2548
3,2549
4,2549
5,2549
3,2550
4,2550
5,2550
3,2551
4,2551
5,2551
1,2552
2,2552
3,2552
4,2552
5,2552
7,2552
3,2553
4,2553
3,2554
4,2554
5,2554
3,2555
4,2555
5,2555
3,2556
4,2556
5,2556
3,2557
4,2557
3,2558
4,2558
3,2559
4,2559
3,2560
4,2560
3,2561
4,2561
3,2562
4,2562
5,2562
3,2563
4,2563
4,2564
5,2564
3,2565
4,2565
5,2565
3,2566
4,2566
5,2566
3,2567
4,2567
5,2567
3,2568
4,2568
5,2568
1,2569
2,2569
3,2569
4,2569
5,2569
1,2570
2,2570
4,2570
5,2570
1,2571
2,2571
4,2571
5,2571
7,2571
3,2572
4,2572
3,2573
4,2573
3,2574
4,2574
3,2575
4,2575
3,2576
4,2576
5,2576
3,2577
4,2577
5,2577
1,2578
2,2578
3,2578
4,2578
5,2578
7,2578
4,2579
5,2579
4,2580
7,2580
3,2581
4,2581
5,2581
3,2582
4,2582
3,2583
4,2583
3,2584
4,2584
3,2585
4,2585
5,2585
4,2586
5,2586
3,2587
4,2587
3,2588
4,2588
3,2589
4,2589
3,2590
4,2590
3,2591
4,2591
3,2592
4,2592
3,2593
4,2593
7,2593
3,2594
4,2594
3,2595
4,2595
3,2596
4,2596
3,2597
4,2597
5,2597
3,2598
4,2598
3,2599
4,2599
5,2599
3,2600
4,2600
5,2600
7,2600
3,2601
4,2601
3,2602
4,2602
5,2602
4,2603
5,2603
3,2604
4,2604
3,2605
4,2605
5,2605
3,2606
4,2606
3,2607
4,2607
4,2608
5,2608
3,2609
4,2609
3,2610
4,2610
3,2611
4,2611
3,2612
4,2612
3,2613
4,2613
5,2613
1,2614
2,2614
3,2614
4,2614
7,2614
1,2615
3,2615
4,2615
5,2615
7,2615
3,2616
4,2616
3,2617
4,2617
3,2618
4,2618
5,2618
4,2619
5,2619
3,2620
4,2620
5,2620
7,2620
4,2621
5,2621
4,2622
5,2622
3,2623
4,2623
3,2624
4,2624
3,2625
4,2625
5,2625
3,2626
4,2626
5,2626
4,2627
5,2627
3,2628
4,2628
7,2628
1,2629
3,2629
4,2629
5,2629
3,2630
4,2630
5,2630
3,2631
4,2631
5,2631
1,2632
2,2632
3,2632
4,2632
5,2632
7,2632
1,2633
2,2633
3,2633
4,2633
5,2633
7,2633
3,2634
4,2634
5,2634
3,2635
4,2635
5,2635
3,2636
4,2636
5,2636
3,2637
4,2637
3,2638
4,2638
5,2638
3,2639
4,2639
3,2640
4,2640
3,2641
4,2641
5,2641
1,2642
2,2642
3,2642
4,2642
7,2642
1,2643
3,2643
4,2643
3,2644
4,2644
5,2644
1,2645
2,2645
3,2645
4,2645
7,2645
1,2646
2,2646
3,2646
4,2646
5,2646
7,2646
3,2647
4,2647
7,2647
3,2648
4,2648
5,2648
3,2649
4,2649
5,2649
3,2650
4,2650
5,2650
1,2651
2,2651
3,2651
4,2651
7,2651
3,2652
4,2652
5,2652
3,2653
4,2653
5,2653
3,2654
4,2654
5,2654
3,2655
4,2655
5,2655
3,2656
4,2656
5,2656
4,2657
5,2657
1,2658
2,2658
3,2658
4,2658
7,2658
3,2659
4,2659
4,2660
5,2660
1,2661
3,2661
4,2661
5,2661
7,2661
3,2662
4,2662
3,2663
4,2663
5,2663
3,2664
4,2664
3,2665
4,2665
5,2665
3,2666
4,2666
5,2666
3,2667
4,2667
5,2667
3,2668
4,2668
5,2668
3,2669
4,2669
5,2669
7,2669
3,2670
4,2670
5,2670
2,2671
3,2671
4,2671
7,2671
4,2672
5,2672
1,2673
2,2673
3,2673
4,2673
5,2673
7,2673
4,2674
5,2674
3,2675
4,2675
5,2675
3,2676
4,2676
5,2676
3,2677
4,2677
5,2677
3,2678
4,2678
5,2678
3,2679
4,2679
5,2679
3,2680
4,2680
5,2680
4,2681
5,2681
4,2682
5,2682
3,2683
4,2683
3,2684
4,2684
5,2684
3,2685
4,2685
3,2686
4,2686
3,2687
4,2687
3,2688
4,2688
5,2688
3,2689
4,2689
5,2689
3,2690
4,2690
5,2690
3,2691
4,2691
3,2692
4,2692
5,2692
3,2693
4,2693
5,2693
1,2694
3,2694
4,2694
5,2694
7,2694
3,2695
4,2695
5,2695
3,2696
4,2696
1,2697
2,2697
3,2697
4,2697
5,2697
7,2697
3,2698
4,2698
7,2698
3,2699
4,2699
3,2700
4,2700
3,2701
4,2701
4,2702
5,2702
3,2703
4,2703
5,2703
3,2704
4,2704
5,2704
3,2705
4,2705
3,2706
4,2706
5,2706
3,2707
4,2707
7,2707
3,2708
4,2708
5,2708
3,2709
4,2709
3,2710
4,2710
5,2710
3,2711
4,2711
5,2711
1,2712
2,2712
3,2712
4,2712
7,2712
3,2713
4,2713
5,2713
3,2714
4,2714
5,2714
3,2715
4,2715
5,2715
3,2716
4,2716
5,2716
3,2717
4,2717
5,2717
3,2718
4,2718
5,2718
3,2719
4,2719
5,2719
3,2720
4,2720
5,2720
3,2721
4,2721
3,2722
4,2722
5,2722
3,2723
4,2723
1,2724
3,2724
4,2724
7,2724
1,2725
2,2725
3,2725
4,2725
7,2725
1,2726
3,2726
4,2726
7,2726
3,2727
4,2727
7,2727
1,2728
3,2728
4,2728
7,2728
3,2729
4,2729
7,2729
3,2730
4,2730
7,2730
1,2731
4,2731
1,2732
2,2732
3,2732
4,2732
7,2732
3,2733
4,2733
3,2734
4,2734
7,2734
3,2735
4,2735
3,2736
4,2736
7,2736
3,2737
4,2737
5,2737
7,2737
3,2738
4,2738
7,2738
4,2739
7,2739
3,2740
4,2740
3,2741
4,2741
3,2742
4,2742
3,2743
4,2743
3,2744
4,2744
3,2745
4,2745
3,2746
4,2746
3,2747
4,2747
3,2748
4,2748
3,2749
4,2749
5,2749
3,2750
4,2750
5,2750
3,2751
4,2751
3,2752
4,2752
5,2752
3,2753
4,2753
3,2754
4,2754
3,2755
4,2755
5,2755
3,2756
4,2756
3,2757
4,2757
5,2757
7,2757
3,2758
4,2758
5,2758
3,2759
4,2759
3,2760
4,2760
3,2761
4,2761
3,2762
4,2762
3,2763
4,2763
3,2764
4,2764
3,2765
4,2765
3,2766
4,2766
3,2767
4,2767
3,2768
4,2768
5,2768
3,2769
4,2769
3,2770
4,2770
3,2771
4,2771
3,2772
4,2772
3,2773
4,2773
5,2773
1,2774
2,2774
3,2774
4,2774
7,2774
3,2775
4,2775
3,2776
4,2776
5,2776
3,2777
4,2777
5,2777
3,2778
4,2778
5,2778
3,2779
4,2779
5,2779
3,2780
4,2780
5,2780
1,2781
3,2781
4,2781
5,2781
3,2782
4,2782
5,2782
1,2783
2,2783
3,2783
4,2783
5,2783
7,2783
1,2784
3,2784
4,2784
4,2785
5,2785
3,2786
4,2786
1,2787
3,2787
4,2787
5,2787
1,2788
3,2788
4,2788
5,2788
1,2789
2,2789
3,2789
4,2789
7,2789
3,2790
4,2790
3,2791
4,2791
5,2791
3,2792
4,2792
5,2792
3,2793
4,2793
5,2793
3,2794
4,2794
5,2794
4,2795
5,2795
3,2796
4,2796
3,2797
4,2797
5,2797
3,2798
4,2798
5,2798
3,2799
4,2799
5,2799
3,2800
4,2800
3,2801
4,2801
5,2801
3,2802
4,2802
5,2802
3,2803
4,2803
5,2803
3,2804
4,2804
5,2804
3,2805
4,2805
3,2806
4,2806
5,2806
3,2807
4,2807
7,2807
3,2808
4,2808
5,2808
4,2809
5,2809
3,2810
4,2810
5,2810
7,2810
3,2811
4,2811
3,2812
4,2812
4,2813
5,2813
3,2814
4,2814
5,2814
3,2815
4,2815
5,2815
3,2816
4,2816
4,2817
5,2817
4,2818
5,2818
3,2819
4,2819
3,2820
4,2820
5,2820
1,2821
2,2821
3,2821
4,2821
7,2821
3,2822
4,2822
3,2823
4,2823
5,2823
3,2824
4,2824
3,2825
4,2825
3,2826
4,2826
5,2826
3,2827
4,2827
5,2827
3,2828
4,2828
1,2829
3,2829
4,2829
5,2829
7,2829
3,2830
4,2830
5,2830
3,2831
4,2831
5,2831
3,2832
4,2832
5,2832
1,2833
2,2833
3,2833
4,2833
5,2833
7,2833
1,2834
2,2834
3,2834
4,2834
5,2834
7,2834
1,2835
2,2835
3,2835
4,2835
7,2835
3,2836
4,2836
3,2837
4,2837
3,2838
4,2838
3,2839
4,2839
5,2839
3,2840
4,2840
3,2841
4,2841
3,2842
4,2842
5,2842
3,2843
4,2843
3,2844
4,2844
5,2844
4,2845
5,2845
3,2846
4,2846
3,2847
4,2847
4,2848
5,2848
3,2849
4,2849
5,2849
3,2850
4,2850
5,2850
3,2851
4,2851
3,2852
4,2852
3,2853
4,2853
3,2854
4,2854
3,2855
4,2855
5,2855
3,2856
4,2856
4,2857
5,2857
3,2858
4,2858
5,2858
3,2859
4,2859
3,2860
4,2860
5,2860
1,2861
3,2861
4,2861
7,2861
3,2862
4,2862
5,2862
3,2863
4,2863
5,2863
7,2863
3,2864
4,2864
5,2864
4,2865
5,2865
3,2866
4,2866
3,2867
4,2867
3,2868
4,2868
3,2869
4,2869
3,2870
4,2870
3,2871
4,2871
3,2872
4,2872
5,2872
2,2873
4,2873
2,2874
4,2874
5,2874
7,2874
3,2875
4,2875
5,2875
3,2876
4,2876
5,2876
3,2877
4,2877
3,2878
4,2878
3,2879
4,2879
3,2880
4,2880
3,2881
4,2881
3,2882
4,2882
5,2882
3,2883
4,2883
4,2884
5,2884
3,2885
4,2885
5,2885
3,2886
4,2886
5,2886
3,2887
4,2887
4,2888
5,2888
3,2889
4,2889
4,2890
5,2890
3,2891
4,2891
5,2891
3,2892
4,2892
5,2892
3,2893
4,2893
3,2894
4,2894
3,2895
4,2895
3,2896
4,2896
3,2897
4,2897
7,2897
3,2898
4,2898
5,2898
1,2899
3,2899
4,2899
4,2900
5,2900
4,2901
5,2901
3,2902
4,2902
3,2903
4,2903
1,2904
3,2904
4,2904
7,2904
3,2905
4,2905
3,2906
4,2906
3,2907
4,2907
3,2908
4,2908
5,2908
3,2909
4,2909
5,2909
3,2910
4,2910
3,2911
4,2911
3,2912
4,2912
1,2913
2,2913
3,2913
4,2913
7,2913
1,2914
3,2914
4,2914
3,2915
4,2915
5,2915
3,2916
4,2916
5,2916
3,2917
4,2917
1,2918
2,2918
3,2918
4,2918
5,2918
7,2918
3,2919
4,2919
3,2920
4,2920
3,2921
4,2921
5,2921
1,2922
2,2922
3,2922
4,2922
5,2922
7,2922
3,2923
4,2923
5,2923
3,2924
4,2924
5,2924
3,2925
4,2925
5,2925
3,2926
4,2926
5,2926
3,2927
4,2927
4,2928
5,2928
3,2929
4,2929
3,2930
4,2930
5,2930
4,2931
5,2931
4,2932
5,2932
4,2933
5,2933
3,2934
4,2934
5,2934
3,2935
4,2935
3,2936
4,2936
4,2937
5,2937
3,2938
4,2938
5,2938
1,2939
3,2939
4,2939
4,2940
5,2940
3,2941
4,2941
3,2942
4,2942
3,2943
4,2943
5,2943
3,2944
4,2944
5,2944
4,2945
5,2945
3,2946
4,2946
5,2946
3,2947
4,2947
7,2947
3,2948
4,2948
5,2948
3,2949
4,2949
5,2949
1,2950
2,2950
3,2950
4,2950
7,2950
3,2951
4,2951
5,2951
1,2952
3,2952
4,2952
3,2953
4,2953
3,2954
4,2954
1,2955
2,2955
3,2955
4,2955
5,2955
7,2955
1,2956
3,2956
4,2956
3,2957
4,2957
3,2958
4,2958
5,2958
4,2959
5,2959
3,2960
4,2960
5,2960
3,2961
4,2961
5,2961
3,2962
4,2962
5,2962
1,2963
2,2963
3,2963
4,2963
7,2963
3,2964
4,2964
3,2965
4,2965
1,2966
2,2966
3,2966
4,2966
7,2966
1,2967
2,2967
3,2967
4,2967
5,2967
7,2967
3,2968
4,2968
5,2968
3,2969
4,2969
5,2969
1,2970
3,2970
4,2970
5,2970
7,2970
3,2971
4,2971
5,2971
3,2972
4,2972
5,2972
3,2973
4,2973
5,2973
3,2974
4,2974
3,2975
4,2975
5,2975
3,2976
4,2976
5,2976
3,2977
4,2977
5,2977
3,2978
4,2978
5,2978
3,2979
4,2979
1,2980
3,2980
4,2980
3,2981
4,2981
5,2981
1,2982
2,2982
3,2982
4,2982
5,2982
7,2982
3,2983
4,2983
5,2983
3,2984
4,2984
5,2984
3,2985
4,2985
5,2985
3,2986
4,2986
5,2986
3,2987
4,2987
5,2987
3,2988
4,2988
5,2988
3,2989
4,2989
5,2989
3,2990
4,2990
5,2990
3,2991
4,2991
5,2991
3,2992
4,2992
5,2992
3,2993
4,2993
5,2993
7,2993
4,2994
5,2994
7,2994
1,2995
4,2995
3,2996
4,2996
5,2996
3,2997
4,2997
4,2998
5,2998
4,2999
5,2999
3,3000
4,3000
5,3000
7,3000
1,3001
2,3001
4,3001
5,3001
7,3001
4,3002
5,3002
3,3003
4,3003
5,3003
1,3004
2,3004
3,3004
4,3004
7,3004
3,3005
4,3005
5,3005
3,3006
4,3006
3,3007
4,3007
3,3008
4,3008
5,3008
3,3009
4,3009
5,3009
3,3010
4,3010
5,3010
3,3011
4,3011
5,3011
3,3012
4,3012
5,3012
3,3013
4,3013
3,3014
4,3014
5,3014
3,3015
4,3015
3,3016
4,3016
5,3016
3,3017
4,3017
3,3018
4,3018
3,3019
4,3019
5,3019
3,3020
4,3020
7,3020
3,3021
4,3021
3,3022
4,3022
3,3023
4,3023
3,3024
4,3024
5,3024
3,3025
4,3025
5,3025
3,3026
4,3026
5,3026
1,3027
2,3027
3,3027
4,3027
7,3027
3,3028
4,3028
3,3029
4,3029
5,3029
3,3030
4,3030
5,3030
7,3030
3,3031
4,3031
3,3032
4,3032
3,3033
4,3033
5,3033
7,3033
3,3034
4,3034
5,3034
3,3035
4,3035
3,3036
4,3036
3,3037
4,3037
5,3037
3,3038
4,3038
5,3038
3,3039
4,3039
3,3040
4,3040
3,3041
4,3041
3,3042
4,3042
5,3042
3,3043
4,3043
5,3043
3,3044
4,3044
5,3044
3,3045
4,3045
3,3046
4,3046
5,3046
3,3047
4,3047
5,3047
3,3048
4,3048
5,3048
1,3049
2,3049
3,3049
4,3049
7,3049
3,3050
4,3050
7,3050
3,3051
4,3051
5,3051
3,3052
4,3052
5,3052
1,3053
2,3053
3,3053
4,3053
5,3053
7,3053
3,3054
4,3054
1,3055
3,3055
4,3055
3,3056
4,3056
4,3057
5,3057
3,3058
4,3058
5,3058
3,3059
4,3059
1,3060
3,3060
4,3060
7,3060
3,3061
4,3061
5,3061
1,3062
2,3062
3,3062
4,3062
5,3062
7,3062
3,3063
4,3063
5,3063
3,3064
4,3064
5,3064
3,3065
4,3065
3,3066
4,3066
5,3066
3,3067
4,3067
5,3067
3,3068
4,3068
5,3068
3,3069
4,3069
7,3069
3,3070
4,3070
3,3071
4,3071
5,3071
3,3072
4,3072
5,3072
4,3073
5,3073
3,3074
4,3074
5,3074
3,3075
4,3075
5,3075
3,3076
4,3076
3,3077
4,3077
5,3077
3,3078
4,3078
5,3078
3,3079
4,3079
5,3079
3,3080
4,3080
5,3080
3,3081
4,3081
5,3081
3,3082
4,3082
5,3082
3,3083
4,3083
5,3083
1,3084
2,3084
3,3084
4,3084
7,3084
1,3085
2,3085
3,3085
4,3085
5,3085
1,3086
3,3086
4,3086
5,3086
3,3087
4,3087
3,3088
4,3088
4,3089
5,3089
3,3090
4,3090
5,3090
3,3091
4,3091
3,3092
4,3092
5,3092
1,3093
3,3093
4,3093
7,3093
3,3094
4,3094
7,3094
3,3095
4,3095
5,3095
3,3096
4,3096
5,3096
3,3097
4,3097
3,3098
4,3098
3,3099
4,3099
3,3100
4,3100
3,3101
4,3101
5,3101
3,3102
4,3102
5,3102
3,3103
4,3103
3,3104
4,3104
5,3104
3,3105
4,3105
5,3105
3,3106
4,3106
3,3107
4,3107
5,3107
3,3108
4,3108
3,3109
4,3109
5,3109
3,3110
4,3110
3,3111
4,3111
5,3111
3,3112
4,3112
5,3112
3,3113
4,3113
3,3114
4,3114
5,3114
3,3115
4,3115
3,3116
4,3116
5,3116
3,3117
4,3117
5,3117
3,3118
4,3118
3,3119
4,3119
3,3120
4,3120
5,3120
3,3121
4,3121
5,3121
3,3122
4,3122
3,3123
4,3123
3,3124
4,3124
5,3124
3,3125
4,3125
5,3125
3,3126
4,3126
3,3127
4,3127
7,3127
3,3128
4,3128
5,3128
3,3129
4,3129
3,3130
4,3130
5,3130
7,3130
3,3131
4,3131
5,3131
3,3132
4,3132
5,3132
3,3133
4,3133
5,3133
3,3134
4,3134
3,3135
4,3135
5,3135
3,3136
4,3136
5,3136
4,3137
5,3137
3,3138
4,3138
5,3138
3,3139
4,3139
3,3140
4,3140
5,3140
3,3141
4,3141
3,3142
4,3142
4,3143
5,3143
4,3144
5,3144
3,3145
4,3145
3,3146
4,3146
4,3147
5,3147
3,3148
4,3148
3,3149
4,3149
3,3150
4,3150
5,3150
1,3151
3,3151
4,3151
5,3151
7,3151
3,3152
4,3152
5,3152
3,3153
4,3153
3,3154
4,3154
5,3154
3,3155
4,3155
5,3155
3,3156
4,3156
5,3156
3,3157
4,3157
5,3157
4,3158
5,3158
1,3159
2,3159
3,3159
4,3159
7,3159
2,3160
3,3160
4,3160
5,3160
3,3161
4,3161
5,3161
3,3162
4,3162
5,3162
3,3163
4,3163
5,3163
3,3164
4,3164
3,3165
4,3165
7,3165
3,3166
4,3166
5,3166
3,3167
4,3167
5,3167
3,3168
4,3168
5,3168
3,3169
4,3169
3,3170
4,3170
3,3171
4,3171
5,3171
3,3172
4,3172
5,3172
3,3173
4,3173
5,3173
3,3174
4,3174
3,3175
4,3175
5,3175
3,3176
4,3176
7,3176
3,3177
4,3177
5,3177
1,3178
2,3178
3,3178
4,3178
5,3178
7,3178
3,3179
4,3179
3,3180
4,3180
5,3180
7,3180
3,3181
4,3181
5,3181
3,3182
4,3182
5,3182
3,3183
4,3183
5,3183
3,3184
4,3184
4,3185
5,3185
3,3186
4,3186
5,3186
3,3187
4,3187
5,3187
4,3188
5,3188
3,3189
4,3189
5,3189
3,3190
4,3190
7,3190
3,3191
4,3191
5,3191
1,3192
2,3192
3,3192
4,3192
7,3192
3,3193
4,3193
5,3193
7,3193
3,3194
4,3194
5,3194
4,3195
5,3195
3,3196
4,3196
5,3196
3,3197
4,3197
5,3197
3,3198
4,3198
5,3198
1,3199
2,3199
3,3199
4,3199
7,3199
3,3200
4,3200
3,3201
4,3201
4,3202
7,3202
3,3203
4,3203
5,3203
3,3204
4,3204
3,3205
4,3205
5,3205
7,3205
3,3206
4,3206
5,3206
3,3207
4,3207
5,3207
1,3208
2,3208
3,3208
4,3208
5,3208
7,3208
1,3209
2,3209
3,3209
4,3209
5,3209
7,3209
3,3210
4,3210
5,3210
3,3211
4,3211
5,3211
3,3212
4,3212
5,3212
4,3213
5,3213
3,3214
4,3214
5,3214
3,3215
4,3215
3,3216
4,3216
5,3216
3,3217
4,3217
5,3217
3,3218
4,3218
5,3218
3,3219
4,3219
3,3220
4,3220
5,3220
3,3221
4,3221
5,3221
3,3222
4,3222
5,3222
1,3223
3,3223
4,3223
7,3223
4,3224
7,3224
3,3225
4,3225
5,3225
3,3226
4,3226
5,3226
3,3227
4,3227
5,3227
3,3228
4,3228
5,3228
3,3229
4,3229
5,3229
3,3230
4,3230
5,3230
3,3231
4,3231
5,3231
1,3232
3,3232
4,3232
3,3233
4,3233
5,3233
7,3233
3,3234
4,3234
5,3234
3,3235
4,3235
5,3235
3,3236
4,3236
5,3236
3,3237
4,3237
5,3237
3,3238
4,3238
5,3238
3,3239
4,3239
5,3239
1,3240
2,3240
3,3240
4,3240
7,3240
3,3241
4,3241
3,3242
4,3242
4,3243
5,3243
3,3244
4,3244
5,3244
4,3245
5,3245
3,3246
4,3246
5,3246
3,3247
4,3247
1,3248
2,3248
4,3248
7,3248
3,3249
4,3249
5,3249
3,3250
4,3250
3,3251
4,3251
5,3251
7,3251
3,3252
4,3252
7,3252
3,3253
4,3253
5,3253
4,3254
5,3254
4,3255
5,3255
3,3256
4,3256
3,3257
4,3257
5,3257
3,3258
4,3258
5,3258
3,3259
4,3259
5,3259
3,3260
4,3260
3,3261
4,3261
3,3262
4,3262
5,3262
4,3263
5,3263
3,3264
4,3264
4,3265
5,3265
4,3266
5,3266
4,3267
5,3267
3,3268
4,3268
5,3268
3,3269
4,3269
7,3269
3,3270
4,3270
3,3271
4,3271
5,3271
7,3271
4,3272
5,3272
3,3273
4,3273
5,3273
7,3273
3,3274
4,3274
4,3275
5,3275
3,3276
4,3276
5,3276
3,3277
4,3277
5,3277
3,3278
4,3278
3,3279
4,3279
5,3279
3,3280
4,3280
5,3280
3,3281
4,3281
5,3281
3,3282
4,3282
5,3282
4,3283
5,3283
3,3284
4,3284
5,3284
3,3285
4,3285
5,3285
3,3286
4,3286
3,3287
4,3287
3,3288
4,3288
3,3289
4,3289
5,3289
3,3290
4,3290
3,3291
4,3291
5,3291
3,3292
4,3292
5,3292
1,3293
2,3293
3,3293
4,3293
7,3293
3,3294
4,3294
5,3294
3,3295
4,3295
5,3295
1,3296
2,3296
3,3296
4,3296
7,3296
3,3297
4,3297
5,3297
3,3298
4,3298
5,3298
3,3299
4,3299
5,3299
3,3300
4,3300
5,3300
3,3301
4,3301
5,3301
3,3302
4,3302
5,3302
3,3303
4,3303
5,3303
7,3303
4,3304
5,3304
4,3305
5,3305
3,3306
4,3306
5,3306
3,3307
4,3307
4,3308
5,3308
3,3309
4,3309
4,3310
5,3310
3,3311
4,3311
5,3311
3,3312
4,3312
3,3313
4,3313
5,3313
4,3314
5,3314
3,3315
4,3315
4,3316
5,3316
4,3317
5,3317
3,3318
4,3318
5,3318
4,3319
5,3319
3,3320
4,3320
3,3321
4,3321
3,3322
4,3322
5,3322
3,3323
4,3323
5,3323
3,3324
4,3324
3,3325
4,3325
7,3325
1,3326
2,3326
3,3326
4,3326
5,3326
7,3326
3,3327
4,3327
5,3327
2,3328
3,3328
4,3328
7,3328
3,3329
4,3329
5,3329
3,3330
4,3330
5,3330
3,3331
4,3331
5,3331
1,3332
2,3332
3,3332
4,3332
7,3332
3,3333
4,3333
5,3333
3,3334
4,3334
3,3335
4,3335
5,3335
3,3336
4,3336
5,3336
3,3337
4,3337
5,3337
3,3338
4,3338
3,3339
4,3339
1,3340
3,3340
4,3340
5,3340
7,3340
3,3341
4,3341
5,3341
4,3342
5,3342
3,3343
4,3343
7,3343
3,3344
4,3344
3,3345
4,3345
7,3345
3,3346
4,3346
3,3347
4,3347
5,3347
3,3348
4,3348
5,3348
3,3349
4,3349
5,3349
3,3350
4,3350
5,3350
7,3350
3,3351
4,3351
5,3351
3,3352
4,3352
4,3353
5,3353
3,3354
4,3354
7,3354
3,3355
4,3355
5,3355
3,3356
4,3356
5,3356
1,3357
2,3357
3,3357
4,3357
7,3357
2,3358
3,3358
4,3358
7,3358
3,3359
4,3359
5,3359
3,3360
4,3360
5,3360
3,3361
4,3361
3,3362
4,3362
5,3362
3,3363
4,3363
3,3364
4,3364
3,3365
4,3365
3,3366
4,3366
5,3366
3,3367
4,3367
5,3367
3,3368
4,3368
7,3368
3,3369
4,3369
5,3369
4,3370
5,3370
3,3371
4,3371
3,3372
4,3372
3,3373
4,3373
5,3373
3,3374
4,3374
5,3374
3,3375
4,3375
3,3376
4,3376
5,3376
3,3377
4,3377
3,3378
4,3378
5,3378
7,3378
3,3379
4,3379
5,3379
3,3380
4,3380
3,3381
4,3381
5,3381
1,3382
2,3382
3,3382
4,3382
5,3382
7,3382
3,3383
4,3383
1,3384
3,3384
4,3384
5,3384
3,3385
4,3385
1,3386
2,3386
3,3386
4,3386
7,3386
1,3387
2,3387
3,3387
4,3387
7,3387
1,3388
2,3388
3,3388
4,3388
7,3388
3,3389
4,3389
5,3389
3,3390
4,3390
5,3390
1,3391
2,3391
3,3391
4,3391
5,3391
7,3391
3,3392
4,3392
5,3392
3,3393
4,3393
5,3393
3,3394
4,3394
5,3394
3,3395
4,3395
5,3395
3,3396
4,3396
5,3396
4,3397
5,3397
1,3398
2,3398
3,3398
4,3398
7,3398
3,3399
4,3399
5,3399
3,3400
4,3400
5,3400
3,3401
4,3401
5,3401
3,3402
4,3402
5,3402
3,3403
4,3403
5,3403
3,3404
4,3404
3,3405
4,3405
7,3405
1,3406
2,3406
3,3406
4,3406
5,3406
7,3406
3,3407
4,3407
5,3407
4,3408
5,3408
3,3409
4,3409
3,3410
4,3410
5,3410
3,3411
4,3411
3,3412
4,3412
3,3413
4,3413
3,3414
4,3414
5,3414
3,3415
4,3415
5,3415
3,3416
4,3416
1,3417
3,3417
4,3417
5,3417
3,3418
4,3418
5,3418
4,3419
5,3419
4,3420
5,3420
3,3421
4,3421
5,3421
3,3422
4,3422
3,3423
4,3423
5,3423
3,3424
4,3424
5,3424
3,3425
4,3425
5,3425
7,3425
4,3426
7,3426
3,3427
4,3427
3,3428
4,3428
3,3429
4,3429
5,3429
3,3430
4,3430
3,3431
4,3431
1,3432
2,3432
3,3432
4,3432
7,3432
1,3433
2,3433
3,3433
4,3433
5,3433
3,3434
4,3434
5,3434
3,3435
4,3435
5,3435
1,3436
2,3436
3,3436
4,3436
7,3436
3,3437
4,3437
5,3437
3,3438
4,3438
3,3439
4,3439
5,3439
3,3440
4,3440
5,3440
3,3441
4,3441
3,3442
4,3442
3,3443
4,3443
3,3444
4,3444
3,3445
4,3445
5,3445
3,3446
4,3446
5,3446
7,3446
3,3447
4,3447
4,3448
5,3448
3,3449
4,3449
3,3450
4,3450
3,3451
4,3451
5,3451
1,3452
3,3452
4,3452
5,3452
7,3452
3,3453
4,3453
7,3453
3,3454
4,3454
5,3454
3,3455
4,3455
5,3455
4,3456
5,3456
4,3457
5,3457
4,3458
5,3458
3,3459
4,3459
3,3460
4,3460
3,3461
4,3461
4,3462
5,3462
4,3463
5,3463
3,3464
4,3464
5,3464
3,3465
4,3465
3,3466
4,3466
3,3467
4,3467
5,3467
3,3468
4,3468
3,3469
4,3469
3,3470
4,3470
3,3471
4,3471
4,3472
5,3472
3,3473
4,3473
5,3473
3,3474
4,3474
1,3475
2,3475
3,3475
4,3475
7,3475
3,3476
4,3476
5,3476
3,3477
4,3477
1,3478
2,3478
3,3478
4,3478
5,3478
7,3478
3,3479
4,3479
1,3480
3,3480
4,3480
5,3480
3,3481
4,3481
7,3481
3,3482
4,3482
3,3483
4,3483
5,3483
3,3484
4,3484
3,3485
4,3485
5,3485
3,3486
4,3486
5,3486
2,3487
3,3487
4,3487
5,3487
3,3488
4,3488
5,3488
3,3489
4,3489
5,3489
3,3490
4,3490
3,3491
4,3491
3,3492
4,3492
3,3493
4,3493
5,3493
7,3493
3,3494
4,3494
5,3494
4,3495
5,3495
3,3496
4,3496
3,3497
4,3497
5,3497
7,3497
3,3498
4,3498
5,3498
3,3499
4,3499
5,3499
3,3500
4,3500
5,3500
3,3501
4,3501
5,3501
3,3502
4,3502
3,3503
4,3503
3,3504
4,3504
3,3505
4,3505
5,3505
3,3506
4,3506
5,3506
3,3507
4,3507
4,3508
5,3508
1,3509
2,3509
3,3509
4,3509
7,3509
3,3510
4,3510
5,3510
1,3511
2,3511
3,3511
4,3511
7,3511
3,3512
4,3512
5,3512
3,3513
4,3513
5,3513
3,3514
4,3514
5,3514
3,3515
4,3515
5,3515
3,3516
4,3516
5,3516
3,3517
4,3517
5,3517
3,3518
4,3518
5,3518
3,3519
4,3519
5,3519
1,3520
2,3520
3,3520
4,3520
7,3520
3,3521
4,3521
3,3522
4,3522
3,3523
4,3523
3,3524
4,3524
3,3525
4,3525
3,3526
4,3526
3,3527
4,3527
5,3527
4,3528
5,3528
3,3529
4,3529
5,3529
3,3530
4,3530
5,3530
1,3531
2,3531
3,3531
4,3531
5,3531
7,3531
4,3532
5,3532
3,3533
4,3533
3,3534
4,3534
5,3534
3,3535
4,3535
5,3535
3,3536
4,3536
5,3536
3,3537
4,3537
3,3538
4,3538
5,3538
1,3539
2,3539
3,3539
4,3539
5,3539
3,3540
4,3540
5,3540
7,3540
3,3541
4,3541
5,3541
7,3541
3,3542
4,3542
3,3543
4,3543
3,3544
4,3544
5,3544
3,3545
4,3545
5,3545
3,3546
4,3546
3,3547
4,3547
5,3547
3,3548
4,3548
5,3548
4,3549
5,3549
3,3550
4,3550
3,3551
4,3551
5,3551
3,3552
4,3552
5,3552
3,3553
4,3553
5,3553
3,3554
4,3554
5,3554
3,3555
4,3555
5,3555
3,3556
4,3556
5,3556
4,3557
5,3557
3,3558
4,3558
5,3558
3,3559
4,3559
5,3559
7,3559
3,3560
4,3560
5,3560
3,3561
4,3561
5,3561
3,3562
4,3562
4,3563
5,3563
3,3564
4,3564
5,3564
3,3565
4,3565
3,3566
4,3566
5,3566
1,3567
2,3567
3,3567
4,3567
5,3567
7,3567
1,3568
2,3568
3,3568
4,3568
7,3568
3,3569
4,3569
5,3569
3,3570
4,3570
5,3570
3,3571
4,3571
7,3571
3,3572
4,3572
5,3572
1,3573
2,3573
3,3573
4,3573
5,3573
7,3573
3,3574
4,3574
3,3575
4,3575
5,3575
1,3576
2,3576
3,3576
4,3576
5,3576
7,3576
3,3577
4,3577
5,3577
1,3578
2,3578
3,3578
4,3578
5,3578
7,3578
3,3579
4,3579
5,3579
3,3580
4,3580
5,3580
3,3581
4,3581
5,3581
3,3582
4,3582
5,3582
3,3583
4,3583
3,3584
4,3584
5,3584
3,3585
4,3585
3,3586
4,3586
5,3586
3,3587
4,3587
3,3588
4,3588
3,3589
4,3589
3,3590
4,3590
5,3590
3,3591
4,3591
5,3591
3,3592
4,3592
5,3592
3,3593
4,3593
5,3593
7,3593
3,3594
4,3594
3,3595
4,3595
5,3595
4,3596
5,3596
3,3597
4,3597
3,3598
4,3598
5,3598
3,3599
4,3599
5,3599
1,3600
2,3600
3,3600
4,3600
7,3600
1,3601
2,3601
4,3601
5,3601
7,3601
3,3602
4,3602
5,3602
1,3603
4,3603
5,3603
7,3603
3,3604
4,3604
5,3604
3,3605
4,3605
5,3605
4,3606
5,3606
3,3607
4,3607
5,3607
4,3608
5,3608
4,3609
5,3609
4,3610
5,3610
3,3611
4,3611
5,3611
3,3612
4,3612
5,3612
3,3613
4,3613
5,3613
3,3614
4,3614
5,3614
1,3615
3,3615
4,3615
5,3615
7,3615
3,3616
4,3616
3,3617
4,3617
5,3617
3,3618
4,3618
5,3618
3,3619
4,3619
5,3619
3,3620
4,3620
5,3620
3,3621
4,3621
5,3621
3,3622
4,3622
3,3623
4,3623
3,3624
4,3624
5,3624
3,3625
4,3625
5,3625
3,3626
4,3626
3,3627
4,3627
7,3627
3,3628
4,3628
5,3628
7,3628
3,3629
4,3629
5,3629
3,3630
4,3630
5,3630
3,3631
4,3631
3,3632
4,3632
3,3633
4,3633
5,3633
1,3634
3,3634
4,3634
7,3634
3,3635
4,3635
3,3636
4,3636
3,3637
4,3637
3,3638
4,3638
3,3639
4,3639
5,3639
3,3640
4,3640
5,3640
3,3641
4,3641
5,3641
3,3642
4,3642
1,3643
2,3643
3,3643
4,3643
7,3643
3,3644
4,3644
5,3644
3,3645
4,3645
5,3645
3,3646
4,3646
5,3646
3,3647
4,3647
5,3647
3,3648
4,3648
5,3648
3,3649
4,3649
5,3649
3,3650
4,3650
5,3650
3,3651
4,3651
5,3651
4,3652
5,3652
3,3653
4,3653
5,3653
1,3654
2,3654
3,3654
4,3654
7,3654
3,3655
4,3655
5,3655
3,3656
4,3656
3,3657
4,3657
5,3657
3,3658
4,3658
5,3658
3,3659
4,3659
5,3659
3,3660
4,3660
1,3661
2,3661
3,3661
4,3661
7,3661
3,3662
4,3662
7,3662
3,3663
4,3663
3,3664
4,3664
3,3665
4,3665
5,3665
1,3666
3,3666
4,3666
5,3666
1,3667
2,3667
3,3667
4,3667
5,3667
7,3667
1,3668
2,3668
3,3668
4,3668
7,3668
3,3669
4,3669
3,3670
4,3670
5,3670
3,3671
4,3671
5,3671
4,3672
5,3672
4,3673
5,3673
4,3674
5,3674
3,3675
4,3675
5,3675
3,3676
4,3676
5,3676
3,3677
4,3677
3,3678
4,3678
5,3678
3,3679
4,3679
5,3679
3,3680
4,3680
5,3680
3,3681
4,3681
5,3681
1,3682
2,3682
3,3682
4,3682
5,3682
7,3682
1,3683
4,3683
7,3683
1,3684
2,3684
3,3684
4,3684
7,3684
3,3685
4,3685
3,3686
4,3686
3,3687
4,3687
5,3687
3,3688
4,3688
3,3689
4,3689
5,3689
3,3690
4,3690
5,3690
1,3691
3,3691
4,3691
5,3691
3,3692
4,3692
5,3692
2,3693
3,3693
4,3693
7,3693
3,3694
4,3694
5,3694
3,3695
4,3695
5,3695
1,3696
2,3696
3,3696
4,3696
5,3696
7,3696
3,3697
4,3697
5,3697
3,3698
4,3698
5,3698
3,3699
4,3699
5,3699
1,3700
3,3700
4,3700
7,3700
3,3701
4,3701
3,3702
4,3702
3,3703
4,3703
5,3703
3,3704
4,3704
3,3705
4,3705
4,3706
5,3706
3,3707
4,3707
5,3707
3,3708
4,3708
5,3708
3,3709
4,3709
5,3709
4,3710
5,3710
3,3711
4,3711
5,3711
3,3712
4,3712
5,3712
3,3713
4,3713
3,3714
4,3714
5,3714
3,3715
4,3715
5,3715
4,3716
5,3716
3,3717
4,3717
3,3718
4,3718
5,3718
3,3719
4,3719
3,3720
4,3720
5,3720
1,3721
2,3721
3,3721
4,3721
5,3721
7,3721
3,3722
4,3722
5,3722
3,3723
4,3723
5,3723
3,3724
4,3724
4,3725
5,3725
3,3726
4,3726
3,3727
4,3727
4,3728
5,3728
3,3729
4,3729
1,3730
2,3730
3,3730
4,3730
5,3730
7,3730
3,3731
4,3731
5,3731
3,3732
4,3732
5,3732
3,3733
4,3733
7,3733
3,3734
4,3734
3,3735
4,3735
5,3735
3,3736
4,3736
5,3736
3,3737
4,3737
5,3737
3,3738
4,3738
5,3738
3,3739
4,3739
5,3739
3,3740
4,3740
3,3741
4,3741
5,3741
3,3742
4,3742
5,3742
3,3743
4,3743
5,3743
3,3744
4,3744
5,3744
3,3745
4,3745
5,3745
3,3746
4,3746
5,3746
3,3747
4,3747
5,3747
3,3748
4,3748
5,3748
4,3749
5,3749
3,3750
4,3750
5,3750
3,3751
4,3751
5,3751
3,3752
4,3752
7,3752
3,3753
4,3753
5,3753
3,3754
4,3754
5,3754
3,3755
4,3755
5,3755
3,3756
4,3756
5,3756
3,3757
4,3757
5,3757
4,3758
5,3758
3,3759
4,3759
5,3759
3,3760
4,3760
5,3760
3,3761
4,3761
3,3762
4,3762
5,3762
2,3763
3,3763
4,3763
7,3763
3,3764
4,3764
5,3764
3,3765
4,3765
5,3765
3,3766
4,3766
5,3766
3,3767
4,3767
5,3767
3,3768
4,3768
5,3768
3,3769
4,3769
5,3769
3,3770
4,3770
5,3770
3,3771
4,3771
5,3771
3,3772
4,3772
7,3772
3,3773
4,3773
3,3774
4,3774
5,3774
3,3775
4,3775
3,3776
4,3776
3,3777
4,3777
3,3778
4,3778
5,3778
3,3779
4,3779
3,3780
4,3780
1,3781
2,3781
3,3781
4,3781
5,3781
7,3781
1,3782
2,3782
3,3782
4,3782
5,3782
7,3782
3,3783
4,3783
5,3783
3,3784
4,3784
5,3784
3,3785
4,3785
3,3786
4,3786
7,3786
3,3787
4,3787
5,3787
1,3788
2,3788
3,3788
4,3788
7,3788
3,3789
4,3789
1,3790
2,3790
3,3790
4,3790
7,3790
3,3791
4,3791
5,3791
3,3792
4,3792
3,3793
4,3793
3,3794
4,3794
5,3794
3,3795
4,3795
5,3795
3,3796
4,3796
5,3796
3,3797
4,3797
3,3798
4,3798
3,3799
4,3799
3,3800
4,3800
1,3801
2,3801
3,3801
4,3801
5,3801
7,3801
3,3802
4,3802
5,3802
3,3803
4,3803
5,3803
4,3804
5,3804
1,3805
2,3805
3,3805
4,3805
5,3805
7,3805
3,3806
4,3806
3,3807
4,3807
3,3808
4,3808
5,3808
3,3809
4,3809
1,3810
2,3810
3,3810
4,3810
7,3810
1,3811
2,3811
3,3811
4,3811
5,3811
7,3811
3,3812
4,3812
5,3812
3,3813
4,3813
1,3814
3,3814
4,3814
5,3814
3,3815
4,3815
3,3816
4,3816
3,3817
4,3817
3,3818
4,3818
5,3818
7,3818
3,3819
4,3819
3,3820
4,3820
3,3821
4,3821
5,3821
3,3822
4,3822
5,3822
4,3823
5,3823
3,3824
4,3824
3,3825
4,3825
3,3826
4,3826
5,3826
3,3827
4,3827
5,3827
7,3827
3,3828
4,3828
3,3829
4,3829
5,3829
3,3830
4,3830
5,3830
4,3831
5,3831
4,3832
5,3832
3,3833
4,3833
5,3833
3,3834
4,3834
3,3835
4,3835
5,3835
3,3836
4,3836
3,3837
4,3837
5,3837
7,3837
3,3838
4,3838
5,3838
3,3839
4,3839
3,3840
4,3840
7,3840
3,3841
4,3841
3,3842
4,3842
5,3842
3,3843
4,3843
3,3844
4,3844
5,3844
3,3845
4,3845
5,3845
1,3846
2,3846
3,3846
4,3846
5,3846
7,3846
3,3847
4,3847
3,3848
4,3848
3,3849
4,3849
3,3850
4,3850
3,3851
4,3851
5,3851
3,3852
4,3852
5,3852
7,3852
3,3853
4,3853
3,3854
4,3854
3,3855
4,3855
3,3856
4,3856
1,3857
2,3857
3,3857
4,3857
7,3857
3,3858
4,3858
5,3858
1,3859
2,3859
3,3859
4,3859
7,3859
3,3860
4,3860
5,3860
1,3861
2,3861
3,3861
4,3861
7,3861
1,3862
2,3862
3,3862
4,3862
7,3862
3,3863
4,3863
5,3863
3,3864
4,3864
4,3865
5,3865
4,3866
5,3866
3,3867
4,3867
5,3867
3,3868
4,3868
5,3868
3,3869
4,3869
5,3869
3,3870
4,3870
3,3871
4,3871
1,3872
2,3872
3,3872
4,3872
7,3872
1,3873
2,3873
3,3873
4,3873
5,3873
7,3873
1,3874
2,3874
3,3874
4,3874
5,3874
7,3874
3,3875
4,3875
5,3875
3,3876
4,3876
5,3876
3,3877
4,3877
5,3877
3,3878
4,3878
5,3878
7,3878
3,3879
4,3879
3,3880
4,3880
3,3881
4,3881
5,3881
4,3882
5,3882
1,3883
3,3883
4,3883
5,3883
3,3884
4,3884
1,3885
3,3885
4,3885
5,3885
4,3886
5,3886
4,3887
5,3887
3,3888
4,3888
5,3888
3,3889
4,3889
3,3890
4,3890
1,3891
3,3891
4,3891
7,3891
3,3892
4,3892
5,3892
3,3893
4,3893
5,3893
3,3894
4,3894
5,3894
4,3895
5,3895
3,3896
4,3896
5,3896
3,3897
4,3897
5,3897
3,3898
4,3898
5,3898
4,3899
5,3899
3,3900
4,3900
7,3900
1,3901
2,3901
3,3901
4,3901
7,3901
3,3902
4,3902
7,3902
3,3903
4,3903
3,3904
4,3904
3,3905
4,3905
3,3906
4,3906
3,3907
4,3907
5,3907
3,3908
4,3908
5,3908
3,3909
4,3909
5,3909
3,3910
4,3910
3,3911
4,3911
3,3912
4,3912
3,3913
4,3913
3,3914
4,3914
5,3914
3,3915
4,3915
3,3916
4,3916
5,3916
3,3917
4,3917
5,3917
3,3918
4,3918
5,3918
3,3919
4,3919
5,3919
3,3920
4,3920
5,3920
3,3921
4,3921
7,3921
3,3922
4,3922
7,3922
3,3923
4,3923
1,3924
2,3924
3,3924
4,3924
7,3924
4,3925
5,3925
3,3926
4,3926
5,3926
3,3927
4,3927
1,3928
2,3928
3,3928
4,3928
5,3928
7,3928
3,3929
4,3929
3,3930
4,3930
5,3930
3,3931
4,3931
5,3931
3,3932
4,3932
5,3932
3,3933
4,3933
5,3933
3,3934
4,3934
5,3934
3,3935
4,3935
5,3935
3,3936
4,3936
5,3936
3,3937
4,3937
3,3938
4,3938
5,3938
4,3939
5,3939
3,3940
4,3940
5,3940
3,3941
4,3941
5,3941
3,3942
4,3942
5,3942
3,3943
4,3943
5,3943
3,3944
4,3944
5,3944
3,3945
4,3945
4,3946
5,3946
3,3947
4,3947
5,3947
3,3948
4,3948
5,3948
3,3949
4,3949
3,3950
4,3950
5,3950
3,3951
4,3951
5,3951
4,3952
5,3952
3,3953
4,3953
5,3953
3,3954
4,3954
5,3954
3,3955
4,3955
5,3955
3,3956
4,3956
5,3956
3,3957
4,3957
5,3957
3,3958
4,3958
3,3959
4,3959
5,3959
3,3960
4,3960
3,3961
4,3961
3,3962
4,3962
7,3962
3,3963
4,3963
3,3964
4,3964
5,3964
3,3965
4,3965
5,3965
7,3965
3,3966
4,3966
3,3967
4,3967
5,3967
3,3968
4,3968
3,3969
4,3969
3,3970
4,3970
5,3970
3,3971
4,3971
5,3971
3,3972
4,3972
5,3972
1,3973
3,3973
4,3973
5,3973
3,3974
4,3974
3,3975
4,3975
3,3976
4,3976
3,3977
4,3977
5,3977
4,3978
5,3978
3,3979
4,3979
3,3980
4,3980
5,3980
3,3981
4,3981
3,3982
4,3982
3,3983
4,3983
4,3984
5,3984
3,3985
4,3985
5,3985
3,3986
4,3986
5,3986
4,3987
5,3987
3,3988
4,3988
5,3988
3,3989
4,3989
3,3990
4,3990
5,3990
3,3991
4,3991
3,3992
4,3992
3,3993
4,3993
3,3994
4,3994
5,3994
3,3995
4,3995
3,3996
4,3996
5,3996
3,3997
4,3997
5,3997
7,3997
3,3998
4,3998
3,3999
4,3999
4,4000
5,4000
3,4001
4,4001
3,4002
4,4002
5,4002
3,4003
4,4003
5,4003
4,4004
5,4004
3,4005
4,4005
5,4005
3,4006
4,4006
5,4006
3,4007
4,4007
5,4007
3,4008
4,4008
5,4008
3,4009
4,4009
3,4010
4,4010
5,4010
3,4011
4,4011
5,4011
3,4012
4,4012
5,4012
3,4013
4,4013
3,4014
4,4014
3,4015
4,4015
3,4016
4,4016
3,4017
4,4017
5,4017
3,4018
4,4018
5,4018
3,4019
4,4019
5,4019
3,4020
4,4020
5,4020
3,4021
4,4021
5,4021
4,4022
5,4022
3,4023
4,4023
5,4023
3,4024
4,4024
5,4024
7,4024
3,4025
4,4025
5,4025
3,4026
4,4026
5,4026
3,4027
4,4027
5,4027
4,4028
7,4028
1,4029
3,4029
4,4029
7,4029
3,4030
4,4030
5,4030
4,4031
5,4031
3,4032
4,4032
5,4032
3,4033
4,4033
5,4033
1,4034
3,4034
4,4034
7,4034
3,4035
4,4035
5,4035
3,4036
4,4036
5,4036
3,4037
4,4037
5,4037
3,4038
4,4038
5,4038
3,4039
4,4039
3,4040
4,4040
5,4040
4,4041
5,4041
3,4042
4,4042
5,4042
3,4043
4,4043
5,4043
4,4044
5,4044
3,4045
4,4045
5,4045
7,4045
1,4046
2,4046
3,4046
4,4046
5,4046
7,4046
3,4047
4,4047
3,4048
4,4048
3,4049
4,4049
5,4049
3,4050
4,4050
3,4051
4,4051
5,4051
3,4052
4,4052
5,4052
3,4053
4,4053
5,4053
3,4054
4,4054
5,4054
3,4055
4,4055
3,4056
4,4056
3,4057
4,4057
3,4058
4,4058
3,4059
4,4059
7,4059
3,4060
4,4060
3,4061
4,4061
5,4061
3,4062
4,4062
5,4062
1,4063
2,4063
3,4063
4,4063
7,4063
1,4064
3,4064
4,4064
7,4064
4,4065
5,4065
3,4066
4,4066
7,4066
3,4067
4,4067
4,4068
5,4068
3,4069
4,4069
5,4069
1,4070
2,4070
3,4070
4,4070
7,4070
3,4071
4,4071
5,4071
4,4072
5,4072
3,4073
4,4073
5,4073
3,4074
4,4074
5,4074
4,4075
5,4075
3,4076
4,4076
5,4076
4,4077
5,4077
3,4078
4,4078
5,4078
3,4079
4,4079
5,4079
3,4080
4,4080
5,4080
3,4081
4,4081
5,4081
4,4082
5,4082
3,4083
4,4083
3,4084
4,4084
5,4084
3,4085
4,4085
3,4086
4,4086
5,4086
3,4087
4,4087
3,4088
4,4088
3,4089
4,4089
4,4090
5,4090
3,4091
4,4091
3,4092
4,4092
5,4092
3,4093
4,4093
7,4093
4,4094
5,4094
4,4095
5,4095
4,4096
5,4096
3,4097
4,4097
3,4098
4,4098
3,4099
4,4099
5,4099
3,4100
4,4100
3,4101
4,4101
4,4102
5,4102
4,4103
5,4103
3,4104
4,4104
5,4104
4,4105
5,4105
4,4106
5,4106
3,4107
4,4107
5,4107
3,4108
4,4108
5,4108
4,4109
5,4109
4,4110
5,4110
3,4111
4,4111
5,4111
4,4112
5,4112
4,4113
5,4113
4,4114
5,4114
3,4115
4,4115
4,4116
7,4116
3,4117
4,4117
3,4118
4,4118
3,4119
4,4119
4,4120
5,4120
3,4121
4,4121
4,4122
5,4122
3,4123
4,4123
3,4124
4,4124
5,4124
4,4125
5,4125
3,4126
4,4126
5,4126
3,4127
4,4127
3,4128
4,4128
1,4129
2,4129
3,4129
4,4129
7,4129
3,4130
4,4130
1,4131
2,4131
3,4131
4,4131
7,4131
3,4132
4,4132
5,4132
3,4133
4,4133
5,4133
3,4134
4,4134
5,4134
3,4135
4,4135
3,4136
4,4136
3,4137
4,4137
3,4138
4,4138
5,4138
3,4139
4,4139
5,4139
3,4140
4,4140
3,4141
4,4141
3,4142
4,4142
5,4142
3,4143
4,4143
5,4143
3,4144
4,4144
4,4145
5,4145
3,4146
4,4146
5,4146
3,4147
4,4147
3,4148
4,4148
3,4149
4,4149
5,4149
3,4150
4,4150
3,4151
4,4151
5,4151
3,4152
4,4152
3,4153
4,4153
5,4153
3,4154
4,4154
5,4154
3,4155
4,4155
3,4156
4,4156
5,4156
4,4157
5,4157
3,4158
4,4158
3,4159
4,4159
3,4160
4,4160
3,4161
4,4161
3,4162
4,4162
3,4163
4,4163
3,4164
4,4164
4,4165
5,4165
3,4166
4,4166
5,4166
3,4167
4,4167
5,4167
3,4168
4,4168
5,4168
3,4169
4,4169
3,4170
4,4170
5,4170
1,4171
2,4171
3,4171
4,4171
7,4171
3,4172
4,4172
5,4172
3,4173
4,4173
5,4173
1,4174
2,4174
3,4174
4,4174
5,4174
7,4174
3,4175
4,4175
5,4175
4,4176
5,4176
3,4177
4,4177
5,4177
1,4178
3,4178
4,4178
5,4178
3,4179
4,4179
5,4179
1,4180
3,4180
4,4180
5,4180
1,4181
3,4181
4,4181
7,4181
3,4182
4,4182
5,4182
3,4183
4,4183
5,4183
4,4184
5,4184
3,4185
4,4185
4,4186
5,4186
3,4187
4,4187
5,4187
1,4188
3,4188
4,4188
7,4188
1,4189
2,4189
3,4189
4,4189
5,4189
7,4189
2,4190
4,4190
7,4190
4,4191
5,4191
1,4192
2,4192
3,4192
4,4192
7,4192
3,4193
4,4193
3,4194
4,4194
3,4195
4,4195
7,4195
3,4196
4,4196
5,4196
3,4197
4,4197
5,4197
3,4198
4,4198
3,4199
4,4199
4,4200
5,4200
3,4201
4,4201
5,4201
3,4202
4,4202
5,4202
3,4203
4,4203
5,4203
3,4204
4,4204
7,4204
3,4205
4,4205
5,4205
4,4206
5,4206
4,4207
5,4207
3,4208
4,4208
5,4208
3,4209
4,4209
3,4210
4,4210
7,4210
3,4211
4,4211
5,4211
3,4212
4,4212
5,4212
3,4213
4,4213
5,4213
3,4214
4,4214
5,4214
1,4215
2,4215
3,4215
4,4215
7,4215
3,4216
4,4216
5,4216
1,4217
3,4217
4,4217
5,4217
7,4217
3,4218
4,4218
5,4218
3,4219
4,4219
5,4219
3,4220
4,4220
5,4220
3,4221
4,4221
5,4221
3,4222
4,4222
5,4222
7,4222
3,4223
4,4223
5,4223
3,4224
4,4224
5,4224
3,4225
4,4225
5,4225
3,4226
4,4226
5,4226
3,4227
4,4227
5,4227
3,4228
4,4228
5,4228
7,4228
3,4229
4,4229
5,4229
3,4230
4,4230
5,4230
1,4231
3,4231
4,4231
5,4231
7,4231
3,4232
4,4232
5,4232
3,4233
4,4233
5,4233
4,4234
5,4234
3,4235
4,4235
5,4235
3,4236
4,4236
5,4236
3,4237
4,4237
5,4237
3,4238
4,4238
5,4238
3,4239
4,4239
5,4239
3,4240
4,4240
5,4240
3,4241
4,4241
5,4241
3,4242
4,4242
5,4242
3,4243
4,4243
3,4244
4,4244
3,4245
4,4245
5,4245
3,4246
4,4246
5,4246
3,4247
4,4247
4,4248
5,4248
3,4249
4,4249
5,4249
3,4250
4,4250
7,4250
3,4251
4,4251
3,4252
4,4252
4,4253
5,4253
3,4254
4,4254
4,4255
5,4255
4,4256
5,4256
4,4257
5,4257
4,4258
5,4258
3,4259
4,4259
5,4259
3,4260
4,4260
3,4261
4,4261
5,4261
3,4262
4,4262
4,4263
5,4263
3,4264
4,4264
5,4264
3,4265
4,4265
5,4265
3,4266
4,4266
5,4266
1,4267
3,4267
4,4267
5,4267
3,4268
4,4268
3,4269
4,4269
5,4269
3,4270
4,4270
5,4270
3,4271
4,4271
5,4271
3,4272
4,4272
3,4273
4,4273
5,4273
3,4274
4,4274
5,4274
3,4275
4,4275
5,4275
3,4276
4,4276
5,4276
3,4277
4,4277
5,4277
3,4278
4,4278
3,4279
4,4279
5,4279
4,4280
5,4280
4,4281
7,4281
3,4282
4,4282
3,4283
4,4283
3,4284
4,4284
7,4284
3,4285
4,4285
3,4286
4,4286
5,4286
7,4286
3,4287
4,4287
7,4287
3,4288
4,4288
3,4289
4,4289
3,4290
4,4290
5,4290
3,4291
4,4291
5,4291
3,4292
4,4292
5,4292
7,4292
3,4293
4,4293
5,4293
3,4294
4,4294
7,4294
3,4295
4,4295
5,4295
4,4296
5,4296
4,4297
5,4297
3,4298
4,4298
5,4298
3,4299
4,4299
4,4300
5,4300
3,4301
4,4301
5,4301
3,4302
4,4302
4,4303
5,4303
3,4304
4,4304
5,4304
3,4305
4,4305
3,4306
4,4306
4,4307
5,4307
3,4308
4,4308
3,4309
4,4309
3,4310
4,4310
3,4311
4,4311
5,4311
3,4312
4,4312
3,4313
4,4313
3,4314
4,4314
5,4314
3,4315
4,4315
5,4315
7,4315
3,4316
4,4316
5,4316
3,4317
4,4317
3,4318
4,4318
5,4318
4,4319
7,4319
4,4320
5,4320
3,4321
4,4321
5,4321
7,4321
3,4322
4,4322
5,4322
3,4323
4,4323
5,4323
3,4324
4,4324
5,4324
7,4324
1,4325
3,4325
4,4325
5,4325
3,4326
4,4326
5,4326
3,4327
4,4327
5,4327
1,4328
2,4328
3,4328
4,4328
5,4328
7,4328
3,4329
4,4329
5,4329
3,4330
4,4330
1,4331
3,4331
4,4331
5,4331
3,4332
4,4332
5,4332
3,4333
4,4333
5,4333
3,4334
4,4334
5,4334
3,4335
4,4335
5,4335
3,4336
4,4336
5,4336
3,4337
4,4337
5,4337
3,4338
4,4338
5,4338
1,4339
2,4339
3,4339
4,4339
5,4339
7,4339
3,4340
4,4340
5,4340
1,4341
2,4341
3,4341
4,4341
7,4341
3,4342
4,4342
5,4342
1,4343
3,4343
4,4343
5,4343
7,4343
3,4344
4,4344
5,4344
3,4345
4,4345
3,4346
4,4346
5,4346
1,4347
2,4347
3,4347
4,4347
7,4347
3,4348
4,4348
1,4349
3,4349
4,4349
5,4349
7,4349
3,4350
4,4350
5,4350
3,4351
4,4351
5,4351
3,4352
4,4352
3,4353
4,4353
5,4353
1,4354
2,4354
3,4354
4,4354
7,4354
3,4355
4,4355
3,4356
4,4356
1,4357
3,4357
4,4357
5,4357
3,4358
4,4358
4,4359
7,4359
3,4360
4,4360
3,4361
4,4361
5,4361
3,4362
4,4362
3,4363
4,4363
3,4364
4,4364
3,4365
4,4365
3,4366
4,4366
3,4367
4,4367
4,4368
5,4368
3,4369
4,4369
3,4370
4,4370
3,4371
4,4371
5,4371
1,4372
2,4372
3,4372
4,4372
7,4372
3,4373
4,4373
5,4373
3,4374
4,4374
5,4374
3,4375
4,4375
5,4375
3,4376
4,4376
3,4377
4,4377
1,4378
2,4378
3,4378
4,4378
5,4378
7,4378
3,4379
4,4379
5,4379
3,4380
4,4380
3,4381
4,4381
5,4381
3,4382
4,4382
5,4382
3,4383
4,4383
5,4383
3,4384
4,4384
5,4384
3,4385
4,4385
5,4385
1,4386
2,4386
3,4386
4,4386
5,4386
7,4386
3,4387
4,4387
5,4387
3,4388
4,4388
5,4388
3,4389
4,4389
3,4390
4,4390
3,4391
4,4391
5,4391
3,4392
4,4392
5,4392
3,4393
4,4393
5,4393
3,4394
4,4394
3,4395
4,4395
5,4395
4,4396
5,4396
3,4397
4,4397
1,4398
2,4398
3,4398
4,4398
7,4398
4,4399
5,4399
3,4400
4,4400
5,4400
3,4401
4,4401
5,4401
3,4402
4,4402
5,4402
3,4403
4,4403
5,4403
3,4404
4,4404
5,4404
1,4405
4,4405
3,4406
4,4406
3,4407
4,4407
3,4408
4,4408
3,4409
4,4409
7,4409
1,4410
2,4410
3,4410
4,4410
5,4410
7,4410
3,4411
4,4411
7,4411
3,4412
4,4412
5,4412
3,4413
4,4413
5,4413
7,4413
3,4414
4,4414
5,4414
3,4415
4,4415
3,4416
4,4416
5,4416
3,4417
4,4417
3,4418
4,4418
3,4419
4,4419
7,4419
3,4420
4,4420
7,4420
3,4421
4,4421
5,4421
4,4422
5,4422
3,4423
4,4423
5,4423
3,4424
4,4424
5,4424
3,4425
4,4425
5,4425
3,4426
4,4426
5,4426
3,4427
4,4427
5,4427
3,4428
4,4428
1,4429
3,4429
4,4429
5,4429
3,4430
4,4430
5,4430
3,4431
4,4431
5,4431
3,4432
4,4432
5,4432
3,4433
4,4433
5,4433
3,4434
4,4434
5,4434
1,4435
2,4435
3,4435
4,4435
5,4435
7,4435
3,4436
4,4436
3,4437
4,4437
5,4437
1,4438
3,4438
4,4438
5,4438
7,4438
3,4439
4,4439
5,4439
3,4440
4,4440
5,4440
3,4441
4,4441
5,4441
3,4442
4,4442
5,4442
3,4443
4,4443
1,4444
2,4444
3,4444
4,4444
7,4444
1,4445
3,4445
4,4445
5,4445
3,4446
4,4446
5,4446
3,4447
4,4447
3,4448
4,4448
5,4448
4,4449
5,4449
3,4450
4,4450
5,4450
3,4451
4,4451
5,4451
3,4452
4,4452
3,4453
4,4453
5,4453
3,4454
4,4454
7,4454
3,4455
4,4455
5,4455
1,4456
2,4456
3,4456
4,4456
5,4456
7,4456
3,4457
4,4457
5,4457
1,4458
2,4458
3,4458
4,4458
7,4458
3,4459
4,4459
5,4459
1,4460
3,4460
4,4460
5,4460
7,4460
3,4461
4,4461
4,4462
5,4462
1,4463
2,4463
3,4463
4,4463
7,4463
3,4464
4,4464
5,4464
3,4465
4,4465
5,4465
3,4466
4,4466
3,4467
4,4467
3,4468
4,4468
4,4469
5,4469
3,4470
4,4470
3,4471
4,4471
5,4471
3,4472
4,4472
3,4473
4,4473
3,4474
4,4474
3,4475
4,4475
5,4475
3,4476
4,4476
5,4476
3,4477
4,4477
3,4478
4,4478
5,4478
3,4479
4,4479
3,4480
4,4480
3,4481
4,4481
5,4481
3,4482
4,4482
5,4482
3,4483
4,4483
3,4484
4,4484
5,4484
3,4485
4,4485
3,4486
4,4486
5,4486
3,4487
4,4487
5,4487
1,4488
2,4488
3,4488
4,4488
5,4488
7,4488
3,4489
4,4489
5,4489
4,4490
5,4490
3,4491
4,4491
3,4492
4,4492
3,4493
4,4493
4,4494
5,4494
3,4495
4,4495
1,4496
2,4496
3,4496
4,4496
7,4496
3,4497
4,4497
3,4498
4,4498
3,4499
4,4499
5,4499
3,4500
4,4500
1,4501
2,4501
3,4501
4,4501
5,4501
7,4501
3,4502
4,4502
5,4502
3,4503
4,4503
5,4503
3,4504
4,4504
5,4504
3,4505
4,4505
3,4506
4,4506
3,4507
4,4507
5,4507
4,4508
5,4508
3,4509
4,4509
3,4510
4,4510
3,4511
4,4511
4,4512
5,4512
4,4513
5,4513
3,4514
4,4514
5,4514
3,4515
4,4515
5,4515
4,4516
7,4516
3,4517
4,4517
5,4517
3,4518
4,4518
3,4519
4,4519
5,4519
3,4520
4,4520
3,4521
4,4521
5,4521
7,4521
3,4522
4,4522
3,4523
4,4523
3,4524
4,4524
5,4524
3,4525
4,4525
3,4526
4,4526
3,4527
4,4527
3,4528
4,4528
3,4529
4,4529
1,4530
2,4530
3,4530
4,4530
5,4530
7,4530
2,4531
4,4531
5,4531
3,4532
4,4532
3,4533
4,4533
5,4533
3,4534
4,4534
4,4535
5,4535
3,4536
4,4536
5,4536
3,4537
4,4537
5,4537
3,4538
4,4538
7,4538
3,4539
4,4539
5,4539
3,4540
4,4540
3,4541
4,4541
3,4542
4,4542
1,4543
2,4543
3,4543
4,4543
7,4543
3,4544
4,4544
4,4545
5,4545
3,4546
4,4546
3,4547
4,4547
7,4547
3,4548
4,4548
3,4549
4,4549
3,4550
4,4550
5,4550
3,4551
4,4551
3,4552
4,4552
3,4553
4,4553
1,4554
3,4554
4,4554
5,4554
3,4555
4,4555
3,4556
4,4556
3,4557
4,4557
3,4558
4,4558
3,4559
4,4559
5,4559
3,4560
4,4560
3,4561
4,4561
5,4561
3,4562
4,4562
5,4562
3,4563
4,4563
5,4563
3,4564
4,4564
5,4564
3,4565
4,4565
3,4566
4,4566
5,4566
3,4567
4,4567
5,4567
3,4568
4,4568
5,4568
3,4569
4,4569
5,4569
3,4570
4,4570
5,4570
3,4571
4,4571
7,4571
3,4572
4,4572
5,4572
3,4573
4,4573
3,4574
4,4574
5,4574
3,4575
4,4575
5,4575
1,4576
2,4576
3,4576
4,4576
5,4576
7,4576
1,4577
2,4577
3,4577
4,4577
5,4577
7,4577
1,4578
2,4578
3,4578
4,4578
5,4578
7,4578
3,4579
4,4579
5,4579
3,4580
4,4580
5,4580
1,4581
3,4581
4,4581
1,4582
3,4582
4,4582
5,4582
3,4583
4,4583
5,4583
3,4584
4,4584
5,4584
3,4585
4,4585
5,4585
3,4586
4,4586
3,4587
4,4587
5,4587
3,4588
4,4588
5,4588
3,4589
4,4589
7,4589
3,4590
4,4590
3,4591
4,4591
5,4591
3,4592
4,4592
5,4592
3,4593
4,4593
5,4593
3,4594
4,4594
3,4595
4,4595
3,4596
4,4596
5,4596
3,4597
4,4597
5,4597
3,4598
4,4598
3,4599
4,4599
3,4600
4,4600
3,4601
4,4601
4,4602
5,4602
3,4603
4,4603
3,4604
4,4604
3,4605
4,4605
3,4606
4,4606
3,4607
4,4607
3,4608
4,4608
3,4609
4,4609
3,4610
4,4610
5,4610
4,4611
7,4611
3,4612
4,4612
3,4613
4,4613
5,4613
3,4614
4,4614
3,4615
4,4615
3,4616
4,4616
3,4617
4,4617
3,4618
4,4618
3,4619
4,4619
3,4620
4,4620
5,4620
3,4621
4,4621
1,4622
2,4622
3,4622
4,4622
3,4623
4,4623
3,4624
4,4624
3,4625
4,4625
3,4626
4,4626
5,4626
3,4627
4,4627
3,4628
4,4628
5,4628
4,4629
5,4629
3,4630
4,4630
3,4631
4,4631
5,4631
3,4632
4,4632
5,4632
1,4633
3,4633
4,4633
7,4633
3,4634
4,4634
3,4635
4,4635
3,4636
4,4636
5,4636
3,4637
4,4637
5,4637
1,4638
2,4638
3,4638
4,4638
7,4638
1,4639
3,4639
4,4639
5,4639
7,4639
3,4640
4,4640
5,4640
1,4641
3,4641
4,4641
5,4641
4,4642
5,4642
3,4643
4,4643
3,4644
4,4644
3,4645
4,4645
3,4646
4,4646
3,4647
4,4647
3,4648
4,4648
3,4649
4,4649
5,4649
3,4650
4,4650
5,4650
1,4651
3,4651
4,4651
4,4652
5,4652
3,4653
4,4653
4,4654
5,4654
3,4655
4,4655
5,4655
3,4656
4,4656
3,4657
4,4657
7,4657
3,4658
4,4658
3,4659
4,4659
5,4659
4,4660
5,4660
4,4661
5,4661
1,4662
3,4662
4,4662
5,4662
3,4663
4,4663
7,4663
4,4664
5,4664
4,4665
5,4665
4,4666
5,4666
3,4667
4,4667
2,4668
3,4668
4,4668
5,4668
7,4668
3,4669
4,4669
5,4669
3,4670
4,4670
5,4670
3,4671
4,4671
3,4672
4,4672
3,4673
4,4673
5,4673
4,4674
5,4674
3,4675
4,4675
5,4675
3,4676
4,4676
5,4676
4,4677
5,4677
3,4678
4,4678
7,4678
4,4679
5,4679
3,4680
4,4680
5,4680
3,4681
4,4681
3,4682
4,4682
3,4683
4,4683
5,4683
3,4684
4,4684
5,4684
3,4685
4,4685
5,4685
4,4686
5,4686
4,4687
5,4687
3,4688
4,4688
5,4688
3,4689
4,4689
5,4689
3,4690
4,4690
5,4690
3,4691
4,4691
5,4691
3,4692
4,4692
7,4692
3,4693
4,4693
5,4693
7,4693
3,4694
4,4694
5,4694
3,4695
4,4695
4,4696
5,4696
1,4697
2,4697
3,4697
4,4697
5,4697
7,4697
1,4698
2,4698
3,4698
4,4698
5,4698
7,4698
3,4699
4,4699
3,4700
4,4700
3,4701
4,4701
3,4702
4,4702
3,4703
4,4703
5,4703
3,4704
4,4704
1,4705
2,4705
3,4705
4,4705
7,4705
3,4706
4,4706
3,4707
4,4707
3,4708
4,4708
3,4709
4,4709
3,4710
4,4710
3,4711
4,4711
3,4712
4,4712
5,4712
7,4712
3,4713
4,4713
5,4713
3,4714
4,4714
5,4714
3,4715
4,4715
3,4716
4,4716
5,4716
3,4717
4,4717
5,4717
3,4718
4,4718
3,4719
4,4719
5,4719
3,4720
4,4720
3,4721
4,4721
5,4721
7,4721
3,4722
4,4722
5,4722
3,4723
4,4723
7,4723
3,4724
4,4724
3,4725
4,4725
5,4725
3,4726
4,4726
5,4726
3,4727
4,4727
3,4728
4,4728
3,4729
4,4729
5,4729
3,4730
4,4730
7,4730
4,4731
5,4731
4,4732
5,4732
3,4733
4,4733
5,4733
4,4734
5,4734
3,4735
4,4735
7,4735
3,4736
4,4736
5,4736
3,4737
4,4737
4,4738
5,4738
3,4739
4,4739
3,4740
4,4740
5,4740
3,4741
4,4741
4,4742
5,4742
3,4743
4,4743
5,4743
3,4744
4,4744
4,4745
5,4745
3,4746
4,4746
5,4746
3,4747
4,4747
5,4747
3,4748
4,4748
3,4749
4,4749
5,4749
3,4750
4,4750
3,4751
4,4751
5,4751
3,4752
4,4752
3,4753
4,4753
3,4754
4,4754
5,4754
3,4755
4,4755
3,4756
4,4756
3,4757
4,4757
5,4757
3,4758
4,4758
3,4759
4,4759
5,4759
3,4760
4,4760
5,4760
3,4761
4,4761
5,4761
3,4762
4,4762
5,4762
3,4763
4,4763
5,4763
3,4764
4,4764
5,4764
3,4765
4,4765
5,4765
3,4766
4,4766
5,4766
3,4767
4,4767
5,4767
3,4768
4,4768
5,4768
3,4769
4,4769
5,4769
3,4770
4,4770
5,4770
3,4771
4,4771
5,4771
3,4772
4,4772
5,4772
3,4773
4,4773
5,4773
3,4774
4,4774
5,4774
3,4775
4,4775
5,4775
3,4776
4,4776
5,4776
3,4777
4,4777
5,4777
3,4778
4,4778
5,4778
3,4779
4,4779
5,4779
3,4780
4,4780
5,4780
3,4781
4,4781
5,4781
3,4782
4,4782
5,4782
3,4783
4,4783
3,4784
4,4784
3,4785
4,4785
5,4785
7,4785
1,4786
2,4786
3,4786
4,4786
7,4786
1,4787
2,4787
3,4787
4,4787
5,4787
7,4787
3,4788
4,4788
5,4788
3,4789
4,4789
3,4790
4,4790
5,4790
3,4791
4,4791
5,4791
4,4792
5,4792
3,4793
4,4793
5,4793
3,4794
4,4794
3,4795
4,4795
5,4795
3,4796
4,4796
5,4796
3,4797
4,4797
7,4797
3,4798
4,4798
5,4798
3,4799
4,4799
3,4800
4,4800
5,4800
3,4801
4,4801
3,4802
4,4802
5,4802
3,4803
4,4803
5,4803
3,4804
4,4804
3,4805
4,4805
3,4806
4,4806
5,4806
3,4807
4,4807
3,4808
4,4808
5,4808
3,4809
4,4809
5,4809
3,4810
4,4810
5,4810
3,4811
4,4811
3,4812
4,4812
5,4812
4,4813
5,4813
3,4814
4,4814
5,4814
3,4815
4,4815
5,4815
7,4815
3,4816
4,4816
5,4816
3,4817
4,4817
5,4817
4,4818
5,4818
3,4819
4,4819
5,4819
3,4820
4,4820
5,4820
3,4821
4,4821
5,4821
3,4822
4,4822
5,4822
3,4823
4,4823
5,4823
1,4824
3,4824
4,4824
5,4824
7,4824
1,4825
3,4825
4,4825
7,4825
3,4826
4,4826
5,4826
3,4827
4,4827
5,4827
3,4828
4,4828
5,4828
3,4829
4,4829
5,4829
3,4830
4,4830
5,4830
3,4831
4,4831
5,4831
3,4832
4,4832
3,4833
4,4833
3,4834
4,4834
5,4834
3,4835
4,4835
5,4835
3,4836
4,4836
5,4836
3,4837
4,4837
5,4837
3,4838
4,4838
3,4839
4,4839
3,4840
4,4840
3,4841
4,4841
4,4842
5,4842
3,4843
4,4843
7,4843
3,4844
4,4844
5,4844
3,4845
4,4845
5,4845
3,4846
4,4846
5,4846
3,4847
4,4847
5,4847
3,4848
4,4848
5,4848
3,4849
4,4849
3,4850
4,4850
3,4851
4,4851
1,4852
2,4852
3,4852
4,4852
5,4852
7,4852
4,4853
5,4853
3,4854
4,4854
5,4854
1,4855
3,4855
4,4855
1,4856
3,4856
4,4856
3,4857
4,4857
5,4857
4,4858
5,4858
3,4859
4,4859
3,4860
4,4860
3,4861
4,4861
4,4862
5,4862
3,4863
4,4863
3,4864
4,4864
3,4865
4,4865
5,4865
3,4866
4,4866
5,4866
3,4867
4,4867
3,4868
4,4868
5,4868
3,4869
4,4869
5,4869
1,4870
3,4870
4,4870
5,4870
7,4870
3,4871
4,4871
5,4871
3,4872
4,4872
5,4872
1,4873
2,4873
3,4873
4,4873
7,4873
3,4874
4,4874
5,4874
3,4875
4,4875
5,4875
3,4876
4,4876
1,4877
2,4877
3,4877
4,4877
7,4877
3,4878
4,4878
1,4879
2,4879
3,4879
4,4879
5,4879
7,4879
3,4880
4,4880
5,4880
3,4881
4,4881
7,4881
3,4882
4,4882
3,4883
4,4883
4,4884
5,4884
3,4885
4,4885
5,4885
3,4886
4,4886
3,4887
4,4887
5,4887
1,4888
2,4888
3,4888
4,4888
7,4888
3,4889
4,4889
1,4890
2,4890
3,4890
4,4890
7,4890
3,4891
4,4891
5,4891
4,4892
5,4892
3,4893
4,4893
3,4894
4,4894
3,4895
4,4895
5,4895
3,4896
4,4896
5,4896
3,4897
4,4897
1,4898
3,4898
4,4898
7,4898
3,4899
4,4899
5,4899
4,4900
5,4900
3,4901
4,4901
5,4901
3,4902
4,4902
5,4902
3,4903
4,4903
5,4903
3,4904
4,4904
5,4904
7,4904
3,4905
4,4905
5,4905
3,4906
4,4906
5,4906
3,4907
4,4907
3,4908
4,4908
5,4908
1,4909
2,4909
3,4909
4,4909
7,4909
3,4910
4,4910
7,4910
3,4911
4,4911
1,4912
2,4912
3,4912
4,4912
7,4912
3,4913
4,4913
5,4913
1,4914
2,4914
3,4914
4,4914
5,4914
7,4914
3,4915
4,4915
5,4915
3,4916
4,4916
5,4916
3,4917
4,4917
5,4917
3,4918
4,4918
7,4918
3,4919
4,4919
5,4919
3,4920
4,4920
3,4921
4,4921
5,4921
3,4922
4,4922
5,4922
3,4923
4,4923
5,4923
3,4924
4,4924
3,4925
4,4925
5,4925
4,4926
5,4926
3,4927
4,4927
5,4927
1,4928
3,4928
4,4928
5,4928
1,4929
3,4929
4,4929
5,4929
7,4929
3,4930
4,4930
5,4930
3,4931
4,4931
3,4932
4,4932
5,4932
1,4933
3,4933
4,4933
1,4934
2,4934
3,4934
4,4934
7,4934
3,4935
4,4935
5,4935
1,4936
2,4936
3,4936
4,4936
5,4936
7,4936
3,4937
4,4937
5,4937
3,4938
4,4938
1,4939
2,4939
3,4939
4,4939
7,4939
3,4940
4,4940
3,4941
4,4941
3,4942
4,4942
5,4942
3,4943
4,4943
5,4943
3,4944
4,4944
5,4944
3,4945
4,4945
1,4946
2,4946
3,4946
4,4946
5,4946
7,4946
3,4947
4,4947
3,4948
4,4948
5,4948
3,4949
4,4949
5,4949
3,4950
4,4950
5,4950
3,4951
4,4951
7,4951
3,4952
4,4952
3,4953
4,4953
5,4953
3,4954
4,4954
5,4954
3,4955
4,4955
3,4956
4,4956
5,4956
3,4957
4,4957
5,4957
3,4958
4,4958
3,4959
4,4959
5,4959
3,4960
4,4960
3,4961
4,4961
3,4962
4,4962
5,4962
3,4963
4,4963
5,4963
3,4964
4,4964
7,4964
1,4965
2,4965
3,4965
4,4965
5,4965
7,4965
3,4966
4,4966
4,4967
5,4967
3,4968
4,4968
5,4968
3,4969
4,4969
5,4969
3,4970
4,4970
5,4970
1,4971
3,4971
4,4971
5,4971
3,4972
4,4972
3,4973
4,4973
5,4973
3,4974
4,4974
4,4975
5,4975
3,4976
4,4976
5,4976
3,4977
4,4977
3,4978
4,4978
5,4978
3,4979
4,4979
5,4979
3,4980
4,4980
1,4981
2,4981
3,4981
4,4981
7,4981
3,4982
4,4982
4,4983
5,4983
3,4984
4,4984
5,4984
3,4985
4,4985
5,4985
3,4986
4,4986
5,4986
3,4987
4,4987
4,4988
5,4988
3,4989
4,4989
5,4989
7,4989
3,4990
4,4990
3,4991
4,4991
7,4991
3,4992
4,4992
5,4992
3,4993
4,4993
5,4993
3,4994
4,4994
5,4994
3,4995
4,4995
5,4995
3,4996
4,4996
4,4997
5,4997
3,4998
4,4998
5,4998
3,4999
4,4999
5,4999
3,5000
4,5000
3,5001
4,5001
5,5001
4,5002
5,5002
1,5003
2,5003
3,5003
4,5003
5,5003
7,5003
3,5004
4,5004
5,5004
3,5005
4,5005
5,5005
3,5006
4,5006
5,5006
3,5007
4,5007
3,5008
4,5008
5,5008
3,5009
4,5009
5,5009
3,5010
4,5010
5,5010
3,5011
4,5011
5,5011
3,5012
4,5012
7,5012
1,5013
2,5013
3,5013
4,5013
7,5013
3,5014
4,5014
5,5014
4,5015
5,5015
3,5016
4,5016
3,5017
4,5017
3,5018
4,5018
5,5018
3,5019
4,5019
3,5020
4,5020
3,5021
4,5021
5,5021
4,5022
5,5022
3,5023
4,5023
7,5023
3,5024
4,5024
3,5025
4,5025
3,5026
4,5026
5,5026
4,5027
5,5027
3,5028
4,5028
7,5028
3,5029
4,5029
7,5029
4,5030
5,5030
7,5030
3,5031
4,5031
3,5032
4,5032
7,5032
2,5033
3,5033
4,5033
5,5033
7,5033
4,5034
7,5034
3,5035
4,5035
3,5036
4,5036
5,5036
3,5037
4,5037
5,5037
4,5038
5,5038
3,5039
4,5039
5,5039
3,5040
4,5040
5,5040
3,5041
4,5041
3,5042
4,5042
5,5042
3,5043
4,5043
1,5044
3,5044
4,5044
5,5044
3,5045
4,5045
5,5045
1,5046
3,5046
4,5046
5,5046
4,5047
5,5047
3,5048
4,5048
5,5048
4,5049
5,5049
4,5050
5,5050
3,5051
4,5051
5,5051
3,5052
4,5052
3,5053
4,5053
3,5054
4,5054
5,5054
3,5055
4,5055
5,5055
3,5056
4,5056
5,5056
3,5057
4,5057
5,5057
3,5058
4,5058
5,5058
3,5059
4,5059
5,5059
3,5060
4,5060
3,5061
4,5061
1,5062
3,5062
4,5062
3,5063
4,5063
5,5063
3,5064
4,5064
7,5064
3,5065
4,5065
5,5065
3,5066
4,5066
5,5066
3,5067
4,5067
5,5067
3,5068
4,5068
5,5068
1,5069
2,5069
3,5069
4,5069
5,5069
7,5069
3,5070
4,5070
5,5070
3,5071
4,5071
5,5071
3,5072
4,5072
5,5072
3,5073
4,5073
5,5073
1,5074
3,5074
4,5074
5,5074
3,5075
4,5075
5,5075
3,5076
4,5076
5,5076
1,5077
2,5077
3,5077
4,5077
7,5077
1,5078
2,5078
3,5078
4,5078
7,5078
3,5079
4,5079
5,5079
1,5080
2,5080
3,5080
4,5080
7,5080
3,5081
4,5081
3,5082
4,5082
3,5083
4,5083
5,5083
1,5084
2,5084
3,5084
4,5084
5,5084
7,5084
3,5085
4,5085
3,5086
4,5086
5,5086
3,5087
4,5087
5,5087
3,5088
4,5088
3,5089
4,5089
5,5089
4,5090
5,5090
4,5091
5,5091
1,5092
3,5092
4,5092
5,5092
3,5093
4,5093
7,5093
3,5094
4,5094
5,5094
3,5095
4,5095
1,5096
3,5096
4,5096
5,5096
3,5097
4,5097
5,5097
3,5098
4,5098
3,5099
4,5099
5,5099
3,5100
4,5100
5,5100
3,5101
4,5101
5,5101
3,5102
4,5102
5,5102
3,5103
4,5103
5,5103
4,5104
5,5104
3,5105
4,5105
5,5105
3,5106
4,5106
5,5106
3,5107
4,5107
5,5107
3,5108
4,5108
5,5108
3,5109
4,5109
5,5109
3,5110
4,5110
5,5110
3,5111
4,5111
5,5111
4,5112
5,5112
3,5113
4,5113
3,5114
4,5114
3,5115
4,5115
5,5115
3,5116
4,5116
5,5116
1,5117
2,5117
3,5117
4,5117
7,5117
1,5118
2,5118
3,5118
4,5118
7,5118
1,5119
2,5119
3,5119
4,5119
7,5119
3,5120
4,5120
5,5120
1,5121
2,5121
3,5121
4,5121
5,5121
7,5121
1,5122
3,5122
4,5122
5,5122
7,5122
1,5123
2,5123
3,5123
4,5123
7,5123
3,5124
4,5124
5,5124
3,5125
4,5125
3,5126
4,5126
3,5127
4,5127
3,5128
4,5128
5,5128
3,5129
4,5129
5,5129
1,5130
2,5130
3,5130
4,5130
7,5130
3,5131
4,5131
5,5131
3,5132
4,5132
5,5132
4,5133
7,5133
3,5134
4,5134
5,5134
1,5135
3,5135
4,5135
5,5135
3,5136
4,5136
3,5137
4,5137
5,5137
3,5138
4,5138
5,5138
1,5139
2,5139
3,5139
4,5139
7,5139
3,5140
4,5140
5,5140
3,5141
4,5141
5,5141
3,5142
4,5142
5,5142
1,5143
2,5143
3,5143
4,5143
7,5143
3,5144
4,5144
1,5145
3,5145
4,5145
7,5145
3,5146
4,5146
5,5146
3,5147
4,5147
5,5147
1,5148
2,5148
3,5148
4,5148
7,5148
3,5149
4,5149
2,5150
3,5150
4,5150
5,5150
7,5150
3,5151
4,5151
5,5151
3,5152
4,5152
5,5152
3,5153
4,5153
5,5153
3,5154
4,5154
5,5154
3,5155
4,5155
5,5155
3,5156
4,5156
3,5157
4,5157
3,5158
4,5158
3,5159
4,5159
5,5159
4,5160
5,5160
3,5161
4,5161
5,5161
3,5162
4,5162
3,5163
4,5163
5,5163
3,5164
4,5164
5,5164
3,5165
4,5165
5,5165
3,5166
4,5166
3,5167
4,5167
5,5167
4,5168
5,5168
3,5169
4,5169
3,5170
4,5170
5,5170
3,5171
4,5171
5,5171
3,5172
4,5172
5,5172
3,5173
4,5173
5,5173
3,5174
4,5174
5,5174
3,5175
4,5175
5,5175
3,5176
4,5176
4,5177
5,5177
3,5178
4,5178
5,5178
3,5179
4,5179
5,5179
3,5180
4,5180
3,5181
4,5181
5,5181
3,5182
4,5182
3,5183
4,5183
5,5183
3,5184
4,5184
5,5184
7,5184
3,5185
4,5185
7,5185
3,5186
4,5186
5,5186
3,5187
4,5187
5,5187
3,5188
4,5188
5,5188
2,5189
3,5189
4,5189
5,5189
7,5189
3,5190
4,5190
7,5190
3,5191
4,5191
5,5191
3,5192
4,5192
5,5192
3,5193
4,5193
5,5193
3,5194
4,5194
5,5194
3,5195
4,5195
5,5195
3,5196
4,5196
5,5196
7,5196
3,5197
4,5197
5,5197
7,5197
1,5198
3,5198
4,5198
7,5198
3,5199
4,5199
5,5199
4,5200
5,5200
3,5201
4,5201
5,5201
3,5202
4,5202
5,5202
3,5203
4,5203
5,5203
3,5204
4,5204
3,5205
4,5205
3,5206
4,5206
5,5206
1,5207
2,5207
3,5207
4,5207
5,5207
7,5207
4,5208
5,5208
3,5209
4,5209
5,5209
3,5210
4,5210
3,5211
4,5211
1,5212
3,5212
4,5212
7,5212
3,5213
4,5213
3,5214
4,5214
5,5214
3,5215
4,5215
5,5215
3,5216
4,5216
5,5216
3,5217
4,5217
5,5217
3,5218
4,5218
5,5218
3,5219
4,5219
1,5220
3,5220
4,5220
7,5220
3,5221
4,5221
5,5221
4,5222
5,5222
3,5223
4,5223
5,5223
3,5224
4,5224
5,5224
3,5225
4,5225
3,5226
4,5226
3,5227
4,5227
4,5228
5,5228
3,5229
4,5229
5,5229
1,5230
2,5230
3,5230
4,5230
7,5230
3,5231
4,5231
3,5232
4,5232
5,5232
3,5233
4,5233
5,5233
3,5234
4,5234
3,5235
4,5235
3,5236
4,5236
3,5237
4,5237
3,5238
4,5238
3,5239
4,5239
4,5240
5,5240
3,5241
4,5241
5,5241
4,5242
5,5242
3,5243
4,5243
3,5244
4,5244
5,5244
3,5245
4,5245
5,5245
3,5246
4,5246
3,5247
4,5247
3,5248
4,5248
3,5249
4,5249
7,5249
3,5250
4,5250
3,5251
4,5251
1,5252
3,5252
4,5252
3,5253
4,5253
5,5253
3,5254
4,5254
4,5255
5,5255
1,5256
2,5256
3,5256
4,5256
5,5256
7,5256
3,5257
4,5257
5,5257
3,5258
4,5258
5,5258
3,5259
4,5259
5,5259
4,5260
5,5260
3,5261
4,5261
5,5261
3,5262
4,5262
5,5262
3,5263
4,5263
7,5263
1,5264
3,5264
4,5264
7,5264
3,5265
4,5265
5,5265
3,5266
4,5266
7,5266
1,5267
3,5267
4,5267
7,5267
3,5268
4,5268
5,5268
3,5269
4,5269
7,5269
1,5270
2,5270
3,5270
4,5270
7,5270
3,5271
4,5271
5,5271
3,5272
4,5272
7,5272
3,5273
4,5273
3,5274
4,5274
3,5275
4,5275
5,5275
3,5276
4,5276
5,5276
3,5277
4,5277
3,5278
4,5278
5,5278
4,5279
5,5279
3,5280
4,5280
5,5280
3,5281
4,5281
5,5281
1,5282
3,5282
4,5282
7,5282
3,5283
4,5283
5,5283
3,5284
4,5284
1,5285
3,5285
4,5285
5,5285
3,5286
4,5286
3,5287
4,5287
4,5288
5,5288
3,5289
4,5289
5,5289
1,5290
3,5290
4,5290
5,5290
7,5290
1,5291
2,5291
3,5291
4,5291
7,5291
3,5292
4,5292
5,5292
3,5293
4,5293
5,5293
3,5294
4,5294
3,5295
4,5295
5,5295
1,5296
2,5296
3,5296
4,5296
5,5296
7,5296
3,5297
4,5297
4,5298
5,5298
3,5299
4,5299
3,5300
4,5300
5,5300
3,5301
4,5301
5,5301
3,5302
4,5302
5,5302
3,5303
4,5303
5,5303
3,5304
4,5304
5,5304
3,5305
4,5305
5,5305
4,5306
5,5306
3,5307
4,5307
5,5307
3,5308
4,5308
3,5309
4,5309
5,5309
3,5310
4,5310
5,5310
3,5311
4,5311
3,5312
4,5312
5,5312
3,5313
4,5313
1,5314
2,5314
3,5314
4,5314
7,5314
1,5315
2,5315
3,5315
4,5315
5,5315
7,5315
3,5316
4,5316
4,5317
5,5317
3,5318
4,5318
5,5318
3,5319
4,5319
7,5319
3,5320
4,5320
5,5320
3,5321
4,5321
5,5321
3,5322
4,5322
7,5322
3,5323
4,5323
3,5324
4,5324
5,5324
3,5325
4,5325
3,5326
4,5326
5,5326
7,5326
3,5327
4,5327
5,5327
3,5328
4,5328
5,5328
3,5329
4,5329
3,5330
4,5330
5,5330
3,5331
4,5331
5,5331
3,5332
4,5332
5,5332
3,5333
4,5333
5,5333
3,5334
4,5334
5,5334
3,5335
4,5335
5,5335
1,5336
2,5336
3,5336
4,5336
7,5336
3,5337
4,5337
5,5337
3,5338
4,5338
5,5338
1,5339
2,5339
3,5339
4,5339
7,5339
1,5340
3,5340
4,5340
7,5340
1,5341
2,5341
3,5341
4,5341
7,5341
3,5342
4,5342
5,5342
1,5343
2,5343
3,5343
4,5343
5,5343
7,5343
4,5344
5,5344
3,5345
4,5345
1,5346
2,5346
3,5346
4,5346
5,5346
7,5346
3,5347
4,5347
7,5347
1,5348
3,5348
4,5348
3,5349
4,5349
7,5349
3,5350
4,5350
7,5350
3,5351
4,5351
3,5352
4,5352
5,5352
7,5352
1,5353
3,5353
4,5353
3,5354
4,5354
3,5355
4,5355
3,5356
4,5356
5,5356
3,5357
4,5357
3,5358
4,5358
3,5359
4,5359
3,5360
4,5360
5,5360
3,5361
4,5361
3,5362
4,5362
3,5363
4,5363
1,5364
3,5364
4,5364
5,5364
1,5365
3,5365
4,5365
5,5365
1,5366
3,5366
4,5366
5,5366
3,5367
4,5367
5,5367
1,5368
3,5368
4,5368
7,5368
1,5369
2,5369
3,5369
4,5369
7,5369
3,5370
4,5370
5,5370
3,5371
4,5371
1,5372
3,5372
4,5372
5,5372
3,5373
4,5373
5,5373
3,5374
4,5374
1,5375
3,5375
4,5375
5,5375
7,5375
3,5376
4,5376
5,5376
3,5377
4,5377
3,5378
4,5378
3,5379
4,5379
3,5380
4,5380
3,5381
4,5381
3,5382
4,5382
3,5383
4,5383
3,5384
4,5384
3,5385
4,5385
3,5386
4,5386
3,5387
4,5387
3,5388
4,5388
3,5389
4,5389
3,5390
4,5390
3,5391
4,5391
3,5392
4,5392
3,5393
4,5393
3,5394
4,5394
3,5395
4,5395
3,5396
4,5396
3,5397
4,5397
3,5398
4,5398
3,5399
4,5399
3,5400
4,5400
3,5401
4,5401
5,5401
3,5402
4,5402
5,5402
3,5403
4,5403
3,5404
4,5404
5,5404
3,5405
4,5405
5,5405
3,5406
4,5406
5,5406
3,5407
4,5407
3,5408
4,5408
5,5408
3,5409
4,5409
5,5409
3,5410
4,5410
3,5411
4,5411
5,5411
3,5412
4,5412
5,5412
3,5413
4,5413
5,5413
3,5414
4,5414
5,5414
3,5415
4,5415
5,5415
3,5416
4,5416
3,5417
4,5417
5,5417
3,5418
4,5418
3,5419
4,5419
3,5420
4,5420
3,5421
4,5421
3,5422
4,5422
3,5423
4,5423
5,5423
3,5424
4,5424
5,5424
3,5425
4,5425
7,5425
3,5426
4,5426
5,5426
3,5427
4,5427
5,5427
3,5428
4,5428
1,5429
2,5429
3,5429
4,5429
5,5429
7,5429
3,5430
4,5430
5,5430
3,5431
4,5431
3,5432
4,5432
5,5432
3,5433
4,5433
3,5434
4,5434
5,5434
3,5435
4,5435
3,5436
4,5436
1,5437
3,5437
4,5437
7,5437
3,5438
4,5438
5,5438
3,5439
4,5439
5,5439
3,5440
4,5440
5,5440
3,5441
4,5441
5,5441
3,5442
4,5442
3,5443
4,5443
5,5443
3,5444
4,5444
4,5445
5,5445
3,5446
4,5446
5,5446
3,5447
4,5447
3,5448
4,5448
5,5448
3,5449
4,5449
5,5449
3,5450
4,5450
5,5450
3,5451
4,5451
3,5452
4,5452
3,5453
4,5453
3,5454
4,5454
3,5455
4,5455
5,5455
4,5456
5,5456
3,5457
4,5457
4,5458
5,5458
3,5459
4,5459
4,5460
5,5460
3,5461
4,5461
3,5462
4,5462
5,5462
3,5463
4,5463
5,5463
3,5464
4,5464
3,5465
4,5465
5,5465
3,5466
4,5466
5,5466
1,5467
3,5467
4,5467
1,5468
2,5468
3,5468
4,5468
5,5468
7,5468
3,5469
4,5469
3,5470
4,5470
5,5470
3,5471
4,5471
5,5471
3,5472
4,5472
5,5472
4,5473
5,5473
3,5474
4,5474
5,5474
3,5475
4,5475
5,5475
3,5476
4,5476
5,5476
3,5477
4,5477
5,5477
3,5478
4,5478
5,5478
