source_id,synonym_id
7,1
7,2
5,3
5,4
5,5
5,6
5,7
3,8
3,9
5,10
3,11
3,12
3,13
5,14
3,15
3,16
3,17
3,18
3,19
3,20
3,21
3,22
5,22
3,23
5,24
3,25
3,26
5,27
3,28
3,29
3,30
3,31
5,32
3,33
3,34
3,35
3,36
3,37
3,38
5,38
3,39
3,40
3,41
5,42
5,43
3,44
3,45
3,46
5,47
3,48
5,49
3,50
5,50
3,51
3,52
5,52
3,53
5,53
3,54
3,55
5,56
5,57
3,58
3,59
3,60
3,61
5,62
3,63
5,64
3,65
5,66
3,67
3,68
3,69
3,70
3,71
3,72
3,73
3,74
5,74
3,75
3,76
3,77
3,78
3,79
3,80
3,81
3,82
3,83
3,84
3,85
3,86
3,87
3,88
3,89
3,90
3,91
3,92
5,92
3,93
3,94
3,95
3,96
3,97
5,98
3,99
3,100
3,101
3,102
5,102
3,103
3,104
3,105
3,106
3,107
3,108
3,109
3,110
3,111
3,112
3,113
3,114
3,115
3,116
3,117
3,118
3,119
3,120
3,121
3,122
5,123
3,124
5,125
5,126
3,127
3,128
5,129
5,130
5,131
3,132
5,133
5,134
5,135
5,136
5,137
5,138
3,139
3,140
3,141
3,142
3,143
3,144
3,145
3,146
5,147
3,148
5,149
3,150
3,151
5,152
5,153
3,154
3,155
3,156
3,157
3,158
3,159
3,160
3,161
3,162
5,163
3,164
5,164
5,165
5,166
5,167
5,168
5,169
5,170
3,171
3,172
5,172
5,173
5,174
5,175
3,176
3,177
3,178
3,179
3,180
3,181
5,182
3,183
5,184
3,185
3,186
5,187
3,188
3,189
5,190
5,191
5,192
3,193
5,194
5,195
3,196
5,197
5,198
3,199
5,199
3,200
3,201
5,202
3,203
5,204
5,205
3,206
3,207
5,208
5,209
3,210
5,211
3,212
3,213
3,214
3,215
5,216
3,217
3,218
3,219
5,220
3,221
3,222
3,223
5,224
3,225
3,226
5,227
5,228
3,229
5,230
3,231
3,232
3,233
5,234
3,235
5,236
5,237
3,238
5,239
5,240
3,241
3,242
5,243
5,244
3,245
5,246
5,247
3,248
5,249
3,250
3,251
3,252
3,253
3,254
5,255
5,256
3,257
3,258
5,259
5,260
5,261
3,262
3,263
3,264
5,264
5,265
5,266
5,267
5,268
5,269
5,270
3,271
3,272
3,273
5,274
5,275
3,276
3,277
3,278
3,279
3,280
3,281
3,282
3,283
3,284
5,285
3,286
3,287
5,288
5,289
5,290
3,291
5,292
3,293
3,294
3,295
5,296
5,297
3,298
3,299
3,300
3,301
3,302
3,303
3,304
3,305
3,306
5,307
3,308
3,309
3,310
3,311
5,312
3,313
5,314
3,315
5,316
3,317
3,318
3,319
3,320
5,321
3,322
5,323
3,324
3,325
3,326
3,327
3,328
5,329
3,330
3,331
3,332
5,333
5,334
3,335
5,336
3,337
3,338
3,339
3,340
3,341
5,342
5,343
3,344
3,345
3,346
5,347
5,348
5,349
3,350
3,351
3,352
3,353
3,354
3,355
3,356
5,357
5,358
5,359
3,360
3,361
3,362
3,363
5,364
3,365
3,366
3,367
5,368
3,369
5,370
5,371
5,372
5,373
5,374
3,375
5,375
3,376
3,377
3,378
3,379
5,380
3,381
3,382
3,383
3,384
5,385
3,386
5,387
3,388
3,389
5,390
3,391
3,392
3,393
3,394
3,395
3,396
3,397
5,398
5,399
5,400
3,401
5,402
3,403
5,404
5,405
3,406
5,406
3,407
3,408
3,409
3,410
3,411
3,412
5,413
5,414
5,415
3,416
3,417
3,418
3,419
3,420
3,421
5,422
5,423
5,424
5,425
3,426
3,427
5,428
3,429
5,430
3,431
3,432
3,433
3,434
3,435
5,436
5,437
3,438
3,439
3,440
3,441
5,442
3,443
3,444
5,445
5,446
3,447
3,448
3,449
5,450
3,451
3,452
3,453
5,454
3,455
3,456
3,457
3,458
5,459
3,460
3,461
5,462
5,463
5,464
3,465
3,466
3,467
3,468
5,469
3,470
5,471
5,472
3,473
5,474
3,475
5,476
3,477
3,478
3,479
3,480
3,481
3,482
3,483
3,484
3,485
3,486
3,487
3,488
3,489
3,490
3,491
3,492
3,493
3,494
3,495
3,496
3,497
3,498
3,499
3,500
3,501
5,502
5,503
3,504
3,505
5,506
3,507
3,508
3,509
5,510
3,511
3,512
3,513
3,514
3,515
3,516
5,516
5,517
3,518
5,519
5,520
3,521
3,522
5,523
3,524
5,524
3,525
3,526
3,527
5,528
3,529
3,530
3,531
3,532
5,533
3,534
3,535
3,536
3,537
3,538
3,539
3,540
3,541
3,542
3,543
3,544
3,545
3,546
3,547
3,548
5,549
5,550
5,551
5,552
3,553
5,554
3,555
3,556
5,557
5,558
5,559
5,560
5,561
3,562
5,563
3,564
3,565
3,566
5,567
3,568
3,569
3,570
5,571
5,572
3,573
5,574
5,575
5,576
3,577
5,578
3,579
3,580
3,581
5,582
5,583
5,584
3,585
5,586
3,587
3,588
3,589
5,590
3,591
5,592
3,593
3,594
5,595
3,596
5,596
5,597
3,598
5,599
3,600
3,601
3,602
3,603
3,604
3,605
3,606
3,607
3,608
3,609
3,610
3,611
3,612
3,613
5,613
3,614
3,615
3,616
3,617
3,618
5,619
3,620
5,621
3,622
5,623
3,624
3,625
4,625
5,625
3,626
3,627
3,628
5,629
5,630
5,631
5,632
5,633
5,634
3,635
3,636
3,637
5,638
5,639
5,640
3,641
3,642
3,643
5,644
3,645
3,646
3,647
5,648
3,649
3,650
3,651
5,651
3,652
5,653
3,654
3,655
5,656
3,657
5,658
3,659
3,660
5,661
3,662
5,663
3,664
5,664
3,665
3,666
3,667
5,668
3,669
3,670
5,670
3,671
5,671
3,672
5,673
3,674
3,675
3,676
5,676
3,677
5,678
5,679
3,680
3,681
3,682
3,683
3,684
3,685
3,686
3,687
3,688
3,689
3,690
3,691
3,692
3,693
3,694
5,695
3,696
3,697
3,698
3,699
3,700
3,701
5,701
3,702
3,703
5,704
3,705
5,706
5,707
3,708
3,709
3,710
3,711
3,712
3,713
5,714
5,715
3,716
3,717
5,717
5,718
3,719
3,720
3,721
3,722
3,723
3,724
3,725
3,726
3,727
3,728
3,729
3,730
5,731
5,732
3,733
3,734
3,735
3,736
3,737
5,738
3,739
5,740
3,741
3,742
3,743
3,744
3,745
3,746
3,747
3,748
3,749
3,750
3,751
5,752
5,753
3,754
5,755
3,756
5,757
3,758
3,759
3,760
3,761
3,762
5,763
3,764
5,765
3,766
3,767
3,768
3,769
3,770
3,771
3,772
3,773
3,774
3,775
3,776
3,777
3,778
5,779
3,780
3,781
3,782
3,783
3,784
3,785
5,785
3,786
3,787
3,788
3,789
3,790
3,791
3,792
5,792
5,793
3,794
3,795
5,796
5,797
7,798
3,799
5,800
5,801
3,802
3,803
3,804
5,805
5,806
3,807
3,808
3,809
2,810
3,811
3,812
5,812
3,813
3,814
3,815
5,816
5,817
3,818
3,819
5,819
5,820
5,821
3,822
3,823
3,824
3,825
3,826
3,827
3,828
3,829
3,830
3,831
3,832
3,833
5,833
3,834
5,835
3,836
3,837
3,838
3,839
3,840
3,841
3,842
3,843
5,843
3,844
5,845
3,846
3,847
3,848
3,849
3,850
3,851
3,852
5,853
3,854
3,855
5,855
3,856
5,857
3,858
3,859
5,860
3,861
3,862
3,863
3,864
3,865
5,866
5,867
3,868
3,869
3,870
3,871
3,872
3,873
5,874
5,875
3,876
3,877
3,878
3,879
3,880
3,881
3,882
5,882
3,883
3,884
3,885
3,886
3,887
3,888
3,889
5,890
3,891
3,892
3,893
3,894
3,895
3,896
3,897
3,898
3,899
3,900
3,901
3,902
5,902
5,903
3,904
3,905
3,906
3,907
3,908
5,909
3,910
3,911
5,912
5,913
3,914
5,915
3,916
3,917
3,918
5,919
3,920
5,921
3,922
3,923
3,924
3,925
5,926
3,927
3,928
3,929
3,930
3,931
3,932
3,933
3,934
3,935
3,936
3,937
3,938
3,939
5,940
5,941
3,942
3,943
3,944
3,945
3,946
3,947
3,948
3,949
3,950
3,951
5,952
3,953
3,954
5,955
3,956
3,957
3,958
3,959
3,960
3,961
3,962
3,963
3,964
3,965
3,966
5,967
3,968
3,969
3,970
3,971
3,972
3,973
3,974
3,975
3,976
5,977
3,978
3,979
3,980
3,981
3,982
3,983
3,984
3,985
3,986
3,987
3,988
3,989
3,990
3,991
3,992
3,993
3,994
5,995
3,996
3,997
5,998
3,999
3,1000
3,1001
3,1002
5,1002
5,1003
3,1004
3,1005
3,1006
3,1007
5,1008
3,1009
3,1010
3,1011
3,1012
3,1013
5,1014
3,1015
3,1016
3,1017
3,1018
3,1019
3,1020
3,1021
3,1022
5,1023
3,1024
3,1025
3,1026
3,1027
3,1028
3,1029
3,1030
3,1031
3,1032
3,1033
3,1034
3,1035
3,1036
3,1037
3,1038
5,1039
5,1040
5,1041
3,1042
3,1043
3,1044
3,1045
3,1046
3,1047
5,1047
5,1048
3,1049
3,1050
3,1051
3,1052
3,1053
3,1054
3,1055
3,1056
3,1057
3,1058
5,1059
3,1060
3,1061
3,1062
3,1063
3,1064
3,1065
3,1066
3,1067
5,1068
5,1069
3,1070
3,1071
3,1072
3,1073
5,1073
3,1074
3,1075
3,1076
3,1077
3,1078
3,1079
3,1080
5,1080
3,1081
3,1082
3,1083
3,1084
3,1085
3,1086
3,1087
3,1088
3,1089
3,1090
3,1091
3,1092
3,1093
3,1094
5,1095
3,1096
5,1097
3,1098
3,1099
3,1100
3,1101
3,1102
3,1103
3,1104
3,1105
3,1106
3,1107
3,1108
3,1109
3,1110
3,1111
3,1112
5,1112
3,1113
3,1114
3,1115
3,1116
3,1117
3,1118
3,1119
3,1120
3,1121
3,1122
3,1123
3,1124
3,1125
5,1125
3,1126
5,1127
5,1128
3,1129
3,1130
3,1131
5,1132
3,1133
3,1134
5,1135
3,1136
5,1136
5,1137
3,1138
5,1139
3,1140
5,1140
3,1141
3,1142
3,1143
3,1144
3,1145
3,1146
3,1147
3,1148
3,1149
3,1150
3,1151
5,1151
3,1152
3,1153
3,1154
3,1155
3,1156
3,1157
3,1158
3,1159
3,1160
3,1161
3,1162
3,1163
3,1164
3,1165
3,1166
3,1167
3,1168
3,1169
3,1170
3,1171
3,1172
3,1173
3,1174
3,1175
3,1176
3,1177
3,1178
3,1179
3,1180
3,1181
3,1182
3,1183
3,1184
3,1185
3,1186
3,1187
3,1188
3,1189
3,1190
3,1191
3,1192
3,1193
3,1194
3,1195
3,1196
3,1197
3,1198
3,1199
3,1200
3,1201
3,1202
3,1203
3,1204
3,1205
3,1206
3,1207
3,1208
3,1209
3,1210
3,1211
3,1212
3,1213
3,1214
3,1215
3,1216
3,1217
3,1218
3,1219
3,1220
3,1221
3,1222
3,1223
3,1224
3,1225
3,1226
3,1227
3,1228
3,1229
3,1230
3,1231
3,1232
3,1233
3,1234
3,1235
3,1236
3,1237
3,1238
3,1239
3,1240
3,1241
3,1242
3,1243
3,1244
3,1245
3,1246
3,1247
3,1248
3,1249
3,1250
3,1251
3,1252
3,1253
3,1254
3,1255
3,1256
3,1257
3,1258
3,1259
3,1260
3,1261
3,1262
3,1263
3,1264
3,1265
3,1266
3,1267
3,1268
3,1269
3,1270
3,1271
3,1272
3,1273
3,1274
3,1275
3,1276
3,1277
3,1278
3,1279
3,1280
3,1281
3,1282
3,1283
3,1284
3,1285
3,1286
3,1287
3,1288
3,1289
3,1290
3,1291
3,1292
3,1293
3,1294
3,1295
3,1296
3,1297
5,1298
5,1299
3,1300
3,1301
5,1302
5,1303
5,1304
5,1305
3,1306
3,1307
5,1307
5,1308
3,1309
3,1310
5,1311
3,1312
7,1313
7,1314
3,1315
5,1316
5,1317
3,1318
3,1319
5,1320
3,1321
5,1322
3,1323
5,1324
3,1325
3,1326
5,1327
3,1328
3,1329
3,1330
3,1331
3,1332
3,1333
3,1334
5,1334
3,1335
3,1336
3,1337
3,1338
3,1339
3,1340
5,1340
3,1341
3,1342
5,1343
5,1344
3,1345
5,1345
5,1346
3,1347
3,1348
5,1349
5,1350
3,1351
3,1352
4,1352
3,1353
5,1354
5,1355
3,1356
3,1357
3,1358
3,1359
5,1360
5,1361
5,1362
3,1363
5,1364
3,1365
3,1366
3,1367
5,1368
5,1369
5,1370
5,1371
3,1372
5,1372
5,1373
3,1374
5,1375
3,1376
3,1377
5,1378
3,1379
3,1380
3,1381
3,1382
5,1383
5,1384
5,1385
5,1386
5,1387
5,1388
5,1389
5,1390
5,1391
5,1392
3,1393
5,1393
5,1394
3,1395
5,1396
3,1397
3,1398
3,1399
3,1400
3,1401
3,1402
3,1403
3,1404
3,1405
5,1406
5,1407
3,1408
3,1409
5,1409
3,1410
3,1411
3,1412
3,1413
5,1414
3,1415
3,1416
5,1417
3,1418
3,1419
5,1420
3,1421
3,1422
5,1423
3,1424
5,1424
5,1425
5,1426
5,1427
5,1428
3,1429
5,1430
5,1431
3,1432
3,1433
5,1434
5,1435
3,1436
5,1437
3,1438
3,1439
3,1440
3,1441
3,1442
5,1442
5,1443
5,1444
3,1445
3,1446
5,1447
3,1448
3,1449
5,1450
3,1451
3,1452
3,1453
3,1454
5,1455
3,1456
5,1457
5,1458
3,1459
3,1460
3,1461
5,1462
3,1463
3,1464
5,1465
3,1466
3,1467
3,1468
5,1469
5,1470
3,1471
3,1472
3,1473
5,1473
3,1474
3,1475
3,1476
3,1477
3,1478
5,1478
3,1479
3,1480
3,1481
3,1482
5,1483
3,1484
3,1485
5,1486
3,1487
3,1488
3,1489
3,1490
5,1491
5,1492
5,1493
5,1494
5,1495
5,1496
3,1497
3,1498
3,1499
5,1500
5,1501
5,1502
5,1503
5,1504
3,1505
3,1506
3,1507
3,1508
3,1509
5,1510
3,1511
3,1512
3,1513
5,1514
5,1515
3,1516
5,1517
5,1518
5,1519
3,1520
5,1521
3,1522
5,1523
3,1524
5,1525
5,1526
5,1527
5,1528
5,1529
5,1530
3,1531
3,1532
5,1532
3,1533
3,1534
5,1535
3,1536
3,1537
3,1538
3,1539
3,1540
3,1541
3,1542
3,1543
4,1543
5,1543
5,1544
3,1545
5,1546
5,1547
5,1548
5,1549
3,1550
3,1551
5,1551
3,1552
5,1553
3,1554
3,1555
3,1556
3,1557
3,1558
3,1559
3,1560
3,1561
3,1562
5,1563
3,1564
5,1565
5,1566
3,1567
5,1568
5,1569
3,1570
3,1571
3,1572
3,1573
3,1574
3,1575
3,1576
5,1577
3,1578
5,1578
3,1579
5,1579
3,1580
3,1581
3,1582
5,1582
5,1583
3,1584
5,1585
3,1586
3,1587
3,1588
5,1588
3,1589
3,1590
5,1591
3,1592
5,1593
3,1594
5,1595
5,1596
5,1597
3,1598
3,1599
3,1600
5,1600
5,1601
3,1602
5,1603
3,1604
5,1605
3,1606
3,1607
3,1608
5,1609
3,1610
3,1611
3,1612
3,1613
3,1614
5,1615
3,1616
3,1617
3,1618
5,1619
5,1620
5,1621
5,1622
3,1623
3,1624
3,1625
3,1626
5,1627
3,1628
3,1629
3,1630
3,1631
5,1632
3,1633
5,1634
5,1635
5,1636
3,1637
3,1638
5,1638
3,1639
5,1640
3,1641
3,1642
3,1643
3,1644
3,1645
5,1646
3,1647
3,1648
3,1649
3,1650
3,1651
3,1652
3,1653
3,1654
3,1655
3,1656
3,1657
5,1658
3,1659
5,1660
3,1661
5,1662
5,1663
3,1664
3,1665
3,1666
3,1667
3,1668
5,1668
5,1669
3,1670
3,1671
3,1672
5,1672
5,1673
5,1674
3,1675
5,1676
3,1677
5,1678
5,1679
3,1680
5,1681
3,1682
3,1683
3,1684
3,1685
3,1686
5,1687
3,1688
3,1689
5,1690
5,1691
3,1692
3,1693
5,1694
5,1695
5,1696
3,1697
3,1698
3,1699
5,1700
3,1701
5,1702
3,1703
5,1703
3,1704
5,1705
3,1706
3,1707
5,1707
3,1708
5,1709
3,1710
5,1711
3,1712
3,1713
3,1714
3,1715
5,1716
5,1717
5,1718
3,1719
3,1720
3,1721
3,1722
3,1723
3,1724
5,1725
3,1726
5,1726
5,1727
3,1728
5,1729
5,1730
3,1731
3,1732
3,1733
3,1734
5,1735
3,1736
3,1737
3,1738
5,1738
3,1739
5,1740
3,1741
5,1742
3,1743
5,1743
5,1744
3,1745
3,1746
3,1747
3,1748
3,1749
3,1750
5,1751
3,1752
3,1753
3,1754
3,1755
3,1756
3,1757
3,1758
3,1759
3,1760
3,1761
3,1762
3,1763
3,1764
5,1765
3,1766
3,1767
3,1768
3,1769
5,1770
3,1771
3,1772
3,1773
5,1774
3,1775
3,1776
3,1777
5,1778
5,1779
5,1780
3,1781
3,1782
3,1783
5,1784
5,1785
5,1786
3,1787
5,1788
3,1789
5,1790
3,1791
5,1792
5,1793
3,1794
3,1795
5,1795
3,1796
3,1797
3,1798
3,1799
3,1800
3,1801
3,1802
3,1803
3,1804
3,1805
3,1806
3,1807
3,1808
3,1809
5,1809
3,1810
3,1811
3,1812
5,1813
3,1814
5,1814
3,1815
3,1816
3,1817
3,1818
5,1819
5,1820
3,1821
3,1822
3,1823
3,1824
5,1825
3,1826
3,1827
3,1828
3,1829
3,1830
5,1831
3,1832
5,1833
5,1834
5,1835
3,1836
5,1836
5,1837
3,1838
7,1838
3,1839
5,1840
3,1841
3,1842
3,1843
3,1844
3,1845
3,1846
3,1847
3,1848
4,1848
3,1849
3,1850
3,1851
3,1852
3,1853
3,1854
3,1855
5,1855
5,1856
3,1857
3,1858
3,1859
3,1860
3,1861
5,1862
5,1863
3,1864
3,1865
3,1866
3,1867
5,1868
3,1869
3,1870
3,1871
3,1872
3,1873
3,1874
3,1875
3,1876
3,1877
5,1878
3,1879
5,1880
3,1881
3,1882
3,1883
3,1884
3,1885
3,1886
3,1887
3,1888
5,1889
3,1890
3,1891
3,1892
5,1892
3,1893
3,1894
3,1895
3,1896
3,1897
3,1898
3,1899
3,1900
3,1901
5,1902
3,1903
3,1904
5,1905
3,1906
3,1907
5,1908
3,1909
3,1910
3,1911
3,1912
3,1913
5,1914
3,1915
3,1916
3,1917
5,1918
5,1919
3,1920
3,1921
5,1922
5,1923
3,1924
5,1925
3,1926
5,1926
5,1927
3,1928
3,1929
3,1930
5,1930
3,1931
3,1932
3,1933
3,1934
3,1935
3,1936
3,1937
3,1938
5,1939
3,1940
5,1941
3,1942
3,1943
5,1944
3,1945
3,1946
3,1947
3,1948
5,1949
5,1950
3,1951
3,1952
5,1953
3,1954
5,1955
7,1955
3,1956
3,1957
3,1958
3,1959
3,1960
3,1961
3,1962
3,1963
3,1964
3,1965
3,1966
3,1967
5,1968
3,1969
3,1970
3,1971
3,1972
3,1973
3,1974
5,1975
3,1976
3,1977
3,1978
5,1979
3,1980
3,1981
5,1982
5,1983
3,1984
5,1985
5,1986
5,1987
3,1988
5,1988
5,1989
5,1990
3,1991
5,1992
5,1993
5,1994
3,1995
5,1996
3,1997
5,1998
5,1999
5,2000
5,2001
5,2002
5,2003
3,2004
3,2005
5,2006
5,2007
5,2008
5,2009
5,2010
5,2011
5,2012
5,2013
3,2014
5,2015
3,2016
3,2017
3,2018
3,2019
3,2020
3,2021
3,2022
3,2023
5,2023
3,2024
5,2025
3,2026
3,2027
3,2028
3,2029
5,2030
5,2031
5,2032
3,2033
5,2034
3,2035
3,2036
3,2037
3,2038
3,2039
5,2040
3,2041
3,2042
5,2043
3,2044
5,2045
3,2046
5,2047
3,2048
5,2049
3,2050
3,2051
5,2051
5,2052
3,2053
3,2054
3,2055
3,2056
3,2057
3,2058
5,2059
3,2060
5,2061
5,2062
3,2063
3,2064
3,2065
3,2066
3,2067
3,2068
5,2069
5,2070
5,2071
5,2072
5,2073
5,2074
5,2075
5,2076
3,2077
3,2078
3,2079
3,2080
5,2081
5,2082
3,2083
5,2083
3,2084
3,2085
3,2086
3,2087
3,2088
7,2088
3,2089
3,2090
3,2091
3,2092
3,2093
5,2093
3,2094
5,2095
3,2096
3,2097
3,2098
3,2099
5,2100
5,2101
5,2102
5,2103
3,2104
5,2105
3,2106
3,2107
3,2108
3,2109
7,2110
3,2111
3,2112
3,2113
3,2114
3,2115
3,2116
3,2117
7,2118
3,2119
3,2120
3,2121
3,2122
3,2123
3,2124
3,2125
3,2126
3,2127
3,2128
3,2129
3,2130
3,2131
3,2132
7,2133
3,2134
3,2135
1,2136
3,2136
7,2136
7,2137
1,2138
3,2138
7,2138
1,2139
5,2140
3,2141
3,2142
3,2143
5,2144
5,2145
5,2146
3,2147
3,2148
7,2149
7,2150
7,2151
7,2152
3,2153
5,2154
3,2155
5,2156
5,2157
5,2158
5,2159
3,2160
5,2161
3,2162
3,2163
5,2164
3,2165
5,2165
7,2166
3,2167
3,2168
3,2169
5,2170
3,2171
3,2172
3,2173
5,2174
3,2175
3,2176
3,2177
3,2178
1,2179
7,2180
7,2181
3,2182
3,2183
3,2184
3,2185
3,2186
3,2187
3,2188
3,2189
5,2190
3,2191
5,2191
3,2192
5,2193
3,2194
5,2195
5,2196
3,2197
3,2198
7,2199
3,2200
3,2201
5,2202
5,2203
3,2204
3,2205
3,2206
3,2207
3,2208
5,2209
3,2210
3,2211
5,2212
3,2213
3,2214
3,2215
5,2216
3,2217
3,2218
3,2219
3,2220
3,2221
3,2222
3,2223
3,2224
5,2225
3,2226
3,2227
5,2228
5,2229
3,2230
3,2231
3,2232
3,2233
3,2234
3,2235
3,2236
3,2237
3,2238
3,2239
3,2240
3,2241
3,2242
3,2243
5,2244
3,2245
5,2245
3,2246
3,2247
3,2248
3,2249
3,2250
3,2251
3,2252
3,2253
3,2254
5,2255
3,2256
3,2257
3,2258
3,2259
3,2260
3,2261
3,2262
5,2263
3,2264
5,2265
5,2266
3,2267
3,2268
3,2269
5,2269
3,2270
5,2271
5,2272
3,2273
3,2274
3,2275
3,2276
3,2277
3,2278
3,2279
3,2280
3,2281
3,2282
3,2283
3,2284
3,2285
3,2286
3,2287
3,2288
3,2289
3,2290
3,2291
3,2292
3,2293
3,2294
3,2295
3,2296
3,2297
3,2298
3,2299
3,2300
3,2301
3,2302
3,2303
3,2304
3,2305
3,2306
3,2307
5,2307
7,2308
3,2309
7,2310
7,2311
3,2312
5,2312
3,2313
3,2314
5,2314
5,2315
3,2316
3,2317
3,2318
3,2319
3,2320
3,2321
3,2322
3,2323
3,2324
3,2325
3,2326
3,2327
5,2328
5,2329
3,2330
5,2330
3,2331
5,2332
5,2333
5,2334
3,2335
3,2336
5,2336
5,2337
3,2338
3,2339
3,2340
3,2341
5,2342
5,2343
5,2344
5,2345
3,2346
5,2347
5,2348
5,2349
5,2350
5,2351
5,2352
5,2353
5,2354
5,2355
5,2356
5,2357
5,2358
5,2359
5,2360
5,2361
5,2362
5,2363
5,2364
5,2365
3,2366
5,2366
5,2367
5,2368
5,2369
5,2370
5,2371
5,2372
5,2373
3,2374
5,2375
5,2376
5,2377
5,2378
5,2379
5,2380
5,2381
5,2382
5,2383
5,2384
3,2385
3,2386
3,2387
5,2388
3,2389
5,2390
5,2391
5,2392
5,2393
3,2394
3,2395
3,2396
3,2397
3,2398
3,2399
3,2400
3,2401
3,2402
7,2403
3,2404
3,2405
3,2406
5,2407
3,2408
3,2409
3,2410
3,2411
5,2412
3,2413
3,2414
3,2415
3,2416
5,2417
5,2418
5,2419
3,2420
3,2421
3,2422
3,2423
3,2424
1,2425
7,2425
3,2426
3,2427
5,2428
5,2429
3,2430
5,2431
5,2432
5,2433
5,2434
3,2435
3,2436
5,2437
5,2438
5,2439
3,2440
5,2441
3,2442
3,2443
5,2444
3,2445
3,2446
3,2447
3,2448
4,2448
3,2449
3,2450
3,2451
3,2452
5,2453
5,2454
3,2455
3,2456
5,2456
3,2457
3,2458
3,2459
5,2460
3,2461
3,2462
5,2463
5,2464
5,2465
5,2466
5,2467
5,2468
5,2469
5,2470
3,2471
3,2472
3,2473
3,2474
3,2475
5,2476
3,2477
5,2478
3,2479
5,2480
3,2481
5,2482
5,2483
5,2484
3,2485
5,2486
5,2487
5,2488
3,2489
5,2490
3,2491
5,2492
5,2493
5,2494
3,2495
5,2496
3,2497
5,2498
5,2499
3,2500
3,2501
3,2502
5,2502
3,2503
3,2504
3,2505
5,2506
3,2507
3,2508
3,2509
3,2510
5,2511
3,2512
3,2513
3,2514
3,2515
3,2516
3,2517
3,2518
3,2519
5,2520
5,2521
5,2522
3,2523
5,2524
3,2525
3,2526
3,2527
3,2528
5,2528
3,2529
5,2530
3,2531
3,2532
3,2533
3,2534
3,2535
3,2536
3,2537
3,2538
3,2539
3,2540
3,2541
5,2542
5,2543
5,2544
5,2545
5,2546
5,2547
5,2548
3,2549
3,2550
3,2551
5,2551
3,2552
5,2552
3,2553
5,2553
3,2554
3,2555
3,2556
5,2557
3,2558
3,2559
3,2560
3,2561
3,2562
3,2563
5,2564
5,2565
3,2566
3,2567
5,2568
5,2569
5,2570
5,2571
3,2572
5,2573
5,2574
5,2575
5,2576
3,2577
3,2578
3,2579
3,2580
5,2581
3,2582
5,2583
5,2584
5,2585
5,2586
5,2587
5,2588
3,2589
5,2590
5,2591
5,2592
3,2593
3,2594
3,2595
3,2596
5,2597
3,2598
3,2599
5,2600
5,2601
5,2602
5,2603
5,2604
5,2605
5,2606
3,2607
5,2607
3,2608
5,2609
3,2610
3,2611
3,2612
3,2613
3,2614
3,2615
5,2616
3,2617
5,2618
5,2619
3,2620
3,2621
5,2622
3,2623
3,2624
5,2625
3,2626
3,2627
5,2627
5,2628
3,2629
3,2630
3,2631
5,2632
3,2633
5,2634
5,2635
5,2636
5,2637
3,2638
3,2639
5,2640
3,2641
3,2642
5,2643
3,2644
3,2645
3,2646
3,2647
3,2648
3,2649
3,2650
3,2651
3,2652
3,2653
5,2654
5,2655
3,2656
3,2657
5,2657
5,2658
3,2659
3,2660
5,2661
3,2662
3,2663
3,2664
3,2665
5,2666
5,2667
3,2668
3,2669
3,2670
5,2671
3,2672
3,2673
5,2674
3,2675
3,2676
3,2677
3,2678
3,2679
3,2680
3,2681
3,2682
3,2683
3,2684
3,2685
3,2686
5,2687
3,2688
5,2689
5,2690
3,2691
5,2692
5,2693
3,2694
3,2695
5,2696
3,2697
3,2698
5,2699
5,2700
3,2701
3,2702
3,2703
3,2704
5,2704
5,2705
5,2706
5,2707
3,2708
3,2709
3,2710
5,2711
3,2712
3,2713
3,2714
3,2715
5,2715
3,2716
5,2717
3,2718
3,2719
3,2720
3,2721
3,2722
3,2723
3,2724
5,2724
5,2725
3,2726
3,2727
5,2727
5,2728
3,2729
5,2730
3,2731
5,2732
3,2733
5,2733
3,2734
3,2735
3,2736
5,2737
3,2738
3,2739
5,2740
3,2741
3,2742
3,2743
3,2744
3,2745
3,2746
5,2747
3,2748
3,2749
3,2750
3,2751
3,2752
3,2753
3,2754
5,2755
3,2756
3,2757
3,2758
3,2759
3,2760
5,2761
3,2762
3,2763
3,2764
3,2765
3,2766
3,2767
3,2768
3,2769
3,2770
3,2771
3,2772
5,2773
3,2774
3,2775
3,2776
3,2777
3,2778
3,2779
3,2780
3,2781
5,2782
3,2783
3,2784
3,2785
3,2786
3,2787
3,2788
3,2789
3,2790
5,2791
3,2792
5,2793
3,2794
5,2795
3,2796
5,2797
3,2798
3,2799
3,2800
3,2801
5,2802
3,2803
3,2804
5,2805
3,2806
5,2807
3,2808
3,2809
3,2810
3,2811
3,2812
3,2813
3,2814
3,2815
3,2816
3,2817
3,2818
5,2818
5,2819
5,2820
1,2821
3,2821
3,2822
3,2823
3,2824
5,2824
5,2825
3,2826
3,2827
3,2828
3,2829
3,2830
5,2831
3,2832
5,2833
3,2834
5,2835
5,2836
3,2837
3,2838
5,2838
3,2839
3,2840
3,2841
5,2841
3,2842
3,2843
3,2844
3,2845
5,2846
3,2847
5,2847
3,2848
3,2849
3,2850
3,2851
3,2852
3,2853
3,2854
3,2855
3,2856
3,2857
3,2858
3,2859
3,2860
3,2861
3,2862
3,2863
3,2864
3,2865
3,2866
3,2867
5,2868
3,2869
5,2869
3,2870
3,2871
3,2872
5,2873
3,2874
3,2875
3,2876
5,2877
5,2878
5,2879
5,2880
3,2881
3,2882
3,2883
3,2884
3,2885
3,2886
3,2887
3,2888
3,2889
3,2890
3,2891
3,2892
3,2893
3,2894
3,2895
3,2896
3,2897
3,2898
3,2899
3,2900
1,2901
3,2901
3,2902
5,2902
5,2903
3,2904
5,2905
3,2906
3,2907
5,2908
5,2909
3,2910
5,2911
3,2912
3,2913
3,2914
5,2915
3,2916
3,2917
3,2918
3,2919
3,2920
3,2921
3,2922
3,2923
5,2924
3,2925
5,2926
3,2927
3,2928
3,2929
5,2930
1,2931
3,2931
7,2931
3,2932
3,2933
5,2934
3,2935
3,2936
5,2937
3,2938
3,2939
7,2940
3,2941
3,2942
5,2942
3,2943
5,2943
3,2944
5,2944
3,2945
3,2946
3,2947
5,2948
3,2949
3,2950
5,2951
3,2952
3,2953
3,2954
3,2955
5,2956
3,2957
5,2958
3,2959
3,2960
3,2961
3,2962
5,2963
5,2964
3,2965
5,2966
5,2967
3,2968
3,2969
3,2970
5,2970
3,2971
7,2972
3,2973
5,2974
7,2975
7,2976
5,2977
3,2978
5,2979
3,2980
5,2981
3,2982
5,2983
3,2984
5,2985
3,2986
5,2987
5,2988
5,2989
3,2990
3,2991
3,2992
5,2992
5,2993
3,2994
5,2994
3,2995
3,2996
3,2997
3,2998
3,2999
5,3000
3,3001
3,3002
5,3002
3,3003
3,3004
3,3005
3,3006
3,3007
3,3008
3,3009
3,3010
5,3011
3,3012
3,3013
5,3014
5,3015
3,3016
5,3017
5,3018
5,3019
5,3020
3,3021
3,3022
3,3023
3,3024
3,3025
3,3026
3,3027
3,3028
5,3028
3,3029
3,3030
3,3031
3,3032
5,3033
3,3034
5,3035
5,3036
3,3037
5,3038
3,3039
3,3040
3,3041
3,3042
3,3043
3,3044
3,3045
3,3046
3,3047
5,3048
5,3049
3,3050
3,3051
3,3052
3,3053
3,3054
3,3055
5,3056
5,3057
5,3058
3,3059
3,3060
3,3061
5,3062
3,3063
3,3064
3,3065
5,3065
3,3066
3,3067
3,3068
5,3068
5,3069
3,3070
3,3071
5,3072
3,3073
5,3074
3,3075
3,3076
3,3077
3,3078
3,3079
3,3080
3,3081
5,3082
3,3083
3,3084
3,3085
3,3086
3,3087
3,3088
3,3089
3,3090
3,3091
3,3092
3,3093
3,3094
5,3095
5,3096
5,3097
3,3098
3,3099
3,3100
5,3100
3,3101
3,3102
5,3103
3,3104
3,3105
3,3106
3,3107
5,3108
5,3109
5,3110
5,3111
3,3112
3,3113
5,3114
3,3115
3,3116
3,3117
3,3118
3,3119
5,3119
3,3120
5,3120
3,3121
5,3122
3,3123
3,3124
3,3125
3,3126
3,3127
3,3128
5,3128
3,3129
3,3130
5,3131
3,3132
5,3133
3,3134
3,3135
3,3136
3,3137
3,3138
3,3139
5,3139
3,3140
3,3141
3,3142
3,3143
3,3144
3,3145
5,3146
5,3147
3,3148
3,3149
5,3150
3,3151
3,3152
3,3153
5,3153
3,3154
5,3155
5,3156
5,3157
5,3158
3,3159
3,3160
5,3161
5,3162
3,3163
5,3164
3,3165
5,3166
5,3167
5,3168
3,3169
5,3170
5,3171
5,3172
3,3173
5,3174
5,3175
5,3176
5,3177
5,3178
3,3179
5,3180
3,3181
5,3182
5,3183
5,3184
5,3185
3,3186
3,3187
3,3188
5,3189
3,3190
3,3191
3,3192
5,3193
3,3194
3,3195
5,3196
5,3197
3,3198
5,3198
5,3199
3,3200
5,3201
3,3202
5,3203
3,3204
5,3205
5,3206
5,3207
3,3208
3,3209
3,3210
3,3211
3,3212
3,3213
3,3214
3,3215
3,3216
3,3217
3,3218
3,3219
3,3220
3,3221
3,3222
3,3223
3,3224
3,3225
3,3226
3,3227
3,3228
5,3229
3,3230
3,3231
3,3232
3,3233
5,3234
5,3235
3,3236
3,3237
3,3238
3,3239
3,3240
5,3241
3,3242
5,3243
5,3244
3,3245
3,3246
3,3247
5,3247
3,3248
7,3249
3,3250
3,3251
7,3252
3,3253
3,3254
3,3255
3,3256
4,3256
3,3257
7,3258
5,3259
5,3260
5,3261
3,3262
5,3262
5,3263
5,3264
3,3265
5,3265
7,3266
7,3267
3,3268
7,3269
7,3270
5,3271
5,3272
5,3273
5,3274
5,3275
1,3276
3,3277
3,3278
5,3279
5,3280
5,3281
5,3282
5,3283
5,3284
5,3285
5,3286
5,3287
5,3288
5,3289
5,3290
3,3291
5,3292
5,3293
5,3294
5,3295
5,3296
3,3297
5,3298
3,3299
5,3300
5,3301
5,3302
5,3303
5,3304
3,3305
3,3306
5,3307
3,3308
3,3309
3,3310
3,3311
5,3312
3,3313
3,3314
3,3315
5,3316
3,3317
3,3318
5,3318
3,3319
3,3320
3,3321
3,3322
3,3323
3,3324
3,3325
3,3326
3,3327
3,3328
3,3329
5,3330
5,3331
3,3332
3,3333
3,3334
3,3335
5,3335
3,3336
3,3337
3,3338
5,3339
3,3340
5,3341
3,3342
3,3343
3,3344
3,3345
3,3346
3,3347
3,3348
5,3349
3,3350
3,3351
3,3352
3,3353
5,3354
3,3355
5,3356
5,3357
5,3358
3,3359
3,3360
3,3361
3,3362
3,3363
3,3364
3,3365
5,3365
5,3366
5,3367
3,3368
3,3369
3,3370
3,3371
5,3371
5,3372
3,3373
5,3373
3,3374
3,3375
3,3376
3,3377
3,3378
5,3378
3,3379
3,3380
3,3381
3,3382
3,3383
3,3384
5,3385
3,3386
3,3387
3,3388
3,3389
3,3390
3,3391
3,3392
3,3393
5,3393
3,3394
3,3395
3,3396
3,3397
3,3398
3,3399
3,3400
3,3401
3,3402
3,3403
5,3404
3,3405
5,3406
5,3407
3,3408
3,3409
3,3410
3,3411
3,3412
3,3413
3,3414
5,3415
3,3416
3,3417
3,3418
3,3419
3,3420
3,3421
5,3422
5,3423
5,3424
3,3425
3,3426
3,3427
3,3428
3,3429
3,3430
5,3431
5,3432
3,3433
3,3434
3,3435
3,3436
3,3437
3,3438
3,3439
3,3440
5,3440
5,3441
3,3442
3,3443
3,3444
3,3445
3,3446
3,3447
3,3448
5,3448
3,3449
3,3450
3,3451
3,3452
3,3453
5,3454
3,3455
5,3456
5,3457
5,3458
3,3459
3,3460
3,3461
5,3462
3,3463
3,3464
3,3465
3,3466
3,3467
3,3468
5,3469
5,3470
5,3471
3,3472
3,3473
3,3474
3,3475
3,3476
5,3476
3,3477
3,3478
3,3479
5,3479
3,3480
3,3481
3,3482
3,3483
3,3484
3,3485
3,3486
3,3487
3,3488
3,3489
3,3490
3,3491
3,3492
3,3493
3,3494
3,3495
3,3496
3,3497
5,3498
3,3499
3,3500
3,3501
5,3502
3,3503
3,3504
3,3505
3,3506
3,3507
3,3508
3,3509
5,3509
3,3510
3,3511
3,3512
5,3513
5,3514
5,3515
5,3516
3,3517
3,3518
3,3519
5,3520
3,3521
3,3522
5,3523
3,3524
3,3525
5,3526
3,3527
5,3527
3,3528
3,3529
5,3529
3,3530
3,3531
3,3532
3,3533
5,3534
3,3535
3,3536
3,3537
3,3538
3,3539
3,3540
3,3541
3,3542
3,3543
3,3544
3,3545
5,3546
3,3547
3,3548
3,3549
3,3550
5,3551
5,3552
5,3553
3,3554
3,3555
5,3556
3,3557
3,3558
3,3559
3,3560
3,3561
1,3562
3,3563
3,3564
5,3565
3,3566
5,3567
5,3568
5,3569
5,3570
3,3571
3,3572
3,3573
3,3574
3,3575
3,3576
3,3577
3,3578
3,3579
3,3580
3,3581
3,3582
5,3583
3,3584
3,3585
3,3586
3,3587
3,3588
3,3589
3,3590
3,3591
3,3592
3,3593
5,3594
5,3595
3,3596
3,3597
3,3598
3,3599
3,3600
3,3601
3,3602
5,3603
3,3604
5,3605
5,3606
5,3607
7,3608
3,3609
5,3610
7,3611
3,3612
3,3613
3,3614
3,3615
3,3616
3,3617
5,3618
3,3619
3,3620
5,3620
3,3621
3,3622
3,3623
5,3624
3,3625
5,3626
3,3627
3,3628
3,3629
3,3630
5,3631
5,3632
3,3633
3,3634
3,3635
3,3636
3,3637
3,3638
5,3638
3,3639
5,3639
3,3640
3,3641
5,3641
3,3642
5,3642
3,3643
3,3644
3,3645
5,3646
3,3647
3,3648
3,3649
3,3650
3,3651
5,3651
3,3652
5,3652
3,3653
5,3653
3,3654
5,3654
3,3655
3,3656
5,3657
5,3658
5,3659
3,3660
5,3661
5,3662
3,3663
5,3664
3,3665
3,3666
3,3667
3,3668
3,3669
3,3670
5,3671
3,3672
3,3673
3,3674
3,3675
3,3676
3,3677
5,3678
3,3679
3,3680
5,3681
3,3682
3,3683
3,3684
3,3685
3,3686
3,3687
5,3688
3,3689
5,3690
3,3691
3,3692
3,3693
3,3694
3,3695
3,3696
3,3697
3,3698
3,3699
3,3700
5,3700
3,3701
3,3702
5,3703
3,3704
5,3705
3,3706
3,3707
3,3708
5,3709
3,3710
3,3711
5,3712
5,3713
3,3714
3,3715
5,3716
5,3717
5,3718
5,3719
3,3720
3,3721
3,3722
3,3723
3,3724
3,3725
3,3726
5,3727
7,3728
7,3729
3,3730
5,3730
7,3731
3,3732
5,3732
5,3733
5,3734
3,3735
3,3736
3,3737
3,3738
3,3739
5,3740
3,3741
5,3742
3,3743
3,3744
3,3745
3,3746
3,3747
3,3748
3,3749
3,3750
5,3751
5,3752
3,3753
3,3754
3,3755
3,3756
3,3757
5,3757
3,3758
3,3759
3,3760
5,3760
3,3761
3,3762
3,3763
3,3764
3,3765
3,3766
3,3767
5,3768
5,3769
3,3770
3,3771
3,3772
3,3773
7,3774
7,3775
3,3776
3,3777
3,3778
3,3779
3,3780
3,3781
3,3782
3,3783
3,3784
3,3785
5,3786
5,3787
5,3788
3,3789
5,3790
5,3791
3,3792
3,3793
5,3794
5,3795
3,3796
5,3797
5,3798
3,3799
3,3800
3,3801
3,3802
3,3803
3,3804
5,3805
5,3806
3,3807
3,3808
3,3809
3,3810
5,3810
3,3811
3,3812
3,3813
3,3814
3,3815
3,3816
3,3817
3,3818
5,3819
5,3820
3,3821
3,3822
5,3822
3,3823
3,3824
3,3825
3,3826
3,3827
3,3828
3,3829
3,3830
5,3830
3,3831
5,3832
5,3833
3,3834
3,3835
3,3836
5,3837
3,3838
3,3839
5,3840
5,3841
3,3842
3,3843
3,3844
5,3845
3,3846
5,3847
3,3848
3,3849
5,3849
5,3850
3,3851
3,3852
3,3853
3,3854
3,3855
5,3856
5,3857
5,3858
3,3859
5,3860
5,3861
3,3862
5,3863
3,3864
3,3865
5,3866
3,3867
3,3868
3,3869
3,3870
5,3871
5,3872
3,3873
3,3874
5,3875
3,3876
3,3877
3,3878
3,3879
3,3880
3,3881
5,3882
3,3883
5,3884
3,3885
5,3886
3,3887
3,3888
3,3889
5,3889
3,3890
3,3891
3,3892
3,3893
5,3894
3,3895
3,3896
3,3897
5,3898
5,3899
5,3900
3,3901
3,3902
3,3903
5,3903
3,3904
3,3905
3,3906
3,3907
3,3908
3,3909
3,3910
3,3911
3,3912
3,3913
3,3914
3,3915
5,3915
5,3916
5,3917
5,3918
3,3919
5,3919
3,3920
5,3921
5,3922
3,3923
3,3924
5,3924
5,3925
3,3926
5,3926
3,3927
3,3928
3,3929
3,3930
3,3931
3,3932
5,3933
3,3934
3,3935
3,3936
3,3937
3,3938
5,3939
5,3940
3,3941
5,3942
3,3943
3,3944
3,3945
3,3946
5,3946
3,3947
5,3947
3,3948
3,3949
3,3950
3,3951
3,3952
3,3953
3,3954
3,3955
3,3956
5,3957
3,3958
3,3959
3,3960
5,3961
3,3962
3,3963
3,3964
3,3965
3,3966
3,3967
5,3968
5,3969
5,3970
5,3971
3,3972
3,3973
3,3974
3,3975
3,3976
3,3977
3,3978
3,3979
3,3980
3,3981
3,3982
3,3983
3,3984
3,3985
3,3986
3,3987
3,3988
3,3989
3,3990
3,3991
3,3992
3,3993
3,3994
5,3994
5,3995
3,3996
3,3997
3,3998
3,3999
3,4000
3,4001
3,4002
3,4003
5,4003
3,4004
3,4005
5,4006
3,4007
3,4008
3,4009
5,4010
5,4011
3,4012
3,4013
3,4014
3,4015
5,4016
3,4017
3,4018
3,4019
3,4020
3,4021
3,4022
5,4023
3,4024
3,4025
3,4026
3,4027
5,4027
3,4028
3,4029
3,4030
7,4030
3,4031
1,4032
7,4033
3,4034
3,4035
5,4035
3,4036
3,4037
5,4037
3,4038
3,4039
3,4040
3,4041
3,4042
5,4042
3,4043
3,4044
5,4044
3,4045
5,4045
3,4046
3,4047
3,4048
3,4049
3,4050
3,4051
3,4052
3,4053
3,4054
3,4055
3,4056
5,4057
5,4058
5,4059
3,4060
3,4061
3,4062
5,4063
3,4064
3,4065
3,4066
5,4067
5,4068
3,4069
5,4069
5,4070
3,4071
3,4072
5,4073
3,4074
3,4075
3,4076
7,4076
3,4077
3,4078
3,4079
3,4080
3,4081
5,4081
3,4082
3,4083
3,4084
5,4085
3,4086
3,4087
7,4088
1,4089
3,4090
5,4091
3,4092
3,4093
1,4094
3,4095
5,4095
3,4096
3,4097
7,4098
5,4099
5,4100
5,4101
5,4102
3,4103
3,4104
3,4105
5,4105
3,4106
3,4107
3,4108
3,4109
3,4110
5,4111
3,4112
3,4113
3,4114
3,4115
3,4116
3,4117
3,4118
3,4119
3,4120
3,4121
3,4122
3,4123
3,4124
3,4125
3,4126
3,4127
5,4128
3,4129
3,4130
3,4131
3,4132
3,4133
5,4133
3,4134
4,4134
5,4134
5,4135
3,4136
3,4137
5,4137
3,4138
3,4139
5,4139
5,4140
3,4141
3,4142
3,4143
5,4144
3,4145
3,4146
3,4147
3,4148
3,4149
3,4150
3,4151
3,4152
3,4153
3,4154
3,4155
3,4156
5,4156
5,4157
5,4158
3,4159
3,4160
5,4161
3,4162
3,4163
5,4164
3,4165
5,4166
3,4167
5,4167
5,4168
3,4169
5,4169
3,4170
3,4171
5,4172
5,4173
5,4174
3,4175
3,4176
3,4177
3,4178
3,4179
3,4180
3,4181
5,4182
5,4183
3,4184
3,4185
5,4186
3,4187
3,4188
5,4189
3,4190
5,4191
3,4192
5,4193
3,4194
3,4195
4,4195
5,4195
5,4196
5,4197
5,4198
5,4199
3,4200
3,4201
3,4202
3,4203
3,4204
3,4205
3,4206
5,4206
3,4207
5,4208
3,4209
3,4210
5,4211
3,4212
5,4213
3,4214
3,4215
3,4216
5,4217
5,4218
5,4219
5,4220
5,4221
5,4222
5,4223
5,4224
5,4225
3,4226
3,4227
7,4228
3,4229
5,4230
3,4231
3,4232
3,4233
3,4234
3,4235
3,4236
5,4237
3,4238
7,4239
7,4240
3,4241
5,4242
3,4243
5,4244
5,4245
3,4246
5,4247
5,4248
5,4249
5,4250
5,4251
5,4252
5,4253
5,4254
5,4255
3,4256
5,4257
5,4258
5,4259
3,4260
3,4261
3,4262
1,4263
1,4264
3,4265
3,4266
3,4267
3,4268
3,4269
3,4270
3,4271
5,4272
5,4273
5,4274
5,4275
3,4276
3,4277
5,4278
3,4279
3,4280
5,4281
3,4282
3,4283
5,4284
3,4285
3,4286
3,4287
3,4288
5,4289
3,4290
3,4291
3,4292
5,4293
5,4294
3,4295
3,4296
5,4296
5,4297
5,4298
3,4299
5,4300
5,4301
5,4302
3,4303
5,4304
5,4305
3,4306
3,4307
3,4308
3,4309
3,4310
3,4311
3,4312
3,4313
5,4313
3,4314
3,4315
3,4316
3,4317
3,4318
3,4319
5,4320
3,4321
3,4322
3,4323
5,4324
3,4325
3,4326
5,4327
3,4328
5,4329
5,4330
5,4331
3,4332
5,4333
3,4334
3,4335
3,4336
3,4337
3,4338
3,4339
5,4339
3,4340
5,4341
5,4342
3,4343
3,4344
3,4345
3,4346
4,4346
3,4347
3,4348
5,4349
3,4350
3,4351
5,4352
3,4353
3,4354
3,4355
3,4356
3,4357
3,4358
3,4359
3,4360
3,4361
3,4362
3,4363
3,4364
5,4365
5,4366
3,4367
3,4368
3,4369
5,4370
5,4371
3,4372
5,4373
3,4374
3,4375
3,4376
3,4377
3,4378
3,4379
3,4380
3,4381
3,4382
3,4383
3,4384
3,4385
3,4386
3,4387
3,4388
3,4389
3,4390
3,4391
3,4392
3,4393
5,4394
3,4395
3,4396
5,4396
3,4397
3,4398
3,4399
3,4400
3,4401
3,4402
3,4403
3,4404
5,4405
3,4406
3,4407
3,4408
3,4409
3,4410
3,4411
3,4412
3,4413
5,4413
3,4414
3,4415
3,4416
5,4417
3,4418
5,4418
3,4419
3,4420
3,4421
3,4422
5,4422
3,4423
3,4424
1,4425
3,4425
1,4426
7,4426
1,4427
3,4427
7,4427
3,4428
5,4429
3,4430
3,4431
3,4432
3,4433
5,4434
3,4435
3,4436
3,4437
3,4438
5,4439
3,4440
3,4441
3,4442
3,4443
3,4444
3,4445
3,4446
5,4447
3,4448
3,4449
3,4450
3,4451
3,4452
3,4453
3,4454
5,4455
3,4456
3,4457
3,4458
3,4459
5,4459
3,4460
5,4461
3,4462
3,4463
5,4464
3,4465
5,4466
3,4467
3,4468
5,4469
3,4470
3,4471
3,4472
3,4473
3,4474
3,4475
5,4475
3,4476
3,4477
3,4478
3,4479
3,4480
5,4481
5,4482
5,4483
3,4484
5,4484
3,4485
3,4486
3,4487
3,4488
3,4489
3,4490
3,4491
3,4492
3,4493
5,4494
3,4495
5,4496
3,4497
3,4498
1,4499
3,4500
5,4500
3,4501
3,4502
3,4503
3,4504
5,4505
3,4506
3,4507
3,4508
3,4509
7,4509
3,4510
3,4511
3,4512
7,4512
3,4513
3,4514
7,4514
1,4515
1,4516
3,4517
7,4517
7,4518
3,4519
3,4520
3,4521
3,4522
1,4523
3,4523
5,4524
5,4525
5,4526
5,4527
5,4528
3,4529
5,4530
3,4531
3,4532
3,4533
3,4534
3,4535
5,4536
3,4537
5,4538
5,4539
3,4540
5,4541
3,4542
3,4543
5,4543
3,4544
3,4545
3,4546
5,4547
3,4548
3,4549
3,4550
3,4551
3,4552
3,4553
3,4554
5,4554
3,4555
5,4556
3,4557
3,4558
5,4559
3,4560
3,4561
3,4562
3,4563
5,4564
3,4565
3,4566
5,4567
5,4568
5,4569
3,4570
3,4571
5,4572
3,4573
3,4574
3,4575
3,4576
3,4577
3,4578
3,4579
3,4580
3,4581
3,4582
5,4583
3,4584
5,4584
3,4585
3,4586
5,4587
3,4588
3,4589
3,4590
5,4591
3,4592
3,4593
5,4594
3,4595
5,4596
5,4597
3,4598
3,4599
5,4600
5,4601
5,4602
3,4603
5,4604
3,4605
3,4606
3,4607
5,4608
5,4609
5,4610
5,4611
5,4612
5,4613
5,4614
5,4615
3,4616
3,4617
3,4618
3,4619
3,4620
1,4621
5,4622
7,4623
7,4624
5,4625
5,4626
7,4627
5,4628
7,4628
5,4629
3,4630
3,4631
5,4632
5,4633
5,4634
5,4635
5,4636
5,4637
5,4638
3,4639
5,4640
5,4641
5,4642
5,4643
5,4644
3,4645
3,4646
3,4647
3,4648
5,4648
5,4649
3,4650
3,4651
5,4651
5,4652
5,4653
5,4654
5,4655
5,4656
3,4657
3,4658
5,4659
3,4660
5,4661
5,4662
3,4663
5,4663
5,4664
3,4665
3,4666
3,4667
3,4668
3,4669
3,4670
3,4671
5,4672
3,4673
3,4674
5,4675
3,4676
3,4677
3,4678
5,4678
5,4679
3,4680
5,4681
3,4682
3,4683
3,4684
3,4685
5,4686
3,4687
5,4688
5,4689
5,4690
3,4691
3,4692
5,4693
5,4694
3,4695
5,4696
3,4697
5,4698
3,4699
5,4700
3,4701
3,4702
5,4703
5,4704
3,4705
3,4706
3,4707
5,4708
3,4709
3,4710
3,4711
1,4712
3,4712
5,4712
3,4713
3,4714
3,4715
3,4716
5,4717
5,4718
3,4719
3,4720
5,4721
5,4722
5,4723
3,4724
3,4725
3,4726
3,4727
3,4728
3,4729
5,4730
3,4731
3,4732
3,4733
5,4733
5,4734
3,4735
3,4736
3,4737
5,4738
5,4739
3,4740
3,4741
3,4742
3,4743
3,4744
3,4745
3,4746
5,4747
3,4748
3,4749
3,4750
3,4751
5,4751
3,4752
3,4753
3,4754
3,4755
3,4756
3,4757
3,4758
3,4759
7,4759
1,4760
3,4760
7,4760
7,4761
3,4762
3,4763
3,4764
3,4765
3,4766
3,4767
5,4768
3,4769
3,4770
3,4771
3,4772
3,4773
3,4774
5,4775
5,4776
5,4777
3,4778
3,4779
3,4780
3,4781
5,4782
1,4783
3,4783
3,4784
3,4785
3,4786
3,4787
3,4788
3,4789
3,4790
5,4791
5,4792
3,4793
3,4794
3,4795
3,4796
3,4797
3,4798
5,4799
5,4800
5,4801
5,4802
3,4803
3,4804
3,4805
1,4806
3,4806
3,4807
1,4808
3,4808
7,4808
3,4809
7,4809
7,4810
3,4811
7,4811
3,4812
5,4813
7,4814
3,4815
3,4816
3,4817
5,4818
5,4819
3,4820
5,4820
5,4821
5,4822
5,4823
3,4824
5,4824
3,4825
3,4826
3,4827
5,4828
3,4829
5,4830
5,4831
3,4832
3,4833
5,4834
5,4835
3,4836
7,4836
3,4837
7,4837
5,4838
5,4839
5,4840
5,4841
5,4842
3,4843
3,4844
5,4844
3,4845
3,4846
3,4847
3,4848
3,4849
3,4850
3,4851
3,4852
3,4853
3,4854
3,4855
3,4856
3,4857
3,4858
3,4859
5,4860
5,4861
3,4862
5,4863
5,4864
3,4865
3,4866
3,4867
3,4868
3,4869
3,4870
5,4870
5,4871
5,4872
3,4873
3,4874
3,4875
3,4876
5,4877
3,4878
3,4879
5,4880
3,4881
3,4882
5,4883
5,4884
5,4885
3,4886
3,4887
3,4888
3,4889
3,4890
3,4891
3,4892
5,4893
3,4894
5,4895
3,4896
3,4897
3,4898
5,4899
5,4900
5,4901
5,4902
3,4903
3,4904
3,4905
3,4906
5,4907
3,4908
5,4909
5,4910
3,4911
3,4912
3,4913
3,4914
5,4915
3,4916
3,4917
5,4918
3,4919
3,4920
3,4921
5,4921
5,4922
5,4923
3,4924
5,4925
5,4926
5,4927
5,4928
7,4929
3,4930
5,4931
3,4932
3,4933
3,4934
3,4935
3,4936
3,4937
3,4938
3,4939
5,4940
3,4941
3,4942
3,4943
3,4944
3,4945
7,4946
5,4947
3,4948
3,4949
3,4950
3,4951
3,4952
3,4953
3,4954
3,4955
5,4956
3,4957
3,4958
3,4959
3,4960
3,4961
3,4962
3,4963
3,4964
3,4965
5,4966
3,4967
5,4968
5,4969
3,4970
5,4971
3,4972
5,4973
3,4974
5,4975
3,4976
5,4977
3,4978
5,4978
3,4979
5,4980
3,4981
5,4982
3,4983
5,4984
7,4985
4,4986
5,4986
5,4987
3,4988
5,4989
3,4990
3,4991
3,4992
3,4993
3,4994
3,4995
3,4996
3,4997
3,4998
5,4998
5,4999
3,5000
5,5001
5,5002
5,5003
5,5004
5,5005
5,5006
5,5007
3,5008
5,5009
5,5010
5,5011
3,5012
5,5013
3,5014
3,5015
3,5016
3,5017
5,5018
3,5019
5,5020
3,5021
3,5022
5,5022
3,5023
5,5024
3,5025
3,5026
3,5027
3,5028
3,5029
3,5030
3,5031
3,5032
3,5033
3,5034
3,5035
5,5036
3,5037
3,5038
3,5039
5,5040
3,5041
3,5042
3,5043
3,5044
3,5045
5,5046
3,5047
3,5048
3,5049
3,5050
5,5050
3,5051
3,5052
3,5053
3,5054
3,5055
5,5056
3,5057
5,5058
3,5059
5,5060
5,5061
3,5062
3,5063
5,5063
3,5064
3,5065
3,5066
3,5067
3,5068
3,5069
5,5070
3,5071
7,5072
3,5073
3,5074
3,5075
5,5076
3,5077
3,5078
5,5079
3,5080
3,5081
3,5082
3,5083
3,5084
5,5085
5,5086
5,5087
5,5088
5,5089
5,5090
3,5091
3,5092
3,5093
3,5094
5,5095
3,5096
5,5097
3,5098
3,5099
3,5100
3,5101
3,5102
3,5103
3,5104
3,5105
3,5106
3,5107
3,5108
3,5109
3,5110
3,5111
3,5112
3,5113
3,5114
3,5115
3,5116
3,5117
3,5118
3,5119
3,5120
3,5121
5,5122
3,5123
3,5124
3,5125
3,5126
3,5127
3,5128
3,5129
5,5130
5,5131
1,5132
5,5133
5,5134
7,5135
5,5136
3,5137
7,5138
7,5139
7,5140
1,5141
7,5142
7,5143
7,5144
5,5145
5,5146
7,5147
1,5148
2,5149
7,5149
5,5150
5,5151
3,5152
7,5153
5,5154
3,5155
1,5156
7,5157
3,5158
1,5159
5,5160
5,5161
5,5162
1,5163
7,5164
5,5165
5,5166
3,5167
5,5168
7,5169
3,5170
5,5171
5,5172
5,5173
1,5174
3,5175
1,5176
5,5177
5,5178
3,5179
3,5180
1,5181
1,5182
5,5183
5,5184
5,5185
5,5186
5,5187
3,5188
7,5189
7,5190
5,5191
7,5192
7,5193
3,5194
5,5195
5,5196
5,5197
3,5198
3,5199
1,5200
2,5200
3,5200
4,5200
7,5200
7,5201
7,5202
4,5203
5,5203
3,5204
4,5204
1,5205
5,5205
7,5205
1,5206
1,5207
5,5207
7,5207
3,5208
1,5209
5,5209
1,5210
7,5210
1,5211
1,5212
3,5212
4,5212
5,5212
3,5213
1,5214
2,5214
4,5214
7,5214
5,5215
5,5216
7,5216
5,5217
7,5218
3,5219
3,5220
1,5221
5,5221
1,5222
5,5222
1,5223
5,5223
5,5224
5,5225
3,5226
4,5226
3,5227
1,5228
5,5229
5,5230
1,5231
5,5232
1,5233
1,5234
5,5235
1,5236
1,5237
5,5238
3,5239
3,5240
1,5241
2,5241
3,5241
4,5241
5,5241
7,5241
4,5242
5,5242
3,5243
3,5244
3,5245
3,5246
3,5247
3,5248
3,5249
3,5250
3,5251
3,5252
3,5253
3,5254
5,5255
5,5256
4,5257
5,5257
7,5258
1,5259
2,5259
3,5259
4,5259
7,5259
2,5260
7,5261
1,5262
7,5262
5,5263
5,5264
1,5265
5,5265
5,5266
5,5267
5,5268
5,5269
1,5270
5,5270
5,5271
1,5272
3,5272
7,5273
1,5274
1,5275
5,5275
5,5276
1,5277
5,5278
5,5279
1,5280
5,5280
5,5281
3,5282
4,5282
3,5283
3,5284
3,5285
4,5285
3,5286
3,5287
3,5288
3,5289
3,5290
3,5291
3,5292
3,5293
3,5294
3,5295
3,5296
3,5297
3,5298
3,5299
3,5300
3,5301
3,5302
3,5303
3,5304
3,5305
3,5306
3,5307
3,5308
3,5309
3,5310
5,5311
5,5312
5,5313
3,5314
4,5315
5,5315
3,5316
3,5317
3,5318
3,5319
3,5320
4,5321
5,5321
1,5322
2,5322
4,5322
7,5322
1,5323
1,5324
1,5325
5,5325
1,5326
1,5327
1,5328
3,5329
4,5330
5,5330
3,5331
3,5332
4,5333
5,5333
3,5334
3,5335
3,5336
3,5337
4,5338
5,5338
3,5339
3,5340
3,5341
3,5342
4,5342
5,5342
3,5343
3,5344
3,5345
3,5346
3,5347
3,5348
4,5349
5,5349
4,5350
7,5350
3,5351
3,5352
4,5353
5,5353
3,5354
3,5355
3,5356
3,5357
3,5358
4,5358
3,5359
4,5359
3,5360
4,5360
5,5361
4,5362
5,5362
3,5363
7,5364
5,5365
5,5366
5,5367
3,5368
5,5369
5,5370
5,5371
5,5372
5,5373
5,5374
5,5375
3,5376
3,5377
3,5378
3,5379
3,5380
3,5381
3,5382
5,5383
3,5384
3,5385
3,5386
4,5387
5,5387
3,5388
3,5389
3,5390
3,5391
3,5392
3,5393
3,5394
4,5394
5,5395
3,5396
5,5397
3,5398
5,5399
5,5400
3,5401
5,5401
3,5402
5,5403
3,5404
3,5405
5,5406
5,5407
5,5408
5,5409
3,5410
3,5411
3,5412
5,5413
3,5414
5,5414
3,5415
5,5416
3,5417
5,5418
5,5419
3,5420
3,5421
3,5422
3,5423
3,5424
3,5425
3,5426
3,5427
3,5428
3,5429
3,5430
5,5430
3,5431
4,5432
5,5432
3,5433
4,5434
5,5434
3,5435
3,5436
3,5437
3,5438
5,5438
3,5439
3,5440
3,5441
4,5442
5,5442
5,5443
3,5444
3,5445
3,5446
3,5447
4,5447
3,5448
5,5449
3,5450
4,5450
5,5450
5,5451
3,5452
3,5453
5,5454
3,5455
3,5456
5,5456
3,5457
5,5458
3,5459
4,5460
5,5460
5,5461
3,5462
4,5462
5,5462
3,5463
4,5463
3,5464
4,5464
3,5465
3,5466
3,5467
3,5468
3,5469
3,5470
3,5471
5,5472
5,5473
3,5474
5,5475
3,5476
3,5477
3,5478
3,5479
3,5480
3,5481
1,5482
5,5482
1,5483
5,5483
1,5484
1,5485
4,5485
5,5485
3,5486
1,5487
1,5488
1,5489
5,5490
3,5491
7,5492
3,5493
5,5494
5,5495
3,5496
5,5496
3,5497
5,5497
3,5498
5,5499
3,5500
4,5500
5,5501
1,5502
3,5502
3,5503
1,5504
3,5505
3,5506
3,5507
3,5508
3,5509
3,5510
3,5511
7,5512
3,5513
3,5514
3,5515
3,5516
3,5517
1,5518
3,5518
3,5519
3,5520
3,5521
3,5522
3,5523
3,5524
3,5525
3,5526
3,5527
3,5528
3,5529
3,5530
3,5531
3,5532
3,5533
3,5534
3,5535
3,5536
3,5537
3,5538
3,5539
3,5540
3,5541
3,5542
3,5543
3,5544
3,5545
3,5546
5,5547
3,5548
3,5549
3,5550
3,5551
3,5552
3,5553
3,5554
3,5555
3,5556
3,5557
3,5558
3,5559
3,5560
3,5561
3,5562
3,5563
3,5564
3,5565
3,5566
3,5567
3,5568
3,5569
3,5570
3,5571
3,5572
3,5573
3,5574
3,5575
3,5576
3,5577
3,5578
1,5579
3,5580
1,5581
3,5581
3,5582
3,5583
3,5584
3,5585
3,5586
3,5587
3,5588
3,5589
3,5590
3,5591
3,5592
3,5593
3,5594
3,5595
3,5596
3,5597
3,5598
3,5599
3,5600
3,5601
3,5602
3,5603
3,5604
3,5605
3,5606
3,5607
1,5608
3,5609
3,5610
5,5611
5,5612
3,5613
1,5614
3,5615
1,5616
1,5617
1,5618
3,5618
3,5619
3,5620
3,5621
3,5622
1,5623
3,5623
3,5624
3,5625
3,5626
3,5627
3,5628
3,5629
3,5630
3,5631
3,5632
3,5633
3,5634
3,5635
3,5636
3,5637
3,5638
3,5639
3,5640
3,5641
3,5642
3,5643
3,5644
3,5645
3,5646
3,5647
3,5648
3,5649
3,5650
3,5651
3,5652
3,5653
3,5654
3,5655
3,5656
3,5657
3,5658
3,5659
3,5660
3,5661
3,5662
3,5663
3,5664
3,5665
3,5666
1,5667
4,5667
3,5668
3,5669
3,5670
1,5671
1,5672
3,5672
1,5673
1,5674
1,5675
3,5676
3,5677
4,5678
5,5678
5,5679
3,5680
5,5681
7,5682
3,5683
3,5684
3,5685
3,5686
5,5687
4,5688
5,5688
1,5689
1,5690
5,5690
1,5691
3,5692
3,5693
7,5694
5,5695
1,5696
3,5696
3,5697
7,5698
7,5699
7,5700
3,5701
3,5702
3,5703
5,5703
3,5704
4,5704
3,5705
5,5706
5,5707
5,5708
3,5709
3,5710
3,5711
3,5712
4,5712
5,5712
1,5713
3,5713
4,5713
5,5713
3,5714
4,5715
7,5715
4,5716
5,5716
5,5717
4,5718
7,5718
7,5719
1,5720
2,5720
3,5720
4,5720
7,5720
7,5721
7,5722
7,5723
7,5724
3,5725
7,5725
1,5726
3,5726
7,5726
3,5727
7,5727
3,5728
7,5728
3,5729
3,5730
7,5731
3,5732
4,5733
5,5733
7,5733
3,5734
7,5734
3,5735
3,5736
3,5737
3,5738
1,5739
4,5739
7,5739
4,5740
5,5740
7,5740
7,5741
1,5742
3,5742
1,5743
3,5743
7,5743
4,5744
5,5744
7,5744
1,5745
1,5746
4,5746
3,5747
3,5748
3,5749
3,5750
3,5751
3,5752
1,5753
1,5754
7,5754
1,5755
5,5756
3,5757
1,5758
3,5758
4,5758
5,5758
5,5759
3,5760
5,5761
3,5762
4,5762
3,5763
4,5763
3,5764
4,5764
3,5765
4,5765
3,5766
4,5766
3,5767
4,5767
5,5768
3,5769
4,5769
7,5770
3,5771
3,5772
3,5773
7,5774
5,5775
5,5776
5,5777
1,5778
2,5778
3,5778
4,5778
5,5778
7,5778
3,5779
1,5780
1,5781
5,5781
1,5782
5,5783
4,5784
5,5784
5,5785
3,5786
3,5787
3,5788
3,5789
4,5789
3,5790
3,5791
3,5792
4,5792
3,5793
3,5794
7,5795
5,5796
3,5797
5,5798
3,5799
3,5800
3,5801
3,5802
3,5803
3,5804
3,5805
5,5806
3,5807
3,5808
3,5809
3,5810
3,5811
5,5812
5,5813
5,5814
5,5815
5,5816
3,5817
4,5817
3,5818
4,5818
5,5818
4,5819
5,5819
5,5820
3,5821
3,5822
3,5823
3,5824
3,5825
3,5826
3,5827
3,5828
3,5829
3,5830
5,5831
3,5832
3,5833
3,5834
5,5835
7,5836
5,5837
3,5838
3,5839
3,5840
4,5840
3,5841
4,5842
5,5842
3,5843
3,5844
3,5845
3,5846
5,5847
5,5848
5,5849
3,5850
3,5851
1,5852
2,5852
3,5852
4,5852
7,5852
3,5853
3,5854
3,5855
1,5856
3,5856
1,5857
1,5858
7,5858
1,5859
3,5860
3,5861
3,5862
4,5863
5,5863
7,5864
3,5865
3,5866
7,5866
3,5867
3,5868
7,5869
3,5870
3,5871
5,5872
1,5873
2,5873
4,5873
5,5873
7,5873
3,5874
7,5875
1,5876
2,5876
3,5876
4,5876
7,5876
3,5877
7,5878
1,5879
2,5879
3,5879
4,5879
5,5879
7,5879
3,5880
4,5880
3,5881
1,5882
3,5882
4,5882
5,5882
7,5882
4,5883
5,5883
3,5884
4,5884
3,5885
1,5886
4,5886
3,5887
3,5888
3,5889
3,5890
3,5891
3,5892
3,5893
3,5894
3,5895
3,5896
3,5897
3,5898
3,5899
5,5900
3,5901
3,5902
4,5902
5,5903
5,5904
5,5905
5,5906
3,5907
5,5908
7,5909
7,5910
3,5911
7,5912
5,5913
3,5914
3,5915
3,5916
3,5917
3,5918
3,5919
3,5920
3,5921
5,5922
3,5923
3,5924
3,5925
5,5926
5,5927
1,5928
1,5929
5,5929
5,5930
1,5931
5,5931
4,5932
5,5932
1,5933
1,5934
4,5934
5,5934
3,5935
1,5936
2,5936
3,5936
4,5936
5,5936
7,5936
3,5937
1,5938
5,5939
3,5940
3,5941
3,5942
3,5943
3,5944
3,5945
7,5946
3,5947
5,5948
1,5949
3,5949
5,5950
1,5951
7,5951
1,5952
5,5953
1,5954
1,5955
1,5956
1,5957
5,5957
1,5958
5,5958
1,5959
5,5959
7,5959
1,5960
5,5961
1,5962
5,5962
1,5963
1,5964
5,5964
5,5965
1,5966
5,5966
1,5967
5,5967
5,5968
1,5969
5,5969
7,5969
1,5970
5,5971
1,5972
1,5973
1,5974
1,5975
5,5975
1,5976
5,5976
3,5977
3,5978
3,5979
3,5980
3,5981
7,5982
5,5983
5,5984
5,5985
5,5986
5,5987
5,5988
5,5989
5,5990
1,5991
4,5991
5,5991
3,5992
3,5993
3,5994
7,5995
5,5996
5,5997
7,5998
3,5999
5,6000
3,6001
3,6002
3,6003
3,6004
3,6005
4,6005
3,6006
3,6007
3,6008
3,6009
3,6010
3,6011
3,6012
3,6013
3,6014
3,6015
4,6015
3,6016
3,6017
1,6018
2,6018
3,6018
4,6018
7,6018
5,6019
5,6020
3,6021
5,6022
3,6023
5,6023
7,6024
5,6025
5,6026
5,6027
5,6028
5,6029
5,6030
5,6031
3,6032
3,6033
3,6034
3,6035
7,6036
5,6037
3,6038
1,6039
5,6039
1,6040
5,6040
7,6041
7,6042
7,6043
1,6044
5,6044
5,6045
5,6046
5,6047
3,6048
3,6049
4,6049
5,6049
1,6050
2,6050
4,6050
5,6050
7,6050
4,6051
5,6051
1,6052
5,6052
1,6053
5,6053
1,6054
7,6055
5,6056
3,6057
5,6058
4,6059
5,6059
1,6060
2,6060
4,6060
5,6060
3,6061
5,6062
5,6063
3,6064
5,6064
4,6065
7,6065
5,6066
7,6067
5,6068
5,6069
3,6070
7,6071
4,6072
5,6072
3,6073
3,6074
3,6075
4,6075
5,6075
3,6076
5,6076
5,6077
3,6078
7,6079
4,6080
5,6080
4,6081
5,6081
3,6082
3,6083
3,6084
3,6085
4,6086
5,6086
7,6087
7,6088
3,6089
4,6090
5,6090
3,6091
3,6092
3,6093
4,6093
3,6094
3,6095
4,6095
5,6095
3,6096
4,6096
5,6096
3,6097
3,6098
3,6099
3,6100
3,6101
3,6102
5,6102
5,6103
3,6104
3,6105
3,6106
3,6107
3,6108
4,6108
1,6109
5,6109
5,6110
5,6111
3,6112
5,6112
4,6113
5,6113
7,6113
3,6114
4,6114
5,6114
3,6115
3,6116
4,6117
5,6117
5,6118
3,6119
4,6120
5,6120
3,6121
3,6122
3,6123
3,6124
3,6125
3,6126
3,6127
3,6128
3,6129
3,6130
3,6131
3,6132
5,6133
3,6134
3,6135
3,6136
4,6137
5,6137
3,6138
5,6139
5,6140
5,6141
4,6142
7,6142
2,6143
7,6143
3,6144
3,6145
3,6146
3,6147
3,6148
3,6149
7,6150
5,6151
5,6152
3,6153
3,6154
4,6155
5,6155
1,6156
2,6156
3,6156
4,6156
5,6156
7,6156
2,6157
4,6157
4,6158
7,6158
1,6159
3,6159
4,6159
5,6159
5,6160
5,6161
4,6162
5,6162
7,6162
5,6163
3,6164
4,6164
5,6164
3,6165
5,6166
3,6167
3,6168
3,6169
4,6170
5,6170
5,6171
3,6172
3,6173
3,6174
3,6175
7,6176
4,6177
7,6177
7,6178
7,6179
3,6180
3,6181
3,6182
5,6183
3,6184
3,6185
3,6186
1,6187
4,6187
3,6188
3,6189
3,6190
4,6190
5,6190
3,6191
1,6192
2,6192
3,6192
4,6192
5,6192
7,6192
4,6193
5,6193
1,6194
2,6194
3,6194
4,6194
5,6194
7,6194
5,6195
4,6196
5,6196
3,6197
3,6198
3,6199
3,6200
3,6201
3,6202
7,6203
5,6204
5,6205
4,6206
7,6206
1,6207
2,6207
3,6207
4,6207
5,6207
7,6207
1,6208
5,6208
7,6209
3,6210
3,6211
5,6212
3,6213
3,6214
3,6215
3,6216
3,6217
3,6218
3,6219
3,6220
3,6221
3,6222
3,6223
3,6224
3,6225
5,6225
5,6226
5,6227
3,6228
1,6229
2,6229
3,6229
4,6229
7,6229
3,6230
7,6231
3,6232
3,6233
7,6233
3,6234
3,6235
3,6236
3,6237
3,6238
3,6239
4,6240
5,6240
3,6241
4,6241
7,6242
7,6243
5,6244
5,6245
5,6246
3,6247
3,6248
3,6249
3,6250
3,6251
3,6252
3,6253
3,6254
3,6255
3,6256
3,6257
3,6258
3,6259
3,6260
4,6260
3,6261
3,6262
3,6263
3,6264
3,6265
3,6266
3,6267
5,6268
5,6269
7,6270
4,6271
5,6271
7,6272
5,6273
4,6274
5,6274
3,6275
3,6276
5,6277
3,6278
3,6279
3,6280
3,6281
3,6282
4,6282
3,6283
3,6284
4,6284
3,6285
3,6286
3,6287
3,6288
4,6288
3,6289
3,6290
3,6291
7,6292
7,6293
3,6294
3,6295
3,6296
5,6297
5,6298
5,6299
3,6300
5,6300
3,6301
3,6302
5,6302
5,6303
3,6304
3,6305
3,6306
3,6307
5,6308
5,6309
3,6310
3,6311
3,6312
5,6313
3,6314
5,6315
5,6316
4,6317
5,6317
5,6318
5,6319
3,6320
4,6321
5,6321
5,6322
5,6323
5,6324
5,6325
3,6326
3,6327
5,6328
3,6329
4,6329
3,6330
3,6331
4,6331
3,6332
4,6332
3,6333
4,6333
5,6334
7,6335
4,6336
5,6336
3,6337
3,6338
3,6339
3,6340
3,6341
3,6342
3,6343
3,6344
3,6345
3,6346
3,6347
3,6348
3,6349
3,6350
3,6351
3,6352
3,6353
4,6353
3,6354
3,6355
3,6356
3,6357
3,6358
3,6359
3,6360
3,6361
3,6362
3,6363
3,6364
3,6365
3,6366
3,6367
3,6368
3,6369
3,6370
3,6371
3,6372
3,6373
3,6374
3,6375
3,6376
3,6377
3,6378
3,6379
3,6380
4,6380
5,6381
7,6381
3,6382
4,6382
3,6383
3,6384
3,6385
3,6386
3,6387
3,6388
3,6389
3,6390
3,6391
4,6392
5,6392
3,6393
3,6394
3,6395
3,6396
5,6396
3,6397
3,6398
5,6399
1,6400
4,6400
3,6401
4,6402
7,6402
4,6403
5,6403
5,6404
3,6405
1,6406
2,6406
3,6406
4,6406
5,6406
7,6406
5,6407
3,6408
3,6409
3,6410
3,6411
4,6411
3,6412
5,6413
5,6414
3,6415
5,6415
3,6416
7,6417
3,6418
5,6419
5,6420
5,6421
5,6422
3,6423
3,6424
4,6424
3,6425
3,6426
3,6427
5,6428
5,6429
5,6430
3,6431
5,6432
3,6433
5,6434
5,6435
3,6436
3,6437
3,6438
5,6439
3,6440
3,6441
3,6442
3,6443
3,6444
5,6444
3,6445
3,6446
4,6446
5,6446
3,6447
3,6448
5,6448
3,6449
3,6450
3,6451
3,6452
5,6453
5,6454
3,6455
3,6456
3,6457
3,6458
3,6459
5,6460
5,6461
3,6462
3,6463
4,6463
3,6464
3,6465
3,6466
3,6467
3,6468
3,6469
3,6470
5,6471
5,6472
3,6473
3,6474
5,6475
3,6476
3,6477
3,6478
3,6479
3,6480
3,6481
5,6482
5,6483
5,6484
7,6485
3,6486
3,6487
3,6488
3,6489
7,6489
7,6490
3,6491
5,6492
5,6493
3,6494
3,6495
3,6496
3,6497
3,6498
3,6499
3,6500
3,6501
5,6502
5,6503
3,6504
3,6505
3,6506
5,6506
3,6507
3,6508
4,6508
5,6508
3,6509
5,6509
3,6510
3,6511
3,6512
5,6512
5,6513
3,6514
3,6515
5,6516
3,6517
3,6518
5,6519
3,6520
3,6521
3,6522
3,6523
7,6524
3,6525
5,6526
3,6527
3,6528
3,6529
5,6530
7,6531
5,6532
3,6533
3,6534
3,6535
4,6535
5,6535
3,6536
3,6537
3,6538
3,6539
3,6540
4,6541
5,6541
3,6542
3,6543
3,6544
3,6545
3,6546
3,6547
7,6548
7,6549
7,6550
4,6551
5,6551
3,6552
1,6553
4,6553
1,6554
3,6554
4,6554
5,6554
4,6555
5,6555
1,6556
2,6556
3,6556
4,6556
7,6556
3,6557
7,6558
5,6559
5,6560
3,6561
4,6561
3,6562
3,6563
4,6564
5,6564
3,6565
1,6566
3,6566
4,6566
5,6566
3,6567
3,6568
5,6569
4,6570
5,6570
1,6571
1,6572
1,6573
7,6574
1,6575
5,6575
1,6576
5,6576
1,6577
5,6577
3,6578
3,6579
3,6580
3,6581
7,6582
7,6583
7,6584
7,6585
7,6586
7,6587
7,6588
3,6589
3,6590
3,6591
3,6592
3,6593
4,6594
5,6594
5,6595
3,6596
3,6597
3,6598
3,6599
3,6600
4,6600
3,6601
3,6602
3,6603
3,6604
5,6605
3,6606
4,6606
5,6606
3,6607
3,6608
3,6609
3,6610
3,6611
3,6612
3,6613
3,6614
3,6615
3,6616
3,6617
4,6617
3,6618
3,6619
3,6620
5,6621
3,6622
4,6622
3,6623
3,6624
3,6625
3,6626
5,6627
5,6628
5,6629
3,6630
3,6631
3,6632
3,6633
3,6634
3,6635
5,6636
4,6637
5,6637
3,6638
3,6639
3,6640
5,6641
3,6642
3,6643
3,6644
5,6645
3,6646
5,6646
3,6647
5,6648
3,6649
3,6650
5,6650
3,6651
4,6651
5,6652
3,6653
4,6653
5,6654
3,6655
5,6656
5,6657
3,6658
3,6659
3,6660
3,6661
3,6662
3,6663
1,6664
2,6664
3,6664
4,6664
5,6664
7,6664
5,6665
3,6666
3,6667
4,6668
5,6668
3,6669
4,6670
5,6670
3,6671
4,6671
5,6671
1,6672
5,6672
5,6673
1,6674
5,6674
5,6675
5,6676
1,6677
5,6677
5,6678
1,6679
5,6679
3,6680
5,6680
1,6681
5,6682
1,6683
5,6683
5,6684
1,6685
2,6685
4,6685
3,6686
7,6687
5,6688
3,6689
3,6690
3,6691
3,6692
3,6693
3,6694
3,6695
3,6696
4,6696
3,6697
3,6698
4,6698
3,6699
3,6700
4,6700
3,6701
4,6701
4,6702
5,6702
5,6703
5,6704
3,6705
3,6706
4,6707
5,6707
3,6708
3,6709
5,6709
3,6710
3,6711
4,6712
5,6712
3,6713
7,6713
5,6714
3,6715
3,6716
4,6716
3,6717
4,6717
3,6718
3,6719
4,6719
3,6720
4,6720
3,6721
4,6721
3,6722
4,6722
3,6723
4,6723
3,6724
4,6724
3,6725
4,6725
3,6726
3,6727
4,6727
3,6728
4,6728
3,6729
4,6729
4,6730
5,6730
3,6731
3,6732
5,6733
3,6734
3,6735
3,6736
1,6737
5,6738
5,6739
1,6740
5,6741
1,6742
3,6743
7,6744
3,6745
7,6746
5,6747
3,6748
3,6749
3,6750
3,6751
3,6752
5,6753
3,6754
3,6755
1,6756
3,6756
7,6756
3,6757
3,6758
3,6759
3,6760
7,6760
5,6761
3,6762
3,6763
3,6764
3,6765
3,6766
3,6767
3,6768
3,6769
3,6770
1,6771
3,6772
5,6773
5,6774
1,6775
5,6776
7,6776
1,6777
1,6778
3,6779
5,6780
1,6781
7,6782
1,6783
1,6784
7,6784
5,6785
1,6786
7,6787
1,6788
5,6789
1,6790
3,6790
4,6790
5,6790
4,6791
5,6791
3,6792
3,6793
3,6794
3,6795
4,6796
5,6796
3,6797
3,6798
4,6798
5,6798
3,6799
5,6800
3,6801
3,6802
3,6803
3,6804
3,6805
3,6806
3,6807
3,6808
3,6809
3,6810
4,6811
5,6811
3,6812
3,6813
3,6814
3,6815
7,6816
3,6817
7,6817
5,6818
3,6819
3,6820
5,6820
3,6821
5,6822
3,6823
3,6824
3,6825
1,6826
3,6826
5,6826
3,6827
5,6828
3,6829
3,6830
3,6831
3,6832
3,6833
3,6834
5,6835
3,6836
3,6837
3,6838
3,6839
3,6840
3,6841
5,6841
5,6842
7,6843
3,6844
3,6845
3,6846
5,6846
3,6847
3,6848
3,6849
4,6849
5,6849
3,6850
3,6851
4,6852
5,6852
3,6853
3,6854
5,6855
3,6856
3,6857
3,6858
7,6858
4,6859
7,6859
3,6860
5,6861
3,6862
7,6863
3,6864
5,6865
3,6866
3,6867
5,6868
3,6869
3,6870
3,6871
3,6872
3,6873
3,6874
4,6875
5,6875
7,6876
3,6877
3,6878
3,6879
3,6880
3,6881
1,6882
3,6882
4,6882
7,6882
1,6883
3,6883
4,6883
5,6883
3,6884
3,6885
5,6886
3,6887
3,6888
3,6889
3,6890
5,6890
3,6891
4,6891
5,6891
5,6892
3,6893
3,6894
3,6895
5,6896
5,6897
3,6898
4,6898
3,6899
4,6899
3,6900
3,6901
5,6902
3,6903
3,6904
3,6905
5,6906
3,6907
5,6908
5,6909
1,6910
7,6910
5,6911
1,6912
7,6912
1,6913
5,6913
7,6913
1,6914
2,6914
4,6914
7,6915
5,6916
4,6917
5,6917
3,6918
3,6919
4,6920
5,6920
3,6921
5,6922
3,6923
5,6924
3,6925
5,6925
3,6926
4,6927
5,6927
5,6928
3,6929
3,6930
3,6931
3,6932
3,6933
3,6934
3,6935
3,6936
3,6937
4,6937
5,6937
3,6938
5,6938
3,6939
3,6940
3,6941
5,6941
5,6942
3,6943
3,6944
4,6945
5,6945
3,6946
4,6946
3,6947
3,6948
3,6949
3,6950
4,6950
3,6951
3,6952
3,6953
4,6954
5,6954
4,6955
5,6955
3,6956
3,6957
3,6958
3,6959
3,6960
5,6961
5,6962
5,6963
3,6964
4,6965
5,6965
5,6966
5,6967
3,6968
3,6969
4,6969
5,6969
3,6970
4,6971
5,6971
1,6972
3,6973
3,6974
5,6975
1,6976
2,6976
3,6976
4,6976
7,6976
7,6977
3,6978
3,6979
3,6980
3,6981
5,6982
3,6983
5,6984
3,6985
3,6986
3,6987
5,6987
3,6988
3,6989
3,6990
3,6991
4,6992
5,6992
4,6993
5,6993
5,6994
3,6995
3,6996
3,6997
5,6998
5,6999
5,7000
3,7001
7,7002
3,7003
3,7004
3,7005
3,7006
3,7007
3,7008
3,7009
4,7009
4,7010
7,7010
7,7011
2,7012
7,7013
4,7014
5,7014
3,7015
7,7016
2,7017
4,7017
3,7018
3,7019
5,7020
7,7021
5,7022
7,7023
4,7024
5,7024
7,7025
3,7026
4,7026
3,7027
2,7028
7,7029
7,7030
5,7031
7,7031
3,7032
4,7033
7,7033
7,7034
1,7035
4,7035
5,7035
7,7036
7,7037
7,7038
7,7039
7,7040
1,7041
3,7041
4,7041
7,7041
4,7042
7,7042
4,7043
5,7043
7,7043
7,7044
2,7045
7,7045
7,7046
7,7047
7,7048
7,7049
7,7050
7,7051
7,7052
7,7053
3,7054
3,7055
3,7056
3,7057
3,7058
3,7059
3,7060
3,7061
3,7062
7,7063
7,7064
3,7065
5,7066
5,7067
5,7068
3,7069
3,7070
7,7071
7,7072
4,7073
5,7073
7,7074
7,7075
7,7076
7,7077
7,7078
5,7079
5,7080
3,7081
3,7082
5,7083
3,7084
5,7085
3,7086
3,7087
3,7088
3,7089
4,7089
3,7090
4,7090
3,7091
3,7092
3,7093
3,7094
3,7095
3,7096
3,7097
3,7098
4,7098
3,7099
3,7100
3,7101
3,7102
3,7103
3,7104
5,7105
1,7106
4,7106
5,7106
3,7107
3,7108
5,7109
3,7110
1,7111
5,7111
3,7112
3,7113
3,7114
3,7115
3,7116
3,7117
3,7118
3,7119
3,7120
5,7121
3,7122
3,7123
3,7124
3,7125
5,7125
3,7126
3,7127
3,7128
4,7128
5,7128
3,7129
3,7130
3,7131
5,7131
3,7132
3,7133
3,7134
3,7135
4,7136
5,7136
3,7137
4,7137
3,7138
3,7139
3,7140
3,7141
3,7142
3,7143
3,7144
3,7145
3,7146
3,7147
4,7147
3,7148
3,7149
5,7149
3,7150
3,7151
3,7152
3,7153
3,7154
4,7154
3,7155
4,7156
5,7156
3,7157
3,7158
3,7159
3,7160
3,7161
5,7162
3,7163
3,7164
3,7165
3,7166
3,7167
3,7168
3,7169
3,7170
7,7171
3,7172
3,7173
3,7174
3,7175
3,7176
3,7177
1,7178
4,7178
5,7178
7,7178
7,7179
4,7180
7,7180
3,7181
3,7182
7,7182
3,7183
4,7183
5,7184
3,7185
4,7185
4,7186
7,7186
5,7187
5,7188
3,7189
4,7190
5,7190
4,7191
5,7191
4,7192
5,7192
5,7193
3,7194
3,7195
5,7196
3,7197
3,7198
3,7199
3,7200
5,7201
3,7202
4,7202
5,7203
5,7204
5,7205
3,7206
4,7206
3,7207
3,7208
3,7209
3,7210
3,7211
3,7212
3,7213
3,7214
7,7215
7,7216
3,7217
5,7218
7,7219
5,7220
7,7221
5,7222
7,7223
3,7224
3,7225
5,7226
3,7227
5,7228
5,7229
5,7230
7,7231
1,7232
3,7233
5,7234
5,7235
7,7236
3,7237
3,7238
3,7239
5,7240
3,7241
7,7242
7,7243
3,7244
5,7245
5,7246
7,7247
3,7248
5,7249
5,7250
7,7251
5,7252
3,7253
7,7254
7,7255
3,7256
3,7257
3,7258
3,7259
1,7260
3,7260
3,7261
3,7262
7,7263
7,7264
5,7265
3,7266
3,7267
3,7268
5,7269
3,7270
5,7271
7,7272
5,7273
5,7274
7,7275
7,7276
5,7277
3,7278
1,7279
2,7279
3,7279
4,7279
7,7279
3,7280
3,7281
3,7282
4,7282
3,7283
4,7283
3,7284
3,7285
3,7286
4,7286
3,7287
3,7288
3,7289
3,7290
3,7291
3,7292
4,7292
3,7293
4,7293
5,7293
4,7294
5,7294
3,7295
5,7295
3,7296
1,7297
3,7298
5,7299
3,7300
3,7301
7,7302
3,7303
4,7303
7,7304
7,7305
3,7306
3,7307
5,7308
3,7309
3,7310
5,7311
5,7312
3,7313
3,7314
5,7315
5,7316
7,7317
5,7318
4,7319
5,7319
3,7320
5,7321
5,7322
3,7323
3,7324
4,7324
5,7324
3,7325
3,7326
3,7327
5,7327
3,7328
3,7329
4,7329
3,7330
3,7331
3,7332
5,7333
1,7334
3,7334
4,7334
7,7334
1,7335
1,7336
3,7337
3,7338
3,7339
3,7340
3,7341
3,7342
3,7343
3,7344
3,7345
3,7346
3,7347
3,7348
7,7349
5,7350
5,7351
5,7352
7,7353
4,7354
7,7354
7,7355
7,7356
7,7357
7,7358
7,7359
5,7360
3,7361
5,7362
7,7362
1,7363
2,7363
3,7363
4,7363
5,7363
7,7363
1,7364
1,7365
1,7366
3,7367
1,7368
1,7369
5,7369
1,7370
5,7370
5,7371
1,7372
1,7373
5,7373
1,7374
5,7374
5,7375
5,7376
5,7377
7,7377
1,7378
1,7379
5,7379
1,7380
5,7380
5,7381
3,7382
4,7382
5,7382
1,7383
3,7383
5,7384
1,7385
7,7385
1,7386
7,7386
1,7387
7,7387
3,7388
3,7389
5,7390
1,7391
2,7391
3,7391
4,7391
5,7391
5,7392
5,7393
5,7394
3,7395
5,7396
4,7397
5,7397
3,7398
3,7399
3,7400
3,7401
5,7402
5,7403
5,7404
5,7405
4,7406
7,7406
5,7407
7,7408
7,7409
7,7410
7,7411
7,7412
7,7413
7,7414
5,7415
7,7416
7,7417
7,7418
7,7419
7,7420
7,7421
7,7422
7,7423
7,7424
7,7425
7,7426
7,7427
7,7428
7,7429
7,7430
7,7431
7,7432
7,7433
7,7434
7,7435
7,7436
7,7437
7,7438
4,7439
5,7439
3,7440
3,7441
4,7442
5,7442
1,7443
2,7443
3,7443
4,7443
5,7443
7,7443
5,7444
3,7445
3,7446
4,7447
5,7447
3,7448
3,7449
3,7450
3,7451
4,7452
5,7452
3,7453
3,7454
3,7455
3,7456
4,7457
5,7457
3,7458
5,7459
3,7460
3,7461
5,7462
3,7463
3,7464
3,7465
5,7465
3,7466
3,7467
3,7468
3,7469
5,7470
3,7471
3,7472
3,7473
4,7474
5,7474
3,7475
7,7476
4,7477
5,7477
4,7478
7,7478
4,7479
7,7479
5,7480
5,7481
7,7482
5,7483
5,7484
7,7485
7,7486
3,7487
7,7488
5,7489
4,7490
5,7490
3,7491
4,7491
5,7491
3,7492
3,7493
4,7494
5,7494
4,7495
5,7495
1,7496
2,7496
3,7496
4,7496
4,7497
7,7497
3,7498
3,7499
3,7500
3,7501
4,7502
5,7502
3,7503
5,7504
5,7505
5,7506
4,7507
5,7507
5,7508
3,7509
3,7510
3,7511
3,7512
5,7513
7,7514
7,7515
1,7516
2,7516
4,7516
7,7516
4,7517
5,7517
4,7518
5,7518
3,7519
3,7520
3,7521
3,7522
3,7523
3,7524
3,7525
4,7525
5,7525
3,7526
3,7527
3,7528
3,7529
3,7530
4,7530
3,7531
3,7532
4,7532
3,7533
5,7534
3,7535
3,7536
1,7537
2,7537
4,7537
7,7537
4,7538
5,7538
3,7539
3,7540
2,7541
5,7541
7,7541
1,7542
3,7542
4,7542
5,7542
7,7542
5,7543
3,7544
3,7545
3,7546
3,7547
3,7548
4,7549
5,7549
7,7549
1,7550
5,7550
1,7551
5,7551
1,7552
5,7552
5,7553
1,7554
2,7554
3,7554
4,7554
7,7554
3,7555
3,7556
7,7557
5,7558
1,7559
2,7559
3,7559
4,7559
7,7559
7,7560
3,7561
4,7561
3,7562
1,7563
1,7564
1,7565
5,7566
5,7567
5,7568
1,7569
5,7569
1,7570
1,7571
5,7571
1,7572
1,7573
1,7574
3,7575
3,7576
7,7577
3,7578
3,7579
3,7580
3,7581
3,7582
3,7583
3,7584
5,7585
3,7586
7,7587
5,7588
3,7589
3,7590
3,7591
3,7592
3,7593
5,7593
3,7594
3,7595
3,7596
3,7597
4,7597
3,7598
3,7599
4,7599
3,7600
4,7600
3,7601
3,7602
4,7602
3,7603
3,7604
4,7604
3,7605
4,7605
3,7606
3,7607
4,7607
3,7608
3,7609
3,7610
3,7611
4,7611
3,7612
3,7613
3,7614
3,7615
3,7616
3,7617
4,7617
3,7618
3,7619
4,7619
3,7620
4,7620
3,7621
3,7622
3,7623
5,7623
5,7624
5,7625
3,7626
3,7627
3,7628
4,7629
5,7629
3,7630
3,7631
3,7632
4,7633
5,7633
5,7634
5,7635
5,7636
3,7637
1,7638
2,7638
3,7638
4,7638
7,7638
3,7639
5,7640
5,7641
5,7642
1,7643
3,7643
5,7644
4,7645
5,7645
4,7646
5,7646
3,7647
4,7647
3,7648
3,7649
3,7650
3,7651
3,7652
3,7653
3,7654
3,7655
3,7656
3,7657
4,7658
5,7658
5,7659
5,7660
1,7661
1,7662
5,7662
1,7663
3,7664
3,7665
5,7666
3,7667
7,7668
3,7669
1,7670
1,7671
5,7671
1,7672
1,7673
1,7674
5,7674
1,7675
3,7676
1,7677
1,7678
5,7678
1,7679
5,7679
5,7680
2,7681
3,7681
7,7682
3,7683
3,7684
5,7685
7,7686
1,7687
3,7687
4,7687
7,7687
3,7688
2,7689
3,7689
4,7689
3,7690
4,7691
5,7691
1,7692
2,7692
3,7692
4,7692
5,7692
7,7692
3,7693
3,7694
3,7695
3,7696
3,7697
3,7698
3,7699
5,7700
3,7701
3,7702
3,7703
3,7704
3,7705
4,7705
1,7706
4,7706
5,7707
5,7708
5,7709
1,7710
3,7710
1,7711
5,7712
1,7713
7,7713
7,7714
5,7715
3,7716
3,7717
5,7718
3,7719
3,7720
3,7721
3,7722
3,7723
3,7724
3,7725
3,7726
3,7727
4,7727
3,7728
3,7729
7,7730
5,7731
3,7732
1,7733
1,7734
1,7735
3,7736
3,7737
5,7738
5,7739
3,7740
4,7740
5,7740
7,7741
3,7742
5,7742
5,7743
5,7744
3,7745
7,7746
5,7747
7,7748
1,7749
4,7749
5,7749
7,7749
5,7750
7,7751
4,7752
5,7752
5,7753
3,7754
3,7755
5,7756
3,7757
5,7758
1,7759
4,7759
1,7760
4,7760
5,7760
3,7761
5,7762
3,7763
5,7764
5,7765
4,7766
5,7766
7,7767
1,7768
3,7768
4,7768
7,7768
3,7769
4,7769
3,7770
3,7771
4,7771
3,7772
3,7773
3,7774
3,7775
3,7776
4,7777
5,7777
4,7778
5,7778
3,7779
3,7780
3,7781
4,7782
5,7782
3,7783
3,7784
4,7784
5,7784
3,7785
1,7786
3,7786
7,7787
3,7788
4,7788
3,7789
3,7790
4,7790
5,7790
5,7791
3,7792
4,7793
5,7793
7,7793
3,7794
4,7794
3,7795
4,7795
3,7796
4,7796
3,7797
4,7797
3,7798
4,7798
1,7799
3,7799
4,7799
5,7799
3,7800
3,7801
7,7802
7,7803
3,7804
4,7805
5,7805
5,7806
1,7807
4,7807
3,7808
3,7809
3,7810
3,7811
5,7812
5,7813
3,7814
3,7815
3,7816
3,7817
4,7818
5,7818
1,7819
2,7819
3,7819
4,7819
5,7819
7,7819
3,7820
3,7821
3,7822
3,7823
3,7824
7,7824
5,7825
3,7826
5,7827
3,7828
5,7829
3,7830
3,7831
3,7832
3,7833
5,7834
5,7835
5,7836
5,7837
5,7838
5,7839
5,7840
3,7841
5,7842
5,7843
5,7844
3,7845
3,7846
3,7847
3,7848
3,7849
3,7850
5,7851
3,7852
3,7853
3,7854
5,7855
5,7856
5,7857
1,7858
1,7859
5,7859
3,7860
4,7860
5,7860
1,7861
4,7862
5,7862
5,7863
5,7864
3,7865
4,7865
3,7866
5,7867
5,7868
4,7869
5,7869
1,7870
2,7870
3,7870
4,7870
7,7870
5,7871
4,7872
5,7872
5,7873
1,7874
1,7875
1,7876
5,7877
3,7878
3,7879
3,7880
3,7881
3,7882
3,7883
4,7883
3,7884
3,7885
3,7886
4,7886
5,7887
5,7888
4,7889
5,7889
3,7890
3,7891
3,7892
7,7893
4,7894
7,7894
7,7895
3,7896
4,7896
1,7897
2,7897
3,7897
4,7897
5,7897
5,7898
4,7899
7,7899
4,7900
5,7900
4,7901
5,7901
5,7902
5,7903
3,7904
7,7905
5,7906
1,7907
1,7908
5,7909
3,7910
1,7911
1,7912
5,7913
1,7914
1,7915
7,7915
5,7916
5,7917
5,7918
5,7919
7,7920
1,7921
1,7922
7,7923
7,7924
7,7925
1,7926
2,7926
4,7926
5,7926
7,7926
1,7927
5,7927
7,7928
7,7929
3,7930
1,7931
2,7931
3,7931
4,7931
7,7931
2,7932
3,7933
3,7934
3,7935
7,7935
5,7936
3,7937
4,7937
3,7938
1,7939
3,7939
5,7939
3,7940
7,7941
3,7942
3,7943
3,7944
3,7945
3,7946
3,7947
4,7947
5,7947
3,7948
3,7949
3,7950
4,7951
5,7951
3,7952
7,7953
4,7954
5,7954
3,7955
7,7955
7,7956
3,7957
1,7958
5,7958
1,7959
1,7960
1,7961
5,7962
1,7963
1,7964
5,7964
1,7965
1,7966
5,7967
1,7968
5,7969
1,7970
5,7970
1,7971
5,7971
1,7972
5,7973
1,7974
5,7974
5,7975
5,7976
1,7977
5,7977
7,7977
5,7978
1,7979
5,7979
5,7980
1,7981
2,7981
4,7981
5,7981
7,7981
3,7982
3,7983
4,7984
5,7984
3,7985
4,7986
5,7986
3,7987
3,7988
3,7989
3,7990
3,7991
1,7992
3,7992
7,7992
4,7993
5,7993
3,7994
4,7994
5,7994
3,7995
3,7996
3,7997
3,7998
3,7999
3,8000
4,8001
5,8001
4,8002
5,8002
4,8003
5,8003
3,8004
3,8005
3,8006
3,8007
4,8008
5,8008
3,8009
3,8010
3,8011
3,8012
3,8013
4,8014
5,8014
3,8015
1,8016
4,8016
3,8017
3,8018
3,8019
7,8020
3,8021
3,8022
1,8023
3,8023
3,8024
3,8025
3,8026
7,8027
3,8028
7,8029
1,8030
7,8031
7,8032
1,8033
7,8033
7,8034
3,8035
5,8036
3,8037
5,8037
7,8038
3,8039
3,8040
3,8041
7,8042
7,8043
7,8044
7,8045
7,8046
3,8047
1,8048
7,8049
7,8050
5,8051
3,8052
5,8052
7,8053
5,8054
7,8055
5,8056
7,8057
5,8058
7,8059
5,8060
5,8061
5,8062
5,8063
3,8064
4,8064
5,8064
3,8065
4,8066
5,8066
3,8067
3,8068
3,8069
4,8069
5,8070
1,8071
3,8072
3,8073
3,8074
3,8075
3,8076
3,8077
3,8078
3,8079
3,8080
1,8081
2,8081
3,8082
2,8083
3,8083
3,8084
4,8084
3,8085
3,8086
3,8087
3,8088
3,8089
3,8090
3,8091
4,8091
5,8092
4,8093
5,8093
5,8094
5,8095
3,8096
3,8097
3,8098
3,8099
7,8100
3,8101
3,8102
3,8103
7,8104
4,8105
7,8105
3,8106
1,8107
3,8107
4,8107
7,8107
4,8108
5,8108
7,8108
3,8109
5,8110
5,8111
5,8112
3,8113
3,8114
3,8115
3,8116
3,8117
3,8118
3,8119
3,8120
3,8121
4,8122
5,8122
5,8123
5,8124
5,8125
3,8126
1,8127
4,8127
3,8128
3,8129
4,8130
5,8130
3,8131
3,8132
3,8133
3,8134
3,8135
3,8136
3,8137
1,8138
2,8138
3,8138
4,8138
5,8138
7,8138
3,8139
3,8140
3,8141
3,8142
3,8143
3,8144
3,8145
4,8146
5,8146
3,8147
3,8148
3,8149
4,8150
5,8150
3,8151
4,8152
5,8152
7,8153
7,8154
3,8155
4,8156
5,8156
3,8157
4,8158
5,8158
5,8159
3,8160
3,8161
3,8162
3,8163
3,8164
3,8165
3,8166
4,8167
5,8167
5,8168
3,8169
3,8170
4,8170
5,8170
5,8171
3,8172
3,8173
3,8174
4,8174
5,8174
3,8175
5,8176
5,8177
3,8178
7,8179
7,8180
3,8181
3,8182
3,8183
3,8184
3,8185
7,8186
3,8187
4,8187
3,8188
4,8188
1,8189
2,8189
4,8189
7,8189
5,8190
5,8191
5,8192
5,8193
1,8194
5,8194
5,8195
5,8196
1,8197
1,8198
5,8198
7,8198
1,8199
7,8199
1,8200
1,8201
1,8202
1,8203
1,8204
5,8204
1,8205
1,8206
1,8207
1,8208
1,8209
1,8210
5,8210
5,8211
1,8212
5,8213
5,8214
3,8215
5,8216
1,8217
5,8217
5,8218
1,8219
5,8220
1,8221
1,8222
1,8223
5,8224
5,8225
7,8226
5,8227
1,8228
5,8228
5,8229
1,8230
7,8230
1,8231
1,8232
1,8233
5,8234
5,8235
5,8236
4,8237
7,8237
5,8238
5,8239
5,8240
4,8241
5,8241
4,8242
5,8242
3,8243
1,8244
5,8245
3,8246
5,8247
5,8248
5,8249
5,8250
3,8251
7,8251
1,8252
2,8252
3,8252
4,8252
7,8252
5,8253
5,8254
1,8255
3,8255
5,8255
7,8256
5,8257
5,8258
3,8259
3,8260
5,8260
3,8261
5,8261
5,8262
5,8263
7,8264
7,8265
5,8266
5,8267
5,8268
5,8269
5,8270
3,8271
3,8272
7,8273
3,8274
3,8275
7,8276
7,8277
7,8278
3,8279
3,8280
3,8281
3,8282
3,8283
4,8283
3,8284
3,8285
4,8285
7,8285
4,8286
5,8286
3,8287
7,8288
4,8289
7,8289
7,8290
3,8291
4,8292
5,8292
3,8293
5,8294
7,8294
3,8295
3,8296
3,8297
3,8298
3,8299
4,8299
3,8300
4,8301
5,8301
5,8302
3,8303
5,8304
3,8305
5,8305
3,8306
1,8307
3,8307
4,8307
5,8307
7,8307
7,8308
1,8309
2,8309
3,8309
4,8309
7,8309
5,8310
7,8311
5,8312
5,8313
1,8314
2,8314
3,8314
4,8314
5,8314
7,8314
4,8315
5,8315
4,8316
5,8316
7,8317
5,8318
3,8319
3,8320
4,8321
5,8321
1,8322
4,8322
5,8322
7,8322
7,8323
7,8324
3,8325
5,8326
3,8327
4,8327
5,8327
3,8328
3,8329
3,8330
3,8331
3,8332
4,8333
5,8333
3,8334
1,8335
3,8336
7,8337
2,8338
1,8339
2,8339
4,8339
1,8340
2,8340
4,8340
7,8340
3,8341
3,8342
3,8343
3,8344
3,8345
5,8346
1,8347
3,8347
4,8347
5,8347
3,8348
3,8349
3,8350
3,8351
3,8352
4,8352
5,8352
4,8353
5,8353
5,8354
7,8355
7,8356
7,8357
3,8358
4,8359
5,8359
5,8360
3,8361
3,8362
3,8363
4,8364
5,8364
3,8365
3,8366
3,8367
3,8368
3,8369
3,8370
3,8371
3,8372
5,8373
5,8374
5,8375
3,8376
3,8377
5,8378
5,8379
3,8380
5,8381
5,8382
5,8383
5,8384
5,8385
5,8386
5,8387
5,8388
3,8389
5,8390
5,8391
3,8392
5,8392
5,8393
3,8394
5,8394
5,8395
3,8396
5,8397
3,8398
3,8399
4,8399
5,8399
3,8400
3,8401
3,8402
3,8403
3,8404
5,8405
5,8406
3,8407
5,8408
5,8409
5,8410
3,8411
3,8412
5,8413
5,8414
5,8415
5,8416
5,8417
5,8418
5,8419
5,8420
3,8421
3,8422
3,8423
3,8424
5,8425
5,8426
5,8427
5,8428
5,8429
5,8430
5,8431
3,8432
5,8433
5,8434
5,8435
5,8436
5,8437
5,8438
5,8439
3,8440
3,8441
5,8442
5,8443
5,8444
3,8445
5,8446
5,8447
5,8448
5,8449
5,8450
5,8451
5,8452
5,8453
5,8454
5,8455
5,8456
5,8457
3,8458
3,8459
3,8460
3,8461
3,8462
3,8463
4,8464
5,8464
3,8465
3,8466
3,8467
5,8468
3,8469
3,8470
5,8471
3,8472
5,8473
5,8474
3,8475
3,8476
4,8477
5,8477
3,8478
4,8479
5,8479
4,8480
5,8480
3,8481
5,8482
3,8483
5,8484
5,8485
5,8486
5,8487
5,8488
5,8489
3,8490
5,8491
5,8492
5,8493
5,8494
5,8495
5,8496
5,8497
3,8498
3,8499
5,8499
5,8500
3,8501
3,8502
3,8503
3,8504
3,8505
3,8506
5,8507
5,8508
5,8509
3,8510
3,8511
5,8511
3,8512
5,8512
5,8513
3,8514
3,8515
3,8516
3,8517
3,8518
3,8519
3,8520
3,8521
4,8522
5,8522
3,8523
3,8524
3,8525
3,8526
3,8527
5,8527
3,8528
3,8529
3,8530
3,8531
4,8532
5,8532
3,8533
4,8534
5,8534
7,8534
3,8535
3,8536
3,8537
3,8538
3,8539
3,8540
3,8541
3,8542
4,8542
5,8542
3,8543
3,8544
3,8545
3,8546
3,8547
3,8548
3,8549
3,8550
5,8551
3,8552
3,8553
3,8554
4,8554
5,8554
5,8555
5,8556
3,8557
5,8558
3,8559
3,8560
3,8561
3,8562
3,8563
5,8563
3,8564
3,8565
3,8566
3,8567
3,8568
5,8569
5,8570
4,8571
5,8571
4,8572
5,8572
3,8573
3,8574
4,8575
5,8575
5,8576
3,8577
3,8578
3,8579
3,8580
3,8581
3,8582
3,8583
4,8583
4,8584
5,8584
5,8585
5,8586
3,8587
3,8588
3,8589
3,8590
5,8590
4,8591
5,8591
5,8592
4,8593
5,8593
5,8594
5,8595
5,8596
3,8597
3,8598
4,8599
5,8599
1,8600
2,8600
3,8600
4,8600
7,8600
1,8601
2,8601
3,8601
4,8601
7,8601
7,8602
3,8603
4,8603
3,8604
3,8605
5,8605
5,8606
3,8607
3,8608
3,8609
3,8610
5,8611
7,8612
3,8613
3,8614
3,8615
3,8616
5,8617
3,8618
3,8619
3,8620
3,8621
3,8622
3,8623
3,8624
3,8625
3,8626
5,8626
7,8626
3,8627
3,8628
5,8629
3,8630
5,8630
5,8631
3,8632
5,8633
3,8634
3,8635
4,8635
5,8635
3,8636
4,8636
5,8636
3,8637
3,8638
5,8639
5,8640
3,8641
3,8642
5,8643
3,8644
3,8645
5,8646
3,8647
5,8648
3,8649
3,8650
3,8651
3,8652
3,8653
5,8653
5,8654
3,8655
3,8656
3,8657
3,8658
7,8659
5,8660
3,8661
3,8662
3,8663
3,8664
3,8665
3,8666
3,8667
3,8668
3,8669
7,8670
3,8671
5,8671
7,8672
3,8673
7,8674
7,8675
3,8676
7,8677
3,8678
3,8679
5,8680
3,8681
4,8681
7,8682
3,8683
7,8684
7,8685
4,8686
5,8686
7,8686
4,8687
5,8687
7,8687
4,8688
5,8688
7,8688
4,8689
5,8689
7,8689
3,8690
3,8691
3,8692
3,8693
7,8694
3,8695
4,8696
5,8696
7,8696
4,8697
7,8697
7,8698
5,8699
4,8700
5,8700
3,8701
3,8702
4,8703
5,8703
7,8704
3,8705
4,8706
5,8706
7,8707
7,8708
7,8709
5,8710
3,8711
3,8712
3,8713
4,8713
3,8714
3,8715
4,8715
3,8716
4,8716
3,8717
4,8717
3,8718
3,8719
4,8719
3,8720
3,8721
3,8722
3,8723
4,8723
3,8724
3,8725
5,8726
5,8727
3,8728
3,8729
3,8730
1,8731
2,8731
4,8731
1,8732
2,8732
3,8732
4,8732
7,8732
1,8733
2,8733
4,8733
7,8733
1,8734
2,8734
4,8734
1,8735
5,8735
3,8736
3,8737
3,8738
3,8739
1,8740
2,8740
3,8740
4,8740
5,8740
7,8740
4,8741
5,8741
3,8742
3,8743
5,8744
3,8745
5,8746
7,8747
5,8748
1,8749
1,8750
1,8751
5,8751
1,8752
1,8753
1,8754
1,8755
1,8756
5,8756
1,8757
5,8757
5,8758
5,8759
3,8760
3,8761
5,8762
5,8763
5,8764
5,8765
5,8766
1,8767
1,8768
3,8769
5,8770
5,8771
1,8772
1,8773
5,8774
5,8775
1,8776
1,8777
5,8778
3,8779
1,8780
3,8780
4,8780
5,8780
7,8780
1,8781
5,8781
7,8781
1,8782
5,8782
7,8782
1,8783
5,8784
5,8785
1,8786
5,8786
7,8786
5,8787
1,8788
5,8788
1,8789
5,8789
5,8790
3,8791
3,8792
3,8793
3,8794
3,8795
4,8796
5,8796
1,8797
2,8797
3,8797
4,8797
5,8797
7,8797
4,8798
5,8798
5,8799
5,8800
3,8801
4,8802
5,8802
5,8803
3,8804
3,8805
3,8806
3,8807
3,8808
3,8809
3,8810
4,8810
3,8811
3,8812
3,8813
3,8814
3,8815
1,8816
5,8816
5,8817
1,8818
1,8819
5,8819
5,8820
1,8821
4,8822
5,8822
3,8823
3,8824
4,8825
5,8825
5,8826
7,8827
7,8828
7,8829
5,8830
7,8831
5,8832
3,8833
3,8834
5,8835
3,8836
3,8837
3,8838
4,8838
7,8838
5,8839
1,8840
4,8840
7,8841
7,8842
7,8843
3,8844
3,8845
3,8846
3,8847
3,8848
5,8849
7,8849
7,8850
3,8851
3,8852
1,8853
4,8853
3,8854
5,8854
5,8855
5,8856
7,8856
3,8857
3,8858
3,8859
4,8860
5,8860
4,8861
5,8861
3,8862
3,8863
3,8864
3,8865
7,8866
3,8867
4,8867
5,8867
3,8868
3,8869
5,8870
3,8871
4,8871
3,8872
3,8873
5,8874
3,8875
5,8876
5,8877
5,8878
5,8879
3,8880
3,8881
5,8882
3,8883
3,8884
3,8885
3,8886
3,8887
5,8888
5,8889
5,8890
3,8891
3,8892
3,8893
3,8894
5,8895
3,8896
5,8897
3,8898
5,8899
5,8900
3,8901
3,8902
3,8903
3,8904
3,8905
3,8906
3,8907
3,8908
3,8909
5,8910
3,8911
5,8912
3,8913
3,8914
3,8915
3,8916
3,8917
3,8918
3,8919
3,8920
3,8921
3,8922
1,8923
4,8924
5,8924
4,8925
5,8925
3,8926
3,8927
3,8928
3,8929
3,8930
3,8931
5,8932
3,8933
4,8933
5,8933
3,8934
3,8935
3,8936
3,8937
3,8938
3,8939
3,8940
3,8941
3,8942
3,8943
5,8944
5,8945
3,8946
3,8947
5,8948
3,8949
3,8950
3,8951
4,8951
3,8952
3,8953
3,8954
5,8954
3,8955
3,8956
4,8957
5,8957
3,8958
3,8959
3,8960
3,8961
3,8962
3,8963
3,8964
3,8965
4,8966
5,8966
3,8967
3,8968
5,8969
1,8970
1,8971
5,8972
1,8973
1,8974
1,8975
1,8976
5,8976
1,8977
7,8978
1,8979
5,8979
5,8980
1,8981
3,8982
3,8983
3,8984
5,8985
3,8986
3,8987
3,8988
3,8989
3,8990
3,8991
3,8992
4,8992
3,8993
3,8994
3,8995
4,8995
3,8996
3,8997
3,8998
3,8999
4,8999
1,9000
2,9000
3,9000
4,9000
7,9000
1,9001
2,9001
4,9001
5,9001
7,9001
1,9002
7,9002
7,9003
7,9004
1,9005
3,9005
3,9006
3,9007
7,9008
2,9009
4,9009
7,9009
3,9010
3,9011
1,9012
2,9012
4,9012
7,9012
5,9013
3,9014
3,9015
3,9016
3,9017
5,9017
7,9018
1,9019
1,9020
1,9021
5,9021
1,9022
5,9022
1,9023
1,9024
5,9024
3,9025
4,9025
3,9026
3,9027
3,9028
3,9029
3,9030
3,9031
4,9031
5,9032
1,9033
5,9033
1,9034
5,9034
1,9035
1,9036
5,9036
7,9036
1,9037
1,9038
5,9039
1,9040
1,9041
7,9041
1,9042
5,9043
3,9044
7,9045
7,9046
5,9047
5,9048
5,9049
5,9050
5,9051
5,9052
5,9053
1,9054
5,9054
7,9054
1,9055
5,9055
5,9056
5,9057
5,9058
5,9059
5,9060
1,9061
5,9062
3,9063
5,9063
1,9064
5,9065
1,9066
1,9067
5,9068
1,9069
5,9069
7,9069
1,9070
1,9071
5,9072
1,9073
1,9074
1,9075
5,9076
5,9077
7,9078
7,9079
7,9080
7,9081
7,9082
7,9083
7,9084
3,9085
3,9086
3,9087
5,9088
5,9089
5,9090
5,9091
3,9092
3,9093
3,9094
4,9094
5,9094
3,9095
3,9096
3,9097
3,9098
3,9099
3,9100
3,9101
4,9101
3,9102
3,9103
4,9103
1,9104
3,9104
4,9104
5,9104
3,9105
1,9106
4,9106
3,9107
5,9108
3,9109
3,9110
3,9111
3,9112
3,9113
3,9114
3,9115
3,9116
3,9117
3,9118
3,9119
3,9120
2,9121
3,9122
3,9123
3,9124
4,9124
3,9125
3,9126
3,9127
4,9127
3,9128
4,9128
5,9128
3,9129
3,9130
1,9131
2,9131
3,9131
4,9131
5,9131
7,9131
4,9132
5,9132
2,9133
3,9134
3,9135
3,9136
3,9137
3,9138
3,9139
3,9140
3,9141
3,9142
3,9143
5,9143
3,9144
3,9145
3,9146
3,9147
3,9148
3,9149
4,9149
3,9150
3,9151
4,9151
3,9152
3,9153
4,9153
3,9154
3,9155
4,9155
3,9156
3,9157
4,9157
3,9158
3,9159
4,9159
3,9160
3,9161
4,9161
5,9162
5,9163
3,9164
3,9165
5,9166
3,9167
3,9168
3,9169
5,9170
3,9171
4,9171
3,9172
5,9173
3,9174
3,9175
3,9176
3,9177
3,9178
3,9179
4,9179
3,9180
3,9181
3,9182
7,9183
5,9184
3,9185
5,9185
3,9186
3,9187
5,9188
5,9189
3,9190
5,9191
5,9192
1,9193
2,9193
3,9193
4,9193
7,9193
3,9194
5,9194
3,9195
3,9196
4,9196
3,9197
3,9198
3,9199
3,9200
5,9201
7,9202
7,9203
3,9204
4,9205
5,9205
3,9206
3,9207
3,9208
3,9209
3,9210
5,9211
5,9212
5,9213
5,9214
4,9215
5,9215
5,9216
4,9217
5,9217
4,9218
5,9218
7,9219
1,9220
1,9221
2,9221
3,9221
4,9221
7,9221
5,9222
4,9223
5,9223
1,9224
5,9224
5,9225
5,9226
1,9227
3,9227
4,9227
5,9227
1,9228
5,9228
3,9229
4,9229
3,9230
3,9231
3,9232
5,9233
3,9234
3,9235
3,9236
3,9237
3,9238
3,9239
5,9240
5,9241
3,9242
3,9243
1,9244
4,9244
4,9245
5,9245
3,9246
3,9247
5,9248
5,9249
5,9250
7,9251
5,9252
7,9253
5,9254
7,9254
5,9255
7,9255
7,9256
7,9257
5,9258
5,9259
3,9260
5,9261
3,9262
3,9263
3,9264
3,9265
4,9265
3,9266
5,9267
3,9268
3,9269
3,9270
5,9270
3,9271
3,9272
3,9273
3,9274
3,9275
3,9276
3,9277
5,9278
3,9279
4,9280
5,9280
3,9281
3,9282
3,9283
3,9284
4,9285
5,9285
3,9286
3,9287
3,9288
3,9289
3,9290
2,9291
4,9291
3,9292
3,9293
5,9293
4,9294
5,9294
3,9295
3,9296
5,9296
3,9297
3,9298
3,9299
3,9300
4,9300
5,9301
3,9302
4,9303
5,9303
3,9304
3,9305
3,9306
3,9307
3,9308
3,9309
3,9310
4,9310
3,9311
4,9311
3,9312
5,9313
3,9314
3,9315
4,9316
5,9316
5,9317
3,9318
3,9319
4,9319
4,9320
5,9320
3,9321
4,9322
5,9322
3,9323
3,9324
3,9325
3,9326
4,9327
5,9327
4,9328
5,9328
1,9329
2,9329
3,9329
4,9329
5,9329
7,9329
5,9330
5,9331
3,9332
7,9333
5,9334
7,9335
1,9336
1,9337
1,9338
5,9339
5,9340
5,9341
3,9342
3,9343
3,9344
3,9345
3,9346
7,9347
5,9348
3,9349
3,9350
3,9351
5,9351
5,9352
5,9353
5,9354
3,9355
4,9356
5,9356
3,9357
4,9358
5,9358
5,9359
3,9360
3,9361
5,9362
3,9363
3,9364
3,9365
3,9366
3,9367
1,9368
4,9368
3,9369
3,9370
3,9371
3,9372
3,9373
3,9374
1,9375
4,9375
4,9376
5,9376
3,9377
3,9378
3,9379
4,9380
7,9380
3,9381
3,9382
3,9383
4,9384
5,9384
3,9385
3,9386
4,9387
5,9387
3,9388
5,9389
5,9390
3,9391
3,9392
3,9393
4,9393
5,9394
3,9395
3,9396
4,9397
5,9397
4,9398
7,9398
3,9399
3,9400
3,9401
3,9402
3,9403
3,9404
4,9405
5,9405
3,9406
7,9407
3,9408
3,9409
7,9409
1,9410
2,9410
4,9410
7,9410
3,9411
7,9411
4,9412
5,9412
3,9413
4,9414
5,9414
3,9415
3,9416
3,9417
3,9418
3,9419
4,9420
5,9420
4,9421
5,9421
3,9422
3,9423
3,9424
5,9425
3,9426
5,9426
7,9426
5,9427
5,9428
3,9429
5,9430
5,9431
5,9432
5,9433
5,9434
5,9435
3,9436
5,9437
3,9438
5,9439
3,9440
5,9440
5,9441
5,9442
3,9443
5,9444
3,9445
5,9445
4,9446
5,9446
3,9447
4,9448
5,9448
3,9449
3,9450
5,9450
3,9451
3,9452
3,9453
3,9454
3,9455
5,9455
3,9456
4,9457
5,9457
3,9458
3,9459
4,9460
5,9460
3,9461
3,9462
3,9463
4,9464
5,9464
3,9465
3,9466
3,9467
3,9468
3,9469
5,9469
3,9470
3,9471
3,9472
3,9473
3,9474
4,9474
5,9474
3,9475
3,9476
3,9477
4,9477
5,9477
4,9478
5,9478
3,9479
4,9479
5,9479
3,9480
3,9481
3,9482
3,9483
5,9483
5,9484
1,9485
7,9486
7,9487
7,9488
7,9489
5,9490
7,9491
7,9492
7,9493
1,9494
5,9495
7,9496
5,9497
7,9497
5,9498
7,9498
7,9499
1,9500
7,9501
7,9502
7,9503
5,9504
4,9505
5,9505
5,9506
1,9507
1,9508
1,9509
5,9509
2,9510
4,9511
5,9511
3,9512
3,9513
3,9514
3,9515
3,9516
3,9517
3,9518
3,9519
3,9520
3,9521
5,9522
5,9523
1,9524
7,9524
5,9525
3,9526
7,9527
1,9528
7,9528
5,9529
7,9530
3,9531
3,9532
3,9533
3,9534
3,9535
3,9536
7,9537
7,9538
5,9539
3,9540
4,9540
3,9541
4,9541
5,9542
3,9543
3,9544
5,9544
3,9545
3,9546
3,9547
3,9548
5,9548
3,9549
5,9550
3,9551
5,9551
3,9552
3,9553
3,9554
3,9555
3,9556
3,9557
3,9558
5,9559
5,9560
5,9561
1,9562
7,9562
5,9563
5,9564
7,9565
7,9566
5,9567
3,9568
5,9569
3,9570
7,9571
3,9572
7,9573
3,9574
3,9575
3,9576
3,9577
3,9578
1,9579
3,9579
4,9579
5,9579
7,9580
1,9581
2,9581
3,9581
4,9581
5,9581
7,9581
4,9582
5,9582
4,9583
5,9583
1,9584
3,9584
5,9584
3,9585
3,9586
3,9587
3,9588
5,9588
3,9589
4,9590
5,9590
3,9591
5,9591
3,9592
3,9593
1,9594
4,9594
5,9594
7,9594
3,9595
3,9596
4,9597
5,9597
3,9598
3,9599
1,9600
3,9601
5,9602
3,9603
3,9604
3,9605
1,9606
7,9607
1,9608
5,9608
7,9609
7,9610
7,9611
7,9612
1,9613
4,9614
7,9614
4,9615
7,9615
7,9616
1,9617
1,9618
3,9618
4,9618
5,9618
7,9618
3,9619
7,9620
7,9621
7,9622
3,9623
5,9623
3,9624
4,9624
5,9624
3,9625
3,9626
3,9627
3,9628
3,9629
3,9630
7,9631
7,9632
3,9633
3,9634
3,9635
3,9636
3,9637
3,9638
3,9639
3,9640
3,9641
4,9641
5,9641
7,9642
3,9643
3,9644
3,9645
3,9646
5,9646
3,9647
7,9647
3,9648
3,9649
3,9650
3,9651
5,9652
3,9653
3,9654
3,9655
3,9656
7,9657
3,9658
3,9659
5,9660
3,9661
5,9662
3,9663
4,9663
5,9664
3,9665
5,9666
3,9667
3,9668
3,9669
3,9670
3,9671
3,9672
4,9672
5,9672
3,9673
3,9674
4,9675
5,9675
3,9676
3,9677
3,9678
3,9679
3,9680
3,9681
4,9682
5,9682
3,9683
1,9684
7,9684
3,9685
3,9686
4,9686
5,9686
3,9687
5,9687
3,9688
3,9689
5,9690
3,9691
4,9692
5,9692
3,9693
7,9694
7,9695
7,9696
5,9697
7,9697
3,9698
3,9699
5,9700
3,9701
4,9701
3,9702
7,9703
3,9704
4,9704
3,9705
3,9706
5,9707
3,9708
4,9708
5,9708
3,9709
3,9710
3,9711
3,9712
3,9713
3,9714
4,9715
7,9715
3,9716
3,9717
4,9717
3,9718
3,9719
5,9720
4,9721
7,9721
3,9722
4,9722
5,9723
4,9724
5,9724
1,9725
2,9725
4,9725
5,9725
7,9725
7,9726
7,9727
4,9728
5,9728
7,9729
4,9730
7,9730
7,9731
3,9732
3,9733
3,9734
3,9735
3,9736
4,9737
5,9737
1,9738
2,9738
3,9738
4,9738
5,9738
7,9738
3,9739
5,9739
3,9740
3,9741
3,9742
5,9742
3,9743
3,9744
1,9745
2,9745
4,9745
7,9745
3,9746
4,9746
3,9747
3,9748
3,9749
3,9750
3,9751
4,9751
3,9752
3,9753
3,9754
3,9755
3,9756
3,9757
3,9758
5,9759
3,9760
5,9761
1,9762
2,9762
3,9762
4,9762
5,9762
7,9762
7,9763
1,9764
7,9764
3,9765
4,9765
3,9766
1,9767
4,9767
3,9768
4,9768
3,9769
3,9770
7,9771
7,9772
7,9773
4,9774
5,9774
3,9775
3,9776
3,9777
3,9778
3,9779
3,9780
3,9781
5,9782
5,9783
5,9784
3,9785
3,9786
5,9787
3,9788
3,9789
4,9790
5,9790
3,9791
3,9792
5,9792
5,9793
5,9794
3,9795
7,9796
7,9797
3,9798
5,9799
3,9800
3,9801
3,9802
3,9803
2,9804
2,9805
5,9806
1,9807
5,9807
3,9808
5,9809
5,9810
5,9811
3,9812
1,9813
3,9813
4,9813
5,9813
4,9814
5,9814
5,9815
3,9816
4,9816
3,9817
4,9817
1,9818
2,9818
3,9818
4,9818
5,9818
7,9818
3,9819
5,9820
4,9821
5,9821
7,9821
3,9822
4,9822
5,9822
5,9823
3,9824
4,9824
3,9825
3,9826
3,9827
7,9828
4,9829
5,9829
7,9830
3,9831
4,9831
5,9831
3,9832
3,9833
3,9834
3,9835
4,9835
3,9836
3,9837
3,9838
4,9838
3,9839
5,9839
3,9840
3,9841
3,9842
3,9843
4,9843
3,9844
3,9845
3,9846
3,9847
3,9848
3,9849
3,9850
3,9851
4,9851
3,9852
3,9853
3,9854
3,9855
3,9856
3,9857
7,9858
3,9859
1,9860
4,9860
4,9861
7,9861
3,9862
4,9863
5,9863
3,9864
3,9865
3,9866
4,9867
5,9867
5,9868
5,9869
3,9870
3,9871
3,9872
3,9873
3,9874
3,9875
3,9876
3,9877
3,9878
3,9879
5,9880
3,9881
5,9882
5,9883
5,9884
3,9885
5,9886
5,9887
5,9888
5,9889
3,9890
5,9891
3,9892
5,9893
3,9894
7,9895
3,9896
7,9896
3,9897
5,9898
3,9899
7,9899
3,9900
3,9901
3,9902
3,9903
3,9904
3,9905
3,9906
5,9907
5,9908
3,9909
5,9909
3,9910
3,9911
3,9912
4,9912
5,9912
3,9913
5,9914
3,9915
4,9916
5,9916
3,9917
3,9918
7,9919
3,9920
4,9921
5,9921
4,9922
5,9922
3,9923
3,9924
7,9925
3,9926
7,9927
4,9928
5,9928
7,9928
5,9929
4,9930
5,9930
3,9931
3,9932
3,9933
4,9933
5,9933
5,9934
5,9935
5,9936
3,9937
3,9938
3,9939
3,9940
3,9941
3,9942
3,9943
3,9944
3,9945
3,9946
3,9947
3,9948
3,9949
3,9950
4,9951
5,9951
5,9952
5,9953
3,9954
4,9954
5,9954
3,9955
7,9956
3,9957
3,9958
3,9959
3,9960
3,9961
3,9962
3,9963
3,9964
5,9964
3,9965
5,9965
3,9966
3,9967
3,9968
3,9969
3,9970
3,9971
5,9971
7,9971
3,9972
7,9972
3,9973
3,9974
3,9975
3,9976
5,9977
5,9978
3,9979
3,9980
3,9981
3,9982
3,9983
3,9984
3,9985
3,9986
3,9987
3,9988
3,9989
5,9990
3,9991
3,9992
3,9993
3,9994
3,9995
5,9995
3,9996
5,9996
3,9997
3,9998
3,9999
3,10000
3,10001
2,10002
1,10003
3,10003
1,10004
3,10004
3,10005
5,10006
3,10007
4,10007
5,10008
3,10009
3,10010
3,10011
3,10012
4,10012
5,10012
5,10013
3,10014
5,10015
3,10016
3,10017
5,10018
3,10019
4,10020
5,10020
1,10021
3,10021
3,10022
3,10023
3,10024
3,10025
3,10026
3,10027
1,10028
7,10028
3,10029
4,10029
5,10029
3,10030
5,10031
7,10032
1,10033
2,10033
3,10033
4,10033
5,10033
7,10033
4,10034
7,10034
3,10035
1,10036
2,10036
3,10036
4,10036
5,10036
7,10036
7,10037
4,10038
5,10038
3,10039
3,10040
3,10041
5,10042
3,10043
7,10044
1,10045
5,10045
1,10046
5,10046
3,10047
2,10048
7,10049
1,10050
7,10051
3,10052
5,10053
3,10054
4,10055
5,10055
5,10056
3,10057
4,10057
3,10058
4,10059
5,10059
3,10060
3,10061
3,10062
3,10063
7,10064
3,10065
1,10066
3,10067
3,10068
3,10069
3,10070
4,10070
3,10071
4,10072
7,10072
4,10073
5,10073
3,10074
5,10075
4,10076
5,10076
3,10077
5,10078
1,10079
2,10079
3,10079
4,10079
7,10079
3,10080
3,10081
3,10082
3,10083
3,10084
4,10084
3,10085
3,10086
3,10087
4,10087
3,10088
3,10089
4,10089
3,10090
3,10091
3,10092
3,10093
4,10093
3,10094
3,10095
3,10096
3,10097
3,10098
4,10098
3,10099
3,10100
3,10101
3,10102
3,10103
3,10104
3,10105
4,10105
3,10106
3,10107
3,10108
1,10109
4,10109
3,10110
4,10110
3,10111
3,10112
4,10112
3,10113
3,10114
3,10115
1,10116
2,10116
4,10116
7,10116
3,10117
3,10118
3,10119
3,10120
3,10121
3,10122
3,10123
3,10124
4,10124
3,10125
3,10126
3,10127
3,10128
5,10129
5,10130
3,10131
3,10132
4,10132
1,10133
3,10134
3,10135
3,10136
3,10137
3,10138
1,10139
1,10140
4,10141
5,10141
4,10142
5,10142
7,10142
7,10143
3,10144
3,10145
3,10146
3,10147
3,10148
7,10149
3,10150
3,10151
3,10152
3,10153
3,10154
3,10155
3,10156
4,10156
5,10156
3,10157
3,10158
3,10159
3,10160
3,10161
4,10161
3,10162
4,10162
3,10163
3,10164
3,10165
4,10165
3,10166
3,10167
3,10168
3,10169
3,10170
3,10171
5,10172
5,10173
5,10174
1,10175
7,10175
5,10176
7,10177
5,10178
7,10179
7,10180
1,10181
7,10181
5,10182
1,10183
7,10183
3,10184
1,10185
3,10185
3,10186
5,10186
3,10187
3,10188
3,10189
5,10190
1,10191
1,10192
1,10193
5,10194
1,10195
7,10195
1,10196
1,10197
5,10197
5,10198
5,10199
1,10200
1,10201
1,10202
5,10203
5,10204
5,10205
1,10206
7,10206
1,10207
7,10207
1,10208
7,10208
3,10209
3,10210
3,10211
3,10212
1,10213
7,10214
5,10215
5,10216
5,10217
3,10218
5,10218
5,10219
5,10220
5,10221
5,10222
5,10223
5,10224
5,10225
5,10226
3,10227
1,10228
3,10228
3,10229
7,10230
5,10231
7,10232
3,10233
5,10233
3,10234
7,10235
5,10236
3,10237
3,10238
3,10239
3,10240
3,10241
5,10242
5,10243
7,10244
7,10245
3,10246
3,10247
3,10248
5,10248
3,10249
3,10250
5,10250
5,10251
7,10251
2,10252
5,10253
1,10254
2,10254
3,10254
4,10254
7,10254
3,10255
4,10255
5,10255
3,10256
3,10257
3,10258
4,10258
5,10258
4,10259
5,10259
3,10260
3,10261
5,10262
7,10262
5,10263
3,10264
3,10265
3,10266
3,10267
3,10268
3,10269
3,10270
4,10270
5,10270
3,10271
3,10272
3,10273
3,10274
3,10275
5,10276
3,10277
3,10278
4,10278
5,10278
3,10279
3,10280
3,10281
3,10282
3,10283
3,10284
3,10285
3,10286
3,10287
4,10288
5,10288
3,10289
3,10290
3,10291
3,10292
4,10293
5,10293
3,10294
3,10295
3,10296
3,10297
4,10298
5,10298
3,10299
3,10300
3,10301
4,10301
5,10301
3,10302
5,10303
7,10303
4,10304
5,10304
3,10305
3,10306
5,10307
7,10307
3,10308
3,10309
7,10310
4,10311
5,10311
3,10312
3,10313
4,10314
5,10314
3,10315
3,10316
3,10317
3,10318
4,10319
5,10319
7,10319
3,10320
3,10321
3,10322
4,10323
5,10323
3,10324
4,10325
5,10325
3,10326
4,10327
5,10327
3,10328
3,10329
3,10330
3,10331
5,10331
4,10332
5,10332
3,10333
3,10334
3,10335
3,10336
4,10336
5,10336
3,10337
3,10338
3,10339
3,10340
5,10340
3,10341
3,10342
3,10343
4,10344
5,10344
5,10345
5,10346
3,10347
3,10348
3,10349
3,10350
4,10350
5,10351
5,10352
3,10353
5,10354
4,10355
5,10355
3,10356
3,10357
3,10358
7,10359
3,10360
4,10361
5,10361
4,10362
5,10362
3,10363
4,10364
5,10364
3,10365
3,10366
3,10367
4,10367
5,10367
3,10368
5,10368
4,10369
5,10369
4,10370
5,10370
5,10371
5,10372
3,10373
3,10374
3,10375
4,10376
7,10376
3,10377
5,10378
3,10379
3,10380
4,10381
5,10381
3,10382
3,10383
7,10384
7,10385
5,10386
1,10387
4,10387
7,10387
3,10388
7,10389
7,10390
7,10391
4,10392
5,10392
3,10393
1,10394
3,10394
4,10394
5,10394
7,10394
3,10395
5,10396
3,10397
3,10398
3,10399
3,10400
3,10401
3,10402
3,10403
3,10404
3,10405
3,10406
3,10407
3,10408
5,10408
3,10409
3,10410
4,10410
5,10410
3,10411
3,10412
5,10413
3,10414
3,10415
3,10416
4,10416
3,10417
5,10417
3,10418
4,10419
5,10419
5,10420
5,10421
3,10422
4,10422
1,10423
2,10423
3,10423
4,10423
7,10423
5,10424
3,10425
4,10425
5,10426
7,10426
3,10427
3,10428
3,10429
5,10430
3,10431
3,10432
3,10433
3,10434
3,10435
3,10436
3,10437
1,10438
7,10439
1,10440
1,10441
4,10442
5,10442
5,10443
3,10444
3,10445
3,10446
3,10447
4,10447
5,10447
4,10448
5,10448
3,10449
1,10450
7,10450
3,10451
3,10452
3,10453
3,10454
4,10455
5,10455
4,10456
5,10456
3,10457
5,10458
3,10459
3,10460
3,10461
3,10462
3,10463
3,10464
3,10465
7,10466
3,10467
1,10468
3,10468
4,10468
5,10468
7,10469
3,10470
3,10471
3,10472
3,10473
3,10474
3,10475
3,10476
4,10476
3,10477
3,10478
3,10479
3,10480
4,10480
3,10481
4,10481
3,10482
3,10483
5,10484
3,10485
3,10486
3,10487
3,10488
5,10489
4,10490
5,10490
4,10491
5,10491
3,10492
5,10493
7,10493
4,10494
5,10494
3,10495
3,10496
4,10496
3,10497
3,10498
3,10499
4,10499
5,10499
5,10500
5,10501
3,10502
1,10503
5,10503
7,10503
4,10504
5,10504
4,10505
5,10505
3,10506
1,10507
2,10507
3,10507
4,10507
7,10507
3,10508
3,10509
7,10510
4,10511
5,10511
3,10512
3,10513
3,10514
3,10515
5,10516
4,10517
5,10517
3,10518
4,10519
5,10519
3,10520
3,10521
3,10522
3,10523
3,10524
5,10525
3,10526
4,10527
5,10527
4,10528
5,10528
3,10529
3,10530
5,10531
3,10532
3,10533
3,10534
3,10535
3,10536
3,10537
1,10538
5,10538
3,10539
3,10540
5,10541
5,10542
5,10543
7,10544
5,10545
5,10546
5,10547
5,10548
1,10549
1,10550
5,10551
1,10552
1,10553
5,10554
1,10555
1,10556
1,10557
1,10558
7,10558
1,10559
1,10560
5,10561
1,10562
1,10563
7,10563
5,10564
1,10565
5,10565
3,10566
3,10567
3,10568
3,10569
3,10570
3,10571
3,10572
4,10572
3,10573
3,10574
3,10575
3,10576
3,10577
5,10578
3,10579
4,10580
5,10580
3,10581
3,10582
3,10583
3,10584
3,10585
4,10586
5,10586
3,10587
3,10588
3,10589
4,10589
5,10589
3,10590
3,10591
5,10591
3,10592
4,10592
3,10593
4,10593
3,10594
4,10594
5,10595
3,10596
7,10597
7,10598
7,10599
3,10600
3,10601
3,10602
3,10603
4,10603
3,10604
3,10605
3,10606
3,10607
3,10608
3,10609
3,10610
3,10611
3,10612
3,10613
3,10614
3,10615
3,10616
3,10617
7,10618
7,10619
7,10620
3,10621
3,10622
3,10623
3,10624
3,10625
4,10625
3,10626
3,10627
3,10628
3,10629
3,10630
3,10631
3,10632
3,10633
3,10634
3,10635
3,10636
3,10637
3,10638
3,10639
3,10640
3,10641
3,10642
3,10643
3,10644
3,10645
5,10646
3,10647
3,10648
3,10649
4,10649
5,10650
3,10651
3,10652
3,10653
3,10654
7,10655
1,10656
4,10656
3,10657
3,10658
5,10658
3,10659
4,10659
3,10660
3,10661
7,10662
4,10663
5,10663
4,10664
5,10664
3,10665
1,10666
7,10666
7,10667
5,10668
3,10669
3,10670
3,10671
3,10672
4,10672
5,10672
4,10673
5,10673
3,10674
4,10674
3,10675
3,10676
3,10677
4,10678
5,10678
3,10679
4,10680
5,10680
3,10681
3,10682
1,10683
7,10683
7,10684
7,10685
3,10686
5,10687
5,10688
3,10689
3,10690
4,10691
5,10691
5,10692
3,10693
3,10694
3,10695
7,10696
3,10697
3,10698
5,10698
3,10699
4,10700
5,10700
5,10701
5,10702
3,10703
7,10704
3,10705
3,10706
3,10707
3,10708
3,10709
3,10710
3,10711
3,10712
7,10713
3,10714
7,10714
3,10715
5,10716
3,10717
3,10718
5,10719
5,10720
3,10721
4,10721
7,10721
7,10722
3,10723
7,10723
3,10724
1,10725
3,10725
7,10726
3,10727
3,10728
3,10729
3,10730
3,10731
5,10732
3,10733
3,10734
3,10735
7,10736
3,10737
3,10738
4,10739
5,10739
3,10740
7,10741
5,10742
3,10743
3,10744
7,10744
3,10745
3,10746
3,10747
5,10748
3,10749
5,10750
5,10751
5,10752
5,10753
3,10754
5,10755
5,10756
3,10757
5,10757
3,10758
5,10759
3,10760
4,10761
5,10761
3,10762
4,10763
5,10763
3,10764
5,10765
5,10766
3,10767
4,10768
5,10768
4,10769
5,10769
4,10770
5,10770
3,10771
3,10772
3,10773
3,10774
4,10775
5,10775
3,10776
3,10777
3,10778
7,10778
3,10779
3,10780
3,10781
1,10782
3,10782
5,10782
3,10783
3,10784
4,10784
5,10784
3,10785
3,10786
4,10787
5,10787
3,10788
5,10788
3,10789
3,10790
7,10791
3,10792
4,10793
5,10793
4,10794
5,10794
7,10794
7,10795
3,10796
3,10797
3,10798
5,10799
3,10800
3,10801
3,10802
3,10803
3,10804
3,10805
3,10806
3,10807
3,10808
3,10809
3,10810
3,10811
4,10812
5,10812
4,10813
5,10813
3,10814
3,10815
3,10816
3,10817
3,10818
3,10819
7,10819
3,10820
3,10821
3,10822
3,10823
3,10824
3,10825
3,10826
3,10827
3,10828
3,10829
5,10830
3,10831
3,10832
5,10833
3,10834
3,10835
3,10836
3,10837
3,10838
3,10839
3,10840
4,10840
5,10840
3,10841
4,10842
5,10842
3,10843
4,10843
3,10844
3,10845
4,10846
5,10846
3,10847
3,10848
3,10849
5,10850
3,10851
5,10852
5,10853
3,10854
3,10855
4,10855
3,10856
3,10857
4,10858
7,10858
7,10859
3,10860
4,10860
5,10860
7,10860
3,10861
3,10862
3,10863
4,10863
7,10863
3,10864
3,10865
7,10866
1,10867
5,10867
3,10868
5,10869
4,10870
5,10870
4,10871
5,10871
3,10872
7,10873
4,10874
5,10874
3,10875
3,10876
3,10877
3,10878
3,10879
3,10880
3,10881
4,10881
5,10881
3,10882
3,10883
3,10884
3,10885
3,10886
3,10887
3,10888
3,10889
5,10890
3,10891
3,10892
3,10893
4,10894
5,10894
7,10895
7,10896
3,10897
3,10898
3,10899
5,10899
5,10900
7,10901
7,10902
7,10903
3,10904
3,10905
3,10906
3,10907
1,10908
3,10909
7,10910
5,10911
7,10912
7,10913
1,10914
7,10915
5,10916
7,10917
1,10918
4,10919
5,10919
3,10920
4,10920
5,10920
3,10921
3,10922
5,10923
7,10924
7,10925
3,10926
4,10926
5,10926
3,10927
3,10928
3,10929
3,10930
3,10931
3,10932
3,10933
3,10934
3,10935
3,10936
4,10937
5,10937
3,10938
3,10939
3,10940
1,10941
2,10941
3,10941
4,10941
5,10941
7,10941
3,10942
3,10943
3,10944
4,10945
5,10945
3,10946
3,10947
7,10947
1,10948
3,10948
7,10948
3,10949
3,10950
3,10951
3,10952
3,10953
3,10954
5,10955
3,10956
4,10956
5,10956
3,10957
5,10957
3,10958
4,10959
5,10959
7,10959
3,10960
3,10961
3,10962
3,10963
5,10963
5,10964
3,10965
3,10966
5,10967
3,10968
3,10969
4,10970
5,10970
7,10970
1,10971
7,10972
5,10973
3,10974
3,10975
4,10976
5,10976
3,10977
4,10978
5,10978
3,10979
3,10980
7,10980
4,10981
5,10981
3,10982
3,10983
4,10983
3,10984
3,10985
5,10986
3,10987
3,10988
3,10989
3,10990
5,10991
4,10992
5,10992
3,10993
4,10993
3,10994
3,10995
3,10996
3,10997
3,10998
3,10999
3,11000
3,11001
3,11002
3,11003
3,11004
3,11005
3,11006
3,11007
3,11008
3,11009
3,11010
3,11011
3,11012
3,11013
3,11014
5,11015
3,11016
5,11017
3,11018
3,11019
3,11020
3,11021
3,11022
4,11023
5,11023
3,11024
1,11025
2,11025
4,11025
5,11026
1,11027
4,11027
5,11027
7,11027
3,11028
4,11029
5,11029
7,11029
3,11030
3,11031
3,11032
3,11033
3,11034
3,11035
7,11036
5,11037
3,11038
3,11039
3,11040
3,11041
3,11042
3,11043
3,11044
3,11045
3,11046
3,11047
3,11048
3,11049
5,11049
3,11050
3,11051
3,11052
3,11053
3,11054
3,11055
3,11056
3,11057
5,11058
3,11059
3,11060
3,11061
3,11062
3,11063
3,11064
3,11065
1,11066
3,11067
3,11068
5,11068
3,11069
3,11070
3,11071
5,11072
3,11073
3,11074
7,11075
1,11076
7,11077
3,11078
1,11079
3,11080
3,11081
3,11082
3,11083
3,11084
3,11085
4,11086
5,11086
3,11087
4,11088
5,11088
3,11089
3,11090
5,11091
1,11092
3,11092
7,11093
1,11094
7,11094
1,11095
7,11095
3,11096
3,11097
3,11098
3,11099
3,11100
4,11101
5,11101
3,11102
4,11103
5,11103
3,11104
3,11105
3,11106
3,11107
4,11107
3,11108
5,11109
3,11110
3,11111
3,11112
3,11113
4,11114
5,11114
3,11115
3,11116
4,11116
5,11116
3,11117
3,11118
3,11119
3,11120
7,11121
3,11122
5,11123
3,11124
3,11125
1,11126
3,11126
7,11126
7,11127
4,11128
5,11128
3,11129
3,11130
3,11131
3,11132
3,11133
3,11134
4,11134
3,11135
3,11136
3,11137
3,11138
3,11139
3,11140
3,11141
3,11142
3,11143
4,11143
3,11144
4,11144
3,11145
3,11146
3,11147
3,11148
4,11148
3,11149
3,11150
3,11151
3,11152
3,11153
3,11154
5,11155
5,11156
5,11157
5,11158
1,11159
1,11160
5,11160
1,11161
5,11162
1,11163
7,11164
5,11165
5,11166
7,11167
1,11168
7,11168
7,11169
7,11170
7,11171
7,11172
7,11173
7,11174
7,11175
3,11176
1,11177
7,11178
3,11179
5,11179
3,11180
3,11181
7,11182
4,11183
7,11183
3,11184
1,11185
2,11185
4,11185
4,11186
5,11186
3,11187
3,11188
3,11189
3,11190
5,11191
7,11192
4,11193
5,11193
3,11194
4,11194
5,11194
3,11195
3,11196
7,11196
5,11197
3,11198
5,11199
3,11200
3,11201
5,11202
5,11203
5,11204
4,11205
5,11205
3,11206
3,11207
4,11208
7,11208
7,11209
5,11210
7,11210
5,11211
3,11212
3,11213
3,11214
5,11215
3,11216
4,11216
5,11216
5,11217
3,11218
4,11219
5,11219
3,11220
3,11221
4,11222
5,11222
4,11223
7,11223
3,11224
3,11225
7,11226
3,11227
7,11228
4,11229
5,11229
7,11229
4,11230
5,11230
7,11230
3,11231
3,11232
7,11233
3,11234
7,11235
5,11236
3,11237
3,11238
5,11239
3,11240
3,11241
7,11242
3,11243
4,11243
3,11244
3,11245
5,11246
4,11247
5,11247
5,11248
4,11249
5,11249
7,11250
3,11251
3,11252
4,11253
5,11253
7,11253
3,11254
4,11255
5,11255
7,11255
1,11256
3,11256
4,11256
5,11256
1,11257
4,11257
1,11258
3,11259
3,11260
3,11261
3,11262
3,11263
5,11264
7,11264
3,11265
3,11266
3,11267
3,11268
4,11268
5,11268
3,11269
3,11270
3,11271
3,11272
3,11273
1,11274
2,11274
4,11274
5,11274
7,11274
3,11275
4,11275
7,11275
3,11276
3,11277
4,11278
7,11278
3,11279
4,11280
5,11280
3,11281
3,11282
3,11283
3,11284
3,11285
1,11286
3,11287
3,11288
4,11289
5,11289
7,11289
3,11290
3,11291
5,11292
3,11293
5,11294
5,11295
4,11296
5,11296
3,11297
5,11298
3,11299
7,11300
4,11301
5,11301
5,11302
3,11303
3,11304
3,11305
3,11306
4,11307
5,11307
3,11308
4,11308
5,11308
7,11309
5,11310
3,11311
3,11312
3,11313
3,11314
7,11315
3,11316
7,11317
3,11318
3,11319
3,11320
3,11321
3,11322
3,11323
3,11324
3,11325
3,11326
3,11327
3,11328
3,11329
7,11330
3,11331
7,11332
3,11333
3,11334
3,11335
3,11336
3,11337
3,11338
3,11339
3,11340
3,11341
3,11342
3,11343
4,11343
5,11344
5,11345
3,11346
3,11347
3,11348
3,11349
5,11350
3,11351
4,11351
5,11351
5,11352
3,11353
3,11354
3,11355
7,11356
3,11357
3,11358
3,11359
4,11359
3,11360
3,11361
3,11362
3,11363
3,11364
3,11365
3,11366
3,11367
3,11368
4,11369
5,11369
4,11370
5,11370
3,11371
3,11372
5,11373
5,11374
3,11375
3,11376
3,11377
3,11378
3,11379
5,11380
5,11381
5,11382
3,11383
5,11383
7,11384
1,11385
1,11386
1,11387
3,11388
5,11389
5,11390
5,11391
7,11392
7,11393
3,11394
3,11395
5,11395
7,11395
5,11396
5,11397
3,11398
3,11399
3,11400
3,11401
3,11402
4,11402
3,11403
3,11404
3,11405
3,11406
5,11407
5,11408
5,11409
5,11410
5,11411
1,11412
1,11413
5,11414
1,11415
3,11416
1,11417
7,11418
1,11419
3,11420
3,11421
3,11422
7,11423
1,11424
3,11425
7,11425
5,11426
1,11427
3,11428
3,11429
1,11430
3,11430
4,11430
5,11430
1,11431
1,11432
5,11432
3,11433
3,11434
3,11435
5,11435
3,11436
3,11437
3,11438
3,11439
3,11440
4,11440
3,11441
5,11441
3,11442
5,11442
3,11443
5,11443
3,11444
5,11444
3,11445
3,11446
3,11447
3,11448
4,11448
5,11448
3,11449
3,11450
3,11451
4,11451
5,11452
3,11453
5,11453
3,11454
3,11455
3,11456
3,11457
3,11458
5,11458
4,11459
5,11459
1,11460
3,11461
4,11461
3,11462
5,11463
3,11464
3,11465
1,11466
3,11466
5,11467
3,11468
3,11469
4,11469
5,11469
3,11470
5,11471
3,11472
5,11473
5,11474
3,11475
3,11476
3,11477
3,11478
3,11479
5,11480
3,11481
3,11482
3,11483
3,11484
3,11485
3,11486
3,11487
4,11487
5,11487
3,11488
3,11489
3,11490
5,11491
3,11492
4,11493
5,11493
3,11494
3,11495
3,11496
4,11497
5,11497
3,11498
3,11499
4,11499
5,11499
3,11500
3,11501
3,11502
3,11503
3,11504
3,11505
3,11506
3,11507
3,11508
3,11509
3,11510
3,11511
3,11512
3,11513
7,11514
7,11515
7,11516
7,11517
3,11518
4,11518
5,11518
3,11519
4,11519
3,11520
5,11521
3,11522
5,11523
3,11524
3,11525
3,11526
3,11527
3,11528
3,11529
4,11529
7,11530
3,11531
3,11532
7,11532
3,11533
3,11534
3,11535
3,11536
3,11537
5,11538
3,11539
3,11540
3,11541
3,11542
3,11543
3,11544
3,11545
5,11546
5,11547
1,11548
4,11548
5,11548
5,11549
3,11550
5,11550
3,11551
5,11551
5,11552
1,11553
3,11553
7,11553
5,11554
4,11555
5,11555
3,11556
3,11557
3,11558
1,11559
4,11559
3,11560
3,11561
3,11562
3,11563
3,11564
3,11565
5,11565
3,11566
4,11566
5,11566
3,11567
3,11568
5,11569
3,11570
4,11570
5,11570
4,11571
5,11571
3,11572
5,11573
3,11574
3,11575
3,11576
3,11577
3,11578
3,11579
4,11579
3,11580
5,11581
3,11582
4,11582
5,11583
5,11584
5,11585
3,11586
3,11587
3,11588
3,11589
3,11590
5,11591
7,11592
5,11593
3,11594
3,11595
3,11596
3,11597
1,11598
2,11598
3,11598
4,11598
5,11598
7,11598
7,11599
5,11600
3,11601
7,11602
4,11603
7,11603
7,11604
4,11605
5,11605
7,11606
7,11607
1,11608
2,11608
4,11608
5,11608
7,11608
5,11609
3,11610
3,11611
3,11612
3,11613
3,11614
5,11615
3,11616
5,11616
5,11617
3,11618
3,11619
3,11620
3,11621
3,11622
3,11623
3,11624
3,11625
3,11626
3,11627
1,11628
3,11628
4,11628
7,11628
3,11629
5,11630
5,11631
3,11632
4,11633
5,11633
7,11634
7,11635
7,11636
7,11637
7,11638
7,11639
7,11640
7,11641
7,11642
7,11643
7,11644
7,11645
7,11646
7,11647
7,11648
7,11649
7,11650
7,11651
7,11652
7,11653
7,11654
7,11655
7,11656
7,11657
7,11658
7,11659
7,11660
7,11661
7,11662
7,11663
7,11664
7,11665
7,11666
7,11667
7,11668
7,11669
7,11670
7,11671
7,11672
7,11673
7,11674
7,11675
7,11676
7,11677
7,11678
7,11679
7,11680
7,11681
7,11682
7,11683
7,11684
7,11685
7,11686
7,11687
7,11688
7,11689
7,11690
7,11691
7,11692
7,11693
7,11694
5,11695
7,11696
4,11697
7,11697
5,11698
1,11699
4,11699
4,11700
5,11700
5,11701
3,11702
5,11703
3,11704
7,11705
4,11706
7,11706
5,11707
5,11708
3,11709
4,11709
5,11709
5,11710
7,11711
5,11712
5,11713
4,11714
5,11714
3,11715
2,11716
3,11716
7,11716
7,11717
5,11718
5,11719
3,11720
7,11721
7,11722
5,11723
4,11724
5,11724
5,11725
5,11726
5,11727
3,11728
3,11729
3,11730
5,11731
5,11732
7,11732
7,11733
1,11734
2,11734
3,11734
4,11734
5,11734
7,11734
3,11735
3,11736
3,11737
3,11738
5,11739
5,11740
5,11741
3,11742
4,11742
3,11743
3,11744
3,11745
3,11746
3,11747
3,11748
3,11749
3,11750
3,11751
4,11751
5,11751
3,11752
3,11753
3,11754
3,11755
3,11756
3,11757
3,11758
3,11759
3,11760
3,11761
3,11762
3,11763
3,11764
3,11765
3,11766
7,11767
3,11768
3,11769
3,11770
4,11770
5,11770
3,11771
5,11771
5,11772
5,11773
3,11774
3,11775
3,11776
3,11777
7,11778
5,11779
5,11780
4,11781
5,11781
7,11781
7,11782
4,11783
5,11783
1,11784
3,11784
4,11784
5,11784
7,11785
4,11786
5,11786
4,11787
5,11787
7,11788
3,11789
3,11790
3,11791
3,11792
3,11793
3,11794
3,11795
3,11796
3,11797
3,11798
3,11799
5,11800
7,11801
7,11802
7,11803
3,11804
5,11804
7,11805
4,11806
7,11806
7,11807
7,11808
1,11809
2,11809
3,11809
4,11809
5,11809
7,11809
7,11810
4,11811
7,11811
3,11812
3,11813
7,11814
3,11815
3,11816
4,11816
5,11816
7,11816
3,11817
3,11818
5,11818
3,11819
4,11819
5,11819
3,11820
4,11820
5,11820
3,11821
5,11821
3,11822
7,11823
3,11824
3,11825
3,11826
3,11827
3,11828
3,11829
3,11830
3,11831
7,11832
4,11833
7,11833
3,11834
7,11834
7,11835
7,11836
7,11837
7,11838
3,11839
3,11840
3,11841
3,11842
3,11843
3,11844
3,11845
4,11845
3,11846
3,11847
2,11848
3,11848
4,11848
7,11848
3,11849
4,11850
5,11850
4,11851
7,11851
7,11852
7,11853
7,11854
3,11855
7,11855
7,11856
7,11857
7,11858
7,11859
4,11860
5,11860
3,11861
3,11862
3,11863
3,11864
3,11865
4,11865
3,11866
3,11867
4,11867
3,11868
4,11868
5,11868
2,11869
4,11869
7,11869
1,11870
2,11870
3,11870
4,11870
7,11870
7,11871
1,11872
2,11872
4,11872
5,11872
7,11872
7,11873
1,11874
7,11874
1,11875
1,11876
7,11876
7,11877
1,11878
4,11878
7,11878
3,11879
3,11880
3,11881
7,11882
7,11883
5,11884
5,11885
3,11886
3,11887
4,11887
3,11888
3,11889
3,11890
3,11891
3,11892
3,11893
3,11894
3,11895
3,11896
3,11897
5,11898
1,11899
5,11900
5,11901
1,11902
1,11903
1,11904
1,11905
1,11906
5,11907
7,11908
1,11909
7,11910
3,11911
5,11911
5,11912
5,11913
5,11914
5,11915
5,11916
5,11917
1,11918
7,11918
1,11919
7,11919
5,11920
5,11921
1,11922
5,11922
5,11923
1,11924
5,11925
1,11926
1,11927
1,11928
7,11928
1,11929
1,11930
5,11931
3,11932
7,11933
7,11934
1,11935
3,11936
3,11937
1,11938
7,11938
1,11939
7,11939
1,11940
7,11940
1,11941
1,11942
5,11942
1,11943
3,11944
3,11945
1,11946
1,11947
5,11947
1,11948
7,11949
3,11950
4,11951
5,11951
5,11952
3,11953
3,11954
4,11954
7,11955
3,11956
5,11957
4,11958
5,11958
3,11959
7,11960
4,11961
5,11961
3,11962
7,11962
4,11963
7,11963
5,11964
1,11965
3,11965
1,11966
1,11967
3,11967
4,11967
5,11967
3,11968
5,11969
5,11970
5,11971
5,11972
4,11973
5,11973
3,11974
4,11975
5,11975
3,11976
4,11976
5,11977
3,11978
3,11979
3,11980
3,11981
3,11982
3,11983
3,11984
3,11985
3,11986
5,11987
7,11988
5,11989
5,11990
5,11991
1,11992
3,11992
5,11993
5,11994
7,11995
1,11996
1,11997
7,11998
1,11999
1,12000
1,12001
7,12002
5,12003
3,12004
4,12004
3,12005
4,12005
1,12006
5,12007
1,12008
1,12009
7,12009
5,12010
3,12011
3,12012
1,12013
1,12014
5,12015
5,12016
5,12017
7,12018
3,12019
4,12020
5,12020
3,12021
3,12022
3,12023
3,12024
3,12025
3,12026
3,12027
3,12028
3,12029
3,12030
3,12031
3,12032
3,12033
3,12034
3,12035
3,12036
3,12037
3,12038
3,12039
3,12040
3,12041
3,12042
3,12043
3,12044
3,12045
3,12046
3,12047
3,12048
3,12049
4,12049
3,12050
3,12051
3,12052
3,12053
3,12054
3,12055
3,12056
3,12057
3,12058
3,12059
3,12060
3,12061
3,12062
5,12063
3,12064
4,12064
3,12065
3,12066
5,12067
3,12068
3,12069
4,12069
3,12070
3,12071
3,12072
3,12073
7,12074
3,12075
3,12076
3,12077
3,12078
5,12079
3,12080
3,12081
3,12082
3,12083
3,12084
3,12085
3,12086
3,12087
3,12088
3,12089
3,12090
3,12091
3,12092
3,12093
7,12094
5,12095
5,12096
4,12097
5,12097
7,12098
3,12099
4,12099
5,12100
5,12101
5,12102
5,12103
5,12104
5,12105
1,12106
3,12106
5,12107
3,12108
3,12109
7,12110
3,12111
3,12112
3,12113
1,12114
3,12114
4,12114
3,12115
3,12116
3,12117
3,12118
4,12118
3,12119
3,12120
5,12121
3,12122
5,12123
5,12124
3,12125
4,12125
5,12125
3,12126
3,12127
4,12128
5,12128
4,12129
5,12129
3,12130
3,12131
3,12132
5,12133
4,12134
5,12134
3,12135
3,12136
5,12137
5,12138
3,12139
5,12140
5,12141
3,12142
5,12142
3,12143
5,12143
5,12144
5,12145
5,12146
3,12147
5,12148
5,12149
5,12150
3,12151
3,12152
5,12153
3,12154
5,12154
7,12155
3,12156
4,12157
5,12157
3,12158
4,12159
5,12159
3,12160
3,12161
5,12161
3,12162
1,12163
3,12163
7,12163
1,12164
3,12165
4,12165
5,12165
1,12166
4,12166
3,12167
7,12168
1,12169
7,12169
3,12170
5,12171
3,12172
3,12173
7,12173
3,12174
5,12175
1,12176
3,12176
1,12177
3,12177
7,12177
7,12178
2,12179
5,12180
2,12181
3,12182
3,12183
4,12184
5,12184
3,12185
7,12186
7,12187
1,12188
4,12188
5,12188
5,12189
4,12190
5,12190
3,12191
3,12192
3,12193
3,12194
3,12195
3,12196
3,12197
3,12198
3,12199
3,12200
4,12200
7,12201
3,12202
4,12203
5,12203
3,12204
3,12205
1,12206
3,12206
4,12206
7,12206
1,12207
2,12207
3,12207
4,12207
7,12207
7,12208
7,12209
3,12210
5,12211
5,12212
2,12213
4,12213
5,12213
2,12214
4,12214
5,12214
4,12215
5,12215
3,12216
3,12217
3,12218
4,12219
5,12219
3,12220
5,12221
1,12222
1,12223
1,12224
5,12224
5,12225
1,12226
7,12226
7,12227
1,12228
2,12228
4,12228
5,12228
7,12228
3,12229
4,12229
7,12229
5,12230
5,12231
3,12232
3,12233
5,12234
3,12235
3,12236
5,12237
5,12238
3,12239
5,12240
1,12241
3,12241
4,12241
5,12241
7,12241
3,12242
3,12243
4,12244
7,12244
3,12245
3,12246
3,12247
1,12248
7,12248
3,12249
3,12250
1,12251
5,12252
5,12253
7,12254
1,12255
2,12255
7,12255
4,12256
5,12256
5,12257
3,12258
3,12259
3,12260
3,12261
3,12262
3,12263
3,12264
3,12265
3,12266
3,12267
3,12268
3,12269
3,12270
3,12271
3,12272
3,12273
7,12274
3,12275
3,12276
3,12277
3,12278
3,12279
3,12280
3,12281
5,12282
3,12283
5,12284
3,12285
5,12286
3,12287
5,12288
3,12289
3,12290
3,12291
3,12292
5,12293
3,12294
5,12295
3,12296
3,12297
3,12298
3,12299
3,12300
3,12301
3,12302
3,12303
3,12304
3,12305
3,12306
5,12306
5,12307
3,12308
5,12309
5,12310
3,12311
3,12312
3,12313
7,12314
3,12315
5,12316
5,12317
3,12318
3,12319
3,12320
5,12321
5,12322
5,12323
3,12324
4,12324
5,12324
3,12325
5,12326
3,12327
4,12327
3,12328
5,12329
3,12330
5,12331
3,12332
3,12333
4,12333
3,12334
5,12334
7,12335
3,12336
3,12337
5,12338
3,12339
3,12340
3,12341
3,12342
3,12343
4,12343
5,12343
5,12344
3,12345
7,12346
3,12347
5,12347
3,12348
3,12349
5,12350
3,12351
3,12352
3,12353
3,12354
3,12355
5,12356
5,12357
5,12358
5,12359
5,12360
3,12361
7,12361
3,12362
3,12363
5,12364
3,12365
5,12366
5,12367
3,12368
5,12368
1,12369
3,12370
3,12371
4,12371
5,12371
3,12372
3,12373
5,12374
5,12375
3,12376
3,12377
3,12378
3,12379
3,12380
3,12381
5,12381
3,12382
3,12383
3,12384
3,12385
3,12386
5,12386
3,12387
3,12388
3,12389
5,12390
3,12391
3,12392
3,12393
5,12393
3,12394
3,12395
5,12395
3,12396
3,12397
3,12398
3,12399
3,12400
5,12400
3,12401
5,12401
3,12402
3,12403
3,12404
5,12404
3,12405
3,12406
3,12407
5,12408
3,12409
3,12410
3,12411
5,12411
7,12412
3,12413
4,12413
5,12413
3,12414
3,12415
7,12416
5,12417
5,12418
5,12419
5,12420
3,12421
7,12422
3,12423
3,12424
3,12425
3,12426
5,12427
3,12428
3,12429
7,12430
5,12431
3,12432
5,12433
3,12434
3,12435
5,12435
3,12436
3,12437
5,12438
7,12439
5,12440
7,12441
3,12442
3,12443
3,12444
1,12445
7,12446
1,12447
1,12448
1,12449
1,12450
1,12451
4,12451
5,12451
5,12452
3,12453
1,12454
3,12454
3,12455
3,12456
3,12457
7,12457
3,12458
1,12459
2,12459
3,12459
4,12459
7,12459
3,12460
4,12460
5,12460
3,12461
1,12462
2,12462
3,12462
4,12462
5,12462
7,12462
1,12463
1,12464
5,12464
7,12465
3,12466
3,12467
3,12468
3,12469
3,12470
3,12471
4,12471
3,12472
3,12473
3,12474
3,12475
5,12476
3,12477
7,12478
7,12479
7,12480
7,12481
7,12482
7,12483
3,12484
3,12485
3,12486
3,12487
5,12488
4,12489
5,12489
5,12490
3,12491
4,12492
5,12492
4,12493
5,12493
3,12494
3,12495
7,12496
3,12497
5,12498
3,12499
3,12500
3,12501
3,12502
3,12503
1,12504
7,12504
4,12505
5,12505
3,12506
3,12507
3,12508
3,12509
4,12510
5,12510
3,12511
3,12512
3,12513
4,12513
5,12513
3,12514
3,12515
3,12516
1,12517
2,12517
3,12517
4,12517
7,12517
3,12518
3,12519
5,12519
4,12520
5,12520
5,12521
5,12522
3,12523
7,12524
3,12525
4,12526
5,12526
3,12527
3,12528
3,12529
3,12530
3,12531
3,12532
3,12533
5,12534
5,12535
7,12536
4,12537
7,12537
7,12538
5,12539
1,12540
2,12540
4,12540
5,12540
1,12541
5,12541
2,12542
5,12543
5,12544
1,12545
4,12545
5,12545
5,12546
5,12547
5,12548
3,12549
3,12550
3,12551
7,12552
5,12553
4,12554
5,12554
4,12555
5,12555
3,12556
3,12557
3,12558
4,12559
5,12559
5,12560
5,12561
3,12562
5,12563
1,12564
2,12564
4,12564
5,12564
7,12564
1,12565
2,12565
4,12565
5,12565
2,12566
5,12567
3,12568
3,12569
3,12570
4,12570
5,12570
5,12571
5,12572
3,12573
5,12574
5,12575
5,12576
3,12577
3,12578
5,12579
4,12580
5,12580
2,12581
4,12581
5,12581
7,12581
1,12582
3,12582
4,12582
7,12582
1,12583
2,12583
3,12583
4,12583
5,12583
7,12583
5,12584
1,12585
5,12585
1,12586
5,12586
1,12587
5,12587
4,12588
5,12588
5,12589
5,12590
3,12591
3,12592
3,12593
3,12594
3,12595
5,12595
1,12596
5,12597
1,12598
5,12598
5,12599
1,12600
5,12600
5,12601
1,12602
1,12603
3,12604
5,12605
1,12606
3,12607
3,12608
3,12609
5,12609
1,12610
3,12610
4,12610
5,12610
3,12611
7,12611
3,12612
7,12612
3,12613
7,12613
3,12614
5,12615
1,12616
3,12616
3,12617
3,12618
3,12619
3,12620
3,12621
3,12622
4,12623
5,12623
3,12624
3,12625
3,12626
4,12626
5,12626
3,12627
1,12628
2,12628
4,12628
3,12629
3,12630
3,12631
5,12632
7,12633
1,12634
2,12634
3,12634
4,12634
5,12634
7,12634
5,12635
5,12636
5,12637
3,12638
3,12639
1,12640
2,12640
4,12640
7,12640
3,12641
3,12642
7,12643
3,12644
3,12645
3,12646
3,12647
3,12648
3,12649
3,12650
3,12651
3,12652
3,12653
3,12654
3,12655
3,12656
3,12657
5,12657
3,12658
3,12659
5,12660
5,12661
1,12662
4,12662
3,12663
5,12663
1,12664
4,12664
5,12664
3,12665
4,12665
3,12666
3,12667
3,12668
4,12668
5,12668
4,12669
7,12669
3,12670
3,12671
7,12672
7,12673
3,12674
3,12675
7,12675
4,12676
7,12676
7,12677
7,12678
7,12679
7,12680
4,12681
5,12681
5,12682
7,12683
7,12684
2,12685
7,12685
3,12686
3,12687
4,12688
7,12688
3,12689
2,12690
4,12690
7,12690
5,12691
7,12692
5,12693
4,12694
5,12694
3,12695
3,12696
3,12697
3,12698
3,12699
3,12700
3,12701
3,12702
3,12703
3,12704
7,12704
7,12705
3,12706
3,12707
3,12708
7,12709
3,12710
3,12711
3,12712
4,12712
1,12713
2,12713
4,12713
7,12713
5,12714
5,12715
5,12716
7,12717
7,12718
4,12719
5,12719
3,12720
3,12721
3,12722
3,12723
4,12724
5,12724
7,12725
1,12726
3,12726
4,12726
7,12726
5,12727
7,12727
3,12728
3,12729
3,12730
5,12731
4,12732
7,12732
7,12733
3,12734
5,12735
4,12736
5,12736
4,12737
5,12737
4,12738
5,12738
7,12738
7,12739
3,12740
5,12741
5,12742
5,12743
5,12744
3,12745
4,12745
5,12745
3,12746
3,12747
7,12747
3,12748
5,12748
7,12748
3,12749
7,12750
3,12751
5,12751
7,12751
3,12752
5,12752
7,12752
3,12753
5,12754
5,12755
3,12756
3,12757
5,12758
5,12759
1,12760
4,12760
3,12761
7,12762
7,12763
7,12764
7,12765
7,12766
5,12767
7,12768
5,12769
4,12770
7,12770
5,12771
1,12772
2,12772
4,12772
5,12772
7,12772
1,12773
2,12773
3,12773
4,12773
7,12773
7,12774
4,12775
7,12775
7,12776
7,12777
7,12778
7,12779
7,12780
7,12781
5,12782
5,12783
1,12784
7,12784
4,12785
5,12785
3,12786
7,12787
4,12788
7,12788
1,12789
3,12789
4,12789
5,12789
7,12790
7,12791
4,12792
7,12792
7,12793
7,12794
7,12795
4,12796
5,12796
7,12797
5,12798
7,12799
7,12800
5,12801
1,12802
3,12802
3,12803
3,12804
3,12805
3,12806
3,12807
3,12808
4,12809
5,12809
4,12810
5,12810
7,12810
7,12811
3,12812
3,12813
1,12814
4,12814
7,12814
1,12815
7,12816
3,12817
1,12818
7,12819
3,12820
3,12821
3,12822
3,12823
3,12824
3,12825
3,12826
3,12827
3,12828
3,12829
3,12830
3,12831
3,12832
3,12833
3,12834
3,12835
3,12836
3,12837
3,12838
3,12839
3,12840
4,12841
5,12841
3,12842
3,12843
3,12844
5,12845
3,12846
3,12847
3,12848
3,12849
3,12850
3,12851
5,12852
3,12853
3,12854
3,12855
4,12855
5,12855
7,12855
3,12856
4,12856
5,12856
7,12856
3,12857
3,12858
3,12859
4,12859
5,12859
3,12860
7,12860
3,12861
7,12861
3,12862
3,12863
4,12864
5,12864
7,12864
3,12865
3,12866
3,12867
3,12868
3,12869
4,12870
5,12870
5,12871
3,12872
7,12873
7,12874
4,12875
5,12875
3,12876
4,12877
5,12877
5,12878
4,12879
5,12879
4,12880
5,12880
3,12881
3,12882
2,12883
3,12884
5,12885
1,12886
3,12886
4,12886
5,12886
7,12886
3,12887
4,12887
5,12887
5,12888
3,12889
4,12889
5,12889
2,12890
4,12890
5,12890
5,12891
1,12892
2,12892
4,12892
7,12892
2,12893
4,12894
5,12894
3,12895
3,12896
3,12897
3,12898
5,12899
3,12900
3,12901
1,12902
2,12902
4,12902
7,12902
3,12903
3,12904
3,12905
3,12906
3,12907
4,12908
5,12908
3,12909
3,12910
3,12911
4,12912
5,12912
3,12913
1,12914
3,12914
4,12914
5,12914
3,12915
3,12916
3,12917
3,12918
4,12919
5,12919
3,12920
3,12921
3,12922
3,12923
3,12924
3,12925
3,12926
3,12927
2,12928
1,12929
2,12929
4,12929
5,12929
3,12930
3,12931
3,12932
4,12933
7,12933
7,12934
5,12935
5,12936
5,12937
4,12938
5,12938
4,12939
5,12939
5,12940
5,12941
3,12942
5,12943
3,12944
3,12945
3,12946
3,12947
3,12948
3,12949
4,12950
5,12950
3,12951
3,12952
3,12953
3,12954
3,12955
3,12956
4,12956
5,12956
3,12957
3,12958
3,12959
3,12960
3,12961
3,12962
3,12963
4,12964
5,12964
3,12965
3,12966
5,12966
3,12967
3,12968
4,12968
5,12968
5,12969
5,12970
4,12971
5,12971
3,12972
2,12973
4,12973
3,12974
3,12975
7,12976
1,12977
3,12978
1,12979
3,12979
7,12979
3,12980
1,12981
1,12982
3,12982
3,12983
3,12984
5,12984
3,12985
3,12986
3,12987
3,12988
3,12989
3,12990
3,12991
1,12992
3,12993
3,12994
3,12995
3,12996
5,12997
3,12998
3,12999
3,13000
7,13001
7,13002
7,13003
5,13004
5,13005
3,13006
3,13007
3,13008
7,13009
5,13010
5,13011
5,13012
3,13013
7,13014
7,13015
5,13016
5,13017
5,13018
3,13019
3,13020
3,13021
3,13022
3,13023
5,13024
3,13025
3,13026
5,13026
3,13027
4,13027
5,13028
3,13029
7,13029
3,13030
3,13031
4,13031
7,13032
7,13033
1,13034
4,13034
5,13034
7,13035
3,13036
3,13037
3,13038
5,13039
3,13040
3,13041
3,13042
3,13043
4,13044
5,13044
3,13045
3,13046
5,13047
5,13048
3,13049
3,13050
3,13051
3,13052
3,13053
3,13054
3,13055
3,13056
3,13057
3,13058
7,13059
5,13060
5,13061
4,13062
5,13062
5,13063
5,13064
3,13065
3,13066
3,13067
3,13068
3,13069
4,13070
5,13070
3,13071
5,13072
4,13073
5,13073
3,13074
3,13075
4,13075
3,13076
3,13077
5,13078
3,13079
7,13080
3,13081
3,13082
3,13083
5,13084
3,13085
3,13086
3,13087
4,13087
5,13088
3,13089
3,13090
3,13091
3,13092
3,13093
3,13094
3,13095
5,13096
7,13097
3,13098
3,13099
3,13100
3,13101
3,13102
3,13103
3,13104
3,13105
3,13106
3,13107
4,13107
3,13108
3,13109
3,13110
3,13111
3,13112
3,13113
5,13114
5,13115
4,13116
5,13116
4,13117
5,13117
4,13118
5,13118
3,13119
3,13120
3,13121
3,13122
4,13122
5,13122
3,13123
3,13124
3,13125
3,13126
4,13127
5,13127
3,13128
3,13129
3,13130
5,13131
3,13132
3,13133
4,13133
3,13134
4,13134
3,13135
5,13136
3,13137
3,13138
3,13139
3,13140
3,13141
3,13142
3,13143
3,13144
3,13145
3,13146
7,13146
3,13147
7,13147
7,13148
7,13149
7,13150
3,13151
3,13152
7,13153
3,13154
7,13155
3,13156
3,13157
5,13158
3,13159
5,13160
3,13161
3,13162
5,13163
5,13164
3,13165
3,13166
3,13167
3,13168
4,13169
5,13169
3,13170
3,13171
5,13172
3,13173
3,13174
3,13175
5,13176
5,13177
5,13178
5,13179
5,13180
3,13181
3,13182
5,13183
3,13184
3,13185
3,13186
3,13187
4,13188
5,13188
7,13189
7,13190
3,13191
3,13192
3,13193
3,13194
3,13195
4,13196
5,13196
3,13197
3,13198
7,13198
3,13199
3,13200
3,13201
3,13202
3,13203
4,13204
5,13204
3,13205
3,13206
3,13207
5,13208
4,13209
5,13209
4,13210
5,13210
3,13211
5,13211
3,13212
4,13213
5,13213
3,13214
1,13215
3,13215
4,13215
7,13215
3,13216
3,13217
3,13218
3,13219
3,13220
4,13220
5,13220
7,13220
1,13221
3,13222
1,13223
7,13223
3,13224
3,13225
5,13226
3,13227
5,13228
5,13229
5,13230
4,13231
5,13231
3,13232
3,13233
3,13234
3,13235
3,13236
3,13237
3,13238
3,13239
3,13240
3,13241
3,13242
4,13242
5,13242
3,13243
3,13244
3,13245
3,13246
3,13247
7,13248
4,13249
5,13249
3,13250
3,13251
3,13252
3,13253
3,13254
4,13255
5,13255
3,13256
3,13257
3,13258
5,13259
5,13260
5,13261
3,13262
3,13263
3,13264
4,13265
5,13265
4,13266
5,13266
3,13267
3,13268
5,13269
3,13270
4,13271
5,13271
3,13272
4,13273
5,13273
3,13274
3,13275
7,13276
3,13277
3,13278
5,13279
3,13280
3,13281
3,13282
3,13283
3,13284
3,13285
3,13286
3,13287
3,13288
3,13289
3,13290
5,13291
4,13292
5,13292
3,13293
3,13294
3,13295
7,13296
3,13297
5,13298
3,13299
4,13300
5,13300
3,13301
3,13302
3,13303
3,13304
7,13305
3,13306
5,13307
3,13308
3,13309
3,13310
3,13311
3,13312
5,13312
7,13312
3,13313
4,13313
5,13313
7,13313
7,13314
3,13315
3,13316
3,13317
5,13317
3,13318
3,13319
3,13320
3,13321
3,13322
3,13323
3,13324
7,13325
3,13326
1,13327
4,13327
5,13327
4,13328
7,13328
3,13329
3,13330
3,13331
7,13332
5,13333
3,13334
4,13334
3,13335
4,13336
5,13336
3,13337
7,13338
3,13339
5,13340
5,13341
5,13342
5,13343
3,13344
3,13345
3,13346
3,13347
5,13348
3,13349
3,13350
4,13350
1,13351
4,13351
5,13351
4,13352
5,13352
5,13353
5,13354
3,13355
5,13356
5,13357
4,13358
5,13358
5,13359
3,13360
4,13360
5,13360
3,13361
3,13362
5,13362
3,13363
3,13364
3,13365
3,13366
7,13367
3,13368
3,13369
5,13370
5,13371
3,13372
3,13373
3,13374
5,13375
3,13376
3,13377
5,13378
3,13379
3,13380
3,13381
3,13382
3,13383
3,13384
3,13385
3,13386
3,13387
3,13388
3,13389
3,13390
5,13391
3,13392
5,13393
3,13394
5,13395
3,13396
3,13397
3,13398
3,13399
1,13400
3,13400
4,13400
5,13400
5,13401
3,13402
3,13403
5,13403
3,13404
3,13405
7,13406
3,13407
3,13408
3,13409
3,13410
4,13410
3,13411
7,13412
3,13413
3,13414
3,13415
3,13416
3,13417
3,13418
3,13419
3,13420
3,13421
3,13422
5,13423
3,13424
3,13425
3,13426
3,13427
5,13428
3,13429
3,13430
4,13430
3,13431
3,13432
3,13433
3,13434
3,13435
7,13436
1,13437
3,13437
3,13438
3,13439
3,13440
3,13441
3,13442
3,13443
3,13444
7,13445
7,13446
7,13447
3,13448
3,13449
5,13449
3,13450
3,13451
3,13452
3,13453
3,13454
7,13455
4,13456
5,13456
3,13457
3,13458
5,13459
5,13460
3,13461
3,13462
7,13463
7,13464
5,13465
4,13466
5,13466
4,13467
5,13467
5,13468
3,13469
3,13470
7,13471
3,13472
3,13473
4,13474
5,13474
7,13475
7,13476
7,13477
4,13478
7,13478
3,13479
3,13480
3,13481
3,13482
4,13483
5,13483
7,13483
3,13484
7,13485
5,13486
5,13487
3,13488
3,13489
3,13490
5,13491
3,13492
3,13493
7,13494
3,13495
3,13496
4,13497
5,13497
3,13498
7,13499
7,13500
7,13501
7,13502
7,13503
1,13504
5,13504
3,13505
3,13506
3,13507
3,13508
5,13508
3,13509
4,13509
3,13510
3,13511
3,13512
4,13513
5,13513
3,13514
3,13515
3,13516
3,13517
3,13518
3,13519
3,13520
5,13520
3,13521
3,13522
3,13523
3,13524
3,13525
4,13525
5,13525
3,13526
7,13527
4,13528
5,13528
3,13529
4,13530
5,13530
7,13530
7,13531
3,13532
5,13532
3,13533
3,13534
3,13535
7,13536
3,13537
3,13538
3,13539
3,13540
5,13541
3,13542
3,13543
7,13544
3,13545
3,13546
3,13547
4,13548
7,13548
3,13549
3,13550
4,13551
7,13551
5,13552
5,13553
3,13554
3,13555
5,13556
3,13557
5,13558
5,13559
3,13560
7,13561
3,13562
5,13562
3,13563
3,13564
3,13565
3,13566
3,13567
3,13568
3,13569
3,13570
3,13571
3,13572
5,13573
5,13574
5,13575
3,13576
3,13577
4,13578
5,13578
3,13579
5,13580
7,13580
3,13581
3,13582
3,13583
3,13584
4,13584
3,13585
7,13586
3,13587
3,13588
3,13589
3,13590
4,13590
5,13590
7,13590
5,13591
7,13591
3,13592
5,13593
4,13594
5,13594
7,13595
5,13596
4,13597
5,13597
5,13598
4,13599
5,13599
5,13600
7,13601
3,13602
3,13603
3,13604
3,13605
3,13606
3,13607
3,13608
7,13609
3,13610
3,13611
3,13612
5,13613
3,13614
3,13615
3,13616
3,13617
3,13618
7,13619
5,13620
3,13621
3,13622
3,13623
4,13623
3,13624
3,13625
3,13626
3,13627
3,13628
3,13629
3,13630
4,13630
3,13631
4,13631
3,13632
5,13633
3,13634
3,13635
3,13636
3,13637
5,13638
3,13639
3,13640
3,13641
3,13642
3,13643
3,13644
4,13644
5,13644
3,13645
3,13646
7,13647
3,13648
3,13649
3,13650
3,13651
3,13652
3,13653
5,13654
5,13655
5,13656
3,13657
5,13658
3,13659
3,13660
3,13661
3,13662
3,13663
5,13664
3,13665
3,13666
5,13667
3,13668
3,13669
3,13670
3,13671
5,13671
3,13672
7,13673
7,13674
3,13675
3,13676
5,13676
3,13677
5,13677
5,13678
3,13679
3,13680
3,13681
5,13682
5,13683
3,13684
3,13685
3,13686
3,13687
5,13688
3,13689
1,13690
2,13690
3,13690
4,13690
5,13690
7,13690
2,13691
3,13691
4,13691
5,13691
5,13692
3,13693
3,13694
3,13695
5,13696
5,13697
5,13698
3,13699
3,13700
3,13701
7,13702
4,13703
5,13703
3,13704
4,13705
5,13705
5,13706
5,13707
5,13708
3,13709
3,13710
3,13711
3,13712
3,13713
5,13713
5,13714
5,13715
5,13716
3,13717
3,13718
3,13719
3,13720
3,13721
5,13722
3,13723
5,13724
3,13725
3,13726
3,13727
3,13728
3,13729
4,13729
3,13730
3,13731
5,13732
3,13733
3,13734
4,13734
3,13735
3,13736
3,13737
3,13738
7,13739
1,13740
2,13740
4,13740
7,13740
3,13741
3,13742
3,13743
3,13744
3,13745
4,13745
3,13746
3,13747
4,13747
7,13748
7,13749
4,13750
5,13750
4,13751
7,13751
7,13752
4,13753
5,13753
5,13754
5,13755
5,13756
7,13757
7,13758
7,13759
7,13760
7,13761
4,13762
5,13762
5,13763
3,13764
3,13765
3,13766
3,13767
7,13768
3,13769
3,13770
5,13771
7,13771
3,13772
3,13773
5,13774
3,13775
3,13776
3,13777
3,13778
3,13779
3,13780
3,13781
4,13782
5,13782
3,13783
3,13784
5,13785
5,13786
3,13787
3,13788
4,13789
5,13789
4,13790
5,13790
3,13791
5,13791
1,13792
4,13792
5,13792
4,13793
5,13793
3,13794
3,13795
3,13796
5,13797
3,13798
4,13799
5,13799
5,13800
5,13801
3,13802
5,13803
3,13804
3,13805
3,13806
3,13807
3,13808
3,13809
7,13810
3,13811
1,13812
3,13812
4,13812
5,13813
7,13813
3,13814
4,13814
5,13814
3,13815
3,13816
3,13817
5,13818
5,13819
3,13820
3,13821
3,13822
3,13823
4,13823
5,13823
3,13824
5,13825
4,13826
5,13826
4,13827
5,13827
4,13828
5,13828
5,13829
4,13830
5,13830
4,13831
5,13831
3,13832
3,13833
3,13834
3,13835
3,13836
3,13837
3,13838
3,13839
3,13840
1,13841
2,13841
4,13841
5,13841
7,13841
3,13842
3,13843
1,13844
2,13844
4,13844
5,13844
2,13845
4,13845
5,13845
3,13846
3,13847
3,13848
4,13848
5,13848
5,13849
3,13850
3,13851
5,13852
3,13853
3,13854
3,13855
3,13856
3,13857
7,13858
7,13859
5,13860
3,13861
3,13862
5,13863
5,13864
7,13865
5,13866
7,13866
3,13867
4,13867
7,13867
3,13868
5,13869
4,13870
5,13870
3,13871
4,13872
5,13872
4,13873
5,13873
3,13874
3,13875
3,13876
3,13877
3,13878
3,13879
3,13880
3,13881
7,13881
3,13882
4,13882
7,13882
3,13883
3,13884
3,13885
4,13885
5,13885
4,13886
5,13886
3,13887
5,13888
3,13889
3,13890
4,13890
3,13891
3,13892
3,13893
1,13894
2,13894
3,13894
4,13894
7,13894
3,13895
3,13896
5,13897
7,13898
5,13899
5,13900
5,13901
1,13902
3,13903
5,13904
3,13905
5,13906
5,13907
7,13908
7,13909
7,13910
1,13911
3,13911
7,13912
3,13913
3,13914
3,13915
5,13916
3,13917
3,13918
1,13919
4,13920
5,13920
3,13921
7,13922
3,13923
4,13924
5,13924
3,13925
4,13926
5,13926
7,13927
7,13928
7,13929
3,13930
3,13931
7,13932
7,13933
5,13934
7,13935
4,13936
5,13936
7,13937
7,13938
4,13939
7,13939
7,13940
7,13941
7,13942
7,13943
4,13944
7,13944
7,13945
5,13946
7,13947
5,13948
7,13948
7,13949
7,13950
7,13951
7,13952
4,13953
5,13953
3,13954
5,13955
7,13956
5,13957
3,13958
5,13959
3,13960
3,13961
3,13962
5,13963
3,13964
3,13965
5,13966
3,13967
3,13968
3,13969
3,13970
3,13971
5,13972
5,13973
4,13974
7,13974
7,13975
5,13976
5,13977
5,13978
5,13979
5,13980
3,13981
4,13982
5,13982
5,13983
5,13984
5,13985
3,13986
3,13987
3,13988
3,13989
3,13990
3,13991
3,13992
3,13993
5,13994
1,13995
1,13996
1,13997
7,13997
1,13998
1,13999
3,14000
5,14001
1,14002
1,14003
7,14003
1,14004
3,14005
7,14006
3,14007
7,14008
3,14009
5,14010
5,14011
5,14012
5,14013
3,14014
5,14015
1,14016
5,14016
5,14017
1,14018
5,14018
7,14018
5,14019
1,14020
7,14020
1,14021
3,14022
3,14023
5,14024
3,14025
3,14026
3,14027
3,14028
3,14029
3,14030
3,14031
3,14032
5,14033
3,14034
3,14035
3,14036
3,14037
3,14038
5,14039
5,14040
5,14041
5,14042
5,14043
5,14044
7,14045
1,14046
3,14047
4,14047
3,14048
3,14049
5,14050
5,14051
3,14052
4,14052
5,14052
3,14053
3,14054
3,14055
3,14056
3,14057
3,14058
4,14058
3,14059
3,14060
3,14061
3,14062
3,14063
3,14064
3,14065
3,14066
3,14067
3,14068
3,14069
4,14069
5,14069
4,14070
5,14070
7,14071
3,14072
5,14073
3,14074
1,14075
4,14075
7,14075
3,14076
7,14076
5,14077
5,14078
5,14079
5,14080
7,14081
5,14082
5,14083
5,14084
3,14085
4,14086
5,14086
4,14087
7,14087
5,14088
3,14089
3,14090
4,14090
4,14091
5,14091
3,14092
4,14092
5,14092
3,14093
4,14093
3,14094
5,14095
3,14096
4,14096
5,14097
3,14098
4,14098
5,14098
3,14099
3,14100
4,14100
4,14101
5,14101
3,14102
3,14103
5,14103
5,14104
3,14105
3,14106
5,14107
4,14108
5,14108
3,14109
4,14109
5,14109
5,14110
5,14111
3,14112
2,14113
4,14113
3,14114
1,14115
4,14115
5,14115
5,14116
1,14117
5,14117
3,14118
2,14119
4,14119
5,14120
7,14120
7,14121
4,14122
7,14122
7,14123
5,14124
3,14125
3,14126
5,14126
1,14127
2,14127
4,14127
7,14127
5,14128
3,14129
5,14129
5,14130
5,14131
5,14132
3,14133
4,14133
3,14134
3,14135
3,14136
4,14137
5,14137
5,14138
7,14139
3,14140
5,14141
3,14142
5,14143
5,14144
5,14145
5,14146
5,14147
5,14148
5,14149
5,14150
5,14151
3,14152
3,14153
3,14154
5,14155
5,14156
7,14157
5,14158
3,14159
4,14159
3,14160
3,14161
3,14162
4,14163
5,14163
1,14164
2,14164
3,14164
4,14164
5,14164
7,14164
4,14165
5,14165
3,14166
4,14166
5,14166
4,14167
5,14167
7,14168
5,14169
5,14170
3,14171
5,14172
5,14173
3,14174
3,14175
3,14176
5,14177
4,14178
5,14178
3,14179
3,14180
5,14181
3,14182
5,14182
4,14183
5,14183
1,14184
2,14184
4,14184
7,14184
3,14185
4,14186
7,14186
1,14187
7,14187
1,14188
4,14188
5,14188
1,14189
2,14189
3,14189
4,14189
7,14189
5,14190
4,14191
7,14191
5,14192
1,14193
2,14193
3,14193
4,14193
7,14193
4,14194
7,14194
7,14195
1,14196
2,14196
5,14196
7,14196
1,14197
5,14197
1,14198
2,14198
4,14198
5,14198
7,14198
1,14199
2,14199
4,14199
5,14199
7,14199
1,14200
2,14200
7,14200
1,14201
4,14201
3,14202
7,14203
1,14204
2,14204
3,14204
4,14204
5,14204
7,14204
5,14205
5,14206
5,14207
5,14208
3,14209
3,14210
4,14210
1,14211
4,14211
1,14212
2,14212
3,14212
4,14212
7,14212
5,14213
7,14214
1,14215
3,14215
4,14215
3,14216
7,14217
3,14218
3,14219
1,14220
2,14220
3,14220
4,14220
7,14220
7,14221
1,14222
1,14223
1,14224
5,14225
3,14226
7,14226
3,14227
4,14228
5,14228
3,14229
1,14230
2,14230
4,14230
7,14230
1,14231
5,14231
4,14232
5,14232
7,14233
7,14234
7,14235
7,14236
7,14237
4,14238
7,14238
7,14239
7,14240
4,14241
5,14241
1,14242
3,14242
4,14242
5,14243
5,14244
5,14245
5,14246
7,14247
3,14248
3,14249
5,14250
5,14251
5,14252
5,14253
5,14254
3,14255
3,14256
3,14257
4,14258
5,14258
1,14259
7,14259
1,14260
2,14260
4,14260
7,14260
4,14261
5,14261
3,14262
3,14263
5,14264
5,14265
5,14266
5,14267
5,14268
5,14269
5,14270
3,14271
4,14272
5,14272
5,14273
5,14274
4,14275
5,14275
5,14276
5,14277
3,14278
3,14279
4,14279
5,14279
4,14280
5,14280
3,14281
3,14282
5,14283
3,14284
1,14285
2,14285
4,14285
5,14285
5,14286
4,14287
7,14287
3,14288
4,14289
5,14289
3,14290
3,14291
1,14292
4,14292
5,14293
3,14294
3,14295
3,14296
3,14297
3,14298
5,14299
5,14300
4,14301
5,14301
3,14302
3,14303
1,14304
7,14304
1,14305
7,14305
3,14306
5,14307
1,14308
7,14308
3,14309
3,14310
1,14311
2,14311
3,14311
4,14311
5,14311
7,14311
1,14312
3,14312
4,14312
5,14312
7,14312
3,14313
3,14314
4,14315
5,14315
3,14316
3,14317
3,14318
1,14319
2,14319
3,14319
4,14319
7,14319
1,14320
4,14320
5,14321
3,14322
3,14323
3,14324
3,14325
4,14326
5,14326
3,14327
3,14328
3,14329
3,14330
3,14331
3,14332
1,14333
4,14333
4,14334
5,14334
7,14335
7,14336
7,14337
7,14338
3,14339
3,14340
5,14341
3,14342
3,14343
4,14343
5,14343
3,14344
3,14345
4,14346
5,14346
3,14347
5,14348
3,14349
4,14350
7,14350
4,14351
5,14351
5,14352
3,14353
3,14354
3,14355
3,14356
3,14357
5,14358
3,14359
4,14359
5,14360
7,14361
3,14362
5,14362
5,14363
3,14364
3,14365
5,14365
1,14366
2,14366
3,14366
4,14366
7,14366
3,14367
3,14368
3,14369
3,14370
3,14371
3,14372
3,14373
3,14374
3,14375
7,14376
3,14377
1,14378
7,14378
7,14379
7,14380
4,14381
7,14381
3,14382
5,14382
5,14383
3,14384
3,14385
4,14385
3,14386
3,14387
3,14388
3,14389
4,14390
5,14390
3,14391
3,14392
3,14393
3,14394
4,14395
5,14395
3,14396
4,14397
5,14397
1,14398
4,14398
7,14399
7,14400
7,14401
2,14402
4,14402
7,14402
3,14403
3,14404
1,14405
3,14405
3,14406
5,14407
7,14408
1,14409
4,14409
5,14409
1,14410
4,14410
7,14411
5,14412
1,14413
2,14413
4,14413
7,14413
3,14414
4,14415
5,14415
7,14416
3,14417
7,14418
7,14419
5,14420
7,14421
3,14422
3,14423
1,14424
2,14424
3,14424
4,14424
7,14424
3,14425
3,14426
3,14427
3,14428
3,14429
3,14430
3,14431
3,14432
3,14433
3,14434
3,14435
3,14436
3,14437
1,14438
2,14438
4,14438
7,14438
4,14439
5,14439
7,14440
1,14441
2,14441
3,14441
4,14441
5,14441
7,14441
3,14442
7,14442
1,14443
5,14444
3,14445
3,14446
3,14447
1,14448
7,14448
3,14449
3,14450
4,14451
5,14451
3,14452
7,14453
3,14454
1,14455
3,14455
5,14456
3,14457
3,14458
7,14459
3,14460
5,14460
1,14461
3,14461
3,14462
1,14463
1,14464
7,14464
1,14465
4,14466
5,14466
7,14467
5,14468
7,14469
3,14470
3,14471
4,14471
3,14472
4,14472
3,14473
4,14473
3,14474
4,14474
3,14475
4,14475
3,14476
4,14476
3,14477
4,14477
3,14478
5,14479
3,14480
3,14481
3,14482
3,14483
4,14483
3,14484
3,14485
3,14486
5,14487
3,14488
4,14488
1,14489
5,14490
5,14491
5,14492
5,14493
1,14494
7,14494
5,14495
5,14496
1,14497
5,14498
3,14499
4,14500
5,14500
3,14501
7,14502
4,14503
5,14503
7,14504
1,14505
2,14505
4,14505
7,14505
3,14506
5,14507
3,14508
4,14508
3,14509
3,14510
3,14511
5,14512
5,14513
3,14514
4,14515
5,14515
3,14516
3,14517
4,14517
5,14517
5,14518
3,14519
3,14520
4,14521
5,14521
5,14522
5,14523
3,14524
3,14525
3,14526
3,14527
5,14528
3,14529
1,14530
2,14530
4,14530
7,14530
3,14531
5,14532
1,14533
3,14533
5,14533
3,14534
5,14534
3,14535
3,14536
1,14537
2,14537
3,14537
4,14537
5,14537
7,14537
5,14538
5,14539
1,14540
2,14540
4,14540
5,14540
7,14540
3,14541
5,14541
7,14542
1,14543
2,14543
4,14543
3,14544
4,14545
5,14545
4,14546
5,14546
1,14547
2,14547
3,14547
1,14548
2,14548
3,14548
4,14548
7,14548
3,14549
7,14549
3,14550
3,14551
1,14552
1,14553
4,14553
1,14554
4,14554
5,14555
5,14556
3,14557
3,14558
3,14559
5,14559
3,14560
5,14561
3,14562
4,14563
5,14563
4,14564
5,14564
3,14565
3,14566
5,14566
3,14567
3,14568
4,14569
5,14569
4,14570
5,14570
4,14571
5,14571
4,14572
5,14572
4,14573
5,14573
4,14574
5,14574
4,14575
5,14575
5,14576
3,14577
1,14578
3,14579
1,14580
2,14580
3,14580
7,14580
3,14581
3,14582
3,14583
4,14583
5,14584
5,14585
5,14586
5,14587
5,14588
3,14589
4,14590
5,14590
3,14591
7,14592
3,14593
3,14594
3,14595
3,14596
3,14597
3,14598
3,14599
5,14600
7,14601
3,14602
4,14603
5,14603
3,14604
3,14605
3,14606
4,14606
5,14606
5,14607
4,14608
5,14608
3,14609
4,14610
5,14610
4,14611
5,14611
4,14612
5,14612
3,14613
3,14614
3,14615
3,14616
7,14617
3,14618
3,14619
3,14620
3,14621
3,14622
3,14623
3,14624
5,14625
2,14626
3,14626
7,14626
2,14627
4,14628
5,14628
3,14629
3,14630
7,14631
3,14632
3,14633
5,14633
5,14634
7,14635
7,14636
7,14637
2,14638
4,14638
7,14638
7,14639
7,14640
7,14641
3,14642
3,14643
3,14644
4,14644
5,14644
7,14645
3,14646
4,14646
5,14646
7,14646
4,14647
5,14647
3,14648
3,14649
3,14650
3,14651
3,14652
7,14653
3,14654
3,14655
3,14656
4,14656
7,14657
1,14658
2,14658
4,14658
7,14658
3,14659
7,14660
5,14661
7,14662
5,14663
3,14664
3,14665
3,14666
4,14667
7,14667
5,14668
7,14668
4,14669
5,14669
7,14669
7,14670
7,14671
7,14672
5,14673
5,14674
7,14675
4,14676
5,14676
7,14676
7,14677
5,14678
1,14679
1,14680
2,14681
3,14681
7,14681
3,14682
5,14682
3,14683
5,14683
2,14684
2,14685
3,14685
7,14685
3,14686
3,14687
3,14688
7,14689
3,14690
5,14691
7,14692
5,14693
3,14694
5,14695
5,14696
5,14697
7,14697
5,14698
3,14699
1,14700
1,14701
7,14701
1,14702
7,14702
3,14703
3,14704
7,14705
3,14706
4,14706
7,14706
3,14707
3,14708
3,14709
4,14709
5,14709
3,14710
3,14711
3,14712
4,14712
5,14712
3,14713
4,14713
3,14714
4,14714
3,14715
3,14716
3,14717
3,14718
3,14719
4,14720
5,14720
3,14721
3,14722
3,14723
5,14723
3,14724
3,14725
4,14726
5,14726
3,14727
4,14727
7,14727
4,14728
7,14728
3,14729
3,14730
4,14730
5,14730
5,14731
5,14732
5,14733
5,14734
5,14735
5,14736
5,14737
5,14738
5,14739
5,14740
3,14741
3,14742
3,14743
3,14744
5,14745
3,14746
3,14747
3,14748
3,14749
3,14750
3,14751
3,14752
3,14753
5,14754
5,14755
5,14756
5,14757
5,14758
5,14759
5,14760
5,14761
5,14762
3,14763
4,14764
5,14764
3,14765
3,14766
5,14767
3,14768
3,14769
3,14770
3,14771
3,14772
5,14772
3,14773
3,14774
7,14774
5,14775
3,14776
7,14776
3,14777
3,14778
5,14779
5,14780
3,14781
4,14782
5,14782
3,14783
3,14784
5,14785
3,14786
5,14786
4,14787
5,14787
5,14788
3,14789
3,14790
3,14791
3,14792
4,14793
5,14793
5,14794
5,14795
3,14796
3,14797
3,14798
3,14799
3,14800
5,14800
3,14801
3,14802
3,14803
3,14804
3,14805
3,14806
3,14807
3,14808
5,14809
3,14810
3,14811
3,14812
3,14813
3,14814
3,14815
3,14816
3,14817
3,14818
5,14819
5,14820
3,14821
5,14822
3,14823
5,14824
5,14825
5,14826
5,14827
3,14828
5,14829
3,14830
3,14831
3,14832
1,14833
3,14833
7,14834
3,14835
5,14836
3,14837
3,14838
3,14839
3,14840
3,14841
3,14842
5,14843
3,14844
5,14844
3,14845
3,14846
3,14847
3,14848
5,14848
3,14849
3,14850
3,14851
3,14852
3,14853
5,14854
3,14855
3,14856
5,14857
3,14858
3,14859
3,14860
5,14861
5,14862
3,14863
3,14864
5,14865
5,14866
5,14867
3,14868
3,14869
3,14870
3,14871
5,14871
3,14872
3,14873
3,14874
5,14874
5,14875
3,14876
3,14877
3,14878
3,14879
3,14880
3,14881
3,14882
3,14883
7,14884
3,14885
3,14886
3,14887
3,14888
4,14889
5,14889
4,14890
5,14890
3,14891
4,14892
5,14892
3,14893
3,14894
3,14895
4,14895
5,14895
7,14896
1,14897
2,14897
4,14897
7,14897
3,14898
7,14899
3,14900
4,14901
5,14901
3,14902
4,14903
7,14903
3,14904
4,14904
3,14905
3,14906
3,14907
1,14908
3,14908
3,14909
4,14910
5,14910
3,14911
3,14912
3,14913
3,14914
3,14915
3,14916
3,14917
7,14917
3,14918
3,14919
3,14920
5,14920
3,14921
3,14922
3,14923
5,14923
3,14924
3,14925
3,14926
3,14927
3,14928
3,14929
4,14929
7,14929
3,14930
3,14931
4,14931
3,14932
3,14933
3,14934
1,14935
2,14935
3,14935
4,14935
7,14935
1,14936
2,14936
4,14936
1,14937
3,14937
3,14938
3,14939
3,14940
4,14941
5,14941
3,14942
3,14943
3,14944
3,14945
1,14946
4,14946
5,14946
4,14947
5,14947
3,14948
3,14949
7,14949
3,14950
7,14951
5,14952
3,14953
4,14953
5,14953
3,14954
4,14954
5,14954
3,14955
3,14956
3,14957
5,14958
7,14959
3,14960
5,14961
3,14962
3,14963
3,14964
3,14965
3,14966
3,14967
3,14968
3,14969
3,14970
3,14971
3,14972
3,14973
3,14974
3,14975
3,14976
3,14977
4,14977
3,14978
3,14979
4,14980
5,14980
5,14981
5,14982
5,14983
5,14984
7,14985
1,14986
2,14986
3,14986
4,14986
7,14986
3,14987
3,14988
3,14989
3,14990
3,14991
3,14992
3,14993
3,14994
3,14995
3,14996
3,14997
3,14998
3,14999
1,15000
2,15000
4,15000
7,15000
5,15001
5,15002
3,15003
4,15003
3,15004
5,15005
3,15006
3,15007
3,15008
3,15009
3,15010
3,15011
3,15012
4,15012
3,15013
3,15014
3,15015
3,15016
5,15017
5,15018
7,15018
4,15019
7,15019
3,15020
5,15021
3,15022
5,15023
5,15024
7,15025
7,15026
3,15027
5,15028
5,15029
3,15030
4,15030
5,15031
1,15032
2,15032
3,15032
4,15032
7,15032
1,15033
7,15033
1,15034
2,15034
4,15034
5,15034
4,15035
5,15035
5,15036
3,15037
3,15038
3,15039
3,15040
4,15041
5,15041
5,15042
7,15043
4,15044
5,15044
5,15045
4,15046
5,15046
3,15047
3,15048
3,15049
3,15050
3,15051
3,15052
4,15053
7,15053
1,15054
4,15054
5,15054
1,15055
2,15055
3,15055
4,15055
5,15055
7,15055
7,15056
3,15057
3,15058
5,15059
5,15060
5,15061
5,15062
5,15063
3,15064
7,15065
5,15066
3,15067
5,15068
3,15069
3,15070
5,15071
3,15072
3,15073
5,15074
3,15075
3,15076
5,15077
3,15078
7,15079
3,15080
1,15081
4,15081
4,15082
5,15082
3,15083
4,15084
5,15084
5,15085
5,15086
3,15087
3,15088
3,15089
3,15090
3,15091
3,15092
3,15093
3,15094
1,15095
5,15095
3,15096
1,15097
5,15097
1,15098
5,15098
3,15099
3,15100
1,15101
3,15101
4,15101
5,15101
3,15102
3,15103
3,15104
3,15105
3,15106
3,15107
1,15108
3,15108
4,15108
5,15108
3,15109
4,15109
3,15110
3,15111
1,15112
5,15112
1,15113
5,15113
3,15114
3,15115
3,15116
3,15117
5,15117
1,15118
5,15118
5,15119
5,15120
3,15121
4,15121
3,15122
3,15123
3,15124
4,15124
7,15125
3,15126
3,15127
3,15128
3,15129
7,15130
1,15131
2,15131
3,15131
4,15131
3,15132
3,15133
3,15134
1,15135
3,15136
3,15137
5,15137
3,15138
1,15139
5,15139
7,15139
4,15140
5,15140
3,15141
5,15142
1,15143
2,15143
4,15143
7,15143
1,15144
2,15144
3,15144
4,15144
5,15144
7,15144
7,15145
5,15146
5,15147
5,15148
4,15149
5,15149
1,15150
2,15150
4,15150
5,15150
7,15150
1,15151
4,15151
5,15152
1,15153
2,15153
3,15153
4,15153
7,15153
1,15154
7,15154
3,15155
3,15156
5,15157
5,15158
5,15159
5,15160
5,15161
5,15162
5,15163
5,15164
5,15165
5,15166
5,15167
5,15168
5,15169
5,15170
5,15171
5,15172
5,15173
5,15174
5,15175
5,15176
5,15177
5,15178
3,15179
7,15180
7,15181
5,15182
1,15183
1,15184
1,15185
3,15186
5,15186
1,15187
1,15188
1,15189
3,15190
3,15191
5,15192
3,15193
3,15194
3,15195
1,15196
3,15197
1,15198
3,15199
1,15200
5,15200
5,15201
3,15202
3,15203
3,15204
3,15205
7,15206
7,15207
7,15208
3,15209
4,15209
3,15210
4,15210
5,15211
2,15212
4,15212
5,15212
3,15213
3,15214
4,15215
5,15215
4,15216
7,15216
3,15217
3,15218
3,15219
4,15219
3,15220
4,15220
3,15221
3,15222
3,15223
3,15224
3,15225
3,15226
3,15227
3,15228
5,15229
3,15230
5,15231
1,15232
2,15232
3,15232
4,15232
7,15232
7,15233
7,15234
5,15235
7,15236
7,15237
5,15238
7,15239
7,15240
7,15241
3,15242
4,15243
5,15243
5,15244
5,15245
3,15246
3,15247
3,15248
3,15249
3,15250
3,15251
3,15252
3,15253
3,15254
3,15255
3,15256
3,15257
3,15258
3,15259
4,15260
5,15260
3,15261
3,15262
3,15263
3,15264
3,15265
4,15266
5,15266
3,15267
3,15268
3,15269
3,15270
3,15271
3,15272
3,15273
3,15274
3,15275
3,15276
3,15277
3,15278
3,15279
3,15280
3,15281
3,15282
3,15283
3,15284
3,15285
3,15286
3,15287
3,15288
4,15288
5,15288
3,15289
4,15290
5,15290
3,15291
3,15292
3,15293
4,15294
5,15294
5,15295
3,15296
3,15297
3,15298
4,15299
5,15299
3,15300
4,15301
5,15301
3,15302
3,15303
3,15304
3,15305
3,15306
3,15307
3,15308
1,15309
4,15309
3,15310
4,15311
5,15311
3,15312
3,15313
3,15314
3,15315
3,15316
3,15317
3,15318
4,15319
5,15319
7,15319
5,15320
4,15321
5,15321
3,15322
3,15323
7,15324
5,15325
3,15326
4,15327
5,15327
3,15328
4,15329
5,15329
5,15330
7,15331
1,15332
4,15332
3,15333
1,15334
4,15334
1,15335
4,15335
3,15336
4,15337
5,15337
5,15338
5,15339
7,15340
5,15341
5,15342
5,15343
3,15344
3,15345
5,15346
5,15347
3,15348
3,15349
1,15350
3,15350
4,15350
5,15350
5,15351
3,15352
5,15352
3,15353
3,15354
3,15355
4,15355
5,15355
3,15356
5,15356
3,15357
3,15358
1,15359
4,15359
5,15359
1,15360
3,15360
4,15360
5,15360
1,15361
5,15361
3,15362
3,15363
3,15364
3,15365
3,15366
3,15367
5,15368
3,15369
3,15370
3,15371
5,15371
3,15372
5,15373
3,15374
3,15375
4,15375
3,15376
3,15377
3,15378
3,15379
3,15380
4,15381
5,15381
3,15382
3,15383
3,15384
4,15384
4,15385
7,15385
7,15386
7,15387
3,15388
5,15389
4,15390
5,15390
5,15391
5,15392
4,15393
5,15393
7,15394
7,15395
4,15396
5,15396
5,15397
3,15398
4,15398
3,15399
5,15399
3,15400
3,15401
7,15402
7,15403
3,15404
3,15405
1,15406
2,15406
3,15406
4,15406
1,15407
4,15407
1,15408
2,15408
3,15408
4,15408
7,15409
4,15410
5,15410
4,15411
5,15411
5,15412
5,15413
3,15414
3,15415
4,15416
5,15416
3,15417
5,15418
3,15419
4,15420
5,15420
4,15421
5,15421
4,15422
5,15422
4,15423
5,15423
1,15424
2,15424
4,15424
5,15424
7,15424
3,15425
4,15425
5,15425
3,15426
5,15427
5,15428
3,15429
3,15430
1,15431
5,15431
3,15432
7,15433
1,15434
7,15434
1,15435
1,15436
7,15436
1,15437
1,15438
7,15438
1,15439
1,15440
3,15440
4,15440
5,15440
7,15440
5,15441
5,15442
4,15443
5,15443
7,15443
5,15444
3,15445
4,15445
5,15445
3,15446
4,15446
5,15446
3,15447
3,15448
3,15449
3,15450
3,15451
5,15452
4,15453
5,15453
3,15454
3,15455
5,15456
3,15457
3,15458
1,15459
4,15459
5,15460
3,15461
3,15462
3,15463
3,15464
3,15465
3,15466
3,15467
3,15468
5,15469
5,15470
7,15471
7,15472
3,15473
3,15474
3,15475
4,15476
5,15476
3,15477
3,15478
3,15479
4,15479
3,15480
3,15481
3,15482
4,15482
3,15483
4,15483
3,15484
3,15485
7,15486
3,15487
1,15488
4,15488
7,15488
7,15489
5,15490
3,15491
3,15492
3,15493
3,15494
4,15494
3,15495
3,15496
3,15497
4,15497
5,15497
7,15497
5,15498
7,15499
3,15500
4,15500
3,15501
5,15502
7,15503
3,15504
1,15505
3,15505
7,15505
3,15506
3,15507
3,15508
3,15509
3,15510
4,15510
3,15511
3,15512
4,15512
3,15513
4,15513
5,15513
3,15514
3,15515
4,15515
5,15515
3,15516
3,15517
3,15518
3,15519
3,15520
3,15521
1,15522
2,15522
3,15522
4,15522
7,15522
3,15523
7,15524
1,15525
2,15525
4,15525
7,15525
3,15526
7,15527
3,15528
3,15529
4,15530
7,15530
3,15531
3,15532
3,15533
3,15534
3,15535
5,15535
7,15535
3,15536
5,15537
3,15538
5,15539
4,15540
5,15540
3,15541
3,15542
3,15543
3,15544
3,15545
7,15545
3,15546
4,15547
5,15547
7,15547
3,15548
3,15549
4,15550
5,15550
3,15551
3,15552
3,15553
4,15553
5,15553
3,15554
3,15555
4,15556
5,15556
3,15557
3,15558
3,15559
3,15560
3,15561
3,15562
3,15563
3,15564
3,15565
3,15566
3,15567
3,15568
4,15568
5,15568
3,15569
3,15570
4,15570
3,15571
3,15572
3,15573
7,15573
7,15574
7,15575
4,15576
7,15576
3,15577
3,15578
3,15579
3,15580
3,15581
3,15582
4,15582
3,15583
3,15584
5,15585
5,15586
5,15587
5,15588
5,15589
3,15590
4,15591
7,15591
3,15592
5,15593
1,15594
3,15594
7,15594
7,15595
3,15596
3,15597
4,15597
3,15598
4,15598
3,15599
4,15599
7,15600
7,15601
3,15602
4,15603
5,15603
7,15603
5,15604
3,15605
3,15606
3,15607
3,15608
3,15609
3,15610
1,15611
4,15611
7,15611
3,15612
1,15613
3,15613
3,15614
1,15615
3,15616
3,15617
3,15618
3,15619
3,15620
3,15621
7,15622
3,15623
5,15624
3,15625
3,15626
3,15627
3,15628
4,15629
5,15629
3,15630
3,15631
4,15631
5,15631
5,15632
3,15633
3,15634
3,15635
3,15636
4,15637
5,15637
4,15638
5,15638
4,15639
5,15639
3,15640
3,15641
4,15642
5,15642
3,15643
3,15644
3,15645
4,15645
3,15646
7,15647
7,15648
7,15649
1,15650
7,15650
3,15651
7,15652
5,15653
4,15654
5,15654
3,15655
3,15656
4,15657
5,15657
7,15657
3,15658
3,15659
3,15660
7,15661
1,15662
7,15662
7,15663
3,15664
3,15665
1,15666
3,15666
3,15667
3,15668
3,15669
4,15669
3,15670
3,15671
4,15671
3,15672
3,15673
3,15674
3,15675
3,15676
4,15677
5,15677
3,15678
3,15679
3,15680
3,15681
4,15682
5,15682
3,15683
3,15684
7,15685
4,15686
7,15686
7,15687
7,15688
7,15689
7,15690
7,15691
3,15692
3,15693
3,15694
4,15695
5,15695
2,15696
4,15696
5,15697
3,15698
4,15698
3,15699
3,15700
7,15701
7,15702
3,15703
1,15704
1,15705
1,15706
3,15706
7,15706
3,15707
7,15707
7,15708
3,15709
7,15709
3,15710
5,15710
1,15711
2,15711
3,15711
4,15711
7,15711
3,15712
3,15713
3,15714
3,15715
3,15716
3,15717
3,15718
3,15719
3,15720
4,15721
5,15721
7,15722
4,15723
5,15723
4,15724
7,15724
3,15725
5,15726
4,15727
5,15727
3,15728
4,15728
3,15729
4,15729
3,15730
3,15731
3,15732
5,15733
3,15734
3,15735
3,15736
3,15737
5,15738
4,15739
5,15739
3,15740
7,15741
3,15742
3,15743
3,15744
3,15745
3,15746
3,15747
3,15748
4,15748
3,15749
4,15750
7,15750
4,15751
5,15751
4,15752
5,15752
5,15753
7,15754
3,15755
1,15756
4,15756
4,15757
5,15757
1,15758
1,15759
2,15759
4,15759
5,15759
3,15760
3,15761
3,15762
4,15762
5,15762
3,15763
4,15764
7,15764
4,15765
7,15765
4,15766
5,15766
4,15767
5,15767
3,15768
3,15769
3,15770
3,15771
7,15772
7,15773
3,15774
3,15775
5,15776
5,15777
4,15778
5,15778
3,15779
3,15780
5,15781
3,15782
4,15783
5,15783
3,15784
3,15785
3,15786
4,15786
5,15786
1,15787
3,15787
4,15787
5,15787
2,15788
4,15789
5,15789
4,15790
5,15790
3,15791
3,15792
4,15793
5,15793
4,15794
5,15794
4,15795
5,15795
1,15796
2,15796
3,15796
4,15796
5,15796
7,15796
3,15797
5,15798
3,15799
5,15800
1,15801
7,15801
1,15802
7,15802
5,15803
1,15804
7,15804
3,15805
3,15806
1,15807
4,15807
5,15807
5,15808
1,15809
5,15809
3,15810
3,15811
3,15812
4,15813
5,15813
3,15814
3,15815
3,15816
4,15816
3,15817
3,15818
4,15818
3,15819
4,15819
3,15820
4,15820
3,15821
4,15821
1,15822
3,15822
4,15822
5,15822
3,15823
3,15824
3,15825
5,15825
5,15826
3,15827
3,15828
5,15829
7,15830
4,15831
5,15831
4,15832
5,15832
3,15833
3,15834
3,15835
3,15836
7,15836
7,15837
7,15838
1,15839
2,15839
4,15839
5,15839
1,15840
5,15840
1,15841
5,15841
1,15842
3,15843
3,15844
5,15845
5,15846
5,15847
5,15848
5,15849
1,15850
5,15851
5,15852
1,15853
3,15854
3,15855
1,15856
7,15856
5,15857
1,15858
2,15858
3,15858
4,15858
7,15858
3,15859
3,15860
5,15861
5,15862
3,15863
3,15864
4,15864
5,15864
3,15865
3,15866
5,15866
3,15867
3,15868
5,15869
7,15870
5,15871
4,15872
7,15872
5,15873
3,15874
3,15875
3,15876
7,15876
5,15877
5,15878
7,15879
3,15880
3,15881
3,15882
3,15883
7,15884
7,15885
5,15886
7,15886
3,15887
4,15888
5,15888
3,15889
4,15889
5,15889
3,15890
1,15891
2,15891
4,15891
5,15891
7,15891
3,15892
3,15893
5,15894
5,15895
3,15896
4,15896
5,15896
1,15897
5,15897
1,15898
4,15898
5,15898
7,15898
4,15899
5,15899
1,15900
2,15900
4,15900
3,15901
5,15901
3,15902
3,15903
3,15904
3,15905
7,15906
5,15907
5,15908
1,15909
3,15909
7,15909
3,15910
3,15911
3,15912
5,15913
5,15914
1,15915
3,15916
1,15917
5,15918
5,15919
3,15920
5,15921
5,15922
3,15923
3,15924
3,15925
1,15926
7,15926
3,15927
3,15928
3,15929
5,15929
3,15930
4,15930
5,15930
3,15931
3,15932
3,15933
3,15934
3,15935
3,15936
3,15937
4,15938
5,15938
5,15939
3,15940
4,15940
3,15941
3,15942
3,15943
3,15944
4,15944
3,15945
3,15946
3,15947
3,15948
3,15949
3,15950
3,15951
3,15952
3,15953
3,15954
4,15954
3,15955
3,15956
3,15957
3,15958
3,15959
4,15959
3,15960
5,15961
5,15962
5,15963
3,15964
3,15965
3,15966
3,15967
4,15968
5,15968
3,15969
5,15970
3,15971
4,15971
3,15972
3,15973
4,15973
5,15973
3,15974
3,15975
3,15976
3,15977
3,15978
3,15979
3,15980
3,15981
3,15982
3,15983
3,15984
3,15985
3,15986
4,15986
3,15987
3,15988
4,15988
3,15989
3,15990
4,15990
3,15991
3,15992
4,15992
3,15993
3,15994
5,15995
3,15996
5,15997
3,15998
5,15998
3,15999
5,15999
3,16000
3,16001
3,16002
3,16003
4,16003
3,16004
3,16005
4,16005
7,16005
3,16006
3,16007
3,16008
5,16008
7,16009
3,16010
3,16011
3,16012
3,16013
5,16014
3,16015
4,16015
5,16015
3,16016
3,16017
3,16018
5,16019
4,16020
5,16020
3,16021
3,16022
3,16023
3,16024
4,16024
3,16025
3,16026
4,16027
5,16027
7,16028
5,16029
3,16030
1,16031
4,16031
7,16032
7,16033
3,16034
5,16034
5,16035
3,16036
3,16037
3,16038
3,16039
4,16039
5,16039
3,16040
3,16041
5,16042
5,16043
3,16044
5,16044
3,16045
5,16045
3,16046
3,16047
5,16047
3,16048
4,16048
5,16048
3,16049
3,16050
3,16051
4,16051
5,16051
3,16052
5,16053
3,16054
5,16054
3,16055
7,16056
1,16057
2,16057
3,16057
4,16057
5,16057
7,16057
2,16058
3,16059
3,16060
3,16061
7,16062
3,16063
5,16064
3,16065
3,16066
4,16066
5,16066
5,16067
1,16068
4,16068
5,16069
3,16070
5,16070
3,16071
3,16072
4,16073
5,16073
4,16074
7,16074
7,16075
7,16076
5,16077
7,16078
3,16079
3,16080
3,16081
3,16082
3,16083
4,16083
2,16084
4,16084
5,16084
7,16084
2,16085
4,16085
3,16086
3,16087
3,16088
3,16089
4,16089
3,16090
4,16090
7,16091
3,16092
3,16093
3,16094
3,16095
4,16095
5,16095
3,16096
3,16097
3,16098
3,16099
5,16100
4,16101
7,16101
7,16102
1,16103
2,16103
3,16103
4,16103
5,16103
7,16103
1,16104
2,16104
3,16104
4,16104
7,16104
1,16105
5,16105
1,16106
5,16106
1,16107
5,16107
1,16108
1,16109
1,16110
1,16111
7,16111
3,16112
3,16113
3,16114
5,16115
1,16116
1,16117
1,16118
5,16119
1,16120
5,16120
7,16120
1,16121
5,16121
7,16121
1,16122
5,16122
5,16123
1,16124
1,16125
1,16126
3,16127
3,16128
3,16129
7,16130
3,16131
4,16131
7,16132
3,16133
3,16134
3,16135
3,16136
3,16137
3,16138
3,16139
4,16140
5,16140
5,16141
3,16142
3,16143
7,16144
1,16145
2,16145
4,16145
7,16145
3,16146
3,16147
3,16148
4,16149
5,16149
3,16150
4,16151
5,16151
1,16152
2,16152
7,16152
1,16153
1,16154
7,16155
7,16156
7,16157
5,16158
1,16159
4,16160
7,16160
7,16161
5,16162
7,16162
7,16163
7,16164
4,16165
7,16165
1,16166
2,16166
4,16166
3,16167
3,16168
1,16169
7,16169
5,16170
4,16171
5,16171
5,16172
5,16173
3,16174
3,16175
3,16176
4,16176
3,16177
4,16178
5,16178
4,16179
5,16179
7,16180
5,16181
5,16182
4,16183
5,16183
4,16184
5,16184
5,16185
3,16186
5,16187
5,16188
7,16189
7,16190
3,16191
7,16191
7,16192
7,16193
7,16194
3,16195
3,16196
3,16197
3,16198
3,16199
7,16200
5,16201
5,16202
5,16203
5,16204
7,16205
7,16206
3,16207
5,16207
3,16208
3,16209
3,16210
3,16211
3,16212
3,16213
3,16214
3,16215
3,16216
4,16217
5,16217
4,16218
5,16218
1,16219
2,16219
4,16219
5,16219
7,16219
5,16220
3,16221
3,16222
3,16223
4,16223
5,16224
4,16225
5,16225
4,16226
5,16226
5,16227
3,16228
5,16228
3,16229
5,16229
4,16230
5,16230
4,16231
5,16231
5,16232
5,16233
5,16234
5,16235
5,16236
5,16237
5,16238
5,16239
3,16240
1,16241
2,16241
3,16241
4,16241
7,16241
1,16242
2,16242
4,16242
3,16243
2,16244
4,16244
1,16245
7,16245
3,16246
3,16247
5,16247
3,16248
3,16249
3,16250
3,16251
3,16252
3,16253
3,16254
3,16255
3,16256
3,16257
3,16258
3,16259
3,16260
3,16261
3,16262
3,16263
1,16264
7,16264
3,16265
1,16266
4,16266
5,16266
7,16266
5,16267
3,16268
3,16269
4,16270
5,16270
3,16271
3,16272
3,16273
5,16274
3,16275
3,16276
3,16277
3,16278
3,16279
4,16280
5,16280
5,16281
3,16282
3,16283
3,16284
3,16285
4,16285
5,16285
3,16286
5,16287
3,16288
3,16289
5,16290
3,16291
3,16292
3,16293
3,16294
3,16295
3,16296
3,16297
4,16298
5,16298
5,16299
4,16300
5,16300
5,16301
4,16302
5,16302
5,16303
3,16304
3,16305
4,16305
3,16306
3,16307
4,16308
5,16308
3,16309
3,16310
4,16310
5,16311
3,16312
3,16313
5,16314
3,16315
3,16316
3,16317
3,16318
5,16319
5,16320
3,16321
7,16321
3,16322
5,16322
5,16323
3,16324
3,16325
5,16326
3,16327
3,16328
3,16329
3,16330
3,16331
3,16332
3,16333
3,16334
5,16334
5,16335
5,16336
3,16337
5,16338
3,16339
5,16340
3,16341
5,16341
5,16342
3,16343
5,16344
3,16345
3,16346
5,16347
3,16348
3,16349
5,16350
3,16351
3,16352
3,16353
5,16354
5,16355
3,16356
5,16357
5,16358
3,16359
3,16360
3,16361
4,16361
3,16362
3,16363
3,16364
3,16365
3,16366
5,16367
3,16368
3,16369
4,16369
5,16369
5,16370
5,16371
3,16372
5,16373
3,16374
3,16375
3,16376
3,16377
4,16378
5,16378
7,16379
3,16380
3,16381
3,16382
3,16383
3,16384
3,16385
5,16386
5,16387
5,16388
5,16389
5,16390
3,16391
3,16392
4,16392
5,16392
3,16393
5,16394
3,16395
5,16395
7,16396
7,16397
5,16398
3,16399
5,16400
3,16401
4,16401
3,16402
5,16403
3,16404
3,16405
3,16406
5,16407
3,16408
3,16409
4,16410
5,16410
3,16411
3,16412
3,16413
3,16414
3,16415
3,16416
5,16417
7,16418
5,16419
5,16420
5,16421
5,16422
3,16423
3,16424
3,16425
3,16426
3,16427
3,16428
3,16429
5,16430
4,16431
5,16431
3,16432
3,16433
3,16434
3,16435
1,16436
1,16437
1,16438
5,16439
3,16440
3,16441
3,16442
3,16443
3,16444
3,16445
3,16446
3,16447
7,16448
3,16449
3,16450
3,16451
3,16452
3,16453
4,16453
5,16453
3,16454
4,16454
3,16455
3,16456
5,16456
3,16457
3,16458
5,16459
3,16460
3,16461
3,16462
3,16463
3,16464
3,16465
3,16466
3,16467
3,16468
4,16469
5,16469
5,16470
4,16471
5,16471
4,16472
5,16472
3,16473
3,16474
3,16475
3,16476
3,16477
3,16478
3,16479
5,16480
3,16481
4,16481
5,16481
3,16482
1,16483
2,16483
4,16483
7,16483
3,16484
5,16485
3,16486
5,16486
7,16487
5,16488
3,16489
3,16490
5,16491
5,16492
5,16493
5,16494
5,16495
5,16496
7,16497
5,16498
7,16499
5,16500
3,16501
3,16502
3,16503
3,16504
3,16505
3,16506
4,16506
5,16506
3,16507
3,16508
5,16509
1,16510
5,16511
1,16512
2,16512
4,16512
7,16512
1,16513
1,16514
1,16515
3,16515
3,16516
1,16517
2,16517
4,16517
3,16518
1,16519
2,16519
4,16519
1,16520
3,16520
3,16521
3,16522
3,16523
3,16524
3,16525
3,16526
3,16527
3,16528
3,16529
4,16529
5,16529
5,16530
5,16531
3,16532
3,16533
3,16534
3,16535
4,16536
5,16536
3,16537
3,16538
3,16539
3,16540
5,16541
3,16542
1,16543
5,16543
1,16544
1,16545
3,16545
5,16546
3,16547
7,16548
7,16549
3,16550
3,16551
5,16552
3,16553
3,16554
1,16555
1,16556
5,16556
5,16557
5,16558
3,16559
5,16559
5,16560
5,16561
1,16562
5,16562
1,16563
5,16563
7,16564
5,16565
5,16566
5,16567
5,16568
5,16569
5,16570
5,16571
1,16572
1,16573
5,16574
5,16575
5,16576
3,16577
7,16578
1,16579
5,16580
5,16581
1,16582
1,16583
1,16584
1,16585
5,16586
1,16587
5,16588
1,16589
5,16589
7,16589
1,16590
5,16590
1,16591
1,16592
5,16593
1,16594
5,16595
1,16596
5,16596
7,16596
5,16597
1,16598
5,16599
1,16600
1,16601
5,16601
7,16602
5,16603
3,16604
3,16605
5,16606
1,16607
5,16607
5,16608
5,16609
3,16610
3,16611
3,16612
4,16612
5,16613
3,16614
3,16615
4,16616
5,16616
3,16617
3,16618
4,16619
5,16619
3,16620
4,16621
5,16621
4,16622
5,16622
5,16623
3,16624
3,16625
3,16626
4,16627
5,16627
7,16627
3,16628
3,16629
3,16630
3,16631
5,16632
5,16633
5,16634
5,16635
3,16636
3,16637
3,16638
3,16639
3,16640
3,16641
3,16642
3,16643
3,16644
3,16645
3,16646
3,16647
3,16648
3,16649
3,16650
3,16651
3,16652
3,16653
3,16654
3,16655
3,16656
3,16657
3,16658
3,16659
3,16660
3,16661
3,16662
5,16663
3,16664
3,16665
1,16666
5,16667
7,16668
1,16669
1,16670
5,16671
7,16672
1,16673
5,16674
1,16675
7,16675
5,16676
5,16677
5,16678
7,16678
1,16679
5,16679
4,16680
5,16680
7,16681
4,16682
7,16682
7,16683
7,16684
7,16685
7,16686
5,16687
7,16688
3,16689
7,16690
3,16691
7,16692
3,16693
7,16694
3,16695
5,16696
5,16697
7,16698
5,16699
1,16700
3,16701
3,16702
5,16703
3,16704
7,16705
5,16706
3,16707
4,16707
5,16708
3,16709
4,16709
5,16709
3,16710
4,16710
3,16711
3,16712
7,16713
7,16714
5,16715
5,16716
1,16717
2,16717
4,16717
7,16717
3,16718
3,16719
5,16720
3,16721
3,16722
3,16723
4,16724
5,16724
5,16725
1,16726
3,16726
4,16726
7,16726
7,16727
3,16728
7,16728
7,16729
3,16730
4,16731
5,16731
3,16732
4,16733
5,16733
3,16734
4,16735
5,16735
3,16736
4,16737
5,16737
4,16738
5,16738
3,16739
3,16740
3,16741
3,16742
3,16743
5,16744
3,16745
5,16746
3,16747
7,16748
3,16749
3,16750
3,16751
5,16751
5,16752
3,16753
4,16754
5,16754
3,16755
7,16756
3,16757
4,16758
5,16758
5,16759
5,16760
3,16761
3,16762
3,16763
3,16764
5,16764
3,16765
5,16766
5,16767
3,16768
3,16769
7,16770
3,16771
3,16772
3,16773
4,16774
7,16774
3,16775
3,16776
5,16777
3,16778
3,16779
3,16780
4,16780
3,16781
7,16782
1,16783
4,16783
5,16784
4,16785
5,16785
2,16786
4,16786
7,16787
3,16788
5,16789
3,16790
5,16790
5,16791
3,16792
3,16793
1,16794
4,16794
7,16795
7,16796
4,16797
5,16797
3,16798
3,16799
3,16800
5,16801
3,16802
3,16803
5,16804
1,16805
4,16805
7,16806
3,16807
4,16807
5,16807
7,16808
7,16809
1,16810
5,16810
7,16811
7,16812
7,16813
7,16814
4,16815
5,16815
3,16816
3,16817
4,16817
3,16818
3,16819
3,16820
3,16821
5,16822
5,16823
5,16824
5,16825
5,16826
3,16827
3,16828
3,16829
3,16830
3,16831
3,16832
3,16833
3,16834
3,16835
3,16836
3,16837
4,16837
3,16838
5,16839
3,16840
7,16841
3,16842
4,16842
5,16842
5,16843
5,16844
7,16845
3,16846
5,16847
3,16848
3,16849
3,16850
1,16851
2,16851
4,16851
7,16851
2,16852
7,16852
5,16853
5,16854
7,16855
7,16856
7,16857
7,16858
5,16859
5,16860
1,16861
2,16861
3,16861
4,16861
7,16861
1,16862
2,16862
4,16862
5,16862
7,16862
1,16863
4,16863
7,16864
4,16865
7,16865
5,16866
5,16867
7,16868
7,16869
7,16870
7,16871
1,16872
2,16872
4,16872
7,16872
3,16873
5,16873
3,16874
4,16875
5,16875
3,16876
5,16877
3,16878
4,16878
3,16879
3,16880
4,16880
3,16881
3,16882
3,16883
5,16883
3,16884
4,16885
5,16885
3,16886
3,16887
4,16887
5,16888
7,16888
5,16889
3,16890
3,16891
3,16892
3,16893
3,16894
4,16895
5,16895
5,16896
3,16897
3,16898
3,16899
3,16900
5,16900
5,16901
5,16902
3,16903
3,16904
3,16905
3,16906
3,16907
3,16908
3,16909
4,16909
3,16910
3,16911
5,16912
3,16913
7,16913
3,16914
3,16915
3,16916
3,16917
3,16918
4,16919
5,16919
3,16920
3,16921
3,16922
3,16923
4,16923
5,16923
7,16924
3,16925
1,16926
2,16926
7,16926
5,16927
7,16928
3,16929
7,16929
3,16930
5,16931
3,16932
3,16933
5,16933
3,16934
3,16935
1,16936
3,16936
7,16936
3,16937
3,16938
3,16939
3,16940
4,16940
5,16940
3,16941
3,16942
3,16943
5,16944
3,16945
3,16946
5,16947
3,16948
5,16949
3,16950
3,16951
4,16951
5,16951
1,16952
7,16952
3,16953
3,16954
7,16955
3,16956
3,16957
4,16958
5,16958
4,16959
5,16959
4,16960
5,16960
5,16961
3,16962
3,16963
5,16964
3,16965
4,16966
5,16966
3,16967
3,16968
5,16969
7,16970
7,16971
7,16972
3,16973
4,16974
5,16974
4,16975
7,16975
7,16976
7,16977
7,16978
2,16979
5,16979
3,16980
3,16981
3,16982
3,16983
3,16984
3,16985
3,16986
3,16987
3,16988
7,16989
3,16990
3,16991
3,16992
3,16993
3,16994
3,16995
3,16996
3,16997
3,16998
1,16999
3,17000
3,17001
5,17002
3,17003
3,17004
3,17005
3,17006
3,17007
3,17008
3,17009
3,17010
3,17011
3,17012
3,17013
3,17014
3,17015
3,17016
3,17017
5,17018
3,17019
4,17019
5,17019
5,17020
4,17021
5,17021
3,17022
3,17023
3,17024
5,17025
3,17026
3,17027
5,17028
5,17029
5,17030
5,17031
5,17032
7,17033
5,17034
7,17035
3,17036
5,17037
5,17038
5,17039
4,17040
5,17040
5,17041
4,17042
5,17042
5,17043
1,17044
2,17044
4,17044
5,17044
7,17045
3,17046
3,17047
3,17048
7,17049
2,17050
4,17050
5,17050
1,17051
5,17051
7,17051
1,17052
5,17052
7,17052
5,17053
1,17054
7,17054
1,17055
1,17056
1,17057
5,17058
3,17059
3,17060
1,17061
3,17061
1,17062
1,17063
5,17063
1,17064
5,17065
5,17066
7,17066
3,17067
3,17068
3,17069
5,17070
1,17071
7,17071
7,17072
1,17073
7,17073
7,17074
5,17075
1,17076
7,17076
5,17077
3,17078
3,17079
4,17079
7,17080
7,17081
5,17082
3,17083
4,17084
5,17084
3,17085
4,17085
5,17085
3,17086
5,17087
7,17088
3,17089
3,17090
5,17091
3,17092
4,17092
3,17093
3,17094
3,17095
3,17096
3,17097
3,17098
7,17099
7,17100
7,17101
3,17102
4,17102
3,17103
4,17104
5,17104
7,17105
3,17106
3,17107
3,17108
5,17109
3,17110
3,17111
3,17112
3,17113
3,17114
3,17115
5,17115
5,17116
7,17117
5,17118
7,17119
7,17120
5,17121
5,17122
5,17123
5,17124
3,17125
3,17126
3,17127
5,17128
5,17129
5,17130
5,17131
5,17132
3,17133
3,17134
3,17135
3,17136
7,17137
1,17138
3,17138
7,17138
7,17139
3,17140
3,17141
4,17141
3,17142
4,17142
3,17143
3,17144
4,17144
3,17145
4,17145
3,17146
3,17147
3,17148
3,17149
3,17150
4,17150
3,17151
5,17152
3,17153
4,17153
5,17153
3,17154
5,17154
3,17155
3,17156
4,17156
5,17156
3,17157
3,17158
3,17159
3,17160
4,17160
7,17160
3,17161
3,17162
5,17163
3,17164
3,17165
3,17166
5,17167
3,17168
5,17168
3,17169
3,17170
3,17171
5,17171
3,17172
3,17173
5,17173
3,17174
3,17175
5,17175
3,17176
4,17176
3,17177
3,17178
3,17179
5,17179
5,17180
5,17181
5,17182
3,17183
5,17184
5,17185
5,17186
3,17187
5,17188
3,17189
5,17190
3,17191
3,17192
5,17192
3,17193
3,17194
3,17195
5,17195
3,17196
3,17197
2,17198
3,17198
5,17198
2,17199
3,17200
3,17201
3,17202
3,17203
3,17204
7,17205
7,17206
3,17207
3,17208
3,17209
3,17210
2,17211
4,17211
2,17212
4,17212
5,17212
7,17212
2,17213
5,17214
3,17215
4,17215
5,17215
5,17216
3,17217
4,17217
5,17217
5,17218
3,17219
4,17219
5,17219
3,17220
4,17220
3,17221
4,17221
3,17222
4,17222
3,17223
4,17223
3,17224
4,17224
5,17225
3,17226
4,17226
5,17226
3,17227
3,17228
3,17229
3,17230
3,17231
3,17232
5,17233
3,17234
5,17234
3,17235
3,17236
3,17237
5,17237
3,17238
5,17238
3,17239
3,17240
3,17241
3,17242
7,17243
3,17244
3,17245
5,17245
3,17246
4,17246
5,17246
5,17247
3,17248
4,17248
5,17248
3,17249
3,17250
3,17251
3,17252
3,17253
3,17254
3,17255
3,17256
3,17257
1,17258
3,17258
4,17258
4,17259
5,17259
7,17259
7,17260
1,17261
3,17261
3,17262
1,17263
5,17263
5,17264
1,17265
3,17265
4,17266
5,17266
7,17267
5,17268
5,17269
5,17270
3,17271
5,17272
7,17273
7,17274
5,17275
7,17276
3,17277
5,17277
3,17278
5,17278
3,17279
3,17280
4,17280
5,17280
3,17281
3,17282
3,17283
4,17283
3,17284
4,17284
5,17284
3,17285
4,17285
3,17286
4,17286
5,17287
3,17288
3,17289
5,17289
1,17290
2,17290
3,17290
4,17290
7,17290
3,17291
4,17292
5,17292
7,17293
5,17294
7,17295
3,17296
3,17297
3,17298
7,17299
3,17300
3,17301
3,17302
3,17303
3,17304
3,17305
3,17306
3,17307
1,17308
2,17308
3,17308
4,17308
7,17308
7,17309
5,17310
5,17311
3,17312
3,17313
3,17314
4,17315
5,17315
3,17316
3,17317
3,17318
7,17319
3,17320
7,17321
3,17322
7,17322
3,17323
4,17323
3,17324
3,17325
4,17325
5,17325
3,17326
3,17327
3,17328
4,17328
5,17328
3,17329
3,17330
3,17331
4,17331
5,17331
1,17332
4,17332
5,17332
7,17332
1,17333
2,17333
4,17333
7,17333
3,17334
4,17334
3,17335
4,17335
5,17335
7,17335
3,17336
5,17337
3,17338
7,17339
7,17340
7,17341
5,17342
7,17343
3,17344
3,17345
3,17346
3,17347
3,17348
4,17348
3,17349
3,17350
5,17351
7,17352
3,17353
3,17354
3,17355
3,17356
3,17357
3,17358
3,17359
7,17359
3,17360
3,17361
3,17362
4,17362
7,17363
5,17364
3,17365
7,17366
4,17367
7,17367
3,17368
7,17369
3,17370
5,17371
3,17372
5,17373
3,17374
3,17375
3,17376
7,17377
3,17378
3,17379
3,17380
3,17381
3,17382
7,17383
3,17384
4,17385
5,17385
3,17386
3,17387
3,17388
3,17389
7,17390
3,17391
5,17392
5,17393
3,17394
4,17394
5,17394
4,17395
5,17395
3,17396
3,17397
1,17398
1,17399
3,17399
1,17400
3,17400
7,17400
3,17401
7,17402
3,17403
4,17404
5,17404
7,17404
3,17405
3,17406
3,17407
3,17408
3,17409
3,17410
3,17411
3,17412
4,17413
5,17413
5,17414
5,17415
5,17416
3,17417
4,17417
5,17417
3,17418
3,17419
3,17420
3,17421
3,17422
7,17423
7,17424
3,17425
3,17426
5,17427
3,17428
7,17429
3,17430
5,17430
7,17431
3,17432
2,17433
3,17433
7,17433
3,17434
7,17434
5,17435
3,17436
3,17437
3,17438
3,17439
3,17440
3,17441
3,17442
5,17443
7,17444
4,17445
5,17445
4,17446
5,17446
3,17447
7,17448
5,17449
7,17450
7,17451
3,17452
4,17452
3,17453
5,17454
3,17455
3,17456
4,17457
5,17457
3,17458
5,17459
4,17460
5,17460
3,17461
3,17462
5,17463
5,17464
3,17465
3,17466
5,17467
3,17468
3,17469
3,17470
5,17471
3,17472
3,17473
3,17474
4,17474
3,17475
4,17475
3,17476
5,17477
3,17478
5,17478
3,17479
5,17479
7,17480
5,17481
3,17482
3,17483
5,17484
7,17485
5,17486
4,17487
5,17487
5,17488
4,17489
5,17489
3,17490
3,17491
7,17492
7,17493
5,17494
7,17495
7,17496
5,17497
5,17498
3,17499
3,17500
3,17501
3,17502
5,17503
5,17504
7,17505
2,17506
3,17506
4,17506
5,17506
7,17506
5,17507
5,17508
3,17509
5,17510
3,17511
5,17512
3,17513
5,17514
3,17515
4,17515
7,17515
1,17516
4,17516
1,17517
3,17517
4,17517
5,17517
1,17518
7,17518
1,17519
7,17520
1,17521
2,17521
3,17521
4,17521
7,17521
4,17522
5,17522
3,17523
4,17524
5,17524
3,17525
3,17526
3,17527
3,17528
5,17529
4,17530
5,17530
3,17531
3,17532
4,17533
5,17533
3,17534
5,17535
5,17536
3,17537
4,17537
3,17538
3,17539
4,17540
5,17540
7,17541
3,17542
7,17543
1,17544
5,17545
7,17546
1,17547
7,17547
7,17548
1,17549
1,17550
5,17551
1,17552
7,17552
7,17553
1,17554
7,17554
7,17555
7,17556
7,17557
1,17558
7,17559
1,17560
7,17560
1,17561
7,17562
1,17563
2,17563
3,17563
4,17563
7,17563
3,17564
3,17565
3,17566
5,17567
3,17568
4,17568
5,17568
7,17568
3,17569
5,17569
5,17570
3,17571
3,17572
5,17573
5,17574
1,17575
7,17576
1,17577
7,17577
1,17578
1,17579
1,17580
7,17580
1,17581
5,17582
5,17583
1,17584
2,17584
3,17584
4,17584
7,17584
2,17585
7,17585
1,17586
1,17587
2,17587
4,17587
7,17587
3,17588
3,17589
3,17590
1,17591
3,17591
3,17592
1,17593
1,17594
5,17595
5,17596
7,17597
1,17598
7,17598
7,17599
7,17600
1,17601
7,17602
5,17603
1,17604
2,17604
4,17604
5,17604
7,17604
3,17605
7,17605
3,17606
3,17607
3,17608
3,17609
3,17610
3,17611
3,17612
3,17613
7,17614
7,17615
7,17616
7,17617
3,17618
3,17619
5,17620
3,17621
3,17622
1,17623
2,17623
3,17623
4,17623
7,17623
3,17624
3,17625
7,17626
3,17627
3,17628
7,17629
3,17630
7,17631
1,17632
3,17632
3,17633
1,17634
7,17634
5,17635
3,17636
5,17636
5,17637
7,17638
3,17639
7,17640
3,17641
5,17642
5,17643
5,17644
5,17645
3,17646
5,17646
3,17647
3,17648
7,17648
3,17649
3,17650
7,17651
5,17652
5,17653
5,17654
5,17655
3,17656
1,17657
3,17657
7,17657
7,17658
5,17659
7,17659
7,17660
7,17661
7,17662
3,17663
3,17664
7,17664
7,17665
5,17666
3,17667
3,17668
7,17669
3,17670
5,17671
3,17672
3,17673
3,17674
4,17674
5,17674
5,17675
3,17676
3,17677
5,17678
3,17679
1,17680
1,17681
5,17681
1,17682
3,17682
5,17682
1,17683
3,17683
5,17683
1,17684
1,17685
1,17686
1,17687
1,17688
2,17688
4,17688
7,17688
3,17689
5,17690
7,17691
1,17692
2,17692
4,17692
5,17692
7,17692
1,17693
1,17694
7,17694
1,17695
1,17696
1,17697
7,17698
1,17699
1,17700
1,17701
1,17702
3,17703
1,17704
4,17704
7,17705
5,17706
4,17707
5,17707
1,17708
5,17708
1,17709
2,17709
4,17709
7,17709
5,17710
1,17711
5,17712
1,17713
3,17714
4,17714
5,17714
1,17715
5,17715
7,17716
7,17717
7,17718
1,17719
4,17720
5,17720
5,17721
1,17722
7,17722
3,17723
4,17723
5,17723
3,17724
3,17725
3,17726
4,17727
5,17727
3,17728
3,17729
3,17730
5,17731
3,17732
5,17732
3,17733
3,17734
7,17735
7,17736
3,17737
4,17737
5,17737
5,17738
5,17739
3,17740
3,17741
3,17742
4,17743
5,17743
4,17744
5,17744
3,17745
3,17746
3,17747
1,17748
2,17748
3,17748
4,17748
7,17748
4,17749
5,17749
1,17750
2,17750
3,17750
4,17750
5,17750
7,17750
3,17751
3,17752
3,17753
3,17754
1,17755
1,17756
5,17756
1,17757
7,17758
3,17759
3,17760
5,17761
5,17762
7,17763
3,17764
3,17765
3,17766
4,17766
3,17767
3,17768
3,17769
3,17770
3,17771
3,17772
3,17773
5,17774
5,17775
3,17776
3,17777
3,17778
3,17779
5,17780
5,17781
3,17782
3,17783
3,17784
3,17785
3,17786
3,17787
3,17788
3,17789
3,17790
3,17791
3,17792
3,17793
3,17794
3,17795
3,17796
3,17797
5,17798
7,17799
1,17800
4,17800
5,17801
5,17802
5,17803
7,17804
7,17805
1,17806
4,17806
5,17806
7,17806
7,17807
5,17808
7,17808
5,17809
7,17809
5,17810
5,17811
7,17812
3,17813
3,17814
3,17815
3,17816
3,17817
3,17818
3,17819
3,17820
4,17821
5,17821
7,17822
5,17823
1,17824
1,17825
5,17825
1,17826
5,17826
1,17827
5,17828
1,17829
5,17830
1,17831
1,17832
1,17833
5,17834
5,17835
1,17836
3,17836
5,17836
5,17837
5,17838
1,17839
3,17840
4,17840
5,17841
4,17842
5,17842
4,17843
5,17843
4,17844
5,17844
3,17845
3,17846
3,17847
4,17848
5,17848
4,17849
7,17849
3,17850
3,17851
3,17852
5,17853
3,17854
3,17855
4,17855
3,17856
3,17857
3,17858
3,17859
3,17860
3,17861
3,17862
3,17863
3,17864
3,17865
3,17866
3,17867
4,17867
3,17868
3,17869
3,17870
3,17871
4,17871
3,17872
3,17873
4,17873
5,17873
3,17874
3,17875
3,17876
3,17877
3,17878
3,17879
3,17880
3,17881
3,17882
3,17883
3,17884
3,17885
4,17885
3,17886
3,17887
3,17888
5,17888
3,17889
5,17889
3,17890
3,17891
3,17892
3,17893
5,17894
3,17895
3,17896
4,17896
5,17896
3,17897
3,17898
4,17898
5,17898
4,17899
5,17899
3,17900
4,17900
3,17901
3,17902
5,17903
3,17904
3,17905
3,17906
3,17907
3,17908
3,17909
7,17910
7,17911
1,17912
3,17912
4,17912
7,17912
1,17913
4,17913
7,17913
5,17914
3,17915
4,17915
3,17916
5,17916
3,17917
5,17917
5,17918
5,17919
5,17920
5,17921
3,17922
3,17923
3,17924
3,17925
3,17926
3,17927
3,17928
3,17929
3,17930
4,17931
5,17931
4,17932
5,17932
3,17933
3,17934
3,17935
3,17936
4,17936
5,17936
3,17937
3,17938
3,17939
3,17940
5,17940
3,17941
4,17941
4,17942
5,17942
5,17943
1,17944
4,17944
5,17944
1,17945
3,17945
4,17945
7,17945
5,17946
7,17947
5,17948
3,17949
3,17950
4,17950
3,17951
4,17951
3,17952
4,17952
3,17953
4,17953
3,17954
4,17954
3,17955
4,17955
3,17956
4,17956
3,17957
4,17957
3,17958
4,17958
3,17959
4,17959
3,17960
4,17960
3,17961
4,17961
3,17962
4,17962
3,17963
4,17963
3,17964
4,17964
3,17965
4,17965
3,17966
4,17966
3,17967
4,17967
3,17968
4,17968
3,17969
4,17969
3,17970
4,17970
3,17971
4,17971
3,17972
4,17972
3,17973
4,17973
3,17974
4,17974
3,17975
4,17975
1,17976
2,17976
4,17976
4,17977
7,17977
3,17978
3,17979
3,17980
5,17981
3,17982
3,17983
3,17984
5,17984
1,17985
4,17985
5,17985
5,17986
5,17987
5,17988
1,17989
2,17989
4,17989
5,17989
7,17989
3,17990
3,17991
3,17992
3,17993
4,17993
3,17994
3,17995
3,17996
5,17997
5,17998
3,17999
5,18000
3,18001
3,18002
3,18003
3,18004
5,18005
3,18006
3,18007
5,18007
3,18008
4,18008
5,18008
3,18009
4,18009
5,18009
3,18010
5,18011
4,18012
5,18012
5,18013
7,18014
1,18015
2,18015
4,18015
7,18015
1,18016
2,18016
4,18016
5,18016
7,18016
5,18017
5,18018
5,18019
3,18020
7,18021
4,18022
5,18022
5,18023
1,18024
3,18024
5,18024
7,18024
3,18025
3,18026
3,18027
3,18028
4,18028
5,18028
3,18029
3,18030
3,18031
5,18031
3,18032
3,18033
3,18034
5,18034
3,18035
4,18035
3,18036
4,18036
5,18036
3,18037
3,18038
3,18039
4,18039
5,18039
3,18040
3,18041
3,18042
3,18043
3,18044
3,18045
3,18046
3,18047
3,18048
4,18048
3,18049
3,18050
4,18050
5,18050
3,18051
3,18052
3,18053
3,18054
3,18055
3,18056
3,18057
3,18058
3,18059
3,18060
3,18061
3,18062
3,18063
3,18064
7,18065
3,18066
3,18067
7,18067
3,18068
4,18068
3,18069
3,18070
3,18071
3,18072
3,18073
3,18074
3,18075
3,18076
3,18077
3,18078
5,18079
3,18080
5,18081
3,18082
5,18083
5,18084
3,18085
1,18086
5,18086
4,18087
5,18087
3,18088
3,18089
3,18090
3,18091
3,18092
3,18093
7,18094
3,18095
3,18096
3,18097
7,18098
3,18099
3,18100
7,18101
1,18102
3,18102
7,18102
3,18103
3,18104
3,18105
3,18106
3,18107
7,18108
3,18109
7,18110
3,18111
3,18112
3,18113
3,18114
3,18115
3,18116
3,18117
3,18118
3,18119
5,18120
3,18121
4,18121
1,18122
3,18122
7,18122
3,18123
7,18124
7,18125
5,18126
3,18127
3,18128
3,18129
3,18130
7,18131
3,18132
5,18133
5,18134
7,18135
3,18136
1,18137
7,18137
3,18138
3,18139
3,18140
2,18141
3,18141
7,18141
3,18142
4,18143
5,18143
4,18144
5,18144
5,18145
7,18146
3,18147
4,18147
5,18148
4,18149
5,18149
2,18150
4,18150
5,18150
7,18150
3,18151
3,18152
4,18152
5,18152
7,18153
3,18154
3,18155
3,18156
3,18157
4,18157
5,18158
3,18159
4,18159
5,18159
4,18160
5,18160
3,18161
4,18161
5,18161
5,18162
4,18163
5,18163
5,18164
3,18165
3,18166
5,18166
5,18167
3,18168
5,18168
3,18169
5,18169
3,18170
5,18170
3,18171
5,18171
3,18172
5,18172
3,18173
3,18174
3,18175
5,18176
3,18177
5,18177
5,18178
3,18179
4,18179
5,18179
5,18180
3,18181
3,18182
3,18183
3,18184
5,18185
5,18186
7,18186
3,18187
3,18188
3,18189
3,18190
3,18191
3,18192
5,18193
3,18194
3,18195
7,18196
3,18197
4,18197
3,18198
3,18199
5,18200
3,18201
3,18202
3,18203
3,18204
5,18204
3,18205
3,18206
3,18207
4,18207
5,18207
3,18208
3,18209
3,18210
3,18211
3,18212
3,18213
3,18214
5,18215
4,18216
5,18216
3,18217
3,18218
4,18219
5,18219
3,18220
4,18220
3,18221
3,18222
3,18223
3,18224
5,18225
4,18226
5,18226
5,18227
3,18228
3,18229
3,18230
4,18230
3,18231
3,18232
5,18233
5,18234
3,18235
5,18235
3,18236
3,18237
7,18238
7,18239
3,18240
7,18240
1,18241
1,18242
5,18242
1,18243
3,18244
5,18245
4,18246
5,18246
4,18247
5,18247
5,18248
3,18249
4,18249
3,18250
5,18251
3,18252
3,18253
3,18254
4,18255
5,18255
3,18256
3,18257
3,18258
3,18259
7,18259
3,18260
4,18261
5,18261
1,18262
1,18263
2,18263
4,18263
7,18263
2,18264
4,18264
1,18265
3,18266
1,18267
5,18267
7,18267
3,18268
7,18268
5,18269
5,18270
5,18271
3,18272
3,18273
3,18274
3,18275
4,18275
5,18276
3,18277
3,18278
3,18279
1,18280
3,18280
5,18280
3,18281
5,18281
5,18282
3,18283
5,18284
5,18285
5,18286
3,18287
3,18288
3,18289
3,18290
3,18291
3,18292
5,18293
3,18294
3,18295
1,18296
3,18296
4,18296
3,18297
5,18297
5,18298
3,18299
3,18300
3,18301
5,18302
5,18303
3,18304
3,18305
3,18306
3,18307
3,18308
3,18309
3,18310
3,18311
3,18312
3,18313
5,18314
3,18315
3,18316
3,18317
3,18318
5,18318
3,18319
3,18320
3,18321
3,18322
3,18323
3,18324
3,18325
3,18326
3,18327
3,18328
3,18329
1,18330
3,18330
4,18330
7,18330
3,18331
3,18332
4,18333
5,18333
3,18334
4,18335
5,18335
5,18336
5,18337
5,18338
7,18339
3,18340
5,18341
5,18342
3,18343
3,18344
7,18345
5,18346
3,18347
3,18348
5,18349
4,18350
5,18350
3,18351
3,18352
3,18353
3,18354
3,18355
3,18356
3,18357
4,18358
5,18358
3,18359
5,18360
3,18361
5,18362
5,18363
5,18364
3,18365
3,18366
3,18367
3,18368
3,18369
4,18370
5,18370
4,18371
5,18371
3,18372
3,18373
5,18373
5,18374
5,18375
3,18376
3,18377
3,18378
3,18379
4,18379
5,18379
3,18380
3,18381
3,18382
3,18383
3,18384
7,18384
7,18385
3,18386
3,18387
3,18388
7,18389
3,18390
3,18391
3,18392
4,18393
5,18393
5,18394
3,18395
3,18396
3,18397
3,18398
7,18398
3,18399
3,18400
3,18401
7,18401
3,18402
3,18403
3,18404
3,18405
5,18406
3,18407
5,18408
7,18409
1,18410
3,18410
7,18410
3,18411
7,18411
3,18412
3,18413
4,18413
3,18414
7,18415
3,18416
7,18416
4,18417
5,18417
7,18417
3,18418
3,18419
5,18420
3,18421
3,18422
3,18423
3,18424
3,18425
3,18426
3,18427
5,18428
3,18429
3,18430
3,18431
3,18432
3,18433
3,18434
3,18435
3,18436
4,18437
5,18437
3,18438
4,18439
7,18439
7,18440
7,18441
4,18442
5,18442
5,18443
5,18444
3,18445
3,18446
3,18447
3,18448
5,18449
3,18450
4,18450
5,18450
3,18451
3,18452
3,18453
3,18454
4,18454
7,18455
4,18456
5,18456
3,18457
3,18458
7,18459
3,18460
1,18461
3,18461
3,18462
3,18463
5,18464
1,18465
7,18465
4,18466
5,18466
7,18467
3,18468
3,18469
1,18470
2,18470
3,18470
4,18470
7,18470
7,18471
5,18472
5,18473
5,18474
3,18475
3,18476
3,18477
3,18478
4,18478
3,18479
4,18479
3,18480
3,18481
4,18481
3,18482
3,18483
3,18484
5,18485
4,18486
5,18486
3,18487
3,18488
7,18489
3,18490
3,18491
3,18492
1,18493
1,18494
4,18494
7,18494
1,18495
2,18495
4,18495
5,18495
7,18495
3,18496
4,18496
5,18496
7,18497
5,18498
1,18499
5,18499
5,18500
7,18501
1,18502
4,18502
5,18502
5,18503
5,18504
5,18505
1,18506
2,18506
3,18506
4,18506
7,18506
1,18507
7,18507
3,18508
3,18509
1,18510
4,18510
1,18511
4,18511
3,18512
3,18513
3,18514
3,18515
3,18516
3,18517
3,18518
4,18518
5,18518
3,18519
3,18520
5,18520
3,18521
5,18522
3,18523
3,18524
3,18525
3,18526
3,18527
1,18528
2,18528
3,18528
4,18528
5,18528
7,18528
7,18529
1,18530
1,18531
1,18532
5,18533
5,18534
1,18535
2,18535
3,18535
4,18535
7,18535
1,18536
2,18536
4,18536
7,18536
3,18537
5,18537
1,18538
2,18538
4,18538
7,18538
3,18539
3,18540
3,18541
3,18542
3,18543
3,18544
5,18545
5,18546
3,18547
7,18548
7,18549
1,18550
7,18551
1,18552
7,18552
1,18553
5,18553
7,18554
1,18555
7,18555
1,18556
5,18557
1,18558
1,18559
5,18560
1,18561
1,18562
5,18562
1,18563
1,18564
1,18565
5,18565
7,18566
1,18567
5,18567
5,18568
1,18569
7,18569
7,18570
1,18571
5,18571
1,18572
1,18573
7,18573
5,18574
1,18575
1,18576
1,18577
1,18578
5,18578
1,18579
1,18580
5,18581
7,18582
3,18583
3,18584
7,18585
3,18586
3,18587
3,18588
3,18589
4,18589
3,18590
3,18591
5,18592
1,18593
1,18594
1,18595
5,18596
5,18597
5,18598
1,18599
1,18600
1,18601
3,18602
4,18603
5,18603
3,18604
3,18605
3,18606
4,18606
3,18607
3,18608
3,18609
3,18610
3,18611
4,18611
3,18612
3,18613
3,18614
3,18615
3,18616
3,18617
3,18618
3,18619
4,18619
3,18620
4,18620
3,18621
3,18622
4,18623
5,18623
5,18624
3,18625
3,18626
4,18626
3,18627
4,18627
3,18628
4,18628
3,18629
5,18629
3,18630
5,18630
3,18631
5,18631
3,18632
5,18632
3,18633
4,18633
3,18634
4,18634
3,18635
3,18636
4,18636
3,18637
3,18638
3,18639
3,18640
1,18641
2,18641
4,18641
4,18642
5,18642
3,18643
7,18644
5,18645
7,18646
7,18647
3,18648
1,18649
2,18649
3,18649
4,18649
7,18649
4,18650
7,18650
3,18651
3,18652
3,18653
4,18653
3,18654
3,18655
3,18656
3,18657
3,18658
5,18659
5,18660
5,18661
4,18662
5,18662
3,18663
5,18664
3,18665
3,18666
3,18667
3,18668
3,18669
3,18670
3,18671
3,18672
4,18673
5,18673
5,18674
4,18675
5,18675
5,18676
5,18677
1,18678
2,18678
4,18678
7,18678
3,18679
3,18680
3,18681
3,18682
3,18683
1,18684
5,18685
3,18686
3,18687
3,18688
5,18689
3,18690
3,18691
3,18692
3,18693
3,18694
3,18695
3,18696
3,18697
3,18698
5,18698
5,18699
5,18700
5,18701
1,18702
4,18702
3,18703
1,18704
5,18704
1,18705
5,18705
1,18706
5,18706
5,18707
1,18708
4,18708
7,18708
7,18709
5,18710
7,18710
5,18711
7,18711
5,18712
7,18712
3,18713
5,18714
5,18715
7,18716
4,18717
5,18717
7,18717
3,18718
3,18719
3,18720
7,18721
1,18722
4,18722
5,18722
7,18723
7,18724
1,18725
2,18725
3,18725
4,18725
7,18725
4,18726
5,18726
5,18727
7,18728
4,18729
5,18729
7,18730
5,18731
1,18732
4,18732
5,18733
7,18734
3,18735
5,18736
3,18737
3,18738
3,18739
5,18740
3,18741
3,18742
3,18743
3,18744
7,18745
3,18746
5,18747
3,18748
7,18749
4,18750
5,18750
7,18750
3,18751
3,18752
3,18753
4,18754
5,18754
3,18755
3,18756
3,18757
3,18758
1,18759
2,18759
3,18759
4,18759
7,18759
1,18760
2,18760
3,18760
4,18760
7,18760
2,18761
4,18761
3,18762
7,18763
3,18764
3,18765
1,18766
7,18766
3,18767
1,18768
2,18768
3,18768
4,18768
7,18768
5,18769
3,18770
1,18771
4,18771
5,18771
1,18772
2,18772
3,18772
4,18772
5,18772
7,18772
7,18773
5,18774
3,18775
4,18775
5,18775
7,18775
3,18776
3,18777
5,18778
7,18779
3,18780
5,18780
3,18781
3,18782
5,18783
5,18784
5,18785
5,18786
1,18787
1,18788
4,18788
5,18789
5,18790
5,18791
3,18792
3,18793
3,18794
5,18795
5,18796
5,18797
3,18798
3,18799
3,18800
5,18801
3,18802
3,18803
3,18804
3,18805
4,18805
3,18806
1,18807
4,18807
3,18808
3,18809
3,18810
7,18811
7,18812
5,18813
3,18814
4,18814
3,18815
2,18816
4,18816
3,18817
7,18818
1,18819
2,18819
3,18819
4,18819
5,18819
7,18819
5,18820
5,18821
5,18822
5,18823
5,18824
5,18825
1,18826
1,18827
5,18827
1,18828
3,18829
3,18830
5,18830
3,18831
4,18831
1,18832
2,18832
4,18832
5,18832
7,18832
3,18833
4,18834
5,18834
1,18835
1,18836
7,18837
5,18838
1,18839
1,18840
1,18841
7,18841
1,18842
1,18843
1,18844
1,18845
3,18846
1,18847
5,18847
1,18848
3,18849
3,18850
3,18851
5,18851
5,18852
3,18853
3,18854
4,18855
5,18855
3,18856
1,18857
1,18858
5,18859
1,18860
7,18860
1,18861
5,18862
1,18863
1,18864
5,18865
5,18866
5,18867
3,18868
4,18869
5,18869
1,18870
2,18870
3,18870
4,18870
7,18870
5,18871
1,18872
2,18872
4,18872
5,18872
7,18872
3,18873
3,18874
1,18875
2,18875
7,18875
3,18876
3,18877
3,18878
5,18879
5,18880
5,18881
1,18882
3,18883
3,18884
3,18885
3,18886
3,18887
3,18888
3,18889
3,18890
3,18891
3,18892
3,18893
3,18894
3,18895
3,18896
3,18897
3,18898
3,18899
5,18900
3,18901
3,18902
3,18903
3,18904
3,18905
3,18906
3,18907
7,18908
3,18909
5,18910
3,18911
3,18912
3,18913
3,18914
3,18915
3,18916
3,18917
3,18918
3,18919
3,18920
3,18921
3,18922
5,18923
3,18924
5,18925
3,18926
3,18927
5,18928
3,18929
7,18930
5,18931
5,18932
5,18933
5,18934
3,18935
3,18936
5,18937
3,18938
3,18939
5,18940
5,18941
3,18942
5,18943
5,18944
3,18945
5,18945
5,18946
3,18947
3,18948
3,18949
3,18950
3,18951
3,18952
3,18953
3,18954
3,18955
3,18956
3,18957
3,18958
3,18959
3,18960
5,18961
5,18962
3,18963
3,18964
3,18965
3,18966
5,18967
3,18968
3,18969
3,18970
3,18971
3,18972
1,18973
3,18973
3,18974
7,18974
3,18975
3,18976
3,18977
3,18978
5,18979
3,18980
3,18981
3,18982
5,18982
3,18983
3,18984
3,18985
5,18986
3,18987
3,18988
7,18989
3,18990
5,18991
5,18992
3,18993
5,18993
5,18994
3,18995
3,18996
3,18997
3,18998
3,18999
3,19000
3,19001
3,19002
3,19003
3,19004
7,19004
5,19005
3,19006
5,19007
3,19008
3,19009
3,19010
3,19011
5,19012
5,19013
3,19014
3,19015
3,19016
4,19016
3,19017
3,19018
5,19018
3,19019
5,19019
3,19020
5,19021
3,19022
3,19023
3,19024
5,19025
3,19026
3,19027
3,19028
3,19029
3,19030
5,19031
3,19032
5,19033
5,19034
3,19035
1,19036
3,19036
4,19036
3,19037
3,19038
3,19039
3,19040
3,19041
3,19042
5,19043
5,19044
5,19045
5,19046
5,19047
3,19048
3,19049
3,19050
3,19051
5,19051
3,19052
3,19053
5,19054
7,19055
3,19056
3,19057
3,19058
3,19059
3,19060
5,19061
5,19062
5,19063
3,19064
3,19065
3,19066
3,19067
3,19068
3,19069
3,19070
5,19070
5,19071
3,19072
3,19073
3,19074
3,19075
3,19076
3,19077
3,19078
5,19079
3,19080
3,19081
7,19081
3,19082
1,19083
3,19083
3,19084
3,19085
7,19085
3,19086
3,19087
3,19088
5,19089
5,19090
3,19091
5,19091
3,19092
3,19093
3,19094
3,19095
3,19096
3,19097
1,19098
1,19099
7,19099
3,19100
3,19101
5,19102
3,19103
3,19104
3,19105
3,19106
3,19107
3,19108
3,19109
3,19110
4,19110
3,19111
3,19112
3,19113
5,19113
3,19114
7,19114
7,19115
3,19116
3,19117
3,19118
3,19119
7,19119
5,19120
3,19121
5,19122
3,19123
3,19124
7,19124
3,19125
3,19126
5,19127
5,19128
3,19129
3,19130
3,19131
3,19132
3,19133
3,19134
3,19135
3,19136
3,19137
3,19138
5,19139
7,19140
3,19141
5,19141
3,19142
5,19142
3,19143
3,19144
3,19145
3,19146
3,19147
3,19148
3,19149
3,19150
4,19151
5,19151
3,19152
5,19153
3,19154
3,19155
3,19156
3,19157
4,19158
5,19158
5,19159
3,19160
7,19161
5,19162
4,19163
5,19163
3,19164
3,19165
3,19166
3,19167
4,19167
3,19168
3,19169
3,19170
5,19171
3,19172
3,19173
3,19174
4,19174
3,19175
3,19176
7,19176
3,19177
4,19178
5,19178
5,19179
5,19180
3,19181
3,19182
3,19183
7,19184
3,19185
4,19186
5,19186
5,19187
7,19188
4,19189
5,19189
5,19190
3,19191
3,19192
3,19193
4,19193
1,19194
3,19194
7,19194
3,19195
3,19196
3,19197
3,19198
3,19199
3,19200
5,19200
4,19201
5,19201
5,19202
7,19202
7,19203
3,19204
4,19204
4,19205
5,19205
3,19206
3,19207
5,19208
3,19209
7,19210
5,19211
3,19212
3,19213
3,19214
3,19215
1,19216
2,19216
4,19216
7,19216
3,19217
3,19218
3,19219
3,19220
3,19221
3,19222
3,19223
3,19224
4,19224
3,19225
3,19226
3,19227
3,19228
3,19229
3,19230
3,19231
4,19232
5,19232
1,19233
2,19233
3,19233
4,19233
5,19233
7,19233
7,19234
4,19235
5,19235
7,19235
3,19236
7,19237
5,19238
5,19239
5,19240
3,19241
3,19242
4,19242
3,19243
3,19244
4,19244
3,19245
3,19246
3,19247
4,19248
5,19248
1,19249
2,19249
3,19249
4,19249
7,19249
5,19250
5,19251
7,19252
4,19253
5,19253
7,19254
1,19255
4,19255
7,19255
4,19256
5,19256
3,19257
4,19257
5,19257
5,19258
3,19259
3,19260
3,19261
5,19261
3,19262
5,19262
4,19263
5,19263
3,19264
5,19265
5,19266
4,19267
5,19267
3,19268
5,19268
3,19269
5,19269
3,19270
4,19270
5,19270
3,19271
5,19272
5,19273
3,19274
3,19275
5,19276
3,19277
3,19278
3,19279
3,19280
3,19281
3,19282
4,19282
3,19283
3,19284
3,19285
3,19286
3,19287
3,19288
3,19289
3,19290
3,19291
5,19292
3,19293
3,19294
5,19295
3,19296
3,19297
3,19298
3,19299
3,19300
5,19300
3,19301
3,19302
3,19303
3,19304
3,19305
3,19306
3,19307
3,19308
3,19309
3,19310
3,19311
3,19312
3,19313
5,19314
5,19315
7,19316
1,19317
1,19318
7,19318
1,19319
7,19319
1,19320
1,19321
1,19322
5,19323
5,19324
5,19325
5,19326
3,19327
1,19328
3,19329
1,19330
1,19331
5,19331
1,19332
5,19332
7,19333
1,19334
5,19334
1,19335
1,19336
5,19336
1,19337
1,19338
1,19339
1,19340
7,19340
1,19341
1,19342
3,19343
5,19343
5,19344
5,19345
5,19346
5,19347
3,19348
3,19349
3,19350
3,19351
1,19352
7,19352
5,19353
5,19354
5,19355
5,19356
5,19357
3,19358
1,19359
1,19360
5,19360
1,19361
5,19361
7,19361
4,19362
5,19362
3,19363
3,19364
3,19365
7,19366
3,19367
5,19368
7,19369
1,19370
4,19370
4,19371
5,19371
3,19372
4,19373
5,19373
3,19374
3,19375
7,19376
5,19377
3,19378
3,19379
4,19379
4,19380
5,19380
7,19380
1,19381
2,19381
4,19381
5,19381
7,19381
7,19382
7,19383
7,19384
7,19385
3,19386
5,19386
3,19387
4,19388
5,19388
3,19389
4,19390
5,19390
3,19391
4,19392
5,19392
3,19393
4,19393
5,19393
3,19394
1,19395
3,19395
2,19396
3,19397
3,19398
3,19399
7,19399
3,19400
3,19401
3,19402
1,19403
7,19403
1,19404
2,19404
4,19404
7,19404
7,19405
3,19406
1,19407
2,19407
4,19407
7,19407
7,19408
7,19409
1,19410
2,19410
4,19410
7,19410
7,19411
7,19412
7,19413
1,19414
2,19414
4,19414
7,19414
2,19415
4,19416
5,19416
7,19416
1,19417
3,19417
7,19417
1,19418
3,19419
3,19420
3,19421
7,19422
1,19423
3,19423
7,19424
1,19425
7,19425
3,19426
3,19427
3,19428
3,19429
4,19429
5,19429
3,19430
4,19431
5,19431
4,19432
5,19432
3,19433
4,19434
5,19434
3,19435
3,19436
4,19437
7,19437
4,19438
5,19438
4,19439
5,19439
1,19440
4,19440
5,19441
5,19442
5,19443
4,19444
5,19444
3,19445
3,19446
4,19447
5,19447
5,19448
3,19449
5,19450
3,19451
3,19452
4,19453
7,19453
3,19454
3,19455
4,19456
5,19456
3,19457
4,19458
5,19458
3,19459
3,19460
4,19461
5,19461
3,19462
3,19463
3,19464
4,19465
5,19465
3,19466
3,19467
4,19468
5,19468
3,19469
3,19470
3,19471
3,19472
4,19472
3,19473
3,19474
3,19475
3,19476
7,19477
7,19478
3,19479
7,19479
3,19480
3,19481
4,19481
1,19482
2,19482
4,19482
5,19482
7,19482
2,19483
3,19484
4,19484
5,19484
3,19485
4,19485
3,19486
3,19487
3,19488
3,19489
5,19489
4,19490
5,19490
3,19491
3,19492
5,19492
4,19493
5,19493
3,19494
4,19495
5,19495
3,19496
3,19497
3,19498
5,19499
3,19500
4,19501
5,19501
5,19502
3,19503
5,19504
3,19505
3,19506
4,19507
5,19507
3,19508
3,19509
4,19509
5,19509
3,19510
3,19511
7,19512
7,19513
3,19514
4,19515
7,19515
4,19516
5,19516
3,19517
5,19517
5,19518
7,19519
4,19520
7,19520
4,19521
5,19521
4,19522
7,19522
5,19523
4,19524
5,19524
1,19525
4,19525
4,19526
5,19526
3,19527
4,19527
5,19528
1,19529
1,19530
1,19531
3,19532
1,19533
1,19534
7,19534
1,19535
1,19536
7,19536
1,19537
1,19538
7,19538
1,19539
1,19540
1,19541
7,19541
3,19542
7,19543
7,19544
7,19545
3,19546
3,19547
3,19548
3,19549
3,19550
3,19551
4,19552
5,19552
5,19553
5,19554
5,19555
5,19556
1,19557
2,19557
4,19557
7,19557
3,19558
7,19559
3,19560
5,19561
5,19562
5,19563
5,19564
3,19565
3,19566
4,19567
7,19567
3,19568
3,19569
7,19570
7,19571
7,19572
5,19573
7,19574
7,19575
5,19576
3,19577
3,19578
3,19579
3,19580
3,19581
4,19581
3,19582
3,19583
3,19584
3,19585
3,19586
4,19586
5,19587
7,19588
3,19589
3,19590
3,19591
3,19592
4,19592
3,19593
3,19594
3,19595
3,19596
3,19597
3,19598
3,19599
4,19600
5,19600
4,19601
5,19601
5,19602
3,19603
3,19604
3,19605
4,19606
5,19606
5,19607
3,19608
3,19609
3,19610
3,19611
3,19612
7,19613
3,19614
3,19615
7,19616
7,19617
5,19618
3,19619
4,19619
5,19619
3,19620
5,19620
5,19621
4,19622
5,19622
4,19623
5,19623
4,19624
7,19624
3,19625
3,19626
3,19627
5,19627
7,19627
3,19628
3,19629
3,19630
5,19631
3,19632
3,19633
7,19634
3,19635
5,19636
3,19637
4,19637
5,19637
7,19638
3,19639
5,19640
5,19641
3,19642
3,19643
3,19644
7,19644
7,19645
5,19646
5,19647
3,19648
5,19649
3,19650
3,19651
3,19652
3,19653
3,19654
3,19655
4,19655
7,19656
3,19657
3,19658
3,19659
3,19660
3,19661
4,19662
5,19662
3,19663
4,19663
5,19663
3,19664
1,19665
3,19665
3,19666
3,19667
3,19668
3,19669
7,19670
7,19671
1,19672
7,19672
7,19673
3,19674
3,19675
4,19676
5,19676
3,19677
3,19678
3,19679
4,19679
5,19679
4,19680
5,19680
3,19681
3,19682
3,19683
3,19684
3,19685
3,19686
3,19687
7,19688
4,19689
7,19689
3,19690
7,19690
4,19691
5,19691
7,19692
3,19693
3,19694
3,19695
3,19696
3,19697
5,19698
5,19699
2,19700
4,19700
5,19700
3,19701
3,19702
5,19703
5,19704
7,19705
3,19706
5,19706
1,19707
5,19707
1,19708
5,19708
1,19709
5,19709
7,19710
3,19711
3,19712
4,19712
3,19713
7,19714
7,19715
5,19716
5,19717
4,19718
7,19718
4,19719
5,19719
5,19720
4,19721
5,19721
3,19722
7,19723
4,19724
5,19724
3,19725
4,19726
5,19726
3,19727
5,19728
3,19729
3,19730
3,19731
3,19732
3,19733
4,19733
7,19734
4,19735
5,19735
3,19736
3,19737
3,19738
3,19739
1,19740
3,19740
4,19740
7,19740
5,19741
3,19742
5,19743
4,19744
5,19744
3,19745
4,19746
5,19746
7,19746
3,19747
3,19748
7,19749
3,19750
3,19751
4,19751
3,19752
1,19753
3,19753
4,19753
5,19753
3,19754
5,19755
5,19756
3,19757
4,19757
5,19757
7,19758
1,19759
2,19759
3,19759
4,19759
5,19759
7,19759
3,19760
3,19761
3,19762
4,19763
5,19763
5,19764
3,19765
3,19766
3,19767
4,19767
5,19767
7,19768
7,19769
3,19770
1,19771
7,19771
1,19772
2,19772
3,19772
4,19772
7,19772
5,19773
3,19774
5,19774
3,19775
3,19776
3,19777
3,19778
3,19779
7,19780
1,19781
2,19781
3,19781
4,19781
5,19781
7,19781
4,19782
5,19782
4,19783
5,19783
5,19784
7,19785
7,19786
3,19787
3,19788
1,19789
5,19789
4,19790
5,19790
4,19791
5,19791
3,19792
4,19793
5,19793
4,19794
7,19794
7,19795
5,19796
4,19797
5,19797
3,19798
3,19799
5,19800
3,19801
3,19802
3,19803
3,19804
3,19805
4,19806
5,19806
1,19807
4,19807
5,19807
3,19808
5,19809
5,19810
3,19811
5,19812
5,19813
3,19814
4,19815
5,19815
4,19816
5,19816
3,19817
5,19818
1,19819
5,19819
5,19820
1,19821
1,19822
5,19822
1,19823
5,19823
5,19824
1,19825
5,19825
1,19826
5,19826
1,19827
1,19828
1,19829
5,19829
3,19830
3,19831
3,19832
5,19833
7,19834
3,19835
5,19836
5,19837
3,19838
3,19839
3,19840
5,19841
3,19842
3,19843
5,19844
5,19845
7,19846
1,19847
5,19847
5,19848
3,19849
3,19850
5,19851
3,19852
3,19853
3,19854
3,19855
5,19856
1,19857
2,19857
3,19857
4,19857
7,19857
4,19858
5,19858
7,19859
4,19860
5,19860
4,19861
5,19861
1,19862
2,19862
3,19862
4,19862
7,19862
4,19863
5,19863
5,19864
1,19865
2,19865
3,19865
4,19865
7,19865
5,19866
1,19867
4,19867
7,19867
1,19868
2,19868
7,19868
7,19869
3,19870
3,19871
4,19872
5,19872
3,19873
7,19874
7,19875
5,19876
1,19877
3,19877
4,19877
5,19877
1,19878
2,19878
3,19878
4,19878
7,19878
7,19879
3,19880
3,19881
3,19882
5,19883
3,19884
5,19885
7,19886
3,19887
3,19888
3,19889
1,19890
3,19891
1,19892
2,19892
3,19892
4,19892
1,19893
2,19893
3,19893
4,19893
5,19893
7,19893
5,19894
3,19895
5,19895
7,19896
3,19897
1,19898
7,19899
3,19900
1,19901
5,19901
7,19902
3,19903
7,19904
7,19905
7,19906
3,19907
5,19907
3,19908
5,19909
5,19910
4,19911
7,19911
1,19912
5,19913
5,19914
5,19915
5,19916
5,19917
5,19918
5,19919
5,19920
5,19921
7,19922
7,19923
5,19924
1,19925
7,19925
7,19926
1,19927
5,19928
1,19929
1,19930
1,19931
7,19931
5,19932
5,19933
5,19934
7,19935
7,19936
1,19937
7,19937
5,19938
1,19939
5,19939
1,19940
1,19941
5,19942
1,19943
7,19943
5,19944
5,19945
5,19946
5,19947
5,19948
5,19949
7,19950
5,19951
7,19952
5,19953
1,19954
7,19955
5,19956
5,19957
7,19958
1,19959
5,19959
7,19959
5,19960
1,19961
1,19962
5,19963
5,19964
1,19965
7,19965
5,19966
5,19967
5,19968
5,19969
3,19970
3,19971
5,19972
5,19973
3,19974
3,19975
1,19976
3,19977
7,19978
7,19979
5,19980
1,19981
2,19981
3,19981
4,19981
5,19981
7,19981
5,19982
3,19983
3,19984
4,19985
5,19985
3,19986
3,19987
3,19988
1,19989
2,19989
3,19989
4,19989
7,19989
3,19990
5,19991
4,19992
5,19992
1,19993
2,19993
4,19993
5,19993
7,19993
3,19994
3,19995
3,19996
3,19997
3,19998
3,19999
3,20000
3,20001
3,20002
3,20003
5,20004
5,20005
7,20006
5,20007
3,20008
3,20009
5,20009
5,20010
5,20011
5,20012
5,20013
3,20014
1,20015
3,20015
3,20016
3,20017
4,20017
5,20018
3,20019
5,20020
3,20021
3,20022
3,20023
3,20024
3,20025
3,20026
3,20027
3,20028
3,20029
5,20030
3,20031
7,20032
5,20033
5,20034
5,20035
3,20036
1,20037
5,20038
7,20039
7,20040
7,20041
3,20042
7,20043
1,20044
2,20044
3,20044
4,20044
7,20044
3,20045
3,20046
3,20047
3,20048
3,20049
3,20050
3,20051
3,20052
3,20053
3,20054
5,20055
3,20056
4,20056
4,20057
5,20057
4,20058
5,20058
3,20059
3,20060
3,20061
7,20062
5,20063
3,20064
4,20064
4,20065
5,20065
7,20066
4,20067
5,20067
3,20068
3,20069
3,20070
7,20070
3,20071
7,20072
3,20073
3,20074
3,20075
3,20076
3,20077
3,20078
3,20079
5,20080
3,20081
4,20081
5,20081
3,20082
3,20083
5,20084
3,20085
5,20085
3,20086
3,20087
3,20088
3,20089
4,20089
3,20090
3,20091
3,20092
4,20092
5,20092
3,20093
3,20094
3,20095
3,20096
3,20097
3,20098
5,20099
3,20100
5,20101
3,20102
3,20103
3,20104
3,20105
3,20106
3,20107
3,20108
3,20109
3,20110
3,20111
3,20112
4,20112
3,20113
3,20114
4,20115
5,20115
3,20116
3,20117
5,20117
3,20118
4,20118
3,20119
3,20120
4,20120
3,20121
4,20122
5,20122
3,20123
3,20124
3,20125
3,20126
3,20127
3,20128
3,20129
4,20129
3,20130
3,20131
5,20132
3,20133
4,20133
5,20133
5,20134
7,20135
4,20136
5,20136
7,20137
7,20138
7,20139
7,20140
7,20141
7,20142
3,20143
3,20144
4,20144
5,20144
3,20145
5,20145
3,20146
5,20147
3,20148
5,20148
3,20149
3,20150
3,20151
3,20152
4,20152
5,20152
4,20153
5,20153
5,20154
3,20155
3,20156
3,20157
5,20158
3,20159
3,20160
5,20161
5,20162
7,20162
5,20163
5,20164
3,20165
3,20166
5,20167
3,20168
4,20169
5,20169
5,20170
5,20171
3,20172
5,20173
5,20174
5,20175
3,20176
4,20176
3,20177
3,20178
7,20179
3,20180
3,20181
7,20181
3,20182
3,20183
7,20183
4,20184
5,20184
7,20184
3,20185
5,20186
3,20187
5,20187
7,20187
7,20188
3,20189
3,20190
4,20191
5,20191
3,20192
3,20193
3,20194
4,20195
5,20195
3,20196
3,20197
3,20198
3,20199
7,20200
5,20201
5,20202
1,20203
2,20203
3,20203
4,20203
7,20203
2,20204
3,20204
4,20204
7,20204
3,20205
3,20206
3,20207
7,20207
3,20208
7,20208
3,20209
3,20210
4,20210
7,20211
1,20212
2,20212
4,20212
7,20212
3,20213
5,20213
3,20214
7,20215
4,20216
5,20216
4,20217
5,20217
1,20218
2,20218
3,20218
4,20218
7,20218
3,20219
5,20220
3,20221
3,20222
7,20223
7,20224
3,20225
3,20226
7,20227
7,20228
7,20229
3,20230
3,20231
3,20232
3,20233
3,20234
3,20235
3,20236
3,20237
3,20238
3,20239
7,20240
3,20241
1,20242
2,20242
3,20242
4,20242
7,20242
2,20243
4,20243
5,20244
4,20245
5,20245
7,20246
5,20247
4,20248
5,20248
5,20249
1,20250
4,20250
7,20250
5,20251
7,20252
7,20253
7,20254
4,20255
5,20255
7,20255
7,20256
7,20257
3,20258
4,20259
5,20259
5,20260
3,20261
3,20262
1,20263
1,20264
7,20265
7,20266
1,20267
3,20268
3,20269
3,20270
3,20271
3,20272
5,20273
3,20274
5,20275
5,20276
7,20277
5,20278
5,20279
5,20280
5,20281
5,20282
3,20283
5,20284
5,20285
5,20286
5,20287
5,20288
1,20289
5,20290
1,20291
7,20291
7,20292
7,20293
7,20294
5,20295
1,20296
1,20297
1,20298
1,20299
5,20299
7,20299
1,20300
1,20301
7,20301
1,20302
1,20303
1,20304
1,20305
5,20306
3,20307
3,20308
3,20309
4,20309
3,20310
3,20311
3,20312
3,20313
5,20313
3,20314
3,20315
5,20315
3,20316
3,20317
4,20317
5,20317
3,20318
3,20319
5,20320
3,20321
3,20322
1,20323
7,20323
3,20324
7,20325
3,20326
3,20327
3,20328
5,20329
4,20330
5,20330
3,20331
3,20332
3,20333
3,20334
5,20335
3,20336
5,20337
4,20338
5,20338
3,20339
3,20340
3,20341
3,20342
3,20343
5,20344
2,20345
4,20345
7,20345
5,20346
3,20347
3,20348
3,20349
5,20350
5,20351
3,20352
4,20353
5,20353
3,20354
5,20355
4,20356
5,20356
5,20357
5,20358
5,20359
5,20360
5,20361
7,20362
3,20363
3,20364
3,20365
3,20366
7,20367
7,20368
7,20369
3,20370
3,20371
3,20372
4,20373
5,20373
3,20374
1,20375
1,20376
1,20377
1,20378
5,20379
1,20380
1,20381
5,20382
3,20383
3,20384
4,20384
3,20385
4,20385
5,20385
3,20386
3,20387
3,20388
5,20389
3,20390
3,20391
7,20391
7,20392
1,20393
2,20393
4,20393
7,20393
7,20394
4,20395
5,20395
3,20396
4,20396
5,20396
3,20397
3,20398
7,20398
3,20399
7,20400
3,20401
3,20402
3,20403
4,20403
5,20403
3,20404
3,20405
4,20406
5,20406
3,20407
3,20408
3,20409
4,20410
5,20410
3,20411
7,20412
7,20413
7,20414
1,20415
2,20415
3,20415
4,20415
7,20415
7,20416
5,20417
5,20418
1,20419
2,20419
3,20419
4,20419
7,20419
3,20420
3,20421
3,20422
1,20423
5,20424
5,20425
5,20426
1,20427
1,20428
5,20428
7,20428
1,20429
2,20429
3,20429
4,20429
7,20429
1,20430
2,20430
4,20430
5,20430
7,20430
3,20431
3,20432
3,20433
3,20434
3,20435
3,20436
3,20437
3,20438
4,20438
3,20439
3,20440
3,20441
3,20442
3,20443
3,20444
4,20445
5,20445
3,20446
3,20447
3,20448
5,20448
3,20449
3,20450
4,20450
7,20450
3,20451
3,20452
1,20453
7,20453
3,20454
1,20455
3,20455
5,20455
5,20456
5,20457
3,20458
3,20459
3,20460
3,20461
4,20461
3,20462
4,20462
3,20463
5,20463
3,20464
3,20465
5,20465
5,20466
3,20467
4,20467
3,20468
4,20469
5,20469
2,20470
4,20470
5,20470
2,20471
2,20472
3,20473
5,20474
3,20475
4,20476
5,20476
3,20477
3,20478
5,20478
3,20479
4,20479
5,20479
3,20480
4,20480
3,20481
4,20481
5,20481
3,20482
4,20482
5,20483
5,20484
3,20485
7,20486
2,20487
4,20487
7,20487
5,20488
5,20489
5,20490
5,20491
5,20492
3,20493
5,20493
5,20494
3,20495
3,20496
3,20497
3,20498
3,20499
3,20500
4,20500
5,20500
3,20501
4,20501
5,20501
7,20502
3,20503
4,20504
5,20504
3,20505
3,20506
3,20507
3,20508
3,20509
3,20510
3,20511
3,20512
3,20513
3,20514
3,20515
5,20516
3,20517
5,20517
3,20518
5,20518
3,20519
3,20520
3,20521
5,20521
7,20521
5,20522
7,20523
3,20524
4,20525
5,20525
3,20526
5,20526
7,20527
3,20528
4,20529
7,20529
5,20530
4,20531
5,20531
3,20532
3,20533
5,20534
3,20535
3,20536
3,20537
3,20538
3,20539
3,20540
3,20541
3,20542
3,20543
1,20544
4,20544
5,20544
7,20544
5,20545
4,20546
5,20546
3,20547
4,20547
5,20547
3,20548
3,20549
3,20550
7,20550
5,20551
7,20552
3,20553
3,20554
3,20555
7,20556
3,20557
3,20558
5,20558
3,20559
3,20560
3,20561
3,20562
4,20562
3,20563
3,20564
3,20565
3,20566
7,20566
5,20567
3,20568
3,20569
3,20570
5,20571
5,20572
3,20573
3,20574
3,20575
3,20576
3,20577
3,20578
3,20579
5,20579
5,20580
3,20581
5,20581
5,20582
5,20583
3,20584
4,20584
3,20585
7,20586
3,20587
4,20587
5,20587
5,20588
5,20589
5,20590
3,20591
3,20592
5,20593
7,20594
5,20595
3,20596
3,20597
3,20598
4,20598
3,20599
3,20600
2,20601
7,20602
1,20603
2,20603
4,20603
7,20603
7,20604
7,20605
5,20606
3,20607
3,20608
3,20609
3,20610
3,20611
3,20612
3,20613
3,20614
3,20615
5,20615
3,20616
3,20617
7,20617
3,20618
3,20619
3,20620
3,20621
3,20622
3,20623
4,20624
5,20624
3,20625
7,20626
3,20627
5,20628
3,20629
3,20630
3,20631
3,20632
5,20633
3,20634
7,20635
7,20636
7,20637
3,20638
4,20639
5,20639
7,20640
5,20641
3,20642
3,20643
4,20643
5,20643
7,20644
7,20645
3,20646
5,20647
5,20648
3,20649
3,20650
5,20651
3,20652
3,20653
4,20653
5,20653
3,20654
3,20655
3,20656
4,20656
5,20656
4,20657
5,20657
5,20658
7,20659
7,20660
3,20661
4,20661
5,20661
7,20661
7,20662
7,20663
3,20664
5,20665
4,20666
5,20666
4,20667
5,20667
3,20668
3,20669
3,20670
5,20671
3,20672
1,20673
2,20673
3,20673
4,20673
5,20673
7,20673
3,20674
3,20675
3,20676
3,20677
3,20678
3,20679
3,20680
4,20680
5,20680
3,20681
3,20682
5,20683
3,20684
3,20685
3,20686
3,20687
3,20688
4,20689
5,20689
5,20690
5,20691
5,20692
5,20693
5,20694
4,20695
5,20695
3,20696
4,20697
7,20697
3,20698
4,20699
7,20699
3,20700
3,20701
4,20702
5,20702
3,20703
3,20704
5,20705
4,20706
5,20706
5,20707
3,20708
3,20709
3,20710
3,20711
3,20712
5,20713
4,20714
5,20714
3,20715
5,20716
5,20717
5,20718
4,20719
5,20719
3,20720
3,20721
3,20722
3,20723
4,20724
5,20724
3,20725
3,20726
3,20727
3,20728
7,20728
4,20729
5,20729
3,20730
3,20731
3,20732
4,20733
5,20733
4,20734
5,20734
3,20735
4,20736
5,20736
4,20737
5,20737
3,20738
4,20739
5,20739
3,20740
3,20741
3,20742
3,20743
3,20744
3,20745
3,20746
4,20746
3,20747
3,20748
3,20749
2,20750
4,20750
3,20751
4,20752
5,20752
3,20753
3,20754
5,20754
4,20755
5,20755
3,20756
3,20757
3,20758
7,20758
5,20759
1,20760
3,20760
2,20761
4,20761
7,20761
2,20762
1,20763
3,20763
3,20764
4,20765
5,20765
3,20766
3,20767
3,20768
3,20769
4,20770
5,20770
3,20771
5,20772
5,20773
3,20774
4,20774
5,20774
4,20775
5,20775
3,20776
3,20777
3,20778
5,20779
3,20780
5,20781
3,20782
3,20783
3,20784
5,20785
3,20786
3,20787
3,20788
3,20789
3,20790
5,20791
3,20792
3,20793
5,20794
3,20795
5,20796
3,20797
3,20798
5,20799
3,20800
3,20801
4,20801
5,20801
4,20802
5,20802
5,20803
3,20804
3,20805
3,20806
3,20807
3,20808
3,20809
1,20810
3,20810
5,20811
3,20812
5,20813
3,20814
3,20815
3,20816
5,20817
3,20818
3,20819
4,20819
5,20819
3,20820
5,20821
3,20822
3,20823
3,20824
3,20825
3,20826
3,20827
3,20828
3,20829
4,20829
5,20829
5,20830
3,20831
7,20832
3,20833
3,20834
5,20834
3,20835
7,20836
3,20837
3,20838
3,20839
3,20840
5,20841
3,20842
5,20843
5,20844
3,20845
3,20846
3,20847
5,20848
3,20849
3,20850
5,20851
3,20852
4,20853
5,20853
5,20854
3,20855
3,20856
3,20857
5,20857
3,20858
3,20859
3,20860
3,20861
3,20862
4,20862
5,20862
5,20863
4,20864
5,20864
5,20865
3,20866
4,20866
3,20867
4,20867
5,20868
3,20869
3,20870
3,20871
3,20872
3,20873
5,20873
3,20874
3,20875
5,20875
3,20876
4,20876
3,20877
3,20878
3,20879
4,20879
5,20879
3,20880
4,20881
5,20881
3,20882
3,20883
5,20884
3,20885
5,20885
3,20886
3,20887
3,20888
3,20889
3,20890
7,20891
3,20892
7,20893
3,20894
4,20894
5,20894
3,20895
3,20896
3,20897
7,20897
4,20898
5,20898
3,20899
5,20900
3,20901
4,20902
7,20902
3,20903
3,20904
4,20904
5,20904
3,20905
3,20906
3,20907
3,20908
4,20908
1,20909
2,20909
4,20909
5,20909
7,20909
4,20910
5,20910
7,20910
1,20911
2,20911
4,20911
5,20911
7,20911
3,20912
3,20913
5,20913
3,20914
5,20914
3,20915
3,20916
3,20917
3,20918
3,20919
3,20920
5,20920
3,20921
5,20921
3,20922
3,20923
3,20924
7,20924
3,20925
3,20926
3,20927
4,20927
3,20928
3,20929
3,20930
3,20931
3,20932
5,20932
3,20933
3,20934
4,20935
5,20935
3,20936
3,20937
3,20938
4,20938
5,20938
3,20939
3,20940
3,20941
3,20942
3,20943
3,20944
3,20945
3,20946
3,20947
3,20948
3,20949
3,20950
3,20951
3,20952
3,20953
4,20954
5,20954
3,20955
3,20956
3,20957
3,20958
5,20958
3,20959
3,20960
3,20961
3,20962
7,20962
3,20963
3,20964
3,20965
3,20966
3,20967
4,20967
5,20967
3,20968
3,20969
7,20970
3,20971
3,20972
3,20973
2,20974
4,20974
7,20975
3,20976
3,20977
4,20977
5,20977
3,20978
3,20979
3,20980
3,20981
3,20982
3,20983
3,20984
3,20985
4,20986
5,20986
4,20987
5,20987
3,20988
3,20989
1,20990
3,20990
5,20991
3,20992
3,20993
3,20994
5,20995
3,20996
3,20997
3,20998
3,20999
4,20999
5,20999
3,21000
3,21001
3,21002
3,21003
5,21004
7,21004
4,21005
7,21005
4,21006
7,21006
4,21007
7,21007
7,21008
7,21009
3,21010
3,21011
3,21012
4,21012
5,21012
4,21013
5,21013
3,21014
7,21015
3,21016
5,21017
5,21018
7,21018
4,21019
5,21019
7,21019
3,21020
7,21021
3,21022
7,21023
1,21024
7,21024
7,21025
7,21026
3,21027
3,21028
3,21029
3,21030
3,21031
4,21032
7,21032
3,21033
3,21034
7,21035
3,21036
3,21037
3,21038
3,21039
3,21040
3,21041
3,21042
1,21043
1,21044
1,21045
1,21046
5,21047
3,21048
4,21049
7,21049
4,21050
5,21050
3,21051
3,21052
3,21053
3,21054
3,21055
4,21056
5,21056
3,21057
4,21058
5,21058
3,21059
4,21060
5,21060
4,21061
7,21061
3,21062
3,21063
3,21064
4,21065
5,21065
7,21066
3,21067
5,21068
5,21069
3,21070
3,21071
5,21072
3,21073
5,21074
4,21075
7,21075
3,21076
3,21077
3,21078
3,21079
3,21080
4,21081
5,21081
3,21082
5,21083
7,21084
3,21085
3,21086
3,21087
3,21088
4,21089
5,21089
3,21090
3,21091
4,21092
5,21092
7,21093
5,21094
3,21095
3,21096
3,21097
3,21098
3,21099
3,21100
3,21101
3,21102
3,21103
3,21104
3,21105
3,21106
3,21107
3,21108
4,21108
1,21109
2,21109
4,21109
4,21110
5,21110
3,21111
3,21112
4,21113
7,21113
3,21114
3,21115
3,21116
7,21116
3,21117
7,21117
7,21118
7,21119
5,21120
5,21121
3,21122
1,21123
7,21123
3,21124
5,21125
3,21126
5,21127
4,21128
5,21128
3,21129
3,21130
3,21131
3,21132
3,21133
3,21134
5,21135
7,21136
3,21137
3,21138
4,21139
5,21139
3,21140
4,21141
5,21141
3,21142
5,21143
3,21144
5,21144
3,21145
3,21146
3,21147
5,21148
5,21149
7,21150
5,21151
4,21152
5,21152
4,21153
5,21153
5,21154
5,21155
4,21156
5,21156
4,21157
5,21157
3,21158
3,21159
4,21160
5,21160
3,21161
3,21162
1,21163
3,21163
4,21163
5,21163
3,21164
1,21165
7,21165
7,21166
5,21167
3,21168
4,21169
5,21169
1,21170
7,21170
1,21171
3,21171
4,21171
7,21171
1,21172
3,21172
7,21173
3,21174
3,21175
1,21176
4,21176
7,21177
1,21178
7,21178
3,21179
7,21179
7,21180
3,21181
3,21182
7,21183
1,21184
3,21184
7,21184
7,21185
1,21186
4,21186
7,21187
3,21188
3,21189
3,21190
1,21191
7,21191
3,21192
2,21193
4,21193
7,21193
3,21194
1,21195
7,21195
7,21196
5,21197
4,21198
5,21198
3,21199
3,21200
5,21201
5,21202
5,21203
7,21204
7,21205
5,21206
1,21207
5,21208
5,21209
1,21210
5,21211
5,21212
5,21213
1,21214
7,21215
1,21216
5,21216
7,21217
5,21218
5,21219
5,21220
3,21221
5,21221
7,21221
5,21222
5,21223
1,21224
5,21225
5,21226
7,21227
5,21228
5,21229
5,21230
1,21231
7,21231
5,21232
5,21233
5,21234
1,21235
5,21235
7,21235
7,21236
7,21237
1,21238
5,21238
7,21239
7,21240
7,21241
5,21242
5,21243
5,21244
7,21245
1,21246
5,21247
1,21248
5,21249
1,21250
5,21250
7,21251
1,21252
5,21252
7,21253
7,21254
1,21255
1,21256
1,21257
1,21258
5,21259
1,21260
1,21261
5,21261
1,21262
7,21262
1,21263
5,21264
1,21265
1,21266
5,21266
1,21267
1,21268
1,21269
5,21269
1,21270
5,21270
1,21271
5,21271
3,21272
3,21273
5,21274
5,21275
5,21276
3,21277
3,21278
1,21279
7,21279
3,21280
5,21281
5,21282
4,21283
5,21283
5,21284
4,21285
5,21285
3,21286
3,21287
3,21288
5,21289
3,21290
3,21291
3,21292
5,21293
5,21294
5,21295
3,21296
5,21297
5,21298
5,21299
7,21300
7,21301
3,21302
3,21303
3,21304
3,21305
3,21306
1,21307
2,21307
3,21307
4,21307
7,21307
3,21308
3,21309
3,21310
3,21311
3,21312
3,21313
3,21314
4,21315
5,21315
3,21316
4,21317
5,21317
3,21318
5,21319
3,21320
3,21321
3,21322
4,21322
3,21323
3,21324
4,21325
5,21325
3,21326
3,21327
3,21328
3,21329
3,21330
4,21330
3,21331
3,21332
3,21333
3,21334
3,21335
3,21336
3,21337
3,21338
7,21339
7,21340
5,21341
3,21342
5,21342
5,21343
3,21344
3,21345
4,21346
5,21346
5,21347
3,21348
3,21349
4,21350
7,21350
7,21351
7,21352
1,21353
2,21353
3,21353
4,21353
7,21353
3,21354
5,21355
3,21356
3,21357
3,21358
5,21359
3,21360
3,21361
3,21362
3,21363
3,21364
3,21365
5,21366
7,21367
5,21368
7,21369
3,21370
5,21371
3,21372
1,21373
3,21373
7,21373
7,21374
3,21375
7,21376
3,21377
3,21378
4,21378
5,21378
5,21379
5,21380
3,21381
3,21382
3,21383
3,21384
5,21385
3,21386
3,21387
3,21388
4,21389
5,21389
3,21390
4,21390
3,21391
3,21392
3,21393
3,21394
7,21395
5,21396
3,21397
5,21398
3,21399
3,21400
3,21401
5,21402
3,21403
5,21403
7,21404
1,21405
5,21405
3,21406
3,21407
3,21408
5,21409
3,21410
3,21411
5,21411
3,21412
3,21413
3,21414
3,21415
3,21416
3,21417
3,21418
3,21419
4,21419
5,21419
5,21420
3,21421
5,21422
3,21423
3,21424
3,21425
3,21426
3,21427
3,21428
3,21429
5,21430
3,21431
3,21432
3,21433
4,21433
5,21433
3,21434
1,21435
4,21435
5,21435
3,21436
5,21436
4,21437
5,21437
3,21438
3,21439
4,21439
5,21439
3,21440
5,21441
3,21442
1,21443
1,21444
1,21445
1,21446
1,21447
1,21448
3,21449
3,21450
3,21451
3,21452
4,21453
5,21453
3,21454
4,21454
3,21455
4,21456
5,21456
3,21457
3,21458
4,21458
3,21459
3,21460
3,21461
5,21461
3,21462
3,21463
3,21464
3,21465
5,21466
5,21467
5,21468
5,21469
3,21470
4,21471
5,21471
3,21472
4,21473
7,21473
3,21474
3,21475
3,21476
5,21477
5,21478
5,21479
5,21480
5,21481
3,21482
3,21483
4,21483
3,21484
4,21484
3,21485
4,21485
3,21486
1,21487
4,21487
4,21488
5,21488
3,21489
7,21489
3,21490
3,21491
7,21492
5,21493
2,21494
4,21494
5,21494
4,21495
7,21495
5,21496
5,21497
4,21498
5,21498
5,21499
1,21500
3,21500
4,21500
3,21501
3,21502
3,21503
3,21504
3,21505
1,21506
2,21506
3,21506
4,21506
7,21506
5,21507
1,21508
3,21508
1,21509
1,21510
1,21511
3,21512
3,21513
1,21514
3,21515
5,21516
5,21517
1,21518
5,21518
1,21519
5,21519
1,21520
5,21520
4,21521
7,21521
1,21522
1,21523
1,21524
1,21525
1,21526
1,21527
1,21528
1,21529
1,21530
7,21531
3,21532
5,21532
1,21533
5,21534
5,21535
5,21536
1,21537
5,21538
3,21539
1,21540
5,21541
3,21542
1,21543
7,21544
1,21545
3,21545
5,21546
7,21547
7,21548
3,21549
4,21549
3,21550
3,21551
3,21552
3,21553
3,21554
3,21555
3,21556
3,21557
3,21558
4,21558
3,21559
3,21560
3,21561
3,21562
3,21563
3,21564
1,21565
5,21565
1,21566
4,21566
5,21566
4,21567
5,21567
3,21568
5,21569
5,21570
5,21571
5,21572
7,21573
3,21574
3,21575
3,21576
5,21577
5,21578
5,21579
3,21580
4,21580
5,21580
3,21581
5,21582
4,21583
5,21583
3,21584
3,21585
3,21586
3,21587
4,21587
5,21587
7,21587
7,21588
5,21589
3,21590
3,21591
7,21592
3,21593
4,21593
3,21594
3,21595
4,21595
3,21596
5,21597
3,21598
1,21599
2,21599
7,21599
7,21600
1,21601
3,21601
7,21601
1,21602
2,21602
4,21602
7,21602
7,21603
5,21604
5,21605
1,21606
2,21606
4,21606
7,21606
4,21607
5,21607
4,21608
7,21608
3,21609
5,21610
1,21611
4,21611
7,21612
7,21613
5,21614
5,21615
4,21616
7,21616
7,21617
7,21618
3,21619
4,21620
7,21620
4,21621
5,21621
4,21622
5,21622
3,21623
3,21624
5,21625
5,21626
5,21627
3,21628
7,21629
5,21630
3,21631
5,21632
7,21632
7,21633
1,21634
2,21634
4,21634
7,21634
7,21635
7,21636
1,21637
2,21637
4,21637
7,21637
5,21638
3,21639
3,21640
5,21641
3,21642
3,21643
3,21644
4,21645
5,21645
5,21646
1,21647
2,21647
4,21647
3,21648
5,21649
5,21650
3,21651
3,21652
3,21653
4,21653
3,21654
3,21655
3,21656
4,21656
5,21656
3,21657
3,21658
5,21659
3,21660
4,21660
3,21661
7,21662
3,21663
4,21663
3,21664
3,21665
3,21666
3,21667
5,21668
5,21669
5,21670
7,21671
5,21672
3,21673
3,21674
3,21675
3,21676
3,21677
3,21678
3,21679
3,21680
3,21681
3,21682
3,21683
3,21684
3,21685
3,21686
3,21687
3,21688
3,21689
3,21690
3,21691
3,21692
3,21693
3,21694
3,21695
3,21696
3,21697
3,21698
3,21699
1,21700
5,21700
3,21701
3,21702
3,21703
5,21703
5,21704
3,21705
5,21706
5,21707
3,21708
5,21709
3,21710
3,21711
3,21712
3,21713
3,21714
3,21715
3,21716
3,21717
3,21718
3,21719
3,21720
3,21721
5,21721
3,21722
3,21723
3,21724
3,21725
5,21726
5,21727
5,21728
5,21729
3,21730
5,21731
5,21732
3,21733
3,21734
3,21735
5,21736
3,21737
3,21738
3,21739
3,21740
3,21741
3,21742
3,21743
3,21744
5,21744
3,21745
3,21746
5,21746
5,21747
3,21748
3,21749
3,21750
3,21751
3,21752
3,21753
5,21754
3,21755
3,21756
3,21757
3,21758
3,21759
5,21760
3,21761
3,21762
3,21763
3,21764
5,21765
3,21766
5,21766
3,21767
3,21768
3,21769
3,21770
3,21771
3,21772
5,21773
3,21774
3,21775
3,21776
3,21777
3,21778
3,21779
5,21780
3,21781
5,21782
3,21783
3,21784
5,21785
3,21786
3,21787
5,21788
3,21789
3,21790
3,21791
5,21792
3,21793
3,21794
5,21795
5,21796
3,21797
3,21798
3,21799
3,21800
3,21801
3,21802
3,21803
5,21804
3,21805
5,21805
3,21806
3,21807
3,21808
5,21809
5,21810
5,21811
5,21812
3,21813
3,21814
5,21815
3,21816
3,21817
3,21818
5,21819
3,21820
3,21821
3,21822
3,21823
3,21824
3,21825
3,21826
5,21827
3,21828
5,21829
5,21830
3,21831
3,21832
3,21833
3,21834
3,21835
3,21836
3,21837
3,21838
3,21839
5,21840
5,21841
3,21842
5,21843
5,21844
3,21845
3,21846
3,21847
3,21848
3,21849
3,21850
3,21851
3,21852
3,21853
3,21854
3,21855
3,21856
5,21857
3,21858
3,21859
3,21860
3,21861
3,21862
3,21863
3,21864
3,21865
3,21866
3,21867
5,21868
3,21869
3,21870
3,21871
3,21872
3,21873
3,21874
5,21875
3,21876
3,21877
5,21877
3,21878
3,21879
3,21880
5,21881
3,21882
3,21883
3,21884
3,21885
3,21886
3,21887
3,21888
3,21889
3,21890
5,21891
3,21892
3,21893
3,21894
5,21895
3,21896
5,21897
3,21898
5,21899
3,21900
3,21901
3,21902
3,21903
5,21903
3,21904
5,21905
5,21906
3,21907
3,21908
5,21908
5,21909
3,21910
3,21911
5,21912
5,21913
3,21914
5,21915
3,21916
5,21917
3,21918
5,21919
5,21920
5,21921
3,21922
3,21923
3,21924
3,21925
3,21926
3,21927
5,21928
5,21929
5,21930
3,21931
3,21932
5,21933
3,21934
5,21935
5,21936
3,21937
5,21938
3,21939
5,21940
5,21941
3,21942
3,21943
5,21944
3,21945
3,21946
3,21947
3,21948
3,21949
3,21950
3,21951
5,21951
5,21952
3,21953
5,21953
3,21954
3,21955
3,21956
3,21957
3,21958
3,21959
3,21960
3,21961
3,21962
3,21963
3,21964
3,21965
3,21966
3,21967
3,21968
3,21969
3,21970
5,21971
3,21972
5,21973
3,21974
5,21975
1,21976
5,21976
3,21977
3,21978
3,21979
5,21980
3,21981
3,21982
3,21983
5,21984
3,21985
3,21986
5,21987
3,21988
3,21989
3,21990
3,21991
3,21992
3,21993
5,21994
3,21995
3,21996
5,21997
3,21998
3,21999
3,22000
3,22001
5,22002
3,22003
3,22004
5,22005
3,22006
3,22007
3,22008
3,22009
5,22009
5,22010
3,22011
3,22012
5,22012
5,22013
3,22014
3,22015
3,22016
4,22016
5,22016
3,22017
5,22017
5,22018
3,22019
3,22020
3,22021
3,22022
3,22023
5,22023
3,22024
3,22025
3,22026
3,22027
3,22028
3,22029
3,22030
3,22031
3,22032
5,22032
3,22033
7,22033
3,22034
5,22034
3,22035
3,22036
5,22036
3,22037
3,22038
3,22039
3,22040
3,22041
4,22041
3,22042
3,22043
3,22044
3,22045
3,22046
3,22047
3,22048
5,22048
3,22049
5,22050
3,22051
3,22052
5,22053
3,22054
3,22055
3,22056
3,22057
3,22058
3,22059
3,22060
3,22061
3,22062
3,22063
3,22064
3,22065
3,22066
3,22067
3,22068
3,22069
3,22070
3,22071
3,22072
3,22073
3,22074
3,22075
3,22076
5,22076
3,22077
3,22078
5,22079
3,22080
3,22081
3,22082
3,22083
3,22084
3,22085
4,22085
3,22086
3,22087
3,22088
3,22089
3,22090
3,22091
3,22092
5,22093
3,22094
3,22095
3,22096
3,22097
3,22098
3,22099
3,22100
3,22101
5,22102
5,22103
3,22104
5,22105
3,22106
3,22107
3,22108
3,22109
3,22110
3,22111
3,22112
5,22112
3,22113
3,22114
3,22115
7,22115
3,22116
3,22117
3,22118
3,22119
3,22120
3,22121
3,22122
3,22123
5,22124
3,22125
5,22126
5,22127
3,22128
3,22129
3,22130
3,22131
3,22132
3,22133
3,22134
3,22135
3,22136
3,22137
3,22138
3,22139
3,22140
5,22140
3,22141
3,22142
5,22143
5,22144
3,22145
3,22146
3,22147
3,22148
3,22149
3,22150
5,22151
3,22152
3,22153
3,22154
3,22155
3,22156
3,22157
3,22158
3,22159
5,22160
3,22161
5,22162
3,22163
5,22164
3,22165
3,22166
7,22167
3,22168
3,22169
3,22170
5,22171
3,22172
5,22173
3,22174
3,22175
3,22176
3,22177
3,22178
3,22179
3,22180
3,22181
3,22182
5,22182
3,22183
3,22184
3,22185
3,22186
3,22187
3,22188
3,22189
3,22190
3,22191
3,22192
3,22193
5,22194
5,22195
3,22196
3,22197
5,22198
3,22199
3,22200
3,22201
3,22202
3,22203
5,22204
3,22205
3,22206
3,22207
3,22208
3,22209
3,22210
3,22211
3,22212
3,22213
3,22214
3,22215
3,22216
3,22217
3,22218
3,22219
3,22220
3,22221
3,22222
5,22222
3,22223
5,22224
3,22225
3,22226
3,22227
5,22228
3,22229
3,22230
3,22231
3,22232
3,22233
3,22234
5,22235
3,22236
3,22237
3,22238
3,22239
3,22240
5,22241
5,22242
5,22243
3,22244
3,22245
3,22246
3,22247
3,22248
3,22249
3,22250
5,22251
3,22252
5,22253
3,22254
3,22255
3,22256
3,22257
3,22258
5,22259
3,22260
3,22261
3,22262
3,22263
3,22264
3,22265
3,22266
3,22267
3,22268
3,22269
3,22270
1,22271
5,22271
5,22272
1,22273
5,22273
7,22273
3,22274
1,22275
5,22275
7,22275
1,22276
5,22276
3,22277
3,22278
3,22279
3,22280
3,22281
3,22282
3,22283
3,22284
7,22284
3,22285
5,22285
3,22286
5,22286
3,22287
1,22288
2,22288
3,22288
4,22288
5,22288
7,22288
5,22289
3,22290
5,22291
3,22292
3,22293
3,22294
4,22295
7,22295
3,22296
3,22297
3,22298
3,22299
3,22300
3,22301
3,22302
3,22303
4,22304
7,22304
3,22305
3,22306
3,22307
3,22308
4,22308
5,22308
3,22309
3,22310
3,22311
4,22312
5,22312
3,22313
4,22314
5,22314
3,22315
3,22316
4,22317
5,22317
3,22318
5,22319
3,22320
3,22321
4,22322
5,22322
3,22323
4,22324
5,22324
2,22325
3,22326
4,22326
5,22326
5,22327
3,22328
4,22329
5,22329
3,22330
3,22331
3,22332
3,22333
3,22334
3,22335
5,22336
5,22337
3,22338
7,22339
4,22340
5,22340
4,22341
5,22341
3,22342
3,22343
3,22344
3,22345
4,22345
7,22345
3,22346
4,22346
5,22346
7,22346
3,22347
3,22348
3,22349
5,22350
5,22351
5,22352
5,22353
7,22353
5,22354
7,22354
5,22355
5,22356
7,22356
3,22357
3,22358
3,22359
4,22360
5,22360
3,22361
5,22362
5,22363
7,22364
3,22365
3,22366
3,22367
3,22368
5,22369
3,22370
3,22371
3,22372
3,22373
4,22374
5,22374
3,22375
3,22376
3,22377
3,22378
5,22379
7,22380
4,22381
5,22381
3,22382
5,22383
5,22384
3,22385
5,22386
3,22387
5,22387
4,22388
5,22388
5,22389
3,22390
3,22391
3,22392
3,22393
3,22394
4,22395
5,22395
7,22395
7,22396
4,22397
5,22397
1,22398
4,22398
4,22399
5,22399
3,22400
3,22401
3,22402
3,22403
3,22404
4,22405
5,22405
3,22406
7,22407
3,22408
3,22409
3,22410
3,22411
3,22412
3,22413
5,22414
3,22415
3,22416
3,22417
3,22418
3,22419
3,22420
5,22421
5,22422
3,22423
5,22424
5,22425
5,22426
5,22427
3,22428
3,22429
1,22430
7,22430
7,22431
3,22432
3,22433
5,22433
3,22434
7,22435
5,22436
5,22437
3,22438
5,22439
5,22440
1,22441
2,22441
3,22441
4,22441
7,22441
7,22442
5,22443
7,22444
1,22445
3,22445
4,22445
3,22446
5,22447
3,22448
5,22449
5,22450
7,22451
5,22452
1,22453
5,22454
5,22455
1,22456
5,22457
7,22458
1,22459
3,22460
5,22461
4,22462
5,22462
3,22463
3,22464
7,22465
1,22466
4,22466
7,22466
4,22467
5,22467
3,22468
3,22469
4,22470
5,22470
7,22471
5,22472
5,22473
5,22474
3,22475
3,22476
3,22477
4,22478
5,22478
5,22479
3,22480
5,22480
3,22481
4,22481
5,22481
3,22482
5,22482
3,22483
3,22484
5,22484
3,22485
4,22485
5,22485
5,22486
5,22487
3,22488
5,22488
3,22489
4,22489
5,22489
3,22490
5,22490
5,22491
3,22492
5,22492
3,22493
4,22493
5,22493
3,22494
5,22494
5,22495
3,22496
4,22496
3,22497
4,22497
3,22498
2,22499
3,22500
3,22501
3,22502
3,22503
3,22504
3,22505
4,22505
3,22506
3,22507
3,22508
5,22509
5,22510
4,22511
5,22511
3,22512
7,22513
5,22514
7,22515
3,22516
5,22516
7,22517
7,22518
7,22519
7,22520
7,22521
3,22522
7,22523
5,22524
5,22525
3,22526
3,22527
3,22528
3,22529
5,22529
5,22530
3,22531
5,22531
5,22532
7,22533
7,22534
1,22535
7,22535
1,22536
2,22536
4,22536
7,22536
1,22537
7,22537
5,22538
3,22539
4,22540
5,22540
4,22541
5,22541
5,22542
7,22543
1,22544
3,22545
7,22545
5,22546
1,22547
3,22548
3,22549
5,22550
7,22551
3,22552
4,22552
5,22552
3,22553
3,22554
5,22555
3,22556
4,22557
5,22557
5,22558
5,22559
7,22560
5,22561
1,22562
2,22562
4,22562
5,22562
7,22563
7,22564
4,22565
5,22565
3,22566
5,22567
3,22568
3,22569
7,22570
4,22571
5,22571
4,22572
5,22572
3,22573
1,22574
2,22574
5,22574
5,22575
5,22576
7,22577
1,22578
2,22578
4,22578
7,22578
1,22579
4,22579
1,22580
2,22580
4,22580
7,22580
5,22581
5,22582
3,22583
5,22584
5,22585
3,22586
3,22587
1,22588
3,22588
4,22588
7,22588
3,22589
3,22590
3,22591
3,22592
3,22593
5,22594
1,22595
2,22595
3,22595
4,22595
5,22595
7,22595
4,22596
5,22596
4,22597
5,22597
4,22598
5,22598
1,22599
2,22599
3,22599
4,22599
5,22599
7,22599
5,22600
3,22601
3,22602
3,22603
3,22604
3,22605
5,22605
1,22606
1,22607
1,22608
3,22609
5,22610
3,22611
3,22612
3,22613
4,22613
3,22614
3,22615
4,22616
5,22616
3,22617
3,22618
5,22619
3,22620
3,22621
3,22622
5,22623
3,22624
3,22625
3,22626
3,22627
3,22628
3,22629
3,22630
3,22631
3,22632
3,22633
3,22634
5,22635
7,22636
3,22637
3,22638
4,22639
5,22639
3,22640
3,22641
3,22642
4,22642
3,22643
3,22644
3,22645
3,22646
3,22647
5,22648
3,22649
4,22649
5,22649
3,22650
3,22651
3,22652
4,22652
3,22653
3,22654
5,22655
3,22656
4,22657
5,22657
3,22658
7,22659
3,22660
7,22661
7,22662
3,22663
3,22664
5,22665
7,22666
3,22667
7,22667
3,22668
7,22669
7,22670
3,22671
5,22672
5,22673
5,22674
5,22675
5,22676
7,22677
5,22678
3,22679
3,22680
3,22681
3,22682
1,22683
2,22683
3,22683
4,22683
7,22683
7,22684
5,22685
3,22686
3,22687
3,22688
4,22689
5,22689
5,22690
3,22691
5,22692
7,22693
3,22694
3,22695
3,22696
3,22697
3,22698
4,22699
5,22699
3,22700
3,22701
3,22702
3,22703
1,22704
2,22704
4,22704
7,22704
3,22705
1,22706
2,22706
3,22706
4,22706
7,22706
5,22707
7,22708
1,22709
5,22710
4,22711
5,22711
2,22712
5,22712
5,22713
5,22714
4,22715
5,22715
4,22716
5,22716
5,22717
3,22718
3,22719
5,22720
3,22721
3,22722
3,22723
5,22723
3,22724
3,22725
3,22726
3,22727
3,22728
3,22729
3,22730
3,22731
5,22732
5,22733
3,22734
5,22734
3,22735
4,22735
3,22736
3,22737
3,22738
3,22739
3,22740
3,22741
3,22742
3,22743
3,22744
3,22745
3,22746
3,22747
3,22748
4,22748
5,22748
3,22749
5,22749
5,22750
5,22751
3,22752
3,22753
4,22753
5,22753
7,22753
3,22754
3,22755
3,22756
3,22757
3,22758
4,22758
3,22759
3,22760
3,22761
3,22762
3,22763
3,22764
5,22765
3,22766
3,22767
3,22768
1,22769
3,22769
7,22769
5,22770
5,22771
3,22772
3,22773
3,22774
3,22775
3,22776
3,22777
5,22778
3,22779
5,22780
3,22781
3,22782
3,22783
3,22784
3,22785
1,22786
5,22786
3,22787
3,22788
5,22789
5,22790
1,22791
2,22791
4,22791
7,22791
1,22792
2,22792
4,22792
5,22792
7,22792
1,22793
2,22793
5,22793
5,22794
7,22794
5,22795
5,22796
7,22797
3,22798
3,22799
1,22800
4,22800
7,22800
5,22801
5,22802
3,22803
3,22804
5,22805
5,22806
5,22807
5,22808
3,22809
7,22810
7,22811
5,22812
5,22813
5,22814
1,22815
4,22815
5,22815
7,22815
1,22816
1,22817
2,22817
3,22817
4,22817
7,22817
7,22818
3,22819
4,22819
5,22819
3,22820
3,22821
4,22822
5,22822
3,22823
3,22824
4,22824
5,22824
3,22825
4,22825
5,22825
3,22826
3,22827
3,22828
5,22828
3,22829
3,22830
5,22830
3,22831
3,22832
3,22833
3,22834
3,22835
5,22836
5,22837
5,22838
3,22839
3,22840
3,22841
3,22842
3,22843
3,22844
5,22844
5,22845
3,22846
5,22847
3,22848
5,22849
5,22850
5,22851
3,22852
3,22853
3,22854
3,22855
7,22856
3,22857
3,22858
5,22859
3,22860
4,22861
5,22861
5,22862
4,22863
5,22863
3,22864
3,22865
4,22865
3,22866
3,22867
4,22867
3,22868
3,22869
3,22870
3,22871
3,22872
3,22873
4,22874
5,22874
5,22875
3,22876
3,22877
3,22878
3,22879
3,22880
3,22881
3,22882
5,22883
3,22884
7,22885
7,22886
5,22887
7,22888
3,22889
4,22890
5,22890
3,22891
5,22892
3,22893
7,22894
5,22895
7,22895
3,22896
5,22897
3,22898
3,22899
5,22899
3,22900
5,22900
3,22901
3,22902
3,22903
3,22904
4,22905
7,22905
3,22906
3,22907
3,22908
3,22909
5,22909
3,22910
3,22911
3,22912
3,22913
5,22914
3,22915
3,22916
3,22917
3,22918
5,22918
7,22918
3,22919
5,22920
1,22921
7,22921
5,22922
5,22923
7,22923
5,22924
7,22925
7,22926
7,22927
7,22928
5,22929
5,22930
7,22931
7,22932
7,22933
7,22934
7,22935
7,22936
7,22937
7,22938
7,22939
7,22940
7,22941
7,22942
7,22943
7,22944
7,22945
7,22946
7,22947
7,22948
7,22949
4,22950
5,22950
3,22951
3,22952
3,22953
5,22954
3,22955
5,22956
5,22957
4,22958
5,22958
7,22959
1,22960
4,22960
5,22960
1,22961
5,22961
5,22962
5,22963
5,22964
1,22965
1,22966
1,22967
1,22968
3,22968
4,22968
5,22968
7,22968
3,22969
7,22970
3,22971
1,22972
1,22973
1,22974
1,22975
1,22976
1,22977
1,22978
1,22979
1,22980
1,22981
1,22982
1,22983
1,22984
1,22985
1,22986
1,22987
1,22988
1,22989
5,22990
5,22991
5,22992
5,22993
3,22994
7,22995
7,22996
5,22997
7,22998
7,22999
7,23000
7,23001
7,23002
7,23003
7,23004
7,23005
7,23006
7,23007
5,23008
1,23009
2,23009
4,23009
5,23009
7,23009
1,23010
4,23010
4,23011
5,23011
4,23012
5,23012
7,23013
4,23014
5,23014
5,23015
7,23016
7,23017
7,23018
5,23019
5,23020
3,23021
3,23022
4,23023
5,23023
3,23024
5,23025
1,23026
3,23027
5,23027
5,23028
5,23029
5,23030
7,23031
7,23032
4,23033
5,23033
3,23034
1,23035
4,23035
7,23035
4,23036
7,23036
1,23037
2,23037
4,23037
3,23038
3,23039
3,23040
3,23041
3,23042
3,23043
3,23044
3,23045
3,23046
3,23047
3,23048
3,23049
3,23050
3,23051
3,23052
1,23053
1,23054
3,23055
3,23056
3,23057
3,23058
3,23059
3,23060
3,23061
3,23062
5,23063
5,23064
3,23065
3,23066
3,23067
5,23068
3,23069
3,23070
3,23071
3,23072
3,23073
5,23074
3,23075
5,23075
3,23076
3,23077
5,23078
3,23079
3,23080
3,23081
3,23082
3,23083
3,23084
3,23085
3,23086
3,23087
3,23088
5,23088
3,23089
5,23090
3,23091
3,23092
3,23093
3,23094
3,23095
3,23096
5,23097
5,23098
3,23099
3,23100
3,23101
5,23102
3,23103
5,23104
3,23105
5,23105
5,23106
3,23107
3,23108
3,23109
3,23110
5,23110
5,23111
3,23112
3,23113
3,23114
3,23115
4,23115
3,23116
3,23117
3,23118
3,23119
3,23120
3,23121
3,23122
3,23123
5,23123
3,23124
5,23124
3,23125
3,23126
3,23127
3,23128
5,23128
5,23129
4,23130
5,23130
4,23131
5,23131
3,23132
7,23133
3,23134
4,23135
5,23135
3,23136
3,23137
3,23138
4,23138
5,23138
3,23139
5,23139
5,23140
3,23141
3,23142
3,23143
5,23144
3,23145
5,23145
5,23146
3,23147
3,23148
3,23149
3,23150
3,23151
3,23152
3,23153
1,23154
4,23154
5,23154
7,23155
7,23156
3,23157
3,23158
3,23159
3,23160
3,23161
5,23162
5,23163
3,23164
3,23165
3,23166
5,23167
4,23168
5,23168
5,23169
3,23170
3,23171
3,23172
3,23173
3,23174
5,23175
3,23176
3,23177
1,23178
2,23178
4,23178
7,23178
1,23179
1,23180
3,23181
3,23182
3,23183
3,23184
3,23185
3,23186
3,23187
4,23187
5,23187
3,23188
3,23189
4,23190
7,23190
4,23191
7,23191
4,23192
5,23192
5,23193
3,23194
4,23194
1,23195
5,23195
1,23196
5,23196
1,23197
3,23198
4,23198
1,23199
2,23199
3,23199
4,23199
5,23199
7,23199
3,23200
5,23201
3,23202
3,23203
3,23204
3,23205
3,23206
3,23207
3,23208
3,23209
3,23210
3,23211
3,23212
3,23213
7,23214
7,23215
3,23216
7,23217
7,23218
7,23219
7,23220
7,23221
7,23222
7,23223
7,23224
3,23225
7,23225
7,23226
7,23227
3,23228
5,23229
5,23230
3,23231
3,23232
1,23233
2,23233
4,23233
3,23234
3,23235
7,23235
3,23236
3,23237
3,23238
3,23239
4,23240
5,23240
7,23240
1,23241
2,23241
4,23241
7,23241
1,23242
2,23242
4,23242
5,23242
7,23242
3,23243
3,23244
3,23245
7,23246
3,23247
3,23248
3,23249
3,23250
3,23251
3,23252
3,23253
3,23254
3,23255
3,23256
3,23257
3,23258
3,23259
3,23260
3,23261
3,23262
3,23263
3,23264
3,23265
3,23266
5,23267
3,23268
3,23269
3,23270
3,23271
3,23272
3,23273
3,23274
3,23275
3,23276
3,23277
3,23278
3,23279
3,23280
3,23281
3,23282
1,23283
3,23283
4,23283
5,23283
7,23283
1,23284
2,23284
4,23284
5,23284
7,23284
3,23285
3,23286
7,23287
5,23288
1,23289
5,23289
3,23290
3,23291
4,23292
5,23292
3,23293
1,23294
5,23294
5,23295
5,23296
3,23297
3,23298
3,23299
4,23299
3,23300
4,23300
3,23301
5,23302
3,23303
3,23304
3,23305
3,23306
3,23307
3,23308
3,23309
3,23310
4,23310
5,23310
5,23311
5,23312
5,23313
3,23314
5,23314
3,23315
3,23316
3,23317
7,23318
3,23319
3,23320
3,23321
3,23322
3,23323
3,23324
4,23325
5,23325
3,23326
3,23327
3,23328
3,23329
3,23330
5,23331
4,23332
5,23332
3,23333
3,23334
4,23335
5,23335
3,23336
3,23337
4,23338
5,23338
3,23339
4,23340
5,23340
4,23341
5,23341
5,23342
3,23343
3,23344
3,23345
3,23346
3,23347
5,23348
3,23349
3,23350
3,23351
3,23352
3,23353
3,23354
5,23354
3,23355
3,23356
3,23357
5,23358
3,23359
3,23360
5,23361
3,23362
4,23362
5,23362
3,23363
5,23364
3,23365
3,23366
5,23367
4,23368
5,23368
3,23369
3,23370
4,23371
5,23371
3,23372
4,23373
5,23373
3,23374
3,23375
4,23375
5,23375
2,23376
3,23376
4,23376
7,23376
2,23377
7,23377
4,23378
5,23378
7,23379
5,23380
1,23381
2,23381
3,23381
4,23381
7,23381
7,23382
3,23383
4,23383
3,23384
4,23384
5,23385
1,23386
2,23386
3,23386
4,23386
7,23386
7,23387
7,23388
3,23389
7,23389
7,23390
7,23391
5,23392
7,23392
1,23393
7,23393
7,23394
2,23395
4,23395
5,23395
7,23395
4,23396
5,23396
2,23397
2,23398
2,23399
7,23400
4,23401
5,23401
1,23402
2,23402
4,23402
5,23402
7,23402
5,23403
1,23404
7,23404
1,23405
1,23406
1,23407
1,23408
1,23409
1,23410
2,23410
7,23410
3,23411
1,23412
2,23412
4,23412
7,23412
1,23413
2,23413
4,23413
7,23413
4,23414
7,23414
5,23415
5,23416
5,23417
5,23418
5,23419
1,23420
2,23420
4,23420
7,23420
5,23421
7,23421
1,23422
2,23422
4,23422
5,23422
7,23422
5,23423
7,23424
5,23425
3,23426
3,23427
5,23428
4,23429
5,23429
5,23430
4,23431
5,23431
3,23432
5,23433
5,23434
7,23435
5,23436
5,23437
3,23438
5,23439
5,23440
5,23441
3,23442
5,23443
5,23444
5,23445
7,23446
4,23447
7,23447
7,23448
5,23449
7,23450
3,23451
3,23452
7,23453
5,23454
5,23455
5,23456
5,23457
7,23458
5,23459
1,23460
2,23460
4,23460
4,23461
5,23461
4,23462
5,23462
5,23463
5,23464
3,23465
3,23466
4,23466
5,23466
3,23467
4,23468
5,23468
7,23468
7,23469
7,23470
7,23471
7,23472
5,23473
7,23474
5,23475
4,23476
5,23476
3,23477
4,23478
5,23478
5,23479
5,23480
5,23481
5,23482
7,23483
5,23484
5,23485
5,23486
7,23487
7,23488
3,23489
5,23490
3,23491
5,23491
1,23492
2,23492
3,23492
4,23492
5,23492
7,23492
3,23493
5,23494
3,23495
3,23496
4,23497
5,23497
5,23498
5,23499
5,23500
4,23501
5,23501
5,23502
3,23503
3,23504
7,23505
3,23506
5,23507
3,23508
1,23509
7,23509
5,23510
3,23511
3,23512
7,23513
5,23514
3,23515
4,23516
5,23516
5,23517
3,23518
5,23519
4,23520
5,23520
4,23521
5,23521
3,23522
7,23523
5,23524
1,23525
2,23525
4,23525
5,23525
7,23525
7,23526
3,23527
7,23528
5,23529
3,23530
5,23530
3,23531
3,23532
3,23533
4,23533
3,23534
3,23535
3,23536
3,23537
3,23538
3,23539
3,23540
4,23541
5,23541
5,23542
3,23543
4,23543
3,23544
4,23544
3,23545
3,23546
3,23547
3,23548
3,23549
3,23550
3,23551
5,23552
7,23553
3,23554
4,23554
3,23555
4,23555
3,23556
4,23557
5,23557
3,23558
1,23559
1,23560
7,23560
1,23561
4,23562
5,23562
4,23563
5,23563
3,23564
5,23565
4,23566
7,23566
7,23567
3,23568
3,23569
3,23570
3,23571
3,23572
3,23573
5,23573
3,23574
4,23575
5,23575
7,23576
4,23577
5,23577
3,23578
3,23579
3,23580
3,23581
3,23582
7,23583
1,23584
3,23584
4,23584
7,23584
7,23585
4,23586
7,23586
4,23587
5,23587
7,23587
3,23588
3,23589
3,23590
3,23591
5,23592
3,23593
4,23593
5,23593
3,23594
5,23595
7,23596
7,23597
3,23598
3,23599
3,23600
3,23601
3,23602
3,23603
5,23604
5,23605
3,23606
5,23606
7,23606
3,23607
5,23607
7,23607
5,23608
3,23609
3,23610
3,23611
3,23612
4,23612
5,23612
5,23613
7,23614
3,23615
3,23616
3,23617
4,23618
5,23618
3,23619
3,23620
3,23621
3,23622
3,23623
3,23624
3,23625
3,23626
5,23627
1,23628
3,23628
4,23628
5,23628
3,23629
3,23630
3,23631
5,23632
3,23633
3,23634
3,23635
3,23636
3,23637
3,23638
4,23639
5,23639
3,23640
3,23641
3,23642
3,23643
3,23644
3,23645
3,23646
3,23647
3,23648
3,23649
4,23650
5,23650
3,23651
3,23652
3,23653
4,23653
3,23654
5,23655
3,23656
4,23656
5,23656
3,23657
3,23658
3,23659
3,23660
3,23661
5,23662
3,23663
3,23664
3,23665
3,23666
3,23667
3,23668
3,23669
3,23670
5,23671
4,23672
5,23672
3,23673
3,23674
4,23675
5,23675
3,23676
3,23677
3,23678
4,23678
5,23678
3,23679
3,23680
3,23681
3,23682
7,23683
3,23684
7,23685
3,23686
7,23686
4,23687
5,23687
3,23688
5,23689
3,23690
3,23691
3,23692
3,23693
5,23694
3,23695
3,23696
3,23697
4,23697
5,23697
3,23698
4,23699
5,23699
5,23700
3,23701
3,23702
4,23703
5,23703
4,23704
5,23704
5,23705
3,23706
4,23707
5,23707
3,23708
3,23709
3,23710
5,23711
3,23712
3,23713
5,23714
3,23715
4,23716
5,23716
3,23717
7,23718
3,23719
3,23720
3,23721
3,23722
3,23723
3,23724
3,23725
4,23726
5,23726
3,23727
3,23728
3,23729
3,23730
4,23731
5,23731
3,23732
3,23733
3,23734
4,23735
5,23735
3,23736
3,23737
5,23738
3,23739
3,23740
3,23741
3,23742
3,23743
3,23744
4,23745
5,23745
4,23746
5,23746
4,23747
5,23747
3,23748
4,23749
5,23749
3,23750
3,23751
3,23752
7,23752
5,23753
7,23754
7,23755
3,23756
4,23756
3,23757
7,23758
4,23759
5,23759
3,23760
4,23761
5,23761
3,23762
3,23763
4,23764
5,23764
3,23765
5,23766
7,23767
3,23768
3,23769
3,23770
3,23771
3,23772
3,23773
3,23774
3,23775
3,23776
5,23777
3,23778
3,23779
3,23780
3,23781
7,23782
3,23783
5,23784
3,23785
3,23786
5,23787
3,23788
3,23789
3,23790
3,23791
3,23792
3,23793
3,23794
3,23795
3,23796
5,23796
5,23797
5,23798
3,23799
3,23800
4,23800
3,23801
3,23802
3,23803
5,23803
3,23804
3,23805
5,23806
3,23807
3,23808
3,23809
3,23810
1,23811
3,23812
3,23813
3,23814
3,23815
3,23816
3,23817
5,23817
5,23818
3,23819
5,23819
3,23820
3,23821
4,23821
3,23822
4,23822
5,23822
5,23823
3,23824
3,23825
3,23826
3,23827
3,23828
3,23829
3,23830
3,23831
3,23832
3,23833
3,23834
3,23835
3,23836
3,23837
3,23838
3,23839
3,23840
3,23841
5,23842
3,23843
3,23844
3,23845
3,23846
3,23847
3,23848
3,23849
3,23850
3,23851
3,23852
3,23853
3,23854
3,23855
3,23856
3,23857
5,23858
3,23859
3,23860
4,23860
3,23861
3,23862
3,23863
3,23864
5,23865
5,23866
7,23867
3,23868
7,23869
3,23870
3,23871
3,23872
3,23873
3,23874
7,23875
5,23876
5,23877
1,23878
5,23878
3,23879
4,23879
7,23879
2,23880
1,23881
4,23881
5,23881
3,23882
1,23883
2,23883
3,23884
4,23885
5,23885
7,23885
3,23886
1,23887
2,23887
4,23887
5,23887
7,23887
3,23888
3,23889
4,23889
5,23889
3,23890
3,23891
3,23892
3,23893
3,23894
3,23895
3,23896
4,23896
3,23897
3,23898
3,23899
3,23900
3,23901
3,23902
3,23903
3,23904
3,23905
5,23906
5,23907
5,23908
3,23909
3,23910
4,23911
5,23911
3,23912
3,23913
3,23914
3,23915
3,23916
3,23917
3,23918
7,23919
3,23920
3,23921
4,23921
5,23921
3,23922
5,23923
3,23924
3,23925
3,23926
3,23927
4,23927
5,23927
3,23928
3,23929
5,23929
3,23930
3,23931
3,23932
3,23933
5,23933
3,23934
3,23935
5,23935
3,23936
3,23937
1,23938
5,23938
2,23939
4,23939
5,23939
3,23940
3,23941
3,23942
2,23943
3,23944
4,23944
5,23944
3,23945
3,23946
7,23947
4,23948
5,23948
2,23949
4,23949
7,23949
1,23950
3,23951
4,23951
5,23951
4,23952
5,23952
5,23953
5,23954
5,23955
5,23956
5,23957
5,23958
1,23959
4,23959
7,23959
5,23960
3,23961
4,23961
3,23962
3,23963
3,23964
3,23965
3,23966
3,23967
3,23968
3,23969
4,23969
3,23970
3,23971
4,23971
5,23971
3,23972
4,23973
5,23973
4,23974
5,23974
5,23975
7,23976
4,23977
5,23977
3,23978
1,23979
4,23979
5,23979
4,23980
5,23980
1,23981
5,23981
3,23982
1,23983
7,23983
1,23984
2,23984
4,23984
3,23985
5,23986
3,23987
3,23988
3,23989
3,23990
3,23991
4,23992
5,23992
3,23993
3,23994
1,23995
7,23995
5,23996
7,23997
3,23998
3,23999
3,24000
4,24001
5,24001
7,24001
3,24002
3,24003
5,24004
5,24005
3,24006
3,24007
3,24008
7,24008
5,24009
5,24010
3,24011
3,24012
5,24013
7,24014
5,24015
5,24016
5,24017
3,24018
1,24019
3,24019
7,24019
1,24020
3,24021
5,24022
3,24023
5,24024
3,24025
3,24026
3,24027
3,24028
3,24029
3,24030
3,24031
3,24032
3,24033
3,24034
5,24034
3,24035
5,24036
7,24037
3,24038
3,24039
3,24040
3,24041
3,24042
3,24043
3,24044
4,24044
5,24044
7,24044
3,24045
3,24046
1,24047
2,24047
4,24047
7,24047
5,24048
3,24049
3,24050
4,24050
3,24051
3,24052
3,24053
5,24054
5,24055
3,24056
3,24057
4,24058
5,24058
3,24059
5,24060
5,24061
3,24062
3,24063
4,24063
5,24063
4,24064
5,24064
3,24065
3,24066
4,24067
5,24067
3,24068
3,24069
4,24069
3,24070
2,24071
4,24071
3,24072
4,24073
5,24073
3,24074
3,24075
5,24075
4,24076
5,24076
7,24076
3,24077
3,24078
3,24079
4,24080
5,24080
5,24081
4,24082
5,24082
5,24083
3,24084
5,24085
4,24086
5,24086
3,24087
3,24088
5,24088
3,24089
3,24090
5,24090
3,24091
4,24091
5,24092
3,24093
3,24094
3,24095
3,24096
4,24096
3,24097
4,24098
5,24098
4,24099
5,24099
5,24100
3,24101
4,24101
3,24102
4,24103
5,24103
3,24104
3,24105
7,24105
3,24106
5,24106
7,24107
3,24108
5,24109
7,24109
5,24110
7,24111
7,24112
7,24113
7,24114
7,24115
7,24116
7,24117
7,24118
7,24119
7,24120
7,24121
7,24122
5,24123
4,24124
5,24124
5,24125
5,24126
1,24127
2,24127
4,24127
5,24127
3,24128
1,24129
5,24129
5,24130
5,24131
5,24132
3,24133
5,24134
3,24135
5,24135
1,24136
3,24136
3,24137
1,24138
1,24139
5,24139
7,24139
1,24140
3,24141
3,24142
5,24143
5,24144
5,24145
3,24146
7,24146
1,24147
7,24147
7,24148
5,24149
7,24150
3,24151
5,24151
7,24151
1,24152
5,24153
7,24154
3,24155
7,24155
1,24156
7,24157
3,24158
3,24159
3,24160
5,24161
1,24162
1,24163
1,24164
7,24164
3,24165
5,24166
3,24167
3,24168
5,24168
3,24169
4,24169
3,24170
4,24170
3,24171
3,24172
3,24173
5,24174
5,24175
5,24176
7,24177
7,24178
7,24179
1,24180
4,24180
5,24180
7,24181
2,24182
4,24182
7,24182
7,24183
4,24184
7,24184
4,24185
5,24185
4,24186
5,24186
3,24187
7,24187
3,24188
3,24189
5,24190
5,24191
3,24192
3,24193
5,24193
5,24194
5,24195
5,24196
5,24197
7,24198
3,24199
5,24200
5,24201
5,24202
5,24203
3,24204
5,24205
5,24206
5,24207
5,24208
3,24209
5,24210
3,24211
3,24212
3,24213
5,24214
3,24215
3,24216
5,24216
5,24217
3,24218
3,24219
5,24220
3,24221
7,24221
1,24222
3,24223
3,24224
1,24225
7,24226
3,24227
1,24228
7,24228
3,24229
3,24230
3,24231
3,24232
3,24233
4,24233
5,24234
3,24235
3,24236
4,24236
3,24237
1,24238
3,24239
1,24240
2,24240
3,24240
4,24240
7,24240
1,24241
2,24241
3,24241
4,24241
1,24242
2,24242
3,24242
4,24242
7,24242
1,24243
2,24243
3,24243
4,24243
1,24244
4,24244
1,24245
2,24245
3,24245
4,24245
7,24245
1,24246
4,24246
2,24247
4,24248
5,24248
3,24249
4,24249
7,24250
1,24251
1,24252
1,24253
3,24254
3,24255
1,24256
3,24257
3,24258
3,24259
3,24260
4,24260
5,24260
3,24261
3,24262
3,24263
5,24263
3,24264
3,24265
4,24265
3,24266
5,24267
1,24268
2,24268
3,24268
4,24268
5,24268
7,24268
7,24269
1,24270
2,24270
4,24270
4,24271
5,24271
5,24272
1,24273
2,24273
4,24273
5,24274
4,24275
5,24275
3,24276
3,24277
2,24278
4,24278
5,24278
4,24279
5,24279
3,24280
3,24281
7,24282
5,24283
3,24284
3,24285
5,24286
3,24287
4,24288
5,24288
4,24289
5,24289
3,24290
3,24291
5,24292
3,24293
4,24293
7,24294
3,24295
3,24296
5,24296
7,24297
5,24298
5,24299
3,24300
4,24300
3,24301
3,24302
3,24303
4,24303
5,24303
5,24304
5,24305
1,24306
4,24306
7,24307
5,24308
3,24309
1,24310
3,24310
1,24311
4,24312
7,24312
3,24313
3,24314
5,24315
3,24316
5,24317
5,24318
3,24319
3,24320
5,24321
3,24322
3,24323
3,24324
4,24324
3,24325
7,24326
3,24327
3,24328
4,24329
5,24329
4,24330
5,24330
3,24331
4,24332
5,24332
4,24333
5,24333
3,24334
4,24334
3,24335
3,24336
3,24337
7,24338
7,24339
4,24340
5,24340
3,24341
7,24342
7,24343
7,24344
7,24345
7,24346
3,24347
3,24348
3,24349
3,24350
3,24351
3,24352
3,24353
3,24354
5,24355
3,24356
7,24357
7,24358
3,24359
3,24360
7,24361
3,24362
7,24363
7,24364
7,24365
7,24366
3,24367
4,24367
5,24367
5,24368
3,24369
3,24370
3,24371
3,24372
3,24373
3,24374
3,24375
1,24376
5,24377
1,24378
5,24378
5,24379
1,24380
5,24380
7,24380
2,24381
5,24381
1,24382
4,24382
5,24382
5,24383
3,24384
3,24385
3,24386
3,24387
3,24388
3,24389
3,24390
3,24391
3,24392
3,24393
3,24394
4,24394
3,24395
3,24396
3,24397
1,24398
4,24398
7,24399
3,24400
4,24400
5,24400
3,24401
3,24402
5,24403
3,24404
5,24404
5,24405
5,24406
4,24407
5,24407
7,24408
5,24409
3,24410
3,24411
7,24412
3,24413
4,24413
3,24414
3,24415
3,24416
3,24417
3,24418
7,24419
3,24420
4,24421
5,24421
3,24422
3,24423
3,24424
3,24425
5,24426
5,24427
7,24428
3,24429
3,24430
3,24431
7,24432
4,24433
7,24433
7,24434
4,24435
5,24435
5,24436
3,24437
3,24438
3,24439
3,24440
4,24441
7,24441
4,24442
7,24442
7,24443
3,24444
4,24444
7,24445
5,24446
1,24447
2,24447
4,24447
7,24447
7,24448
5,24449
7,24450
5,24451
5,24452
3,24453
3,24454
3,24455
3,24456
3,24457
4,24457
3,24458
3,24459
3,24460
1,24461
7,24461
3,24462
1,24463
1,24464
2,24464
4,24464
5,24464
2,24465
5,24465
1,24466
5,24466
3,24467
7,24468
3,24469
3,24470
7,24470
7,24471
3,24472
3,24473
5,24474
3,24475
3,24476
3,24477
3,24478
3,24479
5,24480
3,24481
3,24482
3,24483
3,24484
5,24485
2,24486
4,24486
5,24486
5,24487
1,24488
7,24488
1,24489
1,24490
1,24491
1,24492
1,24493
5,24493
5,24494
1,24495
1,24496
1,24497
1,24498
5,24499
1,24500
5,24500
5,24501
5,24502
1,24503
7,24503
1,24504
5,24504
5,24505
1,24506
1,24507
5,24507
7,24507
1,24508
5,24508
5,24509
1,24510
5,24510
3,24511
1,24512
1,24513
1,24514
1,24515
5,24515
5,24516
1,24517
5,24517
5,24518
5,24519
5,24520
5,24521
1,24522
7,24522
3,24523
1,24524
1,24525
1,24526
5,24526
1,24527
1,24528
5,24528
1,24529
1,24530
1,24531
1,24532
5,24533
1,24534
5,24534
5,24535
5,24536
1,24537
7,24537
3,24538
3,24539
3,24540
3,24541
3,24542
7,24543
3,24544
5,24545
3,24546
3,24547
3,24548
5,24548
3,24549
3,24550
3,24551
3,24552
3,24553
3,24554
5,24555
3,24556
3,24557
4,24557
3,24558
4,24558
3,24559
7,24560
7,24561
5,24562
1,24563
7,24563
3,24564
3,24565
3,24566
3,24567
3,24568
4,24568
3,24569
3,24570
3,24571
3,24572
3,24573
3,24574
3,24575
4,24575
5,24575
3,24576
7,24577
7,24578
7,24579
3,24580
5,24581
5,24582
7,24582
4,24583
5,24583
5,24584
3,24585
3,24586
5,24586
3,24587
3,24588
4,24589
5,24589
3,24590
4,24591
5,24591
3,24592
1,24593
4,24593
5,24593
7,24593
3,24594
5,24594
4,24595
5,24595
3,24596
3,24597
3,24598
4,24599
5,24599
3,24600
3,24601
3,24602
3,24603
3,24604
4,24605
5,24605
3,24606
3,24607
4,24608
5,24608
3,24609
3,24610
3,24611
3,24612
3,24613
5,24614
5,24615
3,24616
5,24617
5,24618
4,24619
5,24619
3,24620
3,24621
3,24622
4,24622
3,24623
3,24624
3,24625
5,24626
3,24627
4,24628
5,24628
4,24629
5,24629
3,24630
3,24631
3,24632
3,24633
5,24633
3,24634
3,24635
3,24636
3,24637
3,24638
3,24639
3,24640
3,24641
5,24642
3,24643
3,24644
3,24645
7,24646
3,24647
4,24647
3,24648
3,24649
3,24650
3,24651
3,24652
3,24653
3,24654
3,24655
3,24656
3,24657
3,24658
3,24659
3,24660
4,24660
1,24661
3,24661
7,24661
3,24662
3,24663
3,24664
3,24665
3,24666
5,24666
3,24667
3,24668
3,24669
4,24669
5,24669
7,24669
3,24670
3,24671
3,24672
3,24673
3,24674
3,24675
3,24676
3,24677
3,24678
3,24679
3,24680
3,24681
4,24681
5,24681
3,24682
3,24683
3,24684
3,24685
3,24686
3,24687
3,24688
3,24689
3,24690
3,24691
4,24692
5,24692
3,24693
3,24694
3,24695
4,24696
5,24696
3,24697
3,24698
1,24699
2,24699
4,24699
5,24699
5,24700
3,24701
3,24702
3,24703
3,24704
4,24704
3,24705
3,24706
3,24707
3,24708
3,24709
3,24710
4,24710
3,24711
3,24712
3,24713
3,24714
3,24715
3,24716
4,24716
3,24717
4,24717
3,24718
4,24719
7,24719
4,24720
5,24720
3,24721
3,24722
3,24723
3,24724
4,24724
5,24724
3,24725
7,24726
7,24727
7,24728
5,24729
5,24730
5,24731
3,24732
4,24733
5,24733
5,24734
5,24735
5,24736
5,24737
3,24738
5,24738
3,24739
3,24740
5,24741
3,24742
5,24743
5,24744
3,24745
5,24745
5,24746
3,24747
7,24748
3,24749
3,24750
3,24751
5,24752
5,24753
5,24754
3,24755
3,24756
5,24756
3,24757
3,24758
5,24759
3,24760
3,24761
3,24762
3,24763
3,24764
3,24765
3,24766
3,24767
3,24768
3,24769
3,24770
4,24770
7,24770
3,24771
3,24772
3,24773
7,24773
5,24774
3,24775
5,24775
3,24776
5,24776
5,24777
3,24778
1,24779
2,24779
3,24779
4,24779
7,24779
7,24780
5,24781
3,24782
3,24783
3,24784
5,24785
3,24786
3,24787
3,24788
3,24789
4,24789
3,24790
3,24791
3,24792
4,24792
5,24793
7,24794
3,24795
4,24796
5,24796
4,24797
5,24797
3,24798
3,24799
5,24799
3,24800
3,24801
3,24802
3,24803
3,24804
3,24805
3,24806
3,24807
3,24808
5,24809
5,24810
1,24811
3,24812
4,24812
3,24813
3,24814
3,24815
4,24815
3,24816
3,24817
4,24817
5,24817
3,24818
3,24819
3,24820
4,24820
5,24820
7,24821
3,24822
3,24823
3,24824
3,24825
4,24826
5,24826
3,24827
4,24827
5,24827
7,24827
3,24828
4,24828
5,24828
5,24829
3,24830
3,24831
3,24832
3,24833
5,24834
4,24835
5,24835
3,24836
3,24837
5,24837
4,24838
5,24838
3,24839
3,24840
3,24841
3,24842
3,24843
3,24844
3,24845
3,24846
3,24847
3,24848
3,24849
3,24850
3,24851
5,24852
7,24852
7,24853
3,24854
5,24854
3,24855
4,24856
5,24856
3,24857
3,24858
3,24859
3,24860
3,24861
3,24862
3,24863
3,24864
3,24865
3,24866
3,24867
4,24867
3,24868
4,24868
3,24869
3,24870
4,24870
3,24871
4,24871
3,24872
3,24873
3,24874
3,24875
3,24876
4,24876
3,24877
3,24878
3,24879
3,24880
3,24881
3,24882
3,24883
4,24883
3,24884
3,24885
4,24885
3,24886
3,24887
3,24888
3,24889
4,24889
3,24890
3,24891
3,24892
3,24893
4,24893
3,24894
4,24894
3,24895
3,24896
3,24897
3,24898
4,24898
3,24899
4,24899
3,24900
3,24901
3,24902
4,24902
3,24903
4,24903
3,24904
3,24905
4,24905
3,24906
5,24907
7,24908
7,24909
3,24910
3,24911
3,24912
3,24913
4,24914
5,24914
3,24915
3,24916
5,24917
3,24918
4,24919
5,24919
3,24920
4,24920
5,24920
4,24921
5,24921
3,24922
3,24923
4,24923
5,24923
3,24924
3,24925
3,24926
7,24926
3,24927
7,24927
3,24928
4,24929
5,24929
4,24930
5,24930
4,24931
5,24931
7,24932
5,24933
7,24934
4,24935
5,24935
4,24936
5,24936
5,24937
5,24938
5,24939
3,24940
5,24940
5,24941
5,24942
5,24943
5,24944
5,24945
5,24946
3,24947
5,24948
5,24949
5,24950
5,24951
5,24952
5,24953
4,24954
5,24954
5,24955
3,24956
7,24957
3,24958
3,24959
3,24960
3,24961
4,24961
5,24961
4,24962
5,24962
3,24963
4,24964
5,24964
5,24965
3,24966
4,24966
5,24966
3,24967
3,24968
3,24969
1,24970
2,24970
4,24970
5,24970
7,24970
3,24971
3,24972
3,24973
3,24974
3,24975
4,24976
5,24976
3,24977
3,24978
3,24979
3,24980
3,24981
4,24982
5,24982
3,24983
3,24984
3,24985
3,24986
4,24987
5,24987
3,24988
3,24989
3,24990
7,24991
3,24992
7,24992
5,24993
4,24994
5,24994
3,24995
3,24996
3,24997
3,24998
3,24999
3,25000
3,25001
3,25002
4,25002
5,25002
3,25003
3,25004
3,25005
4,25005
3,25006
4,25007
5,25007
3,25008
3,25009
3,25010
3,25011
4,25012
7,25012
4,25013
5,25013
3,25014
3,25015
3,25016
3,25017
4,25018
5,25018
3,25019
3,25020
3,25021
3,25022
4,25022
5,25022
3,25023
3,25024
5,25024
3,25025
3,25026
4,25026
5,25026
3,25027
5,25028
1,25029
1,25030
3,25031
1,25032
3,25033
5,25033
5,25034
3,25035
4,25035
3,25036
4,25037
5,25037
7,25037
7,25038
3,25039
3,25040
3,25041
3,25042
5,25042
3,25043
4,25043
3,25044
3,25045
3,25046
5,25047
7,25048
3,25049
3,25050
4,25050
3,25051
4,25051
3,25052
4,25052
3,25053
3,25054
5,25055
5,25056
3,25057
1,25058
7,25058
3,25059
1,25060
2,25060
7,25060
2,25061
7,25061
7,25062
3,25063
3,25064
3,25065
3,25066
3,25067
3,25068
3,25069
4,25069
3,25070
1,25071
4,25071
4,25072
5,25072
5,25073
5,25074
1,25075
5,25075
5,25076
3,25077
3,25078
3,25079
3,25080
3,25081
4,25082
5,25082
3,25083
3,25084
3,25085
5,25085
1,25086
2,25086
4,25086
5,25086
7,25086
3,25087
5,25087
1,25088
1,25089
1,25090
1,25091
1,25092
5,25092
7,25092
5,25093
1,25094
7,25094
1,25095
5,25096
1,25097
1,25098
5,25099
5,25100
7,25101
7,25102
7,25103
7,25104
7,25105
7,25106
7,25107
7,25108
7,25109
7,25110
7,25111
7,25112
7,25113
7,25114
3,25115
5,25116
3,25117
3,25118
3,25119
3,25120
3,25121
3,25122
3,25123
3,25124
3,25125
3,25126
3,25127
3,25128
3,25129
3,25130
3,25131
3,25132
3,25133
3,25134
3,25135
3,25136
3,25137
3,25138
3,25139
3,25140
3,25141
3,25142
3,25143
3,25144
3,25145
3,25146
1,25147
7,25147
5,25148
7,25149
5,25150
7,25151
7,25152
3,25153
4,25153
3,25154
4,25154
3,25155
3,25156
4,25156
3,25157
7,25158
7,25159
3,25160
3,25161
3,25162
7,25162
7,25163
3,25164
3,25165
7,25166
5,25167
7,25168
1,25169
3,25169
4,25169
7,25169
4,25170
5,25170
4,25171
5,25171
3,25172
1,25173
7,25173
3,25174
3,25175
5,25176
3,25177
3,25178
4,25178
5,25178
3,25179
4,25179
5,25179
3,25180
4,25180
5,25180
3,25181
3,25182
4,25182
3,25183
4,25183
3,25184
4,25184
3,25185
4,25185
3,25186
1,25187
2,25187
4,25187
7,25187
4,25188
5,25188
1,25189
3,25189
3,25190
3,25191
3,25192
3,25193
3,25194
3,25195
3,25196
5,25197
3,25198
3,25199
7,25200
3,25201
3,25202
5,25203
3,25204
1,25205
3,25206
3,25207
3,25208
3,25209
4,25209
7,25209
3,25210
5,25211
5,25212
3,25213
5,25214
3,25215
1,25216
1,25217
3,25218
3,25219
4,25219
5,25219
7,25220
3,25221
7,25222
4,25223
5,25223
3,25224
3,25225
3,25226
3,25227
3,25228
3,25229
5,25230
3,25231
5,25231
3,25232
3,25233
5,25234
3,25235
3,25236
5,25237
3,25238
3,25239
5,25240
3,25241
3,25242
5,25243
3,25244
5,25245
3,25246
5,25246
5,25247
5,25248
5,25249
3,25250
5,25251
3,25252
3,25253
3,25254
5,25255
3,25256
3,25257
4,25257
3,25258
3,25259
3,25260
3,25261
3,25262
3,25263
1,25264
2,25264
4,25264
7,25264
3,25265
4,25265
3,25266
3,25267
3,25268
3,25269
1,25270
2,25270
4,25270
3,25271
5,25272
5,25273
3,25274
5,25275
3,25276
4,25276
3,25277
4,25277
3,25278
4,25278
3,25279
4,25279
3,25280
4,25280
5,25281
5,25282
3,25283
3,25284
3,25285
3,25286
3,25287
2,25288
3,25288
4,25288
7,25288
3,25289
3,25290
3,25291
1,25292
2,25292
4,25292
7,25292
5,25293
5,25294
7,25294
5,25295
3,25296
5,25297
3,25298
3,25299
3,25300
3,25301
3,25302
3,25303
3,25304
3,25305
3,25306
5,25307
5,25308
3,25309
3,25310
3,25311
3,25312
3,25313
4,25314
5,25314
3,25315
3,25316
4,25316
3,25317
4,25317
4,25318
5,25318
3,25319
3,25320
3,25321
3,25322
5,25323
3,25324
4,25324
3,25325
3,25326
3,25327
5,25328
5,25329
4,25330
5,25330
3,25331
3,25332
4,25333
5,25333
4,25334
5,25334
3,25335
3,25336
3,25337
5,25337
3,25338
3,25339
5,25339
3,25340
5,25341
3,25342
3,25343
3,25344
4,25345
5,25345
5,25346
3,25347
3,25348
3,25349
3,25350
3,25351
3,25352
3,25353
1,25354
2,25354
4,25354
7,25354
5,25355
3,25356
3,25357
3,25358
3,25359
4,25359
3,25360
3,25361
3,25362
3,25363
5,25363
7,25364
3,25365
5,25365
3,25366
3,25367
5,25368
5,25369
3,25370
1,25371
7,25371
3,25372
1,25373
5,25373
7,25373
7,25374
5,25375
1,25376
7,25376
3,25377
5,25377
4,25378
5,25378
3,25379
3,25380
1,25381
3,25381
4,25381
5,25381
1,25382
4,25382
3,25383
4,25384
5,25384
3,25385
3,25386
3,25387
3,25388
3,25389
4,25390
5,25390
4,25391
5,25391
4,25392
5,25392
3,25393
4,25394
5,25394
4,25395
5,25395
5,25396
3,25397
3,25398
4,25399
5,25399
3,25400
4,25400
5,25400
3,25401
5,25402
7,25403
4,25404
5,25404
5,25405
4,25406
5,25406
1,25407
3,25407
4,25407
7,25407
3,25408
3,25409
3,25410
3,25411
1,25412
4,25412
1,25413
4,25413
3,25414
5,25415
3,25416
3,25417
3,25418
5,25419
5,25420
3,25421
4,25422
7,25422
4,25423
7,25423
3,25424
3,25425
5,25425
3,25426
3,25427
5,25427
3,25428
4,25428
5,25428
5,25429
2,25430
4,25430
7,25430
4,25431
7,25431
1,25432
3,25432
4,25432
5,25432
7,25432
5,25433
3,25434
3,25435
3,25436
3,25437
5,25438
5,25439
5,25440
5,25441
5,25442
5,25443
5,25444
5,25445
5,25446
5,25447
5,25448
7,25449
7,25450
7,25451
2,25452
4,25452
7,25452
4,25453
5,25453
3,25454
3,25455
5,25456
7,25456
3,25457
3,25458
4,25459
5,25459
1,25460
4,25460
7,25461
5,25462
7,25463
7,25464
4,25465
7,25465
7,25466
4,25467
5,25467
4,25468
5,25468
1,25469
5,25469
4,25470
5,25470
4,25471
5,25471
3,25472
3,25473
7,25474
4,25475
5,25475
1,25476
4,25476
5,25476
3,25477
3,25478
3,25479
5,25480
3,25481
3,25482
4,25483
7,25483
3,25484
4,25485
7,25485
3,25486
3,25487
3,25488
3,25489
3,25490
5,25491
3,25492
5,25493
7,25494
5,25495
4,25496
5,25496
1,25497
4,25497
5,25497
1,25498
5,25498
1,25499
5,25499
1,25500
5,25500
1,25501
1,25502
5,25503
7,25504
5,25505
1,25506
5,25507
5,25508
3,25509
5,25510
5,25511
3,25512
3,25513
3,25514
4,25515
5,25515
3,25516
4,25517
5,25517
3,25518
5,25519
3,25520
3,25521
1,25522
2,25522
4,25522
7,25522
3,25523
4,25524
5,25524
4,25525
5,25525
3,25526
3,25527
3,25528
5,25529
5,25530
3,25531
7,25532
3,25533
7,25534
7,25535
4,25536
5,25536
4,25537
7,25537
3,25538
3,25539
3,25540
3,25541
3,25542
7,25543
3,25544
3,25545
3,25546
3,25547
1,25548
2,25548
4,25548
7,25548
4,25549
7,25549
7,25550
4,25551
5,25551
7,25552
3,25553
4,25554
5,25554
3,25555
2,25556
4,25556
5,25556
3,25557
7,25557
1,25558
7,25558
7,25559
7,25560
5,25561
7,25562
5,25563
3,25564
5,25565
3,25566
3,25567
1,25568
4,25568
3,25569
3,25570
4,25571
5,25571
3,25572
3,25573
5,25573
3,25574
3,25575
3,25576
7,25577
7,25578
7,25579
7,25580
3,25581
3,25582
5,25583
3,25584
7,25584
1,25585
5,25585
7,25585
5,25586
7,25587
3,25588
3,25589
3,25590
3,25591
1,25592
4,25592
7,25592
4,25593
5,25593
3,25594
3,25595
3,25596
7,25597
5,25598
5,25599
1,25600
2,25600
4,25600
7,25600
7,25601
1,25602
2,25602
4,25602
5,25602
7,25602
3,25603
4,25604
5,25604
4,25605
5,25605
3,25606
5,25607
7,25608
7,25609
7,25610
7,25611
7,25612
1,25613
4,25613
7,25613
7,25614
3,25615
3,25616
4,25617
5,25617
7,25617
3,25618
3,25619
3,25620
3,25621
3,25622
3,25623
7,25624
3,25625
7,25626
4,25627
5,25627
7,25628
3,25629
4,25630
7,25630
4,25631
7,25631
5,25632
7,25633
7,25634
5,25635
5,25636
3,25637
7,25638
3,25639
4,25640
5,25640
3,25641
3,25642
4,25642
5,25642
3,25643
3,25644
5,25645
3,25646
7,25647
3,25648
3,25649
5,25650
5,25651
5,25652
3,25653
5,25653
5,25654
5,25655
3,25656
3,25657
3,25658
3,25659
3,25660
3,25661
3,25662
3,25663
4,25663
5,25664
5,25665
5,25666
5,25667
5,25668
5,25669
5,25670
3,25671
3,25672
3,25673
4,25674
5,25674
4,25675
7,25675
5,25676
3,25677
3,25678
5,25679
3,25680
3,25681
3,25682
4,25683
5,25683
3,25684
3,25685
3,25686
3,25687
3,25688
3,25689
5,25690
5,25691
3,25692
3,25693
3,25694
3,25695
4,25696
5,25696
3,25697
3,25698
5,25699
3,25700
3,25701
3,25702
3,25703
3,25704
5,25705
3,25706
4,25706
3,25707
5,25708
3,25709
3,25710
5,25711
3,25712
3,25713
4,25714
5,25714
3,25715
3,25716
3,25717
3,25718
7,25719
1,25720
2,25720
4,25720
7,25720
5,25721
3,25722
4,25722
5,25723
5,25724
5,25725
5,25726
5,25727
3,25728
5,25729
3,25730
3,25731
5,25731
3,25732
3,25733
3,25734
3,25735
3,25736
5,25737
5,25738
3,25739
5,25739
5,25740
3,25741
3,25742
3,25743
5,25744
3,25745
5,25745
3,25746
3,25747
1,25748
3,25748
5,25748
3,25749
3,25750
3,25751
4,25751
5,25752
7,25752
3,25753
5,25754
7,25755
4,25756
5,25756
3,25757
3,25758
3,25759
1,25760
3,25760
4,25760
5,25760
1,25761
3,25762
3,25763
4,25763
5,25763
3,25764
3,25765
3,25766
5,25766
7,25766
3,25767
3,25768
7,25769
7,25770
3,25771
3,25772
1,25773
4,25773
5,25773
4,25774
5,25774
7,25775
3,25776
3,25777
4,25778
5,25778
3,25779
7,25780
1,25781
2,25781
3,25781
4,25781
7,25781
7,25782
4,25783
5,25783
1,25784
2,25784
4,25784
7,25784
7,25785
4,25786
5,25786
7,25787
3,25788
5,25789
5,25790
3,25791
3,25792
5,25792
5,25793
3,25794
5,25795
7,25796
1,25797
1,25798
1,25799
5,25799
1,25800
5,25800
1,25801
1,25802
5,25802
3,25803
4,25804
5,25804
3,25805
3,25806
3,25807
3,25808
3,25809
1,25810
1,25811
7,25811
1,25812
3,25813
3,25814
3,25815
3,25816
3,25817
3,25818
3,25819
3,25820
7,25820
3,25821
7,25821
3,25822
5,25822
3,25823
3,25824
4,25824
3,25825
3,25826
5,25826
5,25827
5,25828
3,25829
3,25830
3,25831
5,25831
5,25832
3,25833
3,25834
3,25835
5,25835
3,25836
7,25837
7,25838
3,25839
1,25840
5,25841
1,25842
1,25843
5,25843
5,25844
3,25845
3,25846
3,25847
3,25848
3,25849
3,25850
3,25851
3,25852
3,25853
3,25854
3,25855
3,25856
5,25857
4,25858
5,25858
3,25859
3,25860
3,25861
3,25862
3,25863
3,25864
3,25865
3,25866
3,25867
3,25868
3,25869
3,25870
3,25871
3,25872
3,25873
3,25874
7,25875
3,25876
3,25877
7,25878
7,25879
1,25880
2,25880
7,25880
7,25881
2,25882
4,25882
7,25882
5,25883
5,25884
3,25885
5,25885
3,25886
3,25887
3,25888
3,25889
3,25890
3,25891
3,25892
3,25893
3,25894
3,25895
1,25896
7,25896
1,25897
7,25897
1,25898
7,25898
7,25899
5,25900
3,25901
5,25901
3,25902
5,25903
7,25903
4,25904
5,25904
3,25905
7,25906
5,25907
3,25908
3,25909
3,25910
3,25911
3,25912
7,25913
3,25914
3,25915
3,25916
3,25917
3,25918
3,25919
3,25920
3,25921
3,25922
5,25923
5,25924
5,25925
3,25926
3,25927
3,25928
5,25929
5,25930
5,25931
5,25932
5,25933
4,25934
5,25934
3,25935
3,25936
3,25937
3,25938
7,25939
3,25940
3,25941
4,25941
5,25941
3,25942
4,25942
3,25943
3,25944
3,25945
5,25945
3,25946
3,25947
3,25948
3,25949
5,25950
3,25951
3,25952
5,25953
3,25954
5,25954
3,25955
4,25956
5,25956
5,25957
3,25958
3,25959
3,25960
3,25961
3,25962
3,25963
5,25964
5,25965
3,25966
4,25966
5,25967
3,25968
3,25969
3,25970
3,25971
3,25972
3,25973
5,25973
5,25974
5,25975
3,25976
1,25977
4,25977
3,25978
3,25979
4,25979
3,25980
3,25981
3,25982
4,25983
5,25983
7,25984
3,25985
3,25986
3,25987
3,25988
5,25989
5,25990
5,25991
3,25992
3,25993
3,25994
1,25995
2,25995
3,25995
4,25995
5,25995
7,25995
5,25996
1,25997
2,25997
3,25997
4,25997
5,25997
7,25997
5,25998
5,25999
5,26000
3,26001
3,26002
4,26002
1,26003
4,26003
7,26004
7,26005
5,26006
3,26007
3,26008
3,26009
3,26010
3,26011
3,26012
4,26013
5,26013
3,26014
3,26015
3,26016
4,26016
3,26017
4,26017
3,26018
4,26018
3,26019
4,26019
3,26020
4,26020
3,26021
4,26021
3,26022
4,26022
3,26023
4,26023
3,26024
4,26024
3,26025
4,26025
3,26026
4,26026
4,26027
5,26027
5,26028
3,26029
4,26030
5,26030
3,26031
7,26032
3,26033
3,26034
7,26035
3,26036
7,26037
5,26038
5,26039
7,26039
7,26040
5,26041
7,26042
3,26043
3,26044
7,26045
5,26046
3,26047
3,26048
7,26049
7,26050
3,26051
3,26052
3,26053
3,26054
3,26055
5,26056
7,26057
3,26058
4,26059
5,26059
4,26060
5,26060
3,26061
4,26062
5,26062
4,26063
5,26063
7,26064
5,26065
3,26066
5,26067
5,26068
7,26069
5,26070
4,26071
5,26071
3,26072
3,26073
3,26074
5,26075
7,26076
5,26077
5,26078
5,26079
7,26080
5,26081
5,26082
5,26083
5,26084
1,26085
5,26086
1,26087
5,26088
1,26089
7,26090
3,26091
3,26092
5,26092
3,26093
3,26094
7,26095
5,26096
5,26097
5,26098
7,26099
7,26100
7,26101
7,26102
5,26103
7,26104
7,26105
7,26106
7,26107
7,26108
1,26109
5,26110
1,26111
7,26112
5,26113
1,26114
3,26115
3,26116
7,26117
3,26118
3,26119
3,26120
7,26121
7,26122
3,26123
3,26124
3,26125
3,26126
7,26127
7,26128
5,26129
5,26130
7,26131
5,26132
5,26133
1,26134
5,26135
1,26136
5,26137
7,26138
5,26139
1,26140
5,26141
5,26142
7,26143
1,26144
5,26145
3,26146
4,26147
5,26147
4,26148
5,26148
3,26149
3,26150
3,26151
3,26152
3,26153
3,26154
3,26155
3,26156
3,26157
3,26158
3,26159
3,26160
3,26161
4,26161
5,26161
3,26162
5,26162
3,26163
3,26164
3,26165
3,26166
5,26167
3,26168
3,26169
3,26170
3,26171
5,26172
3,26173
3,26174
4,26175
5,26175
4,26176
5,26176
1,26177
5,26177
1,26178
1,26179
5,26179
1,26180
5,26181
3,26182
5,26182
3,26183
5,26183
5,26184
1,26185
5,26185
7,26185
1,26186
5,26186
5,26187
3,26188
5,26189
5,26190
3,26191
3,26192
3,26193
5,26194
7,26195
5,26196
4,26197
5,26197
3,26198
4,26198
1,26199
2,26199
3,26199
7,26199
3,26200
3,26201
4,26201
3,26202
3,26203
1,26204
3,26204
1,26205
3,26205
7,26205
3,26206
3,26207
3,26208
5,26209
5,26210
3,26211
5,26212
5,26213
3,26214
7,26215
2,26216
4,26216
7,26216
3,26217
3,26218
3,26219
4,26220
5,26220
1,26221
5,26221
3,26222
3,26223
3,26224
3,26225
7,26226
3,26227
3,26228
4,26229
5,26229
3,26230
7,26231
3,26232
4,26233
5,26233
4,26234
5,26234
7,26234
5,26235
3,26236
3,26237
1,26238
4,26239
5,26239
4,26240
5,26240
3,26241
1,26242
3,26242
4,26242
7,26242
1,26243
3,26243
7,26243
7,26244
7,26245
5,26246
3,26247
4,26247
5,26248
5,26249
5,26250
3,26251
3,26252
4,26253
5,26253
3,26254
3,26255
3,26256
4,26256
3,26257
3,26258
1,26259
3,26259
4,26259
5,26259
5,26260
5,26261
4,26262
5,26262
3,26263
1,26264
2,26264
4,26264
5,26265
7,26266
7,26267
3,26268
5,26269
7,26270
7,26271
4,26272
7,26272
1,26273
2,26273
4,26273
5,26273
3,26274
4,26275
5,26275
3,26276
4,26277
5,26277
1,26278
4,26278
7,26279
5,26280
5,26281
5,26282
3,26283
5,26284
5,26285
5,26286
7,26287
3,26288
3,26289
4,26289
5,26290
1,26291
1,26292
1,26293
5,26293
5,26294
1,26295
5,26295
3,26296
3,26297
7,26298
3,26299
3,26300
3,26301
1,26302
3,26303
5,26304
5,26305
1,26306
5,26306
5,26307
3,26308
3,26309
5,26310
3,26311
5,26311
3,26312
3,26313
3,26314
3,26315
3,26316
3,26317
3,26318
3,26319
5,26320
5,26321
3,26322
5,26322
3,26323
5,26323
7,26324
3,26325
5,26326
3,26327
3,26328
3,26329
3,26330
3,26331
3,26332
7,26333
3,26334
3,26335
3,26336
3,26337
5,26338
3,26339
3,26340
3,26341
3,26342
3,26343
3,26344
3,26345
3,26346
3,26347
3,26348
7,26349
3,26350
7,26351
7,26352
3,26353
4,26353
7,26353
3,26354
7,26354
7,26355
3,26356
3,26357
7,26358
3,26359
7,26360
5,26361
3,26362
3,26363
3,26364
3,26365
3,26366
3,26367
3,26368
3,26369
3,26370
5,26370
1,26371
4,26371
4,26372
7,26372
3,26373
4,26373
3,26374
4,26375
5,26375
7,26376
7,26377
3,26378
3,26379
3,26380
5,26381
5,26382
3,26383
3,26384
3,26385
4,26385
3,26386
3,26387
3,26388
5,26389
5,26390
3,26391
3,26392
3,26393
3,26394
3,26395
3,26396
3,26397
3,26398
3,26399
3,26400
3,26401
3,26402
3,26403
7,26404
7,26405
1,26406
5,26406
7,26407
3,26408
3,26409
4,26409
5,26409
4,26410
5,26410
4,26411
5,26411
1,26412
2,26412
4,26412
7,26412
1,26413
5,26414
1,26415
5,26416
1,26417
5,26418
3,26419
5,26420
3,26421
3,26422
3,26423
3,26424
5,26425
3,26426
3,26427
4,26427
5,26427
3,26428
3,26429
3,26430
3,26431
3,26432
3,26433
3,26434
3,26435
3,26436
3,26437
4,26438
5,26438
5,26439
5,26440
5,26441
7,26442
3,26443
4,26443
4,26444
5,26444
1,26445
2,26445
4,26445
4,26446
5,26446
4,26447
5,26447
1,26448
5,26448
3,26449
3,26450
4,26451
7,26451
4,26452
5,26452
3,26453
3,26454
5,26455
4,26456
5,26456
3,26457
4,26458
5,26458
3,26459
7,26460
4,26461
5,26461
5,26462
3,26463
5,26464
4,26465
7,26465
7,26466
3,26467
3,26468
3,26469
3,26470
4,26471
5,26471
5,26472
5,26473
3,26474
5,26475
7,26476
7,26477
4,26478
5,26478
3,26479
5,26480
7,26481
7,26482
3,26483
3,26484
3,26485
5,26486
7,26487
3,26488
3,26489
3,26490
7,26491
4,26492
5,26492
3,26493
3,26494
3,26495
5,26496
5,26497
1,26498
2,26498
4,26498
7,26498
3,26499
3,26500
3,26501
3,26502
1,26503
2,26503
3,26503
4,26503
5,26503
7,26503
1,26504
2,26504
4,26504
3,26505
3,26506
5,26506
7,26507
4,26508
7,26508
3,26509
7,26509
3,26510
7,26510
3,26511
7,26512
7,26513
3,26514
7,26515
5,26516
3,26517
7,26518
1,26519
3,26519
4,26519
7,26519
1,26520
5,26520
5,26521
3,26522
4,26523
5,26523
5,26524
5,26525
3,26526
4,26526
5,26526
1,26527
2,26527
4,26527
7,26527
4,26528
5,26528
4,26529
5,26529
4,26530
5,26530
3,26531
4,26531
4,26532
5,26532
3,26533
3,26534
1,26535
2,26535
4,26535
5,26535
7,26535
5,26536
1,26537
2,26537
4,26537
5,26537
3,26538
5,26539
3,26540
3,26541
5,26541
3,26542
5,26543
1,26544
5,26545
1,26546
1,26547
1,26548
1,26549
5,26550
1,26551
5,26552
1,26553
1,26554
1,26555
1,26556
5,26557
5,26558
1,26559
5,26560
1,26561
7,26561
1,26562
5,26563
1,26564
1,26565
5,26565
5,26566
3,26567
3,26568
3,26569
3,26570
5,26571
5,26572
5,26573
3,26574
5,26574
1,26575
7,26575
7,26576
3,26577
3,26578
7,26579
3,26580
7,26581
1,26582
3,26583
5,26584
1,26585
4,26585
7,26586
7,26587
7,26588
5,26589
3,26590
5,26591
3,26592
3,26593
3,26594
3,26595
4,26595
3,26596
7,26596
3,26597
7,26598
3,26599
3,26600
7,26601
7,26602
1,26603
3,26604
5,26604
3,26605
3,26606
1,26607
3,26607
7,26607
3,26608
4,26608
1,26609
2,26609
4,26609
7,26609
7,26610
3,26611
3,26612
3,26613
4,26614
5,26614
3,26615
3,26616
5,26616
3,26617
3,26618
3,26619
4,26620
5,26620
4,26621
5,26621
3,26622
3,26623
5,26623
5,26624
3,26625
4,26625
3,26626
3,26627
3,26628
3,26629
5,26630
3,26631
3,26632
3,26633
5,26634
3,26635
5,26636
3,26637
3,26638
3,26639
5,26640
3,26641
4,26641
3,26642
3,26643
3,26644
3,26645
3,26646
3,26647
3,26648
3,26649
3,26650
3,26651
3,26652
3,26653
3,26654
3,26655
3,26656
3,26657
3,26658
3,26659
3,26660
3,26661
3,26662
3,26663
3,26664
3,26665
3,26666
3,26667
3,26668
3,26669
3,26670
3,26671
3,26672
3,26673
3,26674
3,26675
3,26676
3,26677
3,26678
3,26679
3,26680
3,26681
3,26682
3,26683
3,26684
3,26685
3,26686
3,26687
3,26688
3,26689
3,26690
3,26691
3,26692
3,26693
3,26694
3,26695
3,26696
5,26697
4,26698
7,26698
3,26699
3,26700
5,26700
4,26701
5,26701
3,26702
3,26703
7,26703
3,26704
4,26705
7,26705
7,26706
7,26707
7,26708
3,26709
3,26710
3,26711
4,26711
7,26711
3,26712
3,26713
3,26714
3,26715
4,26715
5,26715
7,26716
3,26717
3,26718
4,26719
5,26719
5,26720
3,26721
3,26722
3,26723
7,26724
3,26725
3,26726
3,26727
3,26728
3,26729
3,26730
7,26731
7,26732
3,26733
5,26734
5,26735
5,26736
7,26737
5,26738
3,26739
4,26740
5,26740
5,26741
3,26742
3,26743
3,26744
4,26744
5,26744
7,26745
3,26746
4,26747
5,26747
3,26748
4,26749
5,26749
3,26750
3,26751
7,26752
3,26753
4,26754
5,26754
7,26755
5,26756
5,26757
3,26758
5,26759
5,26760
3,26761
4,26761
3,26762
3,26763
4,26764
7,26764
3,26765
3,26766
3,26767
3,26768
5,26769
4,26770
7,26770
7,26771
3,26772
4,26773
5,26773
3,26774
3,26775
1,26776
2,26776
4,26776
7,26776
1,26777
2,26777
4,26777
5,26777
2,26778
1,26779
5,26779
5,26780
1,26781
2,26781
3,26781
4,26781
1,26782
2,26782
3,26782
4,26782
7,26782
1,26783
2,26783
3,26783
4,26783
7,26783
5,26784
5,26785
7,26786
7,26787
7,26788
3,26789
4,26790
5,26790
5,26791
4,26792
5,26792
3,26793
3,26794
7,26795
1,26796
7,26796
5,26797
1,26798
1,26799
1,26800
5,26800
1,26801
5,26801
1,26802
5,26802
5,26803
5,26804
5,26805
1,26806
7,26807
5,26808
5,26809
7,26810
5,26811
5,26812
7,26813
5,26814
5,26815
5,26816
5,26817
7,26818
7,26819
5,26820
7,26821
7,26822
7,26823
7,26824
7,26825
7,26826
7,26827
7,26828
7,26829
5,26830
1,26831
5,26832
5,26833
5,26834
5,26835
1,26836
5,26837
5,26838
5,26839
5,26840
5,26841
5,26842
5,26843
5,26844
5,26845
1,26846
1,26847
1,26848
1,26849
5,26850
5,26851
5,26852
5,26853
1,26854
5,26854
5,26855
7,26856
7,26857
7,26858
7,26859
7,26860
7,26861
1,26862
7,26863
7,26864
7,26865
7,26866
7,26867
7,26868
7,26869
7,26870
5,26871
1,26872
3,26873
1,26874
1,26875
1,26876
1,26877
5,26878
7,26879
7,26880
7,26881
7,26882
7,26883
5,26884
1,26885
7,26885
5,26886
1,26887
7,26887
1,26888
5,26888
1,26889
1,26890
5,26890
5,26891
5,26892
5,26893
3,26894
3,26895
4,26896
5,26896
3,26897
5,26898
5,26899
7,26900
3,26901
4,26901
4,26902
5,26902
5,26903
5,26904
3,26905
4,26906
7,26906
3,26907
7,26907
5,26908
5,26909
3,26910
4,26911
5,26911
7,26912
7,26913
3,26914
7,26915
1,26916
7,26916
3,26917
3,26918
4,26919
5,26919
5,26920
5,26921
4,26922
5,26922
5,26923
5,26924
3,26925
3,26926
2,26927
4,26927
3,26928
5,26929
3,26930
3,26931
3,26932
3,26933
4,26934
5,26934
5,26935
3,26936
4,26936
5,26937
7,26938
1,26939
3,26939
4,26939
7,26939
3,26940
4,26941
5,26941
3,26942
3,26943
4,26944
5,26944
4,26945
5,26945
3,26946
5,26947
3,26948
4,26948
3,26949
3,26950
5,26951
3,26952
3,26953
3,26954
4,26954
3,26955
3,26956
3,26957
3,26958
3,26959
3,26960
3,26961
3,26962
3,26963
3,26964
3,26965
3,26966
3,26967
3,26968
3,26969
3,26970
4,26971
5,26971
3,26972
3,26973
3,26974
3,26975
3,26976
4,26976
3,26977
3,26978
3,26979
3,26980
3,26981
3,26982
3,26983
3,26984
3,26985
3,26986
3,26987
3,26988
3,26989
3,26990
3,26991
4,26992
5,26992
3,26993
3,26994
3,26995
1,26996
7,26996
3,26997
3,26998
3,26999
7,27000
5,27001
5,27002
7,27003
7,27004
3,27005
3,27006
3,27007
4,27007
4,27008
5,27008
4,27009
5,27009
3,27010
3,27011
3,27012
4,27013
5,27013
1,27014
2,27014
4,27014
5,27014
7,27014
5,27015
5,27016
5,27017
5,27018
1,27019
5,27019
1,27020
5,27021
7,27022
5,27023
7,27024
1,27025
5,27025
7,27025
1,27026
7,27026
7,27027
5,27028
3,27029
4,27029
5,27029
5,27030
5,27031
5,27032
1,27033
1,27034
5,27035
5,27036
5,27037
3,27038
5,27039
3,27040
5,27041
5,27042
1,27043
1,27044
1,27045
3,27046
3,27047
5,27048
5,27049
3,27050
5,27051
5,27052
5,27053
5,27054
5,27055
3,27056
5,27057
7,27058
7,27059
5,27060
7,27061
7,27062
1,27063
1,27064
5,27064
1,27065
5,27066
5,27067
5,27068
3,27069
5,27070
5,27071
3,27072
3,27073
3,27074
1,27075
1,27076
1,27077
5,27078
7,27079
5,27080
7,27081
3,27082
5,27083
7,27084
7,27085
3,27086
5,27086
3,27087
3,27088
3,27089
5,27089
3,27090
4,27090
5,27090
3,27091
3,27092
3,27093
5,27094
3,27095
4,27096
5,27096
3,27097
3,27098
1,27099
2,27099
3,27099
4,27099
5,27099
7,27099
4,27100
5,27100
3,27101
3,27102
3,27103
3,27104
3,27105
3,27106
5,27107
5,27108
3,27109
4,27110
5,27110
5,27111
3,27112
4,27112
3,27113
4,27113
5,27114
3,27115
4,27115
3,27116
4,27116
3,27117
5,27118
3,27119
3,27120
3,27121
3,27122
1,27123
2,27123
4,27123
7,27123
1,27124
4,27124
5,27125
7,27126
5,27127
7,27128
7,27129
7,27130
5,27131
5,27132
5,27133
1,27134
5,27134
1,27135
5,27135
1,27136
5,27136
4,27137
5,27137
1,27138
2,27138
4,27138
7,27138
1,27139
2,27139
4,27139
7,27139
1,27140
2,27140
4,27140
7,27140
4,27141
7,27141
5,27142
4,27143
5,27143
2,27144
4,27144
5,27145
3,27146
5,27147
5,27148
5,27149
3,27150
5,27150
3,27151
3,27152
3,27153
3,27154
3,27155
5,27156
3,27157
5,27158
3,27159
3,27160
5,27161
7,27162
7,27163
5,27164
5,27165
5,27166
5,27167
3,27168
3,27169
3,27170
3,27171
7,27172
7,27173
3,27174
7,27175
5,27176
1,27177
1,27178
7,27178
1,27179
3,27180
3,27181
3,27182
3,27183
3,27184
3,27185
5,27185
3,27186
3,27187
5,27187
3,27188
3,27189
4,27190
5,27190
4,27191
5,27191
4,27192
5,27192
4,27193
5,27193
3,27194
5,27195
3,27196
1,27197
2,27197
3,27197
4,27197
5,27197
7,27197
1,27198
3,27198
4,27198
5,27198
7,27198
3,27199
3,27200
3,27201
4,27201
3,27202
3,27203
5,27204
4,27205
5,27205
3,27206
4,27206
3,27207
3,27208
3,27209
3,27210
3,27211
3,27212
3,27213
3,27214
3,27215
3,27216
3,27217
3,27218
3,27219
3,27220
5,27221
5,27222
3,27223
3,27224
3,27225
3,27226
4,27226
5,27227
3,27228
4,27229
5,27229
7,27230
3,27231
3,27232
3,27233
5,27234
3,27235
5,27236
3,27237
3,27238
3,27239
3,27240
5,27241
3,27242
3,27243
3,27244
3,27245
3,27246
3,27247
7,27248
7,27249
7,27250
3,27251
5,27252
5,27253
5,27254
3,27255
3,27256
3,27257
4,27257
3,27258
4,27258
3,27259
4,27259
3,27260
3,27261
3,27262
4,27263
5,27263
3,27264
5,27265
5,27266
3,27267
5,27267
3,27268
3,27269
3,27270
3,27271
3,27272
3,27273
4,27273
7,27274
5,27275
5,27276
3,27277
4,27277
3,27278
3,27279
3,27280
3,27281
3,27282
3,27283
3,27284
3,27285
3,27286
5,27287
3,27288
3,27289
3,27290
3,27291
3,27292
5,27292
7,27293
5,27294
5,27295
5,27296
3,27297
5,27297
4,27298
5,27298
3,27299
4,27299
5,27300
5,27301
5,27302
5,27303
5,27304
3,27305
3,27306
3,27307
3,27308
4,27309
5,27309
4,27310
5,27310
3,27311
3,27312
3,27313
5,27314
1,27315
2,27315
4,27315
3,27316
1,27317
2,27317
4,27317
7,27317
7,27318
1,27319
2,27319
4,27319
7,27319
1,27320
2,27320
7,27320
2,27321
7,27322
3,27323
5,27324
3,27325
7,27326
3,27327
5,27328
4,27329
5,27329
3,27330
4,27331
5,27331
3,27332
3,27333
4,27334
7,27334
5,27335
1,27336
1,27337
5,27338
1,27339
1,27340
3,27341
5,27342
1,27343
5,27343
5,27344
1,27345
4,27346
5,27346
7,27347
1,27348
2,27348
4,27348
7,27348
3,27349
4,27349
7,27350
3,27351
3,27352
7,27353
7,27354
7,27355
3,27356
4,27356
5,27357
5,27358
5,27359
5,27360
3,27361
3,27362
3,27363
3,27364
3,27365
4,27365
5,27366
7,27366
3,27367
1,27368
4,27368
4,27369
5,27369
5,27370
5,27371
7,27372
3,27373
4,27373
5,27373
5,27374
4,27375
5,27375
5,27376
3,27377
3,27378
5,27379
1,27380
5,27380
7,27381
1,27382
5,27383
1,27384
5,27384
7,27384
5,27385
7,27386
1,27387
5,27388
1,27389
5,27389
7,27390
1,27391
3,27392
3,27393
1,27394
5,27395
1,27396
7,27396
7,27397
7,27398
7,27399
3,27400
5,27400
7,27401
5,27402
5,27403
5,27404
1,27405
7,27406
3,27407
1,27408
2,27408
4,27408
5,27408
7,27408
7,27409
7,27410
5,27411
5,27412
7,27413
5,27414
7,27415
5,27416
5,27417
1,27418
1,27419
7,27419
1,27420
5,27420
1,27421
7,27421
5,27422
7,27423
7,27424
3,27425
5,27426
7,27427
7,27428
7,27429
7,27430
1,27431
1,27432
5,27432
7,27432
1,27433
1,27434
7,27435
7,27436
7,27437
1,27438
1,27439
5,27439
7,27439
1,27440
1,27441
5,27442
7,27443
7,27444
3,27445
3,27446
3,27447
5,27448
3,27449
3,27450
4,27451
7,27451
3,27452
3,27453
3,27454
3,27455
3,27456
3,27457
3,27458
3,27459
3,27460
3,27461
5,27462
5,27463
3,27464
3,27465
4,27465
3,27466
3,27467
3,27468
3,27469
3,27470
3,27471
4,27471
3,27472
3,27473
3,27474
3,27475
3,27476
3,27477
3,27478
3,27479
5,27480
5,27481
5,27482
5,27483
5,27484
5,27485
7,27486
3,27487
1,27488
1,27489
5,27489
1,27490
5,27491
5,27492
5,27493
7,27494
7,27495
5,27496
5,27497
5,27498
7,27499
5,27500
3,27501
5,27502
3,27503
4,27503
5,27503
3,27504
7,27505
3,27506
5,27507
3,27508
5,27509
3,27510
4,27510
3,27511
5,27511
3,27512
3,27513
5,27514
4,27515
5,27515
3,27516
3,27517
3,27518
3,27519
3,27520
4,27520
5,27520
3,27521
5,27522
3,27523
5,27524
5,27525
5,27526
1,27527
1,27528
1,27529
5,27529
3,27530
4,27530
5,27530
5,27531
5,27532
4,27533
5,27533
3,27534
5,27534
5,27535
5,27536
3,27537
4,27538
5,27538
3,27539
3,27540
3,27541
3,27542
3,27543
3,27544
5,27545
3,27546
3,27547
3,27548
3,27549
7,27550
3,27551
3,27552
3,27553
3,27554
3,27555
3,27556
3,27557
3,27558
5,27559
3,27560
3,27561
5,27561
3,27562
4,27562
3,27563
4,27563
5,27563
5,27564
5,27565
3,27566
3,27567
5,27567
5,27568
5,27569
7,27570
3,27571
5,27572
3,27573
4,27574
5,27574
5,27575
3,27576
4,27577
5,27577
3,27578
3,27579
3,27580
5,27581
5,27582
5,27583
1,27584
7,27584
3,27585
3,27586
3,27587
3,27588
5,27589
3,27590
3,27591
3,27592
4,27592
1,27593
4,27593
5,27593
4,27594
5,27594
4,27595
5,27595
5,27596
5,27597
3,27598
7,27599
5,27600
5,27601
5,27602
5,27603
4,27604
5,27604
5,27605
1,27606
7,27606
3,27607
4,27607
3,27608
3,27609
4,27609
5,27609
5,27610
5,27611
5,27612
4,27613
5,27613
5,27614
5,27615
3,27616
3,27617
3,27618
3,27619
4,27620
5,27620
3,27621
3,27622
4,27622
4,27623
5,27623
3,27624
4,27625
5,27625
7,27625
7,27626
5,27627
5,27628
5,27629
7,27629
5,27630
5,27631
7,27632
3,27633
4,27633
3,27634
4,27635
5,27635
3,27636
3,27637
3,27638
3,27639
3,27640
3,27641
3,27642
3,27643
3,27644
3,27645
3,27646
3,27647
3,27648
5,27649
3,27650
3,27651
3,27652
4,27653
5,27653
4,27654
5,27654
3,27655
3,27656
3,27657
3,27658
3,27659
7,27660
5,27661
3,27662
5,27663
3,27664
7,27665
1,27666
1,27667
5,27667
1,27668
7,27669
7,27670
5,27671
7,27671
7,27672
7,27673
7,27674
7,27675
7,27676
7,27677
3,27678
3,27679
3,27680
3,27681
3,27682
3,27683
7,27684
7,27685
7,27686
7,27687
7,27688
7,27689
5,27690
3,27691
3,27692
3,27693
7,27694
5,27695
3,27696
3,27697
3,27698
3,27699
5,27700
5,27701
3,27702
3,27703
3,27704
3,27705
3,27706
3,27707
5,27707
5,27708
3,27709
3,27710
3,27711
3,27712
4,27713
5,27713
5,27714
7,27715
3,27716
3,27717
7,27718
5,27719
5,27720
5,27721
3,27722
4,27722
3,27723
3,27724
5,27724
3,27725
3,27726
5,27726
5,27727
3,27728
3,27729
7,27730
3,27731
4,27732
5,27732
3,27733
3,27734
3,27735
3,27736
5,27737
5,27738
7,27739
1,27740
4,27740
1,27741
1,27742
1,27743
5,27744
3,27745
3,27746
4,27747
5,27747
3,27748
3,27749
3,27750
3,27751
3,27752
3,27753
3,27754
3,27755
3,27756
4,27756
3,27757
3,27758
3,27759
3,27760
3,27761
3,27762
3,27763
3,27764
3,27765
5,27766
3,27767
4,27768
5,27768
3,27769
3,27770
3,27771
3,27772
4,27772
5,27772
3,27773
3,27774
3,27775
3,27776
3,27777
3,27778
3,27779
3,27780
3,27781
3,27782
3,27783
4,27783
5,27783
4,27784
5,27784
3,27785
3,27786
3,27787
3,27788
7,27789
3,27790
3,27791
7,27792
5,27793
4,27794
5,27794
1,27795
4,27795
5,27795
7,27796
5,27797
5,27798
5,27799
7,27799
5,27800
7,27800
1,27801
5,27801
3,27802
3,27803
7,27804
4,27805
5,27805
4,27806
5,27806
4,27807
5,27807
3,27808
3,27809
3,27810
5,27811
5,27812
3,27813
5,27814
7,27815
5,27816
3,27817
7,27818
7,27819
7,27820
7,27821
7,27822
4,27823
5,27823
5,27824
5,27825
5,27826
5,27827
7,27828
5,27829
5,27830
5,27831
5,27832
1,27833
1,27834
1,27835
7,27836
7,27837
5,27838
7,27839
7,27840
1,27841
7,27841
1,27842
7,27842
5,27843
1,27844
7,27844
3,27845
4,27846
5,27846
4,27847
5,27847
1,27848
1,27849
1,27850
7,27851
4,27852
7,27852
7,27853
5,27854
3,27855
5,27856
1,27857
7,27858
7,27859
7,27860
5,27861
3,27862
3,27863
5,27864
1,27865
5,27865
5,27866
5,27867
5,27868
5,27869
3,27870
3,27871
3,27872
3,27873
4,27873
5,27873
3,27874
3,27875
3,27876
5,27877
5,27878
1,27879
1,27880
1,27881
7,27882
1,27883
7,27883
1,27884
3,27885
1,27886
3,27887
1,27888
1,27889
7,27889
1,27890
5,27891
1,27892
5,27893
1,27894
5,27895
1,27896
7,27897
1,27898
5,27898
1,27899
1,27900
3,27901
3,27902
7,27903
5,27904
5,27905
5,27906
3,27907
5,27908
7,27908
5,27909
7,27909
5,27910
7,27910
5,27911
3,27912
5,27912
3,27913
3,27914
3,27915
7,27916
3,27917
3,27918
3,27919
5,27920
5,27921
3,27922
5,27923
5,27924
5,27925
5,27926
5,27927
7,27928
3,27929
5,27930
5,27931
3,27932
3,27933
5,27934
3,27935
3,27936
4,27936
3,27937
5,27938
3,27939
3,27940
3,27941
4,27941
5,27942
3,27943
5,27944
4,27945
5,27945
5,27946
3,27947
4,27947
5,27947
3,27948
3,27949
3,27950
3,27951
3,27952
3,27953
4,27953
3,27954
4,27954
4,27955
5,27955
3,27956
3,27957
4,27958
5,27958
3,27959
3,27960
4,27960
5,27960
5,27961
4,27962
5,27962
3,27963
5,27963
3,27964
3,27965
3,27966
4,27966
5,27967
4,27968
5,27968
5,27969
5,27970
4,27971
5,27971
3,27972
4,27972
5,27972
5,27973
3,27974
3,27975
3,27976
4,27976
3,27977
3,27978
4,27979
5,27979
5,27980
3,27981
3,27982
4,27982
5,27982
3,27983
5,27984
5,27985
1,27986
1,27987
4,27988
5,27988
5,27989
3,27990
4,27990
5,27990
3,27991
4,27991
5,27991
4,27992
5,27992
5,27993
5,27994
5,27995
5,27996
3,27997
5,27998
3,27999
5,28000
3,28001
4,28001
3,28002
3,28003
5,28004
5,28005
2,28006
7,28006
2,28007
5,28007
2,28008
3,28009
3,28010
3,28011
3,28012
4,28013
5,28013
5,28014
4,28015
5,28015
5,28016
3,28017
3,28018
4,28018
3,28019
7,28020
3,28021
3,28022
5,28023
3,28024
4,28024
3,28025
3,28026
3,28027
3,28028
4,28029
5,28029
3,28030
4,28030
5,28030
5,28031
4,28032
5,28032
7,28032
7,28033
3,28034
3,28035
5,28036
3,28037
3,28038
3,28039
7,28040
3,28041
4,28041
5,28041
3,28042
3,28043
3,28044
4,28044
5,28044
4,28045
5,28045
4,28046
5,28046
3,28047
3,28048
5,28048
3,28049
4,28050
5,28050
3,28051
5,28051
3,28052
4,28052
5,28052
4,28053
5,28053
3,28054
3,28055
3,28056
4,28057
5,28057
5,28058
5,28059
3,28060
5,28061
5,28062
5,28063
5,28064
4,28065
5,28065
4,28066
5,28066
3,28067
3,28068
4,28069
5,28069
7,28070
5,28071
3,28072
3,28073
4,28074
5,28074
4,28075
5,28075
4,28076
5,28076
4,28077
5,28077
5,28078
7,28079
3,28080
4,28080
5,28080
3,28081
3,28082
3,28083
3,28084
3,28085
5,28086
4,28087
5,28087
5,28088
4,28089
5,28089
3,28090
4,28090
3,28091
4,28091
3,28092
3,28093
5,28094
5,28095
5,28096
5,28097
7,28098
5,28099
4,28100
5,28100
5,28101
3,28102
3,28103
3,28104
3,28105
3,28106
3,28107
3,28108
5,28109
5,28110
5,28111
7,28112
7,28113
3,28114
4,28114
3,28115
4,28115
5,28116
3,28117
3,28118
3,28119
5,28120
3,28121
4,28121
4,28122
5,28122
3,28123
1,28124
4,28124
5,28124
5,28125
4,28126
5,28126
1,28127
2,28127
4,28127
7,28127
2,28128
4,28128
7,28128
7,28129
2,28130
4,28130
5,28130
7,28130
3,28131
7,28132
5,28133
3,28134
3,28135
7,28136
3,28137
3,28138
4,28138
3,28139
3,28140
3,28141
7,28142
3,28143
1,28144
7,28144
3,28145
3,28146
3,28147
5,28148
5,28149
3,28150
4,28150
7,28151
3,28152
1,28153
4,28153
7,28153
1,28154
2,28154
4,28155
5,28155
4,28156
7,28156
7,28157
5,28158
7,28159
5,28160
5,28161
7,28162
3,28163
5,28164
4,28165
5,28165
3,28166
3,28167
3,28168
5,28169
2,28170
4,28170
3,28171
3,28172
3,28173
3,28174
3,28175
3,28176
4,28176
3,28177
4,28177
3,28178
4,28178
3,28179
7,28180
3,28181
3,28182
4,28183
5,28183
1,28184
4,28184
3,28185
3,28186
3,28187
3,28188
3,28189
3,28190
5,28191
3,28192
5,28192
3,28193
3,28194
3,28195
3,28196
3,28197
3,28198
3,28199
5,28200
3,28201
3,28202
3,28203
3,28204
3,28205
5,28206
7,28207
5,28208
7,28209
5,28210
7,28210
3,28211
7,28211
5,28212
5,28213
5,28214
5,28215
5,28216
7,28217
7,28218
3,28219
3,28220
5,28221
4,28222
5,28222
5,28223
3,28224
3,28225
4,28226
5,28226
4,28227
5,28227
7,28228
5,28229
3,28230
3,28231
3,28232
3,28233
3,28234
3,28235
3,28236
3,28237
3,28238
3,28239
3,28240
7,28241
3,28242
3,28243
7,28244
7,28245
3,28246
3,28247
3,28248
3,28249
4,28250
5,28250
5,28251
5,28252
7,28253
7,28254
3,28255
3,28256
5,28257
5,28258
5,28259
5,28260
7,28261
3,28262
1,28263
4,28263
7,28263
5,28264
3,28265
5,28266
5,28267
1,28268
2,28268
4,28268
5,28268
7,28268
5,28269
5,28270
7,28271
5,28272
5,28273
7,28273
7,28274
5,28275
5,28276
7,28276
7,28277
5,28278
5,28279
5,28280
1,28281
1,28282
5,28282
5,28283
1,28284
5,28285
7,28286
7,28287
7,28288
7,28289
5,28290
5,28291
4,28292
5,28292
5,28293
5,28294
3,28295
5,28295
3,28296
3,28297
7,28298
3,28299
4,28299
5,28299
5,28300
3,28301
3,28302
3,28303
7,28304
7,28305
5,28306
5,28307
1,28308
7,28308
3,28309
3,28310
3,28311
3,28312
3,28313
3,28314
5,28315
3,28316
3,28317
3,28318
7,28319
7,28320
3,28321
3,28322
4,28322
5,28323
5,28324
3,28325
3,28326
3,28327
3,28328
3,28329
3,28330
4,28330
5,28330
3,28331
3,28332
3,28333
3,28334
5,28335
3,28336
5,28337
5,28338
3,28339
3,28340
5,28341
5,28342
3,28343
4,28343
5,28343
5,28344
3,28345
3,28346
3,28347
3,28348
4,28349
5,28349
3,28350
7,28351
7,28352
1,28353
7,28353
7,28354
1,28355
7,28355
4,28356
5,28356
7,28357
5,28358
3,28359
3,28360
3,28361
3,28362
3,28363
3,28364
3,28365
7,28366
7,28367
7,28368
3,28369
3,28370
4,28370
3,28371
3,28372
7,28373
7,28374
3,28375
1,28376
7,28376
1,28377
7,28377
1,28378
7,28378
3,28379
3,28380
3,28381
5,28382
3,28383
3,28384
3,28385
3,28386
7,28387
7,28388
7,28389
7,28390
1,28391
7,28391
7,28392
7,28393
1,28394
3,28394
7,28395
7,28396
7,28397
7,28398
7,28399
1,28400
4,28400
5,28400
1,28401
2,28401
4,28401
5,28402
3,28403
3,28404
3,28405
1,28406
2,28406
4,28406
7,28406
3,28407
3,28408
5,28409
3,28410
7,28411
5,28412
4,28413
5,28413
3,28414
3,28415
3,28416
3,28417
3,28418
4,28418
5,28419
5,28420
5,28421
5,28422
3,28423
4,28423
5,28423
5,28424
5,28425
5,28426
5,28427
3,28428
4,28428
5,28428
5,28429
5,28430
3,28431
4,28431
5,28432
3,28433
4,28433
5,28433
5,28434
5,28435
5,28436
5,28437
3,28438
4,28438
5,28439
3,28440
4,28440
5,28440
5,28441
5,28442
3,28443
4,28443
5,28444
3,28445
4,28445
5,28446
3,28447
4,28447
5,28447
5,28448
5,28449
3,28450
4,28450
5,28451
3,28452
4,28452
3,28453
4,28453
5,28453
5,28454
5,28455
3,28456
4,28456
5,28457
5,28458
5,28459
3,28460
4,28460
5,28460
5,28461
5,28462
3,28463
3,28464
3,28465
3,28466
5,28467
4,28468
5,28468
7,28468
3,28469
7,28470
3,28471
3,28472
3,28473
7,28474
3,28475
7,28475
4,28476
5,28476
7,28476
3,28477
4,28478
5,28478
7,28479
3,28480
3,28481
3,28482
4,28482
4,28483
5,28483
3,28484
5,28484
7,28484
2,28485
3,28485
5,28485
3,28486
5,28487
3,28488
3,28489
5,28490
3,28491
1,28492
3,28492
4,28492
7,28492
3,28493
4,28493
3,28494
5,28495
3,28496
3,28497
5,28498
3,28499
5,28499
5,28500
3,28501
3,28502
5,28503
7,28504
7,28505
3,28506
3,28507
1,28508
1,28509
1,28510
7,28510
5,28511
1,28512
7,28513
1,28514
7,28514
5,28515
5,28516
1,28517
5,28517
7,28517
1,28518
5,28518
7,28518
3,28519
4,28519
3,28520
5,28521
3,28522
3,28523
3,28524
3,28525
5,28526
7,28526
5,28527
5,28528
3,28529
3,28530
3,28531
5,28532
5,28533
3,28534
3,28535
3,28536
3,28537
3,28538
5,28539
4,28540
5,28540
3,28541
4,28542
5,28542
3,28543
3,28544
3,28545
3,28546
5,28547
4,28548
5,28548
3,28549
3,28550
3,28551
7,28552
5,28553
4,28554
5,28554
5,28555
4,28556
5,28556
3,28557
4,28557
5,28557
3,28558
4,28558
4,28559
5,28559
3,28560
3,28561
4,28562
5,28562
5,28563
3,28564
5,28565
7,28566
3,28567
3,28568
5,28569
3,28570
3,28571
3,28572
3,28573
3,28574
3,28575
3,28576
3,28577
3,28578
3,28579
3,28580
7,28581
3,28582
3,28583
3,28584
3,28585
5,28585
3,28586
4,28587
5,28587
3,28588
7,28589
4,28590
5,28590
3,28591
3,28592
3,28593
3,28594
3,28595
3,28596
3,28597
3,28598
3,28599
3,28600
3,28601
3,28602
3,28603
3,28604
3,28605
3,28606
3,28607
3,28608
4,28608
5,28608
3,28609
3,28610
3,28611
3,28612
4,28613
5,28613
3,28614
3,28615
3,28616
4,28617
5,28617
3,28618
3,28619
7,28620
3,28621
7,28622
7,28623
7,28624
5,28625
5,28626
7,28627
3,28628
3,28629
3,28630
3,28631
4,28631
5,28631
1,28632
3,28632
4,28632
5,28632
7,28632
3,28633
3,28634
3,28635
5,28636
3,28637
3,28638
3,28639
3,28640
4,28641
5,28641
3,28642
3,28643
5,28644
5,28645
3,28646
3,28647
3,28648
5,28649
3,28650
3,28651
3,28652
3,28653
3,28654
3,28655
3,28656
3,28657
3,28658
3,28659
3,28660
3,28661
3,28662
3,28663
3,28664
1,28665
4,28665
7,28665
3,28666
5,28667
7,28667
3,28668
5,28669
7,28669
3,28670
3,28671
3,28672
3,28673
5,28673
4,28674
5,28674
3,28675
5,28675
3,28676
4,28676
3,28677
3,28678
3,28679
5,28679
3,28680
7,28681
3,28682
3,28683
3,28684
3,28685
5,28686
3,28687
5,28688
3,28689
5,28690
5,28691
5,28692
3,28693
3,28694
5,28695
3,28696
3,28697
3,28698
3,28699
3,28700
7,28701
3,28702
4,28702
5,28702
3,28703
3,28704
3,28705
3,28706
7,28706
7,28707
3,28708
3,28709
3,28710
3,28711
3,28712
3,28713
3,28714
3,28715
3,28716
3,28717
7,28717
3,28718
3,28719
3,28720
3,28721
5,28722
3,28723
7,28724
3,28725
3,28726
3,28727
3,28728
3,28729
3,28730
3,28731
3,28732
3,28733
3,28734
3,28735
3,28736
3,28737
5,28738
3,28739
3,28740
3,28741
3,28742
1,28743
5,28743
5,28744
3,28745
3,28746
1,28747
2,28747
4,28747
5,28747
7,28748
3,28749
4,28750
5,28750
3,28751
5,28751
7,28752
5,28753
3,28754
7,28755
1,28756
4,28756
5,28756
3,28757
4,28758
5,28758
5,28759
1,28760
4,28760
7,28760
1,28761
7,28761
5,28762
3,28763
3,28764
3,28765
3,28766
5,28767
5,28768
3,28769
3,28770
5,28770
5,28771
4,28772
5,28772
3,28773
4,28773
3,28774
3,28775
5,28776
5,28777
1,28778
2,28778
4,28778
5,28778
1,28779
2,28779
4,28779
5,28779
7,28779
1,28780
4,28780
3,28781
3,28782
4,28783
5,28783
5,28784
5,28785
3,28786
3,28787
3,28788
3,28789
3,28790
3,28791
3,28792
3,28793
4,28793
3,28794
3,28795
4,28795
1,28796
1,28797
2,28797
7,28797
1,28798
2,28798
4,28798
3,28799
4,28800
5,28800
3,28801
2,28802
4,28802
4,28803
5,28803
3,28804
5,28805
7,28806
7,28807
7,28808
7,28809
7,28810
7,28811
7,28812
7,28813
7,28814
3,28815
7,28816
7,28817
2,28818
4,28818
7,28819
7,28820
7,28821
7,28822
7,28823
5,28824
1,28825
7,28825
1,28826
2,28826
4,28826
7,28826
5,28827
5,28828
7,28829
7,28830
3,28831
3,28832
3,28833
3,28834
5,28835
3,28836
4,28837
7,28837
7,28838
7,28839
7,28840
4,28841
5,28841
5,28842
3,28843
5,28844
3,28845
3,28846
3,28847
3,28848
3,28849
3,28850
3,28851
3,28852
3,28853
3,28854
5,28855
7,28856
5,28857
3,28858
3,28859
3,28860
3,28861
3,28862
3,28863
4,28863
5,28863
7,28864
7,28865
7,28866
1,28867
3,28867
1,28868
7,28869
3,28870
7,28871
7,28872
3,28873
3,28874
1,28875
3,28875
5,28875
7,28875
3,28876
3,28877
3,28878
5,28879
5,28880
1,28881
1,28882
1,28883
5,28884
3,28885
5,28885
1,28886
2,28886
4,28886
7,28886
1,28887
2,28887
4,28887
5,28887
7,28887
7,28888
5,28889
4,28890
5,28890
3,28891
3,28892
3,28893
4,28894
5,28894
3,28895
3,28896
5,28896
3,28897
3,28898
4,28899
5,28899
3,28900
1,28901
2,28901
3,28901
4,28901
7,28901
4,28902
5,28902
1,28903
2,28903
4,28903
5,28903
7,28903
1,28904
4,28904
7,28904
7,28905
5,28906
1,28907
3,28907
4,28907
7,28907
1,28908
2,28908
4,28908
5,28908
7,28908
1,28909
5,28909
1,28910
5,28910
1,28911
5,28912
1,28913
5,28913
7,28913
5,28914
5,28915
5,28916
1,28917
5,28917
5,28918
5,28919
5,28920
1,28921
5,28921
5,28922
5,28923
5,28924
1,28925
5,28925
5,28926
1,28927
1,28928
5,28928
5,28929
1,28930
5,28930
5,28931
1,28932
3,28932
4,28932
5,28932
7,28933
3,28934
4,28934
7,28934
3,28935
4,28936
5,28936
3,28937
3,28938
3,28939
3,28940
3,28941
3,28942
4,28942
3,28943
1,28944
2,28944
3,28944
4,28944
5,28944
7,28944
3,28945
5,28946
3,28947
3,28948
3,28949
3,28950
5,28951
1,28952
4,28952
7,28952
1,28953
2,28953
4,28953
7,28953
5,28954
1,28955
2,28955
4,28955
5,28955
7,28955
1,28956
3,28957
4,28957
4,28958
5,28958
7,28959
7,28960
7,28961
1,28962
2,28962
4,28962
7,28962
3,28963
3,28964
3,28965
3,28966
3,28967
3,28968
3,28969
3,28970
3,28971
3,28972
5,28973
7,28974
5,28975
1,28976
1,28977
7,28977
1,28978
7,28979
4,28980
5,28980
5,28981
3,28982
3,28983
3,28984
3,28985
4,28985
1,28986
2,28986
4,28986
7,28986
1,28987
2,28987
4,28987
7,28987
4,28988
7,28988
7,28989
3,28990
3,28991
3,28992
3,28993
3,28994
1,28995
5,28995
1,28996
1,28997
3,28997
5,28997
7,28998
1,28999
5,28999
1,29000
1,29001
3,29002
1,29003
2,29003
4,29003
5,29003
7,29003
3,29004
3,29005
3,29006
3,29007
4,29008
5,29008
1,29009
3,29009
5,29009
5,29010
3,29011
7,29012
5,29013
3,29014
5,29015
7,29015
3,29016
3,29017
4,29017
5,29017
3,29018
1,29019
4,29019
7,29020
1,29021
4,29021
5,29021
3,29022
4,29022
1,29023
7,29023
3,29024
1,29025
2,29025
7,29025
3,29026
3,29027
3,29028
4,29029
7,29029
3,29030
4,29031
7,29031
7,29032
4,29033
7,29033
3,29034
7,29035
4,29036
5,29036
1,29037
2,29037
4,29037
7,29037
3,29038
3,29039
3,29040
3,29041
3,29042
1,29043
2,29043
3,29043
4,29043
5,29044
3,29045
5,29046
3,29047
5,29047
3,29048
3,29049
5,29050
5,29051
7,29052
1,29053
1,29054
5,29055
3,29056
4,29056
3,29057
3,29058
3,29059
7,29060
7,29061
1,29062
4,29062
7,29063
1,29064
2,29064
4,29064
7,29064
1,29065
3,29065
5,29065
7,29065
1,29066
2,29066
4,29066
7,29066
4,29067
5,29067
3,29068
3,29069
3,29070
3,29071
3,29072
3,29073
3,29074
3,29075
3,29076
3,29077
3,29078
3,29079
3,29080
3,29081
4,29081
3,29082
3,29083
3,29084
4,29084
3,29085
4,29085
5,29085
3,29086
4,29086
3,29087
3,29088
4,29088
3,29089
4,29089
3,29090
3,29091
3,29092
4,29092
3,29093
3,29094
4,29094
3,29095
5,29096
3,29097
4,29097
3,29098
4,29098
3,29099
4,29099
5,29099
3,29100
4,29100
5,29100
3,29101
4,29101
3,29102
4,29102
3,29103
3,29104
5,29105
3,29106
4,29106
5,29106
3,29107
4,29107
3,29108
4,29108
3,29109
4,29109
5,29109
3,29110
3,29111
3,29112
3,29113
3,29114
3,29115
3,29116
3,29117
3,29118
1,29119
3,29119
4,29119
5,29119
7,29119
1,29120
2,29120
4,29120
5,29120
7,29120
3,29121
4,29121
3,29122
3,29123
3,29124
5,29125
7,29125
7,29126
4,29127
5,29127
7,29128
4,29129
5,29129
3,29130
5,29131
7,29131
5,29132
5,29133
5,29134
7,29135
3,29136
3,29137
3,29138
5,29139
4,29140
5,29140
4,29141
5,29141
3,29142
3,29143
3,29144
3,29145
3,29146
4,29146
3,29147
1,29148
4,29149
5,29149
4,29150
5,29150
3,29151
3,29152
3,29153
3,29154
1,29155
2,29155
3,29155
4,29155
7,29155
1,29156
2,29156
4,29156
7,29156
3,29157
3,29158
3,29159
3,29160
7,29161
2,29162
3,29163
3,29164
5,29165
4,29166
5,29166
3,29167
5,29168
7,29168
5,29169
3,29170
3,29171
3,29172
3,29173
3,29174
3,29175
3,29176
4,29176
3,29177
5,29178
4,29179
5,29179
3,29180
5,29181
5,29182
4,29183
5,29183
3,29184
3,29185
7,29186
7,29187
1,29188
2,29188
3,29188
4,29188
7,29188
5,29189
3,29190
3,29191
7,29192
7,29193
3,29194
4,29194
7,29195
1,29196
2,29196
4,29196
5,29196
2,29197
4,29197
5,29197
5,29198
3,29199
3,29200
4,29200
5,29200
3,29201
3,29202
4,29202
7,29203
4,29204
5,29204
3,29205
3,29206
3,29207
3,29208
3,29209
3,29210
3,29211
4,29212
5,29212
3,29213
5,29214
3,29215
3,29216
3,29217
3,29218
3,29219
3,29220
3,29221
3,29222
3,29223
3,29224
3,29225
3,29226
3,29227
3,29228
4,29229
5,29229
3,29230
1,29231
5,29232
3,29233
3,29234
3,29235
3,29236
4,29237
5,29237
7,29238
3,29239
3,29240
3,29241
3,29242
3,29243
4,29244
5,29244
3,29245
4,29245
3,29246
5,29247
3,29248
5,29248
3,29249
3,29250
3,29251
5,29251
7,29252
7,29253
7,29254
7,29255
7,29256
1,29257
7,29257
7,29258
7,29259
7,29260
7,29261
7,29262
7,29263
7,29264
7,29265
7,29266
7,29267
7,29268
7,29269
3,29270
3,29271
3,29272
7,29273
7,29274
4,29275
7,29275
7,29276
3,29277
3,29278
3,29279
3,29280
3,29281
3,29282
3,29283
3,29284
1,29285
3,29285
4,29285
7,29285
3,29286
4,29286
2,29287
3,29287
4,29287
7,29287
5,29288
3,29289
7,29289
3,29290
4,29290
5,29291
3,29292
4,29292
7,29292
3,29293
4,29293
7,29293
3,29294
3,29295
3,29296
3,29297
7,29298
3,29299
7,29300
2,29301
7,29301
7,29302
7,29303
7,29304
3,29305
5,29306
3,29307
3,29308
4,29308
3,29309
3,29310
3,29311
3,29312
5,29312
3,29313
3,29314
3,29315
3,29316
3,29317
3,29318
3,29319
3,29320
5,29321
3,29322
5,29323
3,29324
3,29325
4,29325
7,29325
3,29326
3,29327
4,29328
5,29328
3,29329
5,29329
3,29330
4,29330
5,29330
3,29331
3,29332
3,29333
1,29334
5,29334
3,29335
3,29336
5,29336
5,29337
5,29338
3,29339
3,29340
5,29341
3,29342
3,29343
5,29344
3,29345
3,29346
3,29347
3,29348
3,29349
3,29350
4,29350
5,29350
3,29351
3,29352
3,29353
5,29353
3,29354
3,29355
3,29356
3,29357
5,29357
3,29358
7,29358
3,29359
7,29360
3,29361
5,29362
3,29363
3,29364
5,29365
3,29366
3,29367
3,29368
3,29369
3,29370
3,29371
5,29372
3,29373
5,29374
3,29375
5,29376
3,29377
5,29378
3,29379
3,29380
3,29381
3,29382
3,29383
3,29384
3,29385
3,29386
4,29386
5,29386
3,29387
5,29388
1,29389
2,29389
3,29389
4,29389
7,29389
4,29390
7,29390
3,29391
3,29392
3,29393
1,29394
5,29394
1,29395
1,29396
3,29397
3,29398
1,29399
1,29400
1,29401
1,29402
1,29403
1,29404
1,29405
5,29405
1,29406
1,29407
1,29408
1,29409
5,29409
1,29410
1,29411
1,29412
1,29413
7,29414
7,29415
5,29416
3,29417
3,29418
4,29419
5,29419
3,29420
3,29421
3,29422
4,29422
3,29423
1,29424
2,29424
4,29424
7,29424
3,29425
5,29426
3,29427
5,29428
5,29429
3,29430
5,29430
7,29431
7,29432
3,29433
3,29434
3,29435
7,29436
7,29437
3,29438
4,29439
7,29439
7,29440
7,29441
3,29442
3,29443
3,29444
3,29445
3,29446
7,29447
7,29448
5,29449
3,29450
5,29450
3,29451
3,29452
3,29453
4,29453
5,29453
3,29454
3,29455
3,29456
1,29457
3,29457
7,29457
7,29458
1,29459
2,29459
3,29459
4,29459
5,29460
5,29461
5,29462
5,29463
5,29464
5,29465
5,29466
5,29467
4,29468
5,29468
3,29469
3,29470
3,29471
3,29472
3,29473
3,29474
3,29475
3,29476
3,29477
3,29478
4,29478
3,29479
4,29479
5,29479
3,29480
3,29481
3,29482
3,29483
4,29484
5,29484
3,29485
3,29486
5,29487
5,29488
5,29489
3,29490
5,29490
3,29491
4,29492
5,29492
3,29493
3,29494
3,29495
7,29496
7,29497
4,29498
5,29498
7,29499
3,29500
3,29501
4,29501
3,29502
3,29503
5,29504
3,29505
7,29506
3,29507
4,29507
5,29507
3,29508
3,29509
4,29509
4,29510
5,29510
5,29511
3,29512
3,29513
3,29514
3,29515
3,29516
4,29517
5,29517
3,29518
3,29519
3,29520
3,29521
3,29522
3,29523
7,29524
1,29525
1,29526
7,29526
3,29527
5,29528
3,29529
3,29530
3,29531
3,29532
3,29533
3,29534
5,29535
7,29536
4,29537
5,29537
5,29538
5,29539
3,29540
3,29541
3,29542
3,29543
7,29544
7,29545
7,29546
3,29547
3,29548
1,29549
3,29549
7,29549
3,29550
5,29551
5,29552
3,29553
3,29554
1,29555
4,29555
5,29555
3,29556
3,29557
4,29557
3,29558
5,29558
3,29559
7,29560
7,29561
3,29562
3,29563
5,29564
5,29565
3,29566
3,29567
3,29568
3,29569
5,29570
3,29571
3,29572
5,29573
7,29574
1,29575
3,29575
4,29575
7,29575
3,29576
3,29577
3,29578
7,29579
3,29580
3,29581
5,29581
3,29582
5,29583
7,29583
7,29584
7,29585
5,29586
7,29586
7,29587
5,29588
7,29589
7,29590
7,29591
2,29592
4,29592
7,29592
3,29593
3,29594
7,29595
3,29596
7,29597
5,29598
7,29598
3,29599
7,29600
7,29601
7,29602
7,29603
7,29604
7,29605
4,29606
5,29606
7,29606
3,29607
7,29608
7,29609
3,29610
7,29610
3,29611
3,29612
3,29613
3,29614
3,29615
3,29616
7,29616
7,29617
7,29618
3,29619
3,29620
3,29621
3,29622
3,29623
3,29624
5,29624
3,29625
4,29626
5,29626
3,29627
5,29628
3,29629
3,29630
3,29631
3,29632
3,29633
3,29634
3,29635
3,29636
3,29637
3,29638
4,29638
3,29639
4,29640
7,29640
3,29641
3,29642
1,29643
2,29643
4,29643
5,29643
7,29643
5,29644
1,29645
5,29645
3,29646
4,29647
5,29647
3,29648
3,29649
1,29650
2,29650
4,29650
1,29651
3,29651
7,29651
1,29652
4,29652
5,29652
5,29653
5,29654
3,29655
4,29656
5,29656
3,29657
7,29658
3,29659
3,29660
3,29661
5,29662
7,29663
4,29664
5,29664
7,29664
5,29665
3,29666
3,29667
5,29668
4,29669
5,29669
3,29670
3,29671
4,29671
3,29672
5,29673
3,29674
3,29675
3,29676
3,29677
4,29677
1,29678
4,29679
5,29679
3,29680
4,29680
3,29681
4,29681
3,29682
4,29683
5,29683
5,29684
4,29685
5,29685
1,29686
3,29686
3,29687
5,29688
4,29689
5,29689
5,29690
3,29691
3,29692
5,29692
3,29693
3,29694
4,29694
4,29695
5,29695
3,29696
3,29697
3,29698
7,29699
3,29700
3,29701
3,29702
3,29703
3,29704
3,29705
3,29706
4,29707
5,29707
7,29708
3,29709
3,29710
7,29711
3,29712
4,29712
3,29713
7,29714
3,29715
3,29716
3,29717
7,29718
7,29719
7,29720
3,29721
7,29721
3,29722
1,29723
3,29723
3,29724
3,29725
3,29726
3,29727
3,29728
3,29729
3,29730
3,29731
3,29732
3,29733
5,29734
3,29735
3,29736
3,29737
4,29738
5,29738
5,29739
4,29740
5,29740
3,29741
4,29742
5,29742
5,29743
3,29744
3,29745
3,29746
5,29747
5,29748
3,29749
3,29750
4,29751
5,29751
5,29752
3,29753
3,29754
3,29755
7,29756
3,29757
3,29758
3,29759
4,29760
7,29760
3,29761
1,29762
1,29763
3,29763
5,29764
7,29765
4,29766
7,29766
5,29767
1,29768
2,29768
3,29768
4,29768
7,29768
1,29769
3,29769
4,29769
7,29770
4,29771
5,29771
5,29772
3,29773
3,29774
3,29775
3,29776
3,29777
3,29778
3,29779
3,29780
3,29781
4,29782
7,29782
7,29783
1,29784
2,29784
4,29784
7,29784
4,29785
5,29785
1,29786
4,29786
4,29787
5,29787
5,29788
5,29789
3,29790
4,29791
5,29791
3,29792
3,29793
4,29794
5,29794
3,29795
5,29796
5,29797
5,29798
5,29799
5,29800
5,29801
5,29802
5,29803
3,29804
1,29805
7,29806
1,29807
3,29808
3,29809
1,29810
5,29811
1,29812
3,29812
3,29813
3,29814
7,29815
3,29816
7,29816
7,29817
4,29818
7,29818
3,29819
3,29820
3,29821
3,29822
3,29823
4,29824
5,29824
5,29825
3,29826
3,29827
3,29828
4,29828
5,29828
3,29829
3,29830
3,29831
3,29832
3,29833
3,29834
4,29834
3,29835
5,29836
7,29837
4,29838
5,29838
3,29839
3,29840
5,29841
5,29842
3,29843
3,29844
3,29845
3,29846
3,29847
4,29848
5,29848
3,29849
3,29850
4,29851
5,29851
3,29852
3,29853
3,29854
3,29855
5,29856
5,29857
3,29858
4,29858
5,29859
4,29860
5,29860
3,29861
3,29862
3,29863
3,29864
3,29865
3,29866
3,29867
5,29868
3,29869
4,29870
5,29870
3,29871
3,29872
3,29873
3,29874
5,29874
3,29875
1,29876
7,29876
1,29877
5,29877
7,29877
3,29878
4,29879
5,29879
5,29880
5,29881
5,29882
3,29883
4,29884
5,29884
5,29885
7,29886
3,29887
3,29888
7,29889
1,29890
2,29890
4,29890
7,29890
2,29891
4,29891
7,29891
3,29892
3,29893
5,29894
5,29895
7,29895
3,29896
3,29897
4,29897
5,29897
3,29898
3,29899
5,29900
2,29901
4,29901
7,29901
3,29902
3,29903
7,29904
3,29905
5,29905
3,29906
1,29907
2,29907
4,29907
7,29907
1,29908
2,29908
4,29908
7,29908
3,29909
3,29910
3,29911
3,29912
3,29913
3,29914
7,29915
3,29916
1,29917
2,29917
4,29917
5,29917
3,29918
4,29919
5,29919
1,29920
7,29920
3,29921
3,29922
3,29923
3,29924
3,29925
3,29926
3,29927
5,29927
5,29928
3,29929
1,29930
1,29931
5,29931
1,29932
5,29933
5,29934
3,29935
4,29936
5,29936
5,29937
4,29938
5,29938
3,29939
3,29940
3,29941
3,29942
3,29943
5,29944
5,29945
3,29946
3,29947
1,29948
4,29948
3,29949
3,29950
3,29951
3,29952
3,29953
3,29954
3,29955
3,29956
3,29957
5,29957
3,29958
3,29959
1,29960
5,29960
5,29961
3,29962
3,29963
3,29964
3,29965
3,29966
3,29967
3,29968
3,29969
3,29970
3,29971
3,29972
3,29973
3,29974
3,29975
3,29976
5,29977
3,29978
3,29979
3,29980
3,29981
3,29982
3,29983
3,29984
3,29985
3,29986
3,29987
3,29988
3,29989
3,29990
3,29991
3,29992
5,29993
5,29994
5,29995
3,29996
3,29997
3,29998
3,29999
3,30000
3,30001
3,30002
3,30003
3,30004
3,30005
3,30006
3,30007
7,30007
3,30008
3,30009
3,30010
3,30011
3,30012
3,30013
3,30014
3,30015
1,30016
4,30016
5,30016
5,30017
7,30018
5,30019
4,30020
5,30020
3,30021
4,30022
5,30022
3,30023
1,30024
5,30024
1,30025
2,30025
5,30025
5,30026
5,30027
1,30028
3,30028
4,30028
7,30028
1,30029
3,30029
1,30030
2,30030
3,30030
4,30030
1,30031
2,30031
3,30031
4,30031
7,30031
3,30032
7,30032
1,30033
3,30033
4,30033
7,30033
5,30034
3,30035
7,30036
7,30037
1,30038
1,30039
3,30039
4,30039
7,30039
1,30040
2,30040
3,30040
4,30040
7,30040
1,30041
4,30041
5,30042
5,30043
5,30044
5,30045
5,30046
3,30047
1,30048
2,30048
4,30048
7,30048
3,30049
4,30050
5,30050
3,30051
2,30052
1,30053
2,30053
4,30053
7,30053
5,30054
7,30054
4,30055
5,30055
2,30056
4,30056
5,30056
7,30057
3,30058
4,30058
5,30058
7,30059
7,30060
3,30061
1,30062
5,30062
4,30063
5,30063
4,30064
5,30064
3,30065
3,30066
4,30067
5,30067
3,30068
5,30068
7,30068
3,30069
3,30070
3,30071
1,30072
2,30072
4,30072
5,30073
7,30073
3,30074
7,30074
3,30075
3,30076
5,30077
3,30078
3,30079
3,30080
3,30081
3,30082
3,30083
3,30084
3,30085
3,30086
7,30087
5,30088
3,30089
5,30089
4,30090
5,30090
7,30090
2,30091
4,30091
5,30091
7,30091
3,30092
3,30093
3,30094
3,30095
3,30096
3,30097
3,30098
3,30099
3,30100
3,30101
3,30102
3,30103
3,30104
3,30105
4,30105
3,30106
4,30106
3,30107
3,30108
4,30108
3,30109
3,30110
3,30111
3,30112
5,30113
3,30114
5,30114
3,30115
3,30116
3,30117
3,30118
3,30119
3,30120
3,30121
3,30122
3,30123
3,30124
3,30125
5,30125
5,30126
3,30127
5,30128
3,30129
3,30130
3,30131
5,30131
3,30132
3,30133
3,30134
3,30135
3,30136
4,30137
5,30137
5,30138
3,30139
5,30140
3,30141
3,30142
4,30143
5,30143
3,30144
5,30145
5,30146
5,30147
4,30148
7,30148
4,30149
5,30149
5,30150
3,30151
3,30152
4,30153
5,30153
4,30154
5,30154
5,30155
5,30156
3,30157
4,30157
5,30157
3,30158
5,30159
7,30160
3,30161
4,30161
5,30161
3,30162
3,30163
3,30164
4,30164
3,30165
3,30166
3,30167
3,30168
3,30169
3,30170
3,30171
5,30172
3,30173
3,30174
7,30174
7,30175
3,30176
3,30177
3,30178
3,30179
4,30180
5,30180
7,30180
3,30181
3,30182
3,30183
1,30184
2,30184
5,30184
5,30185
1,30186
5,30186
5,30187
3,30188
3,30189
5,30190
5,30191
3,30192
3,30193
3,30194
4,30195
5,30195
3,30196
3,30197
3,30198
3,30199
3,30200
3,30201
3,30202
7,30203
7,30204
4,30205
5,30205
4,30206
5,30206
5,30207
3,30208
7,30209
3,30210
3,30211
3,30212
3,30213
3,30214
3,30215
7,30216
3,30217
4,30218
5,30218
3,30219
3,30220
3,30221
3,30222
3,30223
3,30224
3,30225
7,30226
3,30227
3,30228
4,30229
5,30229
3,30230
4,30231
5,30231
7,30231
3,30232
4,30233
5,30233
3,30234
4,30235
5,30235
1,30236
3,30237
3,30238
5,30239
3,30240
3,30241
3,30242
3,30243
3,30244
3,30245
3,30246
3,30247
5,30247
5,30248
3,30249
3,30250
3,30251
3,30252
1,30253
4,30253
7,30253
3,30254
3,30255
3,30256
4,30257
5,30257
3,30258
4,30259
5,30259
5,30260
7,30261
3,30262
3,30263
3,30264
3,30265
3,30266
3,30267
3,30268
5,30268
5,30269
3,30270
3,30271
7,30272
3,30273
3,30274
3,30275
3,30276
3,30277
3,30278
4,30279
5,30279
4,30280
5,30280
3,30281
3,30282
3,30283
7,30284
7,30285
7,30286
3,30287
3,30288
3,30289
5,30290
3,30291
3,30292
3,30293
3,30294
5,30295
3,30296
4,30297
5,30297
5,30298
1,30299
2,30299
4,30299
5,30299
7,30299
3,30300
3,30301
7,30301
3,30302
3,30303
3,30304
5,30304
5,30305
5,30306
3,30307
3,30308
5,30309
3,30310
5,30311
5,30312
1,30313
2,30313
4,30313
7,30313
3,30314
5,30315
5,30316
3,30317
4,30317
5,30317
3,30318
3,30319
4,30320
5,30320
3,30321
3,30322
7,30323
5,30324
3,30325
3,30326
7,30327
7,30328
3,30329
3,30330
3,30331
3,30332
3,30333
3,30334
4,30334
3,30335
3,30336
3,30337
3,30338
3,30339
3,30340
3,30341
4,30342
5,30342
5,30343
3,30344
4,30345
5,30345
7,30346
3,30347
5,30348
1,30349
2,30349
4,30349
5,30349
7,30349
4,30350
7,30350
3,30351
3,30352
4,30352
5,30353
3,30354
3,30355
3,30356
5,30357
4,30358
5,30358
3,30359
3,30360
3,30361
7,30362
3,30363
3,30364
3,30365
3,30366
3,30367
3,30368
3,30369
5,30370
4,30371
5,30371
7,30372
4,30373
5,30373
3,30374
5,30375
5,30376
5,30377
3,30378
3,30379
3,30380
3,30381
4,30382
5,30382
4,30383
5,30383
5,30384
1,30385
2,30385
4,30385
7,30385
7,30386
1,30387
2,30387
4,30387
5,30387
4,30388
5,30388
1,30389
2,30389
4,30389
7,30389
5,30390
5,30391
3,30392
5,30392
5,30393
3,30394
3,30395
7,30396
5,30397
3,30398
3,30399
5,30400
5,30401
7,30402
3,30403
3,30404
3,30405
1,30406
1,30407
1,30408
1,30409
3,30410
5,30411
5,30412
3,30413
3,30414
4,30414
7,30414
3,30415
7,30415
3,30416
3,30417
4,30417
3,30418
3,30419
3,30420
3,30421
5,30422
5,30423
5,30424
3,30425
4,30426
5,30426
5,30427
3,30428
4,30429
5,30429
3,30430
1,30431
2,30431
4,30431
5,30432
3,30433
5,30434
3,30435
4,30436
7,30436
3,30437
4,30437
3,30438
1,30439
2,30439
4,30439
5,30439
5,30440
3,30441
3,30442
3,30443
3,30444
4,30444
5,30444
3,30445
3,30446
5,30447
5,30448
7,30449
3,30450
4,30451
7,30451
3,30452
5,30453
1,30454
1,30455
1,30456
3,30457
4,30458
5,30458
4,30459
5,30459
1,30460
2,30460
4,30460
5,30460
7,30460
5,30461
1,30462
4,30462
7,30462
4,30463
5,30463
3,30464
3,30465
5,30466
4,30467
5,30467
5,30468
3,30469
3,30470
4,30471
5,30471
4,30472
5,30472
7,30473
3,30474
4,30474
3,30475
4,30475
5,30475
3,30476
3,30477
5,30478
3,30479
3,30480
3,30481
7,30482
5,30483
5,30484
5,30485
3,30486
3,30487
3,30488
3,30489
3,30490
3,30491
3,30492
3,30493
3,30494
3,30495
3,30496
3,30497
1,30498
5,30499
7,30500
5,30501
5,30502
7,30503
7,30504
5,30505
5,30506
5,30507
7,30508
7,30509
1,30510
7,30510
7,30511
7,30512
5,30513
5,30514
5,30515
7,30516
7,30517
7,30518
5,30519
5,30520
5,30521
7,30522
7,30523
7,30524
7,30525
7,30526
7,30527
1,30528
7,30529
7,30530
7,30531
5,30532
3,30533
7,30533
3,30534
3,30535
7,30536
1,30537
4,30537
4,30538
5,30538
3,30539
3,30540
5,30541
7,30542
5,30543
5,30544
3,30545
3,30546
1,30547
2,30547
4,30547
3,30548
7,30549
1,30550
5,30551
5,30552
5,30553
7,30554
5,30555
7,30556
5,30557
5,30558
1,30559
2,30559
3,30559
4,30559
5,30559
7,30559
5,30560
5,30561
3,30562
3,30563
4,30563
3,30564
4,30564
3,30565
4,30565
3,30566
4,30566
3,30567
4,30567
5,30567
3,30568
3,30569
4,30570
5,30570
4,30571
5,30571
4,30572
5,30572
1,30573
4,30573
5,30573
7,30574
5,30575
7,30575
4,30576
5,30576
5,30577
4,30578
5,30578
5,30579
4,30580
5,30580
7,30581
7,30582
3,30583
5,30584
4,30585
5,30585
4,30586
5,30586
5,30587
7,30588
7,30589
5,30590
5,30591
3,30592
3,30593
3,30594
1,30595
3,30595
7,30596
7,30597
5,30598
7,30599
5,30600
1,30601
4,30601
7,30602
1,30603
7,30604
7,30605
4,30606
5,30606
7,30606
5,30607
1,30608
2,30608
4,30608
7,30608
5,30609
5,30610
5,30611
7,30612
3,30613
5,30614
7,30615
5,30616
3,30617
5,30617
1,30618
3,30618
5,30619
7,30620
3,30621
3,30622
3,30623
3,30624
4,30624
3,30625
3,30626
3,30627
5,30627
5,30628
5,30629
5,30630
3,30631
5,30632
5,30633
5,30634
3,30635
3,30636
3,30637
3,30638
3,30639
3,30640
4,30641
5,30641
7,30642
3,30643
7,30644
3,30645
3,30646
5,30647
5,30648
5,30649
3,30650
7,30651
5,30652
7,30653
7,30654
3,30655
3,30656
4,30656
3,30657
3,30658
5,30658
3,30659
3,30660
3,30661
3,30662
1,30663
7,30663
3,30664
5,30665
7,30666
5,30667
3,30668
4,30668
3,30669
3,30670
4,30670
3,30671
5,30671
3,30672
4,30672
5,30672
3,30673
5,30674
3,30675
4,30675
3,30676
7,30677
3,30678
4,30678
3,30679
4,30679
3,30680
4,30680
5,30681
7,30682
1,30683
2,30683
4,30683
7,30683
7,30684
5,30685
5,30686
7,30687
5,30688
4,30689
5,30689
5,30690
5,30691
3,30692
3,30693
3,30694
5,30694
3,30695
5,30695
3,30696
5,30696
5,30697
3,30698
3,30699
3,30700
5,30701
7,30702
4,30703
7,30703
4,30704
7,30704
4,30705
7,30705
3,30706
1,30707
3,30707
1,30708
3,30709
1,30710
4,30711
7,30711
5,30712
4,30713
5,30713
2,30714
4,30714
5,30714
7,30714
5,30715
1,30716
4,30716
5,30716
5,30717
7,30718
7,30719
4,30720
5,30720
5,30721
7,30722
7,30723
4,30724
5,30724
7,30725
5,30726
3,30727
4,30727
5,30728
5,30729
1,30730
3,30730
4,30730
7,30730
3,30731
2,30732
3,30733
3,30734
3,30735
1,30736
2,30736
4,30736
7,30736
1,30737
3,30737
4,30737
7,30737
3,30738
3,30739
3,30740
7,30741
7,30742
3,30743
4,30744
5,30744
5,30745
5,30746
3,30747
3,30748
1,30749
2,30749
4,30749
5,30749
7,30749
3,30750
4,30750
3,30751
3,30752
3,30753
7,30754
5,30755
1,30756
2,30756
5,30756
7,30756
7,30757
4,30758
5,30758
4,30759
5,30759
4,30760
5,30760
5,30761
4,30762
5,30762
3,30763
3,30764
3,30765
3,30766
4,30767
5,30767
3,30768
1,30769
5,30769
3,30770
3,30771
4,30771
3,30772
5,30772
3,30773
3,30774
4,30774
5,30774
3,30775
4,30776
5,30776
1,30777
2,30777
4,30777
5,30777
7,30777
1,30778
5,30778
5,30779
4,30780
5,30780
5,30781
4,30782
5,30782
5,30783
3,30784
3,30785
5,30785
5,30786
3,30787
5,30788
7,30789
5,30790
7,30791
5,30792
3,30793
5,30793
3,30794
5,30794
7,30795
5,30796
7,30796
5,30797
4,30798
5,30798
3,30799
5,30799
5,30800
1,30801
3,30802
5,30803
7,30804
1,30805
2,30805
4,30805
7,30805
5,30806
3,30807
4,30808
5,30808
3,30809
4,30809
7,30810
1,30811
5,30812
2,30813
4,30813
7,30814
4,30815
5,30815
5,30816
3,30817
1,30818
2,30818
4,30818
7,30818
3,30819
5,30819
3,30820
4,30820
5,30821
7,30821
3,30822
5,30823
3,30824
3,30825
1,30826
2,30826
3,30826
4,30826
5,30826
7,30826
1,30827
5,30827
7,30828
3,30829
3,30830
1,30831
4,30831
5,30831
5,30832
7,30833
7,30834
4,30835
5,30835
4,30836
5,30836
3,30837
1,30838
4,30838
7,30838
3,30839
5,30839
5,30840
5,30841
4,30842
5,30842
3,30843
3,30844
7,30845
4,30846
7,30846
3,30847
3,30848
5,30849
5,30850
1,30851
7,30851
4,30852
5,30852
4,30853
5,30853
4,30854
7,30854
3,30855
1,30856
4,30856
3,30857
7,30858
4,30859
5,30859
5,30860
7,30861
4,30862
5,30862
5,30863
7,30864
4,30865
7,30865
7,30866
3,30867
3,30868
3,30869
3,30870
5,30870
5,30871
1,30872
2,30872
4,30872
5,30872
7,30872
1,30873
2,30873
7,30873
4,30874
5,30874
7,30875
3,30876
4,30876
3,30877
4,30877
3,30878
4,30878
5,30879
5,30880
3,30881
1,30882
4,30882
3,30883
1,30884
7,30884
5,30885
5,30886
4,30887
5,30887
5,30888
5,30889
3,30890
3,30891
3,30892
3,30893
4,30894
5,30894
5,30895
7,30896
7,30897
4,30898
5,30898
3,30899
1,30900
2,30900
4,30900
7,30900
7,30901
3,30902
3,30903
3,30904
3,30905
4,30906
5,30906
4,30907
5,30907
3,30908
3,30909
3,30910
3,30911
3,30912
3,30913
3,30914
3,30915
3,30916
3,30917
3,30918
4,30919
5,30919
3,30920
4,30921
5,30921
3,30922
1,30923
2,30923
4,30923
7,30923
3,30924
3,30925
1,30926
4,30926
7,30926
2,30927
7,30927
1,30928
3,30928
1,30929
3,30929
1,30930
1,30931
2,30931
4,30931
7,30931
1,30932
1,30933
3,30933
7,30934
4,30935
7,30935
3,30936
7,30937
3,30938
3,30939
7,30940
1,30941
2,30941
4,30941
7,30941
3,30942
3,30943
5,30944
3,30945
5,30945
5,30946
3,30947
5,30948
7,30949
3,30950
7,30951
3,30952
7,30953
7,30954
7,30955
4,30956
5,30956
7,30957
4,30958
7,30958
4,30959
5,30959
5,30960
3,30961
5,30962
5,30963
3,30964
3,30965
7,30966
7,30967
7,30968
3,30969
5,30970
5,30971
5,30972
5,30973
5,30974
5,30975
5,30976
4,30977
5,30977
5,30978
3,30979
3,30980
7,30981
7,30982
5,30983
4,30984
5,30984
7,30984
7,30985
7,30986
1,30987
2,30987
4,30987
7,30987
3,30988
5,30989
3,30990
7,30990
3,30991
7,30991
1,30992
3,30993
3,30994
3,30995
3,30996
3,30997
3,30998
3,30999
3,31000
7,31000
3,31001
3,31002
5,31002
3,31003
3,31004
3,31005
5,31006
3,31007
3,31008
3,31009
3,31010
3,31011
1,31012
3,31012
3,31013
3,31014
3,31015
5,31015
3,31016
7,31017
3,31018
3,31019
3,31020
3,31021
3,31022
4,31022
3,31023
3,31024
3,31025
4,31025
3,31026
5,31026
5,31027
3,31028
5,31028
3,31029
5,31029
3,31030
3,31031
5,31031
3,31032
7,31032
3,31033
3,31034
3,31035
3,31036
3,31037
3,31038
5,31039
3,31040
3,31041
3,31042
3,31043
7,31044
7,31045
3,31046
3,31047
7,31048
3,31049
3,31050
1,31051
2,31051
4,31051
5,31051
7,31051
4,31052
5,31052
7,31053
5,31054
5,31055
4,31056
7,31056
1,31057
2,31057
4,31057
1,31058
2,31058
4,31058
5,31058
7,31058
5,31059
5,31060
1,31061
1,31062
7,31062
1,31063
3,31064
5,31065
5,31066
5,31067
4,31068
5,31068
5,31069
5,31070
3,31071
1,31072
4,31072
5,31072
3,31073
4,31073
3,31074
5,31075
3,31076
1,31077
2,31077
4,31077
5,31077
7,31077
1,31078
4,31078
5,31078
5,31079
7,31080
4,31081
5,31081
4,31082
5,31082
1,31083
2,31083
4,31083
3,31084
4,31084
3,31085
3,31086
3,31087
3,31088
3,31089
3,31090
7,31091
5,31092
1,31093
2,31093
4,31093
5,31093
7,31093
3,31094
1,31095
5,31095
7,31096
3,31097
3,31098
1,31099
7,31100
1,31101
1,31102
7,31102
1,31103
7,31103
1,31104
1,31105
1,31106
3,31107
4,31108
5,31108
5,31109
5,31110
5,31111
5,31112
1,31113
7,31114
3,31115
3,31116
1,31117
7,31117
3,31118
5,31119
4,31120
5,31120
4,31121
5,31121
1,31122
2,31122
4,31122
5,31122
7,31122
3,31123
3,31124
3,31125
3,31126
3,31127
5,31128
7,31129
5,31130
5,31131
5,31132
7,31133
7,31134
7,31135
4,31136
5,31136
3,31137
3,31138
3,31139
3,31140
4,31141
5,31141
4,31142
7,31142
3,31143
1,31144
1,31145
7,31145
1,31146
7,31146
7,31147
5,31148
3,31149
3,31150
3,31151
3,31152
3,31153
5,31154
5,31155
5,31156
5,31157
3,31158
3,31159
4,31160
5,31160
7,31161
1,31162
2,31162
4,31162
5,31162
7,31162
3,31163
1,31164
7,31164
1,31165
3,31165
7,31165
7,31166
4,31167
5,31167
7,31167
3,31168
5,31169
3,31170
4,31171
7,31171
3,31172
4,31172
3,31173
3,31174
3,31175
3,31176
3,31177
5,31178
3,31179
5,31180
3,31181
3,31182
4,31182
5,31183
3,31184
3,31185
3,31186
3,31187
3,31188
3,31189
3,31190
3,31191
3,31192
5,31193
5,31194
5,31195
5,31196
1,31197
4,31197
5,31197
3,31198
5,31199
7,31200
5,31201
5,31202
5,31203
5,31204
7,31205
7,31206
7,31207
5,31208
5,31209
5,31210
7,31211
3,31212
3,31213
7,31214
3,31215
5,31216
3,31217
3,31218
3,31219
5,31220
5,31221
7,31222
5,31223
5,31224
3,31225
4,31225
5,31225
3,31226
3,31227
3,31228
3,31229
5,31229
3,31230
3,31231
5,31232
3,31233
3,31234
3,31235
3,31236
4,31236
5,31236
3,31237
7,31238
5,31239
1,31240
1,31241
1,31242
7,31242
5,31243
7,31244
5,31245
7,31246
7,31247
1,31248
7,31248
1,31249
7,31249
7,31250
7,31251
7,31252
1,31253
7,31253
7,31254
7,31255
7,31256
7,31257
7,31258
7,31259
7,31260
1,31261
1,31262
7,31262
1,31263
7,31263
7,31264
5,31265
7,31266
1,31267
5,31268
5,31269
1,31270
5,31271
5,31272
7,31273
5,31274
5,31275
1,31276
5,31277
1,31278
1,31279
3,31279
5,31279
7,31280
5,31281
1,31282
5,31283
5,31284
5,31285
4,31286
5,31286
1,31287
2,31287
4,31287
5,31287
7,31287
4,31288
5,31288
3,31289
1,31290
4,31290
5,31291
4,31292
5,31292
3,31293
4,31294
5,31294
3,31295
4,31295
3,31296
3,31297
3,31298
3,31299
3,31300
1,31301
4,31301
5,31301
7,31302
2,31303
4,31303
1,31304
4,31304
5,31304
1,31305
2,31305
4,31305
7,31305
7,31306
4,31307
5,31307
5,31308
4,31309
5,31309
3,31310
3,31311
5,31311
3,31312
3,31313
5,31314
3,31315
3,31316
5,31316
5,31317
3,31318
3,31319
4,31319
5,31319
5,31320
7,31320
1,31321
3,31321
4,31321
5,31321
7,31321
1,31322
2,31322
4,31322
5,31322
7,31322
5,31323
3,31324
3,31325
3,31326
4,31327
5,31327
4,31328
5,31328
3,31329
3,31330
3,31331
3,31332
1,31333
1,31334
1,31335
5,31335
7,31335
1,31336
1,31337
5,31337
1,31338
5,31338
1,31339
1,31340
1,31341
2,31341
4,31341
7,31341
5,31342
4,31343
5,31343
1,31344
2,31344
4,31344
7,31344
5,31345
1,31346
2,31346
4,31346
5,31346
7,31346
1,31347
4,31347
1,31348
1,31349
7,31349
1,31350
1,31351
2,31351
4,31351
5,31351
7,31351
7,31352
3,31353
4,31354
5,31354
3,31355
4,31356
5,31356
5,31357
4,31358
5,31358
7,31358
7,31359
5,31360
4,31361
5,31361
3,31362
3,31363
5,31364
5,31365
1,31366
4,31366
5,31366
7,31367
4,31368
5,31368
4,31369
5,31369
3,31370
5,31371
3,31372
7,31373
3,31374
5,31375
3,31376
4,31376
5,31376
3,31377
3,31378
5,31378
3,31379
3,31380
3,31381
3,31382
3,31383
3,31384
3,31385
3,31386
3,31387
3,31388
3,31389
3,31390
1,31391
2,31391
4,31391
7,31391
1,31392
2,31392
4,31392
7,31392
4,31393
5,31393
5,31394
7,31394
1,31395
1,31396
1,31397
7,31398
5,31399
1,31400
5,31400
5,31401
5,31402
7,31402
5,31403
1,31404
5,31405
7,31406
1,31407
5,31407
7,31408
3,31409
3,31410
4,31411
5,31411
3,31412
1,31413
2,31413
4,31413
7,31413
1,31414
2,31414
4,31414
7,31414
3,31415
7,31416
7,31417
5,31418
3,31419
5,31420
7,31421
7,31422
1,31423
5,31423
7,31423
7,31424
5,31425
4,31426
5,31426
5,31427
7,31427
5,31428
1,31429
2,31429
3,31429
4,31429
7,31429
4,31430
5,31430
1,31431
2,31431
4,31431
7,31431
1,31432
4,31432
5,31432
7,31432
4,31433
5,31433
1,31434
2,31434
4,31434
7,31434
4,31435
5,31435
5,31436
7,31437
1,31438
1,31439
7,31439
7,31440
1,31441
7,31442
1,31443
7,31443
1,31444
7,31444
5,31445
7,31445
1,31446
7,31447
1,31448
1,31449
7,31449
1,31450
5,31450
7,31450
1,31451
1,31452
3,31452
3,31453
3,31454
4,31454
3,31455
3,31456
3,31457
7,31458
1,31459
2,31459
4,31459
5,31459
7,31459
1,31460
2,31460
4,31460
7,31460
5,31461
5,31462
7,31463
1,31464
2,31464
4,31464
7,31465
4,31466
5,31466
5,31467
5,31468
4,31469
5,31469
3,31470
3,31471
4,31472
5,31472
1,31473
2,31473
4,31473
7,31473
3,31474
4,31475
5,31475
7,31476
4,31477
5,31477
1,31478
2,31478
5,31478
7,31478
3,31479
3,31480
3,31481
3,31482
3,31483
4,31484
5,31484
3,31485
3,31486
3,31487
1,31488
2,31488
4,31488
7,31488
7,31489
3,31490
3,31491
5,31492
5,31493
7,31493
3,31494
3,31495
3,31496
3,31497
3,31498
3,31499
3,31500
3,31501
3,31502
3,31503
3,31504
5,31505
3,31506
3,31507
4,31507
3,31508
3,31509
3,31510
4,31510
3,31511
3,31512
3,31513
5,31513
3,31514
3,31515
3,31516
3,31517
3,31518
4,31518
5,31518
3,31519
5,31520
4,31521
5,31521
3,31522
3,31523
3,31524
4,31524
3,31525
3,31526
3,31527
3,31528
3,31529
5,31530
5,31531
3,31532
3,31533
3,31534
3,31535
3,31536
3,31537
5,31538
5,31539
5,31540
3,31541
3,31542
5,31543
3,31544
3,31545
3,31546
1,31547
2,31547
5,31547
7,31547
3,31548
3,31549
3,31550
3,31551
4,31552
5,31552
3,31553
4,31554
5,31554
4,31555
5,31555
3,31556
4,31557
5,31557
1,31558
2,31558
4,31558
7,31558
3,31559
3,31560
4,31560
7,31561
1,31562
2,31562
3,31562
4,31562
7,31562
5,31563
5,31564
5,31565
3,31566
5,31567
3,31568
4,31568
5,31569
1,31570
4,31570
7,31570
3,31571
4,31572
5,31572
3,31573
1,31574
2,31574
5,31574
7,31574
1,31575
2,31575
3,31576
3,31577
1,31578
2,31578
4,31578
7,31578
4,31579
5,31579
3,31580
1,31581
3,31581
7,31581
3,31582
4,31582
5,31582
3,31583
1,31584
2,31584
4,31584
7,31584
3,31585
3,31586
4,31587
5,31587
3,31588
5,31589
5,31590
4,31591
5,31591
3,31592
1,31593
2,31593
7,31593
4,31594
5,31594
4,31595
5,31595
3,31596
3,31597
1,31598
4,31598
5,31598
3,31599
3,31600
3,31601
3,31602
5,31603
1,31604
4,31604
5,31604
5,31605
3,31606
1,31607
4,31607
7,31607
5,31608
3,31609
4,31610
5,31610
4,31611
5,31611
4,31612
5,31612
4,31613
5,31613
5,31614
3,31615
3,31616
1,31617
2,31617
7,31618
5,31619
5,31620
1,31621
2,31621
4,31621
5,31621
7,31621
4,31622
5,31622
3,31623
1,31624
2,31624
4,31624
5,31624
7,31624
1,31625
4,31625
7,31625
1,31626
7,31626
7,31627
1,31628
2,31628
4,31628
5,31628
7,31628
1,31629
2,31629
4,31629
7,31629
1,31630
4,31630
5,31630
5,31631
1,31632
4,31632
1,31633
2,31633
4,31633
7,31633
3,31634
3,31635
3,31636
3,31637
3,31638
3,31639
3,31640
3,31641
3,31642
3,31643
3,31644
3,31645
3,31646
3,31647
3,31648
3,31649
3,31650
3,31651
3,31652
3,31653
3,31654
3,31655
3,31656
3,31657
3,31658
3,31659
3,31660
3,31661
3,31662
3,31663
3,31664
3,31665
3,31666
3,31667
3,31668
3,31669
3,31670
3,31671
3,31672
3,31673
3,31674
3,31675
3,31676
3,31677
3,31678
3,31679
3,31680
3,31681
3,31682
3,31683
3,31684
3,31685
3,31686
3,31687
3,31688
3,31689
3,31690
3,31691
3,31692
3,31693
3,31694
3,31695
3,31696
3,31697
3,31698
3,31699
3,31700
3,31701
3,31702
3,31703
3,31704
3,31705
3,31706
3,31707
3,31708
3,31709
3,31710
3,31711
3,31712
3,31713
3,31714
3,31715
3,31716
3,31717
3,31718
3,31719
3,31720
3,31721
3,31722
3,31723
3,31724
3,31725
3,31726
3,31727
3,31728
3,31729
3,31730
3,31731
3,31732
3,31733
3,31734
3,31735
3,31736
3,31737
3,31738
3,31739
3,31740
3,31741
3,31742
3,31743
3,31744
3,31745
3,31746
3,31747
3,31748
3,31749
3,31750
3,31751
3,31752
3,31753
3,31754
3,31755
3,31756
3,31757
3,31758
3,31759
3,31760
3,31761
3,31762
3,31763
3,31764
3,31765
3,31766
3,31767
3,31768
3,31769
3,31770
3,31771
3,31772
3,31773
3,31774
3,31775
3,31776
3,31777
3,31778
3,31779
3,31780
3,31781
3,31782
3,31783
3,31784
3,31785
3,31786
3,31787
3,31788
3,31789
3,31790
3,31791
3,31792
3,31793
3,31794
3,31795
3,31796
3,31797
3,31798
3,31799
3,31800
3,31801
3,31802
3,31803
3,31804
3,31805
3,31806
3,31807
3,31808
3,31809
3,31810
3,31811
3,31812
3,31813
3,31814
3,31815
3,31816
3,31817
3,31818
3,31819
3,31820
3,31821
3,31822
3,31823
3,31824
3,31825
3,31826
3,31827
3,31828
3,31829
3,31830
3,31831
3,31832
3,31833
3,31834
3,31835
3,31836
3,31837
3,31838
3,31839
3,31840
3,31841
3,31842
3,31843
3,31844
3,31845
3,31846
1,31847
1,31848
3,31849
3,31850
3,31851
3,31852
3,31853
3,31854
3,31855
