legacy_anchor_drug_id,canonical_rxcui,anchor_drug_id,canonical_drug_name,canonical_tty,default_rule
359,2169961,1,(4-(trifluoromethoxy)phenyl)urea,IN,direct_anchor_exact_rxnorm
379,28730,3008,limonene,IN,unique_convergent_term_evidence
606,1487139,4,"1,1,2,2-tetrafluoroethane",IN,direct_anchor_exact_rxnorm
607,1872047,3636,o-phenanthroline,IN,unique_convergent_term_evidence
615,1362577,5,"1,2,6-hexanetriol",IN,direct_anchor_exact_rxnorm
619,1367191,6,"1,2-dibromo-3-chloropropane",IN,direct_anchor_exact_rxnorm
629,1426933,8,"1,2-distearoyllecithin",IN,direct_anchor_exact_rxnorm
631,1549115,9,"1,2-docosahexanoyl-sn-glycero-3-phosphoserine",IN,direct_anchor_exact_rxnorm
633,1362584,10,"1,2-hexanediol",IN,direct_anchor_exact_rxnorm
634,1549117,11,"1,2-icosapentoyl-sn-glycero-3-phosphoserine",IN,direct_anchor_exact_rxnorm
643,2385341,13,"1,3-bis((1-methylethyl)amino)propan-2-ol",IN,direct_anchor_exact_rxnorm
646,2548035,14,"1,3-butadiene",IN,direct_anchor_exact_rxnorm
654,1363030,16,"1,3-propanediol",IN,direct_anchor_exact_rxnorm
656,319868,17,"1,4-benzoquinone",IN,direct_anchor_exact_rxnorm
660,2383534,1715,dioxane,IN,unique_convergent_term_evidence
729,1591920,19,1-(c14-c18 esteroyl)-2-docosahexanoyl-sn-glycero-3-phosphocholine,IN,direct_anchor_exact_rxnorm
730,1591921,20,1-(c14-c18 esteroyl)-2-docosahexanoyl-sn-glycero-3-phosphoethanolamine,IN,direct_anchor_exact_rxnorm
799,2469243,21,1-chloro-2-methyl-1-propene,IN,direct_anchor_exact_rxnorm
814,1362875,1752,dodecanol,IN,unique_convergent_term_evidence
852,1440971,27,1-palmitoyl-2-oleoyl-sn-glycero-3-(phospho-rac-(1-glycerol)),IN,direct_anchor_exact_rxnorm
958,2642189,30,2'-deoxyadenosine,IN,direct_anchor_exact_rxnorm
963,2642210,31,2'-deoxyguanosine,IN,direct_anchor_exact_rxnorm
975,1733688,32,2'-fucosyllactose,IN,direct_anchor_exact_rxnorm
985,1306112,33,"2,2'-dithiobisbenzothiazole",IN,unique_convergent_term_evidence
990,2267021,35,"2,2-bis(4-hydroxy-3-tert-butylphenyl)propane",IN,direct_anchor_exact_rxnorm
1005,2288812,36,"2,3-dichloro-5,6-dicyanobenzoquinone",IN,direct_anchor_exact_rxnorm
1012,1546352,37,"2,3-dimercapto-1-propanesulfonic acid",IN,direct_anchor_exact_rxnorm
1167,1428832,39,2-(l-menthoxy)ethanol,IN,direct_anchor_exact_rxnorm
1170,2360130,40,2-(n-morpholino)ethanesulfonic acid,IN,direct_anchor_exact_rxnorm
1289,1665683,41,2-amino-5-nitrothiazole,IN,direct_anchor_exact_rxnorm
1308,1740241,42,2-aminophenol,IN,direct_anchor_exact_rxnorm
1328,2286250,43,"2-chloro-4,5-dimethylphenol",IN,direct_anchor_exact_rxnorm
1359,1733674,44,2-deoxyglucose,IN,direct_anchor_exact_rxnorm
1361,1314365,45,2-ethoxyethanol,IN,direct_anchor_exact_rxnorm
1363,1546353,46,2-ethylhexyl 4-phenylbenzophenone-2'-carboxylate,IN,direct_anchor_exact_rxnorm
1364,1313732,47,2-ethylhexyl benzoate,IN,direct_anchor_exact_rxnorm
1391,1362692,48,2-hydroxyethyl methacrylate,IN,direct_anchor_exact_rxnorm
1404,1358845,49,2-mercaptobenzothiazole,IN,direct_anchor_exact_rxnorm
1423,2372437,52,2-nitropropane,IN,direct_anchor_exact_rxnorm
1431,2533837,53,2-octyl cyanoacrylate,IN,direct_anchor_exact_rxnorm
1482,1894,901,calcitriol,IN,direct_anchor_exact_rxnorm
1514,1603521,55,"3,3'-diindolylmethane",IN,direct_anchor_exact_rxnorm
2097,15027,62,4-dimethylaminophenol,IN,direct_anchor_exact_rxnorm
2120,1649527,63,4-hydroxybenzoic acid,IN,direct_anchor_exact_rxnorm
2298,2692023,64,4-methyl-5-thiazoleethanol,IN,unique_convergent_term_evidence
2473,15850,69,5-methyl-8-hydroxyquinoline,IN,direct_anchor_exact_rxnorm
2480,1313966,70,5-methyltetrahydrofolic acid,IN,direct_anchor_exact_rxnorm
2675,1990418,72,7-aminodesacetoxycephalosporanic acid,IN,direct_anchor_exact_rxnorm
2733,1722234,73,8-epi-cyanocobalamin,IN,direct_anchor_exact_rxnorm
2744,10122,4787,strontium,IN,direct_anchor_exact_rxnorm
2909,190521,74,abacavir,IN,direct_anchor_exact_rxnorm
2916,1921069,78,abaloparatide,IN,direct_anchor_exact_rxnorm
2918,2475532,79,abametapir,IN,direct_anchor_exact_rxnorm
2921,301739,80,abarelix,IN,direct_anchor_exact_rxnorm
2922,614391,81,abatacept,IN,direct_anchor_exact_rxnorm
2931,83929,82,abciximab,IN,direct_anchor_exact_rxnorm
2934,2536430,2645,idecabtagene vicleucel,IN,direct_anchor_exact_rxnorm
2939,1946825,83,abemaciclib,IN,direct_anchor_exact_rxnorm
2945,1311600,84,abetimus,IN,direct_anchor_exact_rxnorm
2946,1311600,84,abetimus,IN,direct_anchor_exact_rxnorm
2951,1540882,2441,glycolide,IN,unique_convergent_term_evidence
2953,89013,443,aripiprazole,IN,direct_anchor_exact_rxnorm
2964,1100072,85,abiraterone,IN,direct_anchor_exact_rxnorm
2982,56946,3781,paclitaxel,IN,direct_anchor_exact_rxnorm
2986,2591476,87,abrocitinib,IN,direct_anchor_exact_rxnorm
2993,6064,2821,isotretinoin,IN,direct_anchor_exact_rxnorm
3019,905301,428,arabic gum allergenic extract,IN,unique_convergent_term_evidence
3020,895353,1379,cootamundra wattle pollen extract,IN,unique_convergent_term_evidence
3025,1986808,88,acalabrutinib,IN,direct_anchor_exact_rxnorm
3027,82819,89,acamprosate,IN,direct_anchor_exact_rxnorm
3028,82819,89,acamprosate,IN,direct_anchor_exact_rxnorm
3031,16681,90,acarbose,IN,direct_anchor_exact_rxnorm
3042,149,91,acebutolol,IN,direct_anchor_exact_rxnorm
3043,149,91,acebutolol,IN,direct_anchor_exact_rxnorm
3046,16688,92,acecarbromal,IN,direct_anchor_exact_rxnorm
3047,2721766,93,aceclidine,IN,direct_anchor_exact_rxnorm
3048,2721766,93,aceclidine,IN,direct_anchor_exact_rxnorm
3050,16689,94,aceclofenac,IN,direct_anchor_exact_rxnorm
3060,1426379,95,aceglutamide,IN,direct_anchor_exact_rxnorm
3061,1426379,95,aceglutamide,IN,direct_anchor_exact_rxnorm
3063,1426875,96,acemannan,IN,direct_anchor_exact_rxnorm
3064,16695,97,acemetacin,IN,direct_anchor_exact_rxnorm
3065,2613559,98,aceneuramate,IN,direct_anchor_exact_rxnorm
3066,154,99,acenocoumarol,IN,direct_anchor_exact_rxnorm
3068,54552,3919,perindopril,IN,direct_anchor_exact_rxnorm
3071,155,100,acepromazine,IN,direct_anchor_exact_rxnorm
3072,155,100,acepromazine,IN,direct_anchor_exact_rxnorm
3073,161203,101,aceprometazine,IN,direct_anchor_exact_rxnorm
3075,851736,1328,coast maple pollen extract,IN,unique_convergent_term_evidence
3076,851740,791,box elder maple pollen extract,IN,unique_convergent_term_evidence
3079,851874,2506,hard maple pollen extract,IN,unique_convergent_term_evidence
3082,1310546,102,acesulfame,IN,direct_anchor_exact_rxnorm
3083,1310546,102,acesulfame,IN,direct_anchor_exact_rxnorm
3084,1311137,103,acetaldehyde,IN,direct_anchor_exact_rxnorm
3085,2475952,104,acetamide,IN,direct_anchor_exact_rxnorm
3086,161,105,acetaminophen,IN,direct_anchor_exact_rxnorm
3093,164,113,acetate,IN,direct_anchor_exact_rxnorm
3095,167,114,acetazolamide,IN,direct_anchor_exact_rxnorm
3098,236300,115,acetiamine,IN,direct_anchor_exact_rxnorm
3099,168,116,acetic acid,IN,direct_anchor_exact_rxnorm
3100,168,116,acetic acid,IN,direct_anchor_exact_rxnorm
3102,1370450,117,acetic anhydride,IN,direct_anchor_exact_rxnorm
3107,173,118,acetohexamide,IN,direct_anchor_exact_rxnorm
3108,16728,119,acetohydroxamic acid,IN,direct_anchor_exact_rxnorm
3112,178,120,acetone,IN,direct_anchor_exact_rxnorm
3114,16735,121,acetophenazine,IN,direct_anchor_exact_rxnorm
3115,16735,121,acetophenazine,IN,direct_anchor_exact_rxnorm
3116,2467143,122,acetophenone,IN,direct_anchor_exact_rxnorm
3121,16784,123,acetoxolone,IN,direct_anchor_exact_rxnorm
3122,16784,123,acetoxolone,IN,direct_anchor_exact_rxnorm
3126,1490796,124,acetyl coenzyme a,IN,direct_anchor_exact_rxnorm
3128,1314329,125,acetyl hexapeptide-8,IN,unique_convergent_term_evidence
3131,10207,4837,sulfisoxazole,IN,direct_anchor_exact_rxnorm
3134,193,126,acetylcarnitine,IN,direct_anchor_exact_rxnorm
3135,194,127,acetylcholine,IN,direct_anchor_exact_rxnorm
3136,194,127,acetylcholine,IN,direct_anchor_exact_rxnorm
3138,197,128,acetylcysteine,IN,direct_anchor_exact_rxnorm
3139,197,128,acetylcysteine,IN,direct_anchor_exact_rxnorm
3140,197,128,acetylcysteine,IN,direct_anchor_exact_rxnorm
3142,197,128,acetylcysteine,IN,direct_anchor_exact_rxnorm
3143,132871,129,acetyldigitoxin,IN,direct_anchor_exact_rxnorm
3147,200,130,acetylene,IN,direct_anchor_exact_rxnorm
3159,1362881,131,acetyltributyl citrate,IN,direct_anchor_exact_rxnorm
3162,15978,132,acexamic acid,IN,direct_anchor_exact_rxnorm
3164,973447,1408,cricket allergenic extract,IN,unique_convergent_term_evidence
3171,114979,4331,rabeprazole,IN,direct_anchor_exact_rxnorm
3172,16817,133,acipimox,IN,direct_anchor_exact_rxnorm
3176,16818,134,acitretin,IN,direct_anchor_exact_rxnorm
3184,239,135,aclarubicin,IN,direct_anchor_exact_rxnorm
3187,1303098,136,aclidinium,IN,direct_anchor_exact_rxnorm
3188,2205093,137,aclidinium / formoterol,MIN,direct_anchor_exact_rxnorm
3197,2716801,138,acoltremon,IN,direct_anchor_exact_rxnorm
3200,1441664,139,aconitine,IN,direct_anchor_exact_rxnorm
3203,2698312,140,acoramidis,IN,direct_anchor_exact_rxnorm
3204,2698312,140,acoramidis,IN,direct_anchor_exact_rxnorm
3218,249,144,acriflavine,IN,direct_anchor_exact_rxnorm
3220,89729,145,acrisorcin,IN,direct_anchor_exact_rxnorm
3221,19959,146,acrivastine,IN,direct_anchor_exact_rxnorm
3227,1368125,147,acrylamide,IN,direct_anchor_exact_rxnorm
3228,1364500,148,acrylate,IN,direct_anchor_exact_rxnorm
3236,1442132,3102,macitentan,IN,unique_convergent_term_evidence
3237,612865,5092,tocilizumab,IN,direct_anchor_exact_rxnorm
3242,5882,2732,interferon gamma-1b,IN,direct_anchor_exact_rxnorm
3255,272,150,activated charcoal,IN,direct_anchor_exact_rxnorm
3261,73056,4438,risedronate,IN,direct_anchor_exact_rxnorm
3267,35827,2863,ketorolac,IN,direct_anchor_exact_rxnorm
3273,281,152,acyclovir,IN,direct_anchor_exact_rxnorm
3274,281,152,acyclovir,IN,direct_anchor_exact_rxnorm
3279,3108,1512,dapsone,IN,direct_anchor_exact_rxnorm
3298,2625882,153,adagrasib,IN,direct_anchor_exact_rxnorm
3299,2262279,1411,crizanlizumab,IN,direct_anchor_exact_rxnorm
3300,327361,154,adalimumab,IN,direct_anchor_exact_rxnorm
3308,60223,156,adapalene,IN,direct_anchor_exact_rxnorm
3320,1147320,794,brentuximab vedotin,IN,direct_anchor_exact_rxnorm
3321,822929,359,amphetamine aspartate / amphetamine sulfate / dextroamphetamine saccharate / dextroamphetamine sulfate,MIN,direct_anchor_exact_rxnorm
3324,16521,157,adefovir,IN,direct_anchor_exact_rxnorm
3325,16521,157,adefovir,IN,direct_anchor_exact_rxnorm
3329,9504,4497,s-adenosylmethionine,IN,unique_convergent_term_evidence
3330,290,158,adenine,IN,direct_anchor_exact_rxnorm
3331,296,159,adenosine,IN,direct_anchor_exact_rxnorm
3352,296,159,adenosine,IN,unique_convergent_term_evidence
3355,318,160,adenosine triphosphate,IN,direct_anchor_exact_rxnorm
3381,1099937,162,adenovirus type 7 vaccine live,IN,direct_anchor_exact_rxnorm
3400,333,163,adiphenine,IN,direct_anchor_exact_rxnorm
3401,333,163,adiphenine,IN,direct_anchor_exact_rxnorm
3426,45938,165,adrafinil,IN,direct_anchor_exact_rxnorm
3431,17073,166,adrenalone,IN,direct_anchor_exact_rxnorm
3432,17073,166,adrenalone,IN,direct_anchor_exact_rxnorm
3449,4492,2247,fluorouracil,IN,direct_anchor_exact_rxnorm
3451,2644436,3478,nadofaragene firadenovec,IN,direct_anchor_exact_rxnorm
3454,2557217,167,aducanumab,IN,direct_anchor_exact_rxnorm
3457,42316,4870,tacrolimus,IN,unique_convergent_term_evidence
3463,1358488,1506,danofloxacin,IN,direct_anchor_exact_rxnorm
3468,2670285,155,"adamts13, recombinant",IN,direct_anchor_exact_rxnorm
3469,974741,3431,mosquito allergenic extract,IN,unique_convergent_term_evidence
3484,2262250,168,afamelanotide,IN,direct_anchor_exact_rxnorm
3485,2262250,168,afamelanotide,IN,direct_anchor_exact_rxnorm
3486,2690256,169,afamitresgene autoleucel,IN,direct_anchor_exact_rxnorm
3489,1430438,170,afatinib,IN,direct_anchor_exact_rxnorm
3495,2731469,171,aficamten,IN,direct_anchor_exact_rxnorm
3498,141704,2082,everolimus,IN,direct_anchor_exact_rxnorm
3506,1442093,173,afoxolaner,IN,direct_anchor_exact_rxnorm
3519,2691830,174,agalsidase alfa,IN,direct_anchor_exact_rxnorm
3520,338817,175,agalsidase beta,IN,direct_anchor_exact_rxnorm
3526,1441428,176,agaric acid,IN,direct_anchor_exact_rxnorm
3528,2108820,177,agathosma betulina leaf oil,IN,direct_anchor_exact_rxnorm
3529,2665622,178,agatolimod,IN,direct_anchor_exact_rxnorm
3535,73137,5074,tirofiban,IN,direct_anchor_exact_rxnorm
3539,885183,179,agkistrodon piscivorus antivenin,IN,direct_anchor_exact_rxnorm
3547,1310102,181,agrostis gigantea top extract,IN,unique_convergent_term_evidence
3548,1094116,1404,creeping bentgrass pollen extract,IN,unique_convergent_term_evidence
3549,596724,374,anagrelide,IN,direct_anchor_exact_rxnorm
3571,423,183,ajmaline,IN,direct_anchor_exact_rxnorm
3577,2671939,1934,eplontersen,IN,unique_convergent_term_evidence
3578,2645240,86,abiraterone / niraparib,MIN,direct_anchor_exact_rxnorm
3591,6387,3000,lidocaine,IN,direct_anchor_exact_rxnorm
3593,1552342,3539,netupitant / palonosetron,MIN,direct_anchor_exact_rxnorm
3618,426,184,alanine,IN,direct_anchor_exact_rxnorm
3619,426,184,alanine,IN,direct_anchor_exact_rxnorm
3621,1359422,185,alanylglutamine,IN,unique_convergent_term_evidence
3623,141440,186,alatrofloxacin,IN,direct_anchor_exact_rxnorm
3624,141440,186,alatrofloxacin,IN,direct_anchor_exact_rxnorm
3628,430,187,albendazole,IN,direct_anchor_exact_rxnorm
3631,1534763,188,albiglutide,IN,direct_anchor_exact_rxnorm
3634,317176,190,"albumin,aggregated",IN,unique_convergent_term_evidence
3636,317177,191,"albumin,iodinated i-125 serum",IN,unique_convergent_term_evidence
3637,314301,192,"albumin,iodinated i-131 serum",IN,unique_convergent_term_evidence
3641,435,193,albuterol,IN,direct_anchor_exact_rxnorm
3642,4249,2092,factor ix,IN,direct_anchor_exact_rxnorm
3648,1000082,195,alcaftadine,IN,direct_anchor_exact_rxnorm
3649,34905,4237,proparacaine,IN,direct_anchor_exact_rxnorm
3652,108088,196,alclometasone,IN,direct_anchor_exact_rxnorm
3653,108088,196,alclometasone,IN,direct_anchor_exact_rxnorm
3654,1305554,197,alcloxa,IN,direct_anchor_exact_rxnorm
3659,460,198,alcuronium,IN,direct_anchor_exact_rxnorm
3660,460,198,alcuronium,IN,direct_anchor_exact_rxnorm
3664,70223,199,aldesleukin,IN,direct_anchor_exact_rxnorm
3669,23161,200,aldioxa,IN,direct_anchor_exact_rxnorm
3672,1312358,201,aldosterone,IN,direct_anchor_exact_rxnorm
3680,1727455,202,alectinib,IN,direct_anchor_exact_rxnorm
3684,299635,203,alefacept,IN,direct_anchor_exact_rxnorm
3688,117055,204,alemtuzumab,IN,direct_anchor_exact_rxnorm
3708,46041,205,alendronate,IN,direct_anchor_exact_rxnorm
3709,46041,205,alendronate,IN,direct_anchor_exact_rxnorm
3728,7258,3497,naproxen,IN,direct_anchor_exact_rxnorm
3731,644634,207,alexitol,IN,direct_anchor_exact_rxnorm
3734,12062,208,alfacalcidol,IN,direct_anchor_exact_rxnorm
3740,1926478,210,alfatradiol,IN,direct_anchor_exact_rxnorm
3741,1544577,211,alfaxalone,IN,direct_anchor_exact_rxnorm
3742,480,212,alfentanil,IN,direct_anchor_exact_rxnorm
3748,17300,213,alfuzosin,IN,direct_anchor_exact_rxnorm
3751,595,215,algestone,IN,direct_anchor_exact_rxnorm
3753,17305,217,alginic acid,IN,direct_anchor_exact_rxnorm
3754,46049,218,alglucerase,IN,direct_anchor_exact_rxnorm
3755,629565,219,alglucosidase alfa,IN,direct_anchor_exact_rxnorm
3757,2708333,1375,concizumab,IN,direct_anchor_exact_rxnorm
3758,236219,220,alibendol,IN,direct_anchor_exact_rxnorm
3770,10825,5192,trimeprazine,IN,unique_convergent_term_evidence
3771,68446,3873,pemetrexed,IN,direct_anchor_exact_rxnorm
3778,1945077,1380,copanlisib,IN,direct_anchor_exact_rxnorm
3780,1659152,221,alirocumab,IN,direct_anchor_exact_rxnorm
3783,325646,222,aliskiren,IN,direct_anchor_exact_rxnorm
3784,325646,222,aliskiren,IN,direct_anchor_exact_rxnorm
3789,81864,223,alitretinoin,IN,direct_anchor_exact_rxnorm
3790,17311,224,alizapride,IN,direct_anchor_exact_rxnorm
3805,6718,3208,melphalan,IN,direct_anchor_exact_rxnorm
3813,10753,5148,tretinoin,IN,unique_convergent_term_evidence
3815,508,227,allantoin,IN,direct_anchor_exact_rxnorm
3816,87636,2176,fexofenadine,IN,direct_anchor_exact_rxnorm
3819,851894,2751,iodine bush pollen extract,IN,unique_convergent_term_evidence
3820,972689,610,beef liver allergenic extract,IN,unique_convergent_term_evidence
3823,2729790,228,allicin,IN,direct_anchor_exact_rxnorm
3828,516,229,allobarbital,IN,direct_anchor_exact_rxnorm
3870,2626471,230,allogeneic cultured keratinocytes and dermal fibroblasts in murine collagen,IN,direct_anchor_exact_rxnorm
3887,2626460,231,allogeneic processed thymus tissue,IN,direct_anchor_exact_rxnorm
3894,2700761,232,allogenic bone-marrow-derived mesenchymal stem cells,IN,unique_convergent_term_evidence
3899,17354,233,alloin,IN,direct_anchor_exact_rxnorm
3902,519,234,allopurinol,IN,direct_anchor_exact_rxnorm
3911,17376,236,allyl sulfide,IN,direct_anchor_exact_rxnorm
3915,525,237,allylestrenol,IN,direct_anchor_exact_rxnorm
3918,1318494,238,allylthiourea,IN,direct_anchor_exact_rxnorm
3929,17387,239,alminoprofen,IN,direct_anchor_exact_rxnorm
3930,528,240,almitrine,IN,direct_anchor_exact_rxnorm
3931,528,240,almitrine,IN,direct_anchor_exact_rxnorm
3935,279645,241,almotriptan,IN,direct_anchor_exact_rxnorm
3936,279645,241,almotriptan,IN,direct_anchor_exact_rxnorm
3944,1441543,242,alnus glutinosa bark extract,IN,unique_convergent_term_evidence
3945,851902,4876,tag alder pollen extract,IN,unique_convergent_term_evidence
3946,851910,5391,white alder pollen extract,IN,unique_convergent_term_evidence
3947,851914,4362,red alder pollen extract,IN,unique_convergent_term_evidence
3950,31563,3512,nedocromil,IN,direct_anchor_exact_rxnorm
3951,1309503,243,aloe ferox leaf preparation,IN,unique_convergent_term_evidence
3952,1309199,244,aloe vera flower extract,IN,unique_convergent_term_evidence
3953,1306128,245,aloe vera leaf extract,IN,unique_convergent_term_evidence
3954,1739980,246,aloe vera leaf polysaccharides,IN,direct_anchor_exact_rxnorm
3960,1368001,247,alogliptin,IN,direct_anchor_exact_rxnorm
3961,1368001,247,alogliptin,IN,direct_anchor_exact_rxnorm
3962,17392,248,aloglutamol,IN,direct_anchor_exact_rxnorm
3967,519,234,allopurinol,IN,direct_anchor_exact_rxnorm
3969,85248,249,alosetron,IN,direct_anchor_exact_rxnorm
3970,85248,249,alosetron,IN,direct_anchor_exact_rxnorm
3974,70561,3801,palonosetron,IN,unique_convergent_term_evidence
3975,17393,250,aloxiprin,IN,direct_anchor_exact_rxnorm
3978,2169285,251,alpelisib,IN,direct_anchor_exact_rxnorm
3985,1952,945,camphor,IN,direct_anchor_exact_rxnorm
3990,535,252,alpha 1-antitrypsin,IN,unique_convergent_term_evidence
3994,1311606,367,amyl cinnamal,IN,unique_convergent_term_evidence
3996,1363429,255,alpha-arbutin,IN,direct_anchor_exact_rxnorm
4011,1800492,257,alpha-d-glucopyranose,IN,direct_anchor_exact_rxnorm
4038,595958,3016,linolenate,IN,unique_convergent_term_evidence
4052,2362183,259,alpha-pinene,IN,direct_anchor_exact_rxnorm
4056,1371307,260,alpha-terpineol,IN,direct_anchor_exact_rxnorm
4057,11256,5352,vitamin e,IN,unique_convergent_term_evidence
4058,11256,5352,vitamin e,IN,direct_anchor_exact_rxnorm
4059,1995482,261,alpha-tocopheryloxyacetate,IN,direct_anchor_exact_rxnorm
4062,134615,802,brimonidine,IN,direct_anchor_exact_rxnorm
4065,226623,2098,factor viii / von willebrand factor,MIN,direct_anchor_exact_rxnorm
4066,4249,2092,factor ix,IN,direct_anchor_exact_rxnorm
4067,594,263,alphaprodine,IN,direct_anchor_exact_rxnorm
4068,594,263,alphaprodine,IN,direct_anchor_exact_rxnorm
4069,1546450,4339,radium,IN,unique_convergent_term_evidence
4073,1307832,264,alpinia officinarum leaf extract,IN,unique_convergent_term_evidence
4077,596,265,alprazolam,IN,direct_anchor_exact_rxnorm
4078,597,266,alprenolol,IN,direct_anchor_exact_rxnorm
4079,597,266,alprenolol,IN,direct_anchor_exact_rxnorm
4081,1535944,1325,coagulation factor ix recombinant immunoglobulin g1 fusion protein,IN,direct_anchor_exact_rxnorm
4082,598,267,alprostadil,IN,direct_anchor_exact_rxnorm
4102,8410,269,alteplase,IN,direct_anchor_exact_rxnorm
4105,17599,270,althiazide,IN,direct_anchor_exact_rxnorm
4110,1314612,271,altrenogest,IN,direct_anchor_exact_rxnorm
4111,5296,272,altretamine,IN,direct_anchor_exact_rxnorm
4118,1311504,274,aluminum,IN,unique_convergent_term_evidence
4122,23162,1686,dihydroxyaluminum aminoacetate,IN,unique_convergent_term_evidence
4125,17618,284,aluminum phosphate,IN,unique_convergent_term_evidence
4126,46243,288,aluminum stearate,IN,unique_convergent_term_evidence
4127,17609,275,aluminum acetate,IN,direct_anchor_exact_rxnorm
4128,1546162,276,aluminum cation,IN,direct_anchor_exact_rxnorm
4129,46241,277,aluminum chloride,IN,direct_anchor_exact_rxnorm
4130,17610,278,aluminum chlorohydrate,IN,direct_anchor_exact_rxnorm
4131,1313224,279,aluminum chlorohydrex propylene glycol,IN,direct_anchor_exact_rxnorm
4132,618272,2226,flufenamate,IN,direct_anchor_exact_rxnorm
4133,612,280,aluminum hydroxide,IN,direct_anchor_exact_rxnorm
4136,615,283,aluminum oxide,IN,direct_anchor_exact_rxnorm
4137,543375,286,aluminum sesquichlorohydrate,IN,direct_anchor_exact_rxnorm
4138,235461,289,aluminum subacetate,IN,direct_anchor_exact_rxnorm
4139,17621,290,aluminum sulfate,IN,direct_anchor_exact_rxnorm
4140,1306096,292,aluminum zirconium octachlorohydrex gly,IN,direct_anchor_exact_rxnorm
4141,1306097,293,aluminum zirconium pentachlorohydrate,IN,direct_anchor_exact_rxnorm
4142,1305899,294,aluminum zirconium pentachlorohydrex gly,IN,direct_anchor_exact_rxnorm
4143,1305896,295,aluminum zirconium tetrachlorohydrex gly,IN,direct_anchor_exact_rxnorm
4144,1370425,296,aluminum zirconium trichlorohydrex gly,IN,direct_anchor_exact_rxnorm
4146,1921217,799,brigatinib,IN,direct_anchor_exact_rxnorm
4156,17627,297,alverine,IN,direct_anchor_exact_rxnorm
4157,17627,297,alverine,IN,direct_anchor_exact_rxnorm
4161,480639,298,alvimopan,IN,direct_anchor_exact_rxnorm
4165,253337,707,bevacizumab,IN,direct_anchor_exact_rxnorm
4171,620,299,amantadine,IN,direct_anchor_exact_rxnorm
4174,1363561,300,amaranthus hybridus pollen extract,IN,unique_convergent_term_evidence
4175,851926,1023,careless weed pollen extract,IN,unique_convergent_term_evidence
4178,895919,4720,spiny pigweed pollen extract,IN,unique_convergent_term_evidence
4179,851934,5384,western waterhemp pollen extract,IN,unique_convergent_term_evidence
4186,623,301,ambenonium,IN,direct_anchor_exact_rxnorm
4187,623,301,ambenonium,IN,direct_anchor_exact_rxnorm
4190,1311393,302,amber,IN,direct_anchor_exact_rxnorm
4192,358274,303,ambrisentan,IN,direct_anchor_exact_rxnorm
4193,851938,2102,false ragweed pollen extract,IN,unique_convergent_term_evidence
4194,851942,971,canyon ragweed pollen extract,IN,unique_convergent_term_evidence
4195,896135,4604,short ragweed pollen extract,IN,unique_convergent_term_evidence
4196,885750,4708,southern ragweed pollen extract,IN,unique_convergent_term_evidence
4197,851955,4534,sandbur ragweed pollen extract,IN,unique_convergent_term_evidence
4198,1117083,5379,weakleaf bur ragweed pollen extract,IN,unique_convergent_term_evidence
4199,851969,4330,rabbit bush pollen extract,IN,unique_convergent_term_evidence
4200,851981,1562,desert ragweed pollen extract,IN,unique_convergent_term_evidence
4201,851985,5382,western ragweed pollen extract,IN,unique_convergent_term_evidence
4202,851990,4645,slender ragweed pollen extract,IN,unique_convergent_term_evidence
4203,851998,2376,giant ragweed pollen extract,IN,unique_convergent_term_evidence
4204,625,304,ambroxol,IN,direct_anchor_exact_rxnorm
4205,625,304,ambroxol,IN,direct_anchor_exact_rxnorm
4206,625,304,ambroxol,IN,direct_anchor_exact_rxnorm
4216,17652,305,amcinonide,IN,direct_anchor_exact_rxnorm
4219,626,306,amdinocillin,IN,direct_anchor_exact_rxnorm
4259,99,71,6-aminocaproic acid,IN,direct_anchor_exact_rxnorm
4267,2106338,311,amifampridine,IN,direct_anchor_exact_rxnorm
4268,2106338,311,amifampridine,IN,direct_anchor_exact_rxnorm
4273,4126,312,amifostine,IN,direct_anchor_exact_rxnorm
4275,641,313,amikacin,IN,direct_anchor_exact_rxnorm
4280,644,314,amiloride,IN,direct_anchor_exact_rxnorm
4282,1426854,316,amiloxate,IN,direct_anchor_exact_rxnorm
4283,645,317,aminacrine,IN,direct_anchor_exact_rxnorm
4284,645,317,aminacrine,IN,direct_anchor_exact_rxnorm
4287,46276,318,aminaphthone,IN,direct_anchor_exact_rxnorm
4292,1311153,319,amino methacrylate copolymer,IN,direct_anchor_exact_rxnorm
4302,677,321,aminoglutethimide,IN,direct_anchor_exact_rxnorm
4305,683,323,aminolevulinic acid,IN,direct_anchor_exact_rxnorm
4310,1440266,324,aminometradine,IN,direct_anchor_exact_rxnorm
4312,1006397,325,aminopentamide,IN,direct_anchor_exact_rxnorm
4316,695,330,aminopyrine,IN,unique_convergent_term_evidence
4319,689,326,aminophylline,IN,direct_anchor_exact_rxnorm
4320,689,326,aminophylline,IN,direct_anchor_exact_rxnorm
4321,2462496,327,aminopromazine,IN,direct_anchor_exact_rxnorm
4323,1440268,328,aminopropazine fumarate,IN,direct_anchor_exact_rxnorm
4324,1440264,329,aminopterin,IN,direct_anchor_exact_rxnorm
4326,17747,331,aminoquinuride,IN,direct_anchor_exact_rxnorm
4329,7833,332,aminosalicylic acid,IN,direct_anchor_exact_rxnorm
4333,703,333,amiodarone,IN,direct_anchor_exact_rxnorm
4344,46303,334,amisulpride,IN,direct_anchor_exact_rxnorm
4350,17763,335,amitraz,IN,direct_anchor_exact_rxnorm
4351,704,336,amitriptyline,IN,direct_anchor_exact_rxnorm
4354,2549199,337,amivantamab,IN,direct_anchor_exact_rxnorm
4356,10691,5135,tranexamic acid,IN,unique_convergent_term_evidence
4360,46307,338,amlexanox,IN,direct_anchor_exact_rxnorm
4365,17767,339,amlodipine,IN,direct_anchor_exact_rxnorm
4368,1299884,342,ammonia,IN,direct_anchor_exact_rxnorm
4369,1299884,342,ammonia,IN,direct_anchor_exact_rxnorm
4370,1424665,343,ammonio methacrylate copolymer type a,IN,direct_anchor_exact_rxnorm
4371,1312540,344,ammonium benzoate,IN,direct_anchor_exact_rxnorm
4373,1313309,345,ammonium bromide,IN,direct_anchor_exact_rxnorm
4375,1310190,346,ammonium carbonate,IN,direct_anchor_exact_rxnorm
4376,712,347,ammonium chloride,IN,direct_anchor_exact_rxnorm
4378,1007266,2889,lactate / pramoxine,MIN,direct_anchor_exact_rxnorm
4379,7024,3405,molybdenum,IN,direct_anchor_exact_rxnorm
4380,236220,348,ammonium salicylate,IN,direct_anchor_exact_rxnorm
4383,1441545,349,ammonium valerate,IN,direct_anchor_exact_rxnorm
4388,719,350,amobarbital,IN,direct_anchor_exact_rxnorm
4389,719,350,amobarbital,IN,direct_anchor_exact_rxnorm
4391,720,351,amodiaquine,IN,direct_anchor_exact_rxnorm
4392,720,351,amodiaquine,IN,direct_anchor_exact_rxnorm
4396,1440270,352,amonafide,IN,direct_anchor_exact_rxnorm
4397,1440271,353,amoproxan,IN,direct_anchor_exact_rxnorm
4399,17804,354,amorolfine,IN,direct_anchor_exact_rxnorm
4400,17804,354,amorolfine,IN,direct_anchor_exact_rxnorm
4404,2667256,355,amosulalol,IN,direct_anchor_exact_rxnorm
4407,722,356,amoxapine,IN,direct_anchor_exact_rxnorm
4411,723,357,amoxicillin,IN,direct_anchor_exact_rxnorm
4422,725,358,amphetamine,IN,direct_anchor_exact_rxnorm
4424,822929,359,amphetamine aspartate / amphetamine sulfate / dextroamphetamine saccharate / dextroamphetamine sulfate,MIN,direct_anchor_exact_rxnorm
4426,1094193,825,broomweed pollen extract,IN,unique_convergent_term_evidence
4430,732,360,amphotericin b,IN,direct_anchor_exact_rxnorm
4431,733,361,ampicillin,IN,direct_anchor_exact_rxnorm
4432,733,361,ampicillin,IN,direct_anchor_exact_rxnorm
4433,733,361,ampicillin,IN,direct_anchor_exact_rxnorm
4437,228656,362,amprenavir,IN,direct_anchor_exact_rxnorm
4438,1006654,363,amprolium,IN,direct_anchor_exact_rxnorm
4445,738,2675,inamrinone,IN,unique_convergent_term_evidence
4448,739,364,amsacrine,IN,direct_anchor_exact_rxnorm
4456,2675860,3004,lifileucel,IN,direct_anchor_exact_rxnorm
4467,1371051,365,amygdalin,IN,direct_anchor_exact_rxnorm
4468,1370452,366,amyl acetate,IN,direct_anchor_exact_rxnorm
4469,742,368,amyl nitrite,IN,direct_anchor_exact_rxnorm
4471,236248,369,amylmetacresol,IN,direct_anchor_exact_rxnorm
4472,40660,370,amylocaine,IN,direct_anchor_exact_rxnorm
4473,40660,370,amylocaine,IN,direct_anchor_exact_rxnorm
4474,1368128,371,amylopectin,IN,direct_anchor_exact_rxnorm
4475,1368128,371,amylopectin,IN,direct_anchor_exact_rxnorm
4485,2626723,373,anacaulase,IN,direct_anchor_exact_rxnorm
4487,2597,1299,clomipramine,IN,direct_anchor_exact_rxnorm
4491,72435,375,anakinra,IN,direct_anchor_exact_rxnorm
4498,892851,1806,duck feather extract,IN,unique_convergent_term_evidence
4503,84857,376,anastrozole,IN,direct_anchor_exact_rxnorm
4512,140502,377,ancestim,IN,direct_anchor_exact_rxnorm
4517,772,378,ancrod,IN,direct_anchor_exact_rxnorm
4520,2045114,379,andexanet alfa,IN,direct_anchor_exact_rxnorm
4524,3014,1475,cyproterone,IN,unique_convergent_term_evidence
4546,784,380,androstenedione,IN,direct_anchor_exact_rxnorm
4550,10154,4795,succinylcholine,IN,direct_anchor_exact_rxnorm
4554,17881,381,anethole,IN,direct_anchor_exact_rxnorm
4555,820,382,anethole trithione,IN,direct_anchor_exact_rxnorm
4561,1309828,383,angelica archangelica root extract,IN,unique_convergent_term_evidence
4562,1306167,384,angelica dahurica root extract,IN,unique_convergent_term_evidence
4563,1307866,385,angelica sinensis root extract,IN,unique_convergent_term_evidence
4566,60819,755,bivalirudin,IN,direct_anchor_exact_rxnorm
4568,1999003,386,angiotensin ii,IN,direct_anchor_exact_rxnorm
4573,6211,2898,lactose,IN,direct_anchor_exact_rxnorm
4575,2669473,387,anhydrovitamin a,IN,direct_anchor_exact_rxnorm
4577,341018,388,anidulafungin,IN,direct_anchor_exact_rxnorm
4578,2565265,389,anifrolumab,IN,direct_anchor_exact_rxnorm
4580,17933,390,anileridine,IN,direct_anchor_exact_rxnorm
4581,17933,390,anileridine,IN,direct_anchor_exact_rxnorm
4583,1441546,391,aniline,IN,direct_anchor_exact_rxnorm
4588,17939,392,aniracetam,IN,direct_anchor_exact_rxnorm
4590,90926,393,anise oil,IN,direct_anchor_exact_rxnorm
4591,17941,394,anisindione,IN,direct_anchor_exact_rxnorm
4595,89780,395,anisotropine,IN,direct_anchor_exact_rxnorm
4598,40028,396,anistreplase,IN,direct_anchor_exact_rxnorm
4605,2682678,3603,nogapendekin alfa inbakicept,IN,direct_anchor_exact_rxnorm
4619,894783,2455,goose feather extract,IN,unique_convergent_term_evidence
4624,2472152,398,ansuvimab,IN,direct_anchor_exact_rxnorm
4626,865,399,antazoline,IN,direct_anchor_exact_rxnorm
4627,865,399,antazoline,IN,direct_anchor_exact_rxnorm
4629,865,399,antazoline,IN,direct_anchor_exact_rxnorm
4630,865,399,antazoline,IN,direct_anchor_exact_rxnorm
4639,851898,4860,sweet vernal grass pollen extract,IN,unique_convergent_term_evidence
4643,873,400,anthralin,IN,direct_anchor_exact_rxnorm
4646,1368371,562,bacillus anthracis strain v770-np1-r antigens,IN,unique_convergent_term_evidence
5084,314504,401,anti-inhibitor coagulant complex,IN,direct_anchor_exact_rxnorm
5340,6851,3293,methotrexate,IN,unique_convergent_term_evidence
5346,2055655,1501,damoctocog alfa pegol,IN,unique_convergent_term_evidence
5347,4257,2097,factor viii,IN,direct_anchor_exact_rxnorm
5351,1011,3093,"lymphocyte immune globulin, anti-thymocyte globulin",IN,unique_convergent_term_evidence
5355,1311407,403,antimony,IN,direct_anchor_exact_rxnorm
5356,1337969,405,antimony pentasulfide,IN,direct_anchor_exact_rxnorm
5357,981,406,antimony potassium tartrate,IN,direct_anchor_exact_rxnorm
5358,1423913,407,antimony triiodide,IN,direct_anchor_exact_rxnorm
5359,1316091,408,antimony trisulfide,IN,direct_anchor_exact_rxnorm
5378,1001,409,antipyrine,IN,direct_anchor_exact_rxnorm
5381,1009,410,antithrombin iii,IN,direct_anchor_exact_rxnorm
5383,1009,410,antithrombin iii,IN,direct_anchor_exact_rxnorm
5384,1011,3093,"lymphocyte immune globulin, anti-thymocyte globulin",IN,unique_convergent_term_evidence
5406,68091,1759,dolasetron,IN,direct_anchor_exact_rxnorm
5420,2670285,155,"adamts13, recombinant",IN,unique_convergent_term_evidence
5426,1999574,411,apalutamide,IN,direct_anchor_exact_rxnorm
5442,2664896,3433,motixafortide,IN,direct_anchor_exact_rxnorm
5448,1368130,413,apigenin,IN,direct_anchor_exact_rxnorm
5457,1364430,414,apixaban,IN,direct_anchor_exact_rxnorm
5470,1043,415,apomorphine,IN,direct_anchor_exact_rxnorm
5474,1043,415,apomorphine,IN,direct_anchor_exact_rxnorm
5478,358255,421,aprepitant,IN,direct_anchor_exact_rxnorm
5490,360262,416,apple cider vinegar,IN,direct_anchor_exact_rxnorm
5491,1485785,417,apple fruit oil,IN,direct_anchor_exact_rxnorm
5492,283540,418,apple pectin,IN,direct_anchor_exact_rxnorm
5496,14845,419,apraclonidine,IN,direct_anchor_exact_rxnorm
5497,14845,419,apraclonidine,IN,direct_anchor_exact_rxnorm
5503,1492727,420,apremilast,IN,direct_anchor_exact_rxnorm
5507,1318515,422,apricot kernel oil,IN,direct_anchor_exact_rxnorm
5510,1054,423,aprindine,IN,direct_anchor_exact_rxnorm
5511,1054,423,aprindine,IN,direct_anchor_exact_rxnorm
5512,2634355,424,aprinocarsen,IN,direct_anchor_exact_rxnorm
5513,17381,425,aprobarbital,IN,direct_anchor_exact_rxnorm
5514,2679059,426,aprocitentan,IN,direct_anchor_exact_rxnorm
5527,190548,5070,tipranavir,IN,direct_anchor_exact_rxnorm
5535,8091,3926,petrolatum,IN,direct_anchor_exact_rxnorm
5551,1716332,430,arachidate,IN,direct_anchor_exact_rxnorm
5552,1368625,431,arachidonate,IN,direct_anchor_exact_rxnorm
5558,2054023,4874,tafenoquine,IN,direct_anchor_exact_rxnorm
5561,283838,1516,darbepoetin alfa,IN,direct_anchor_exact_rxnorm
5572,26397,432,arbekacin,IN,direct_anchor_exact_rxnorm
5575,61609,433,arbutamine,IN,direct_anchor_exact_rxnorm
5576,61609,433,arbutamine,IN,direct_anchor_exact_rxnorm
5577,1367175,434,arbutin,IN,direct_anchor_exact_rxnorm
5590,87866,435,ardeparin,IN,direct_anchor_exact_rxnorm
5593,11473,3805,pamidronate,IN,unique_convergent_term_evidence
5596,2743197,2702,influenza a virus (h5n8) antigen,IN,direct_anchor_exact_rxnorm
5599,304962,436,arformoterol,IN,direct_anchor_exact_rxnorm
5600,304962,436,arformoterol,IN,direct_anchor_exact_rxnorm
5603,1305642,437,argan oil,IN,direct_anchor_exact_rxnorm
5604,15202,438,argatroban,IN,direct_anchor_exact_rxnorm
5608,1091,439,arginine,IN,direct_anchor_exact_rxnorm
5609,1091,439,arginine,IN,direct_anchor_exact_rxnorm
5610,114464,440,arginine glutamate,IN,direct_anchor_exact_rxnorm
5611,1482633,441,arginine pyroglutamate,IN,unique_convergent_term_evidence
5620,2694283,442,arimoclomol,IN,direct_anchor_exact_rxnorm
5621,2694283,442,arimoclomol,IN,direct_anchor_exact_rxnorm
5623,1673265,444,aripiprazole lauroxil,IN,direct_anchor_exact_rxnorm
5625,321208,2276,fondaparinux,IN,direct_anchor_exact_rxnorm
5630,641465,447,armodafinil,IN,direct_anchor_exact_rxnorm
5632,10572,5030,thyroid (usp),IN,direct_anchor_exact_rxnorm
5635,285208,449,arnica montana extract,IN,direct_anchor_exact_rxnorm
5643,258494,2087,exemestane,IN,direct_anchor_exact_rxnorm
5659,274771,3520,nelarabine,IN,direct_anchor_exact_rxnorm
5660,1006506,4886,tall oat grass pollen extract,IN,unique_convergent_term_evidence
5664,18330,452,arsenic trioxide,IN,direct_anchor_exact_rxnorm
5666,1546382,453,arsenite ion,IN,direct_anchor_exact_rxnorm
5675,18343,454,artemether,IN,direct_anchor_exact_rxnorm
5678,852007,5403,wormwood sage pollen extract,IN,unique_convergent_term_evidence
5680,1656306,455,artemisia annua leaf extract,IN,unique_convergent_term_evidence
5681,896213,1374,common wormwood pollen extract,IN,unique_convergent_term_evidence
5682,852011,1329,coast sage pollen extract,IN,unique_convergent_term_evidence
5683,892734,939,california mugwort pollen extract,IN,unique_convergent_term_evidence
5684,1006495,2683,indian wormwood sage pollen extract,IN,unique_convergent_term_evidence
5685,867142,4169,prairie sagebrush pollen extract,IN,unique_convergent_term_evidence
5686,896246,1519,dark leaved mugwort pollen extract,IN,unique_convergent_term_evidence
5687,852020,1372,common sagebrush pollen extract,IN,unique_convergent_term_evidence
5688,852029,3443,mugwort sage pollen extract,IN,unique_convergent_term_evidence
5689,1341384,456,artemisia vulgaris root extract,IN,unique_convergent_term_evidence
5690,2367409,457,artemisinin,IN,direct_anchor_exact_rxnorm
5696,18346,458,artesunate,IN,direct_anchor_exact_rxnorm
5698,592464,460,articaine,IN,direct_anchor_exact_rxnorm
5705,389190,2181,fibrinogen / thrombin,MIN,direct_anchor_exact_rxnorm
5719,712566,3661,ofatumumab,IN,direct_anchor_exact_rxnorm
5740,2584304,462,asciminib,IN,direct_anchor_exact_rxnorm
5743,1311127,463,ascophyllum nodosum extract,IN,unique_convergent_term_evidence
5744,1151,465,ascorbic acid,IN,direct_anchor_exact_rxnorm
5747,1306933,468,ascorbyl glucoside,IN,direct_anchor_exact_rxnorm
5749,1370605,469,ascorbyl phosphate,IN,direct_anchor_exact_rxnorm
5753,784649,470,asenapine,IN,direct_anchor_exact_rxnorm
5754,784649,470,asenapine,IN,direct_anchor_exact_rxnorm
5756,1720259,471,asfotase alfa,IN,direct_anchor_exact_rxnorm
5757,1551574,472,asiatic acid,IN,direct_anchor_exact_rxnorm
5758,18405,473,asiaticoside,IN,direct_anchor_exact_rxnorm
5782,1156,474,asparaginase,IN,direct_anchor_exact_rxnorm
5786,1157,475,asparagine,IN,direct_anchor_exact_rxnorm
5788,1157,475,asparagine,IN,direct_anchor_exact_rxnorm
5791,2121416,897,calaspargase pegol,IN,direct_anchor_exact_rxnorm
5792,1311524,476,aspartame,IN,direct_anchor_exact_rxnorm
5807,1182,480,aspergillus fumigatus,IN,direct_anchor_exact_rxnorm
5810,1329940,479,aspergillus flavus var. oryzae,IN,unique_convergent_term_evidence
5813,1191,481,aspirin,IN,direct_anchor_exact_rxnorm
5834,18451,485,astaxanthin,IN,direct_anchor_exact_rxnorm
5836,42328,486,astemizole,IN,direct_anchor_exact_rxnorm
5840,2532931,487,astragalus propinquus root polysaccharides,IN,unique_convergent_term_evidence
5848,1652103,488,asunaprevir,IN,direct_anchor_exact_rxnorm
5853,1862951,2464,grapiprant,IN,unique_convergent_term_evidence
5865,2747209,489,atacicept,IN,direct_anchor_exact_rxnorm
5873,5553,2615,hydroxyzine,IN,unique_convergent_term_evidence
5875,343047,490,atazanavir,IN,direct_anchor_exact_rxnorm
5876,343047,490,atazanavir,IN,direct_anchor_exact_rxnorm
5883,1202,492,atenolol,IN,direct_anchor_exact_rxnorm
5888,1792776,494,atezolizumab,IN,direct_anchor_exact_rxnorm
5895,1011,3093,"lymphocyte immune globulin, anti-thymocyte globulin",IN,direct_anchor_exact_rxnorm
5896,11289,5375,warfarin,IN,unique_convergent_term_evidence
5901,2677916,495,atidarsagene autotemcel,IN,direct_anchor_exact_rxnorm
5904,2737481,496,atinvicitinib,IN,direct_anchor_exact_rxnorm
5905,18475,497,atipamezole,IN,direct_anchor_exact_rxnorm
5906,18475,497,atipamezole,IN,direct_anchor_exact_rxnorm
5913,6470,3060,lorazepam,IN,direct_anchor_exact_rxnorm
5921,2174524,498,atlantic halibut preparation,IN,unique_convergent_term_evidence
5922,889591,3103,mackerel allergenic extract,IN,unique_convergent_term_evidence
5936,2571813,499,atogepant,IN,direct_anchor_exact_rxnorm
5938,2461338,500,atoltivimab,IN,direct_anchor_exact_rxnorm
5940,38400,502,atomoxetine,IN,direct_anchor_exact_rxnorm
5944,83367,503,atorvastatin,IN,direct_anchor_exact_rxnorm
5945,83367,503,atorvastatin,IN,direct_anchor_exact_rxnorm
5947,59639,504,atosiban,IN,direct_anchor_exact_rxnorm
5948,59639,504,atosiban,IN,direct_anchor_exact_rxnorm
5950,60212,505,atovaquone,IN,direct_anchor_exact_rxnorm
5951,318,160,adenosine triphosphate,IN,unique_convergent_term_evidence
5959,1307719,508,atractylodes lancea root extract,IN,unique_convergent_term_evidence
5960,1305643,507,atractylodes japonica root oil,IN,direct_anchor_exact_rxnorm
5963,1218,509,atracurium,IN,direct_anchor_exact_rxnorm
5964,1218,509,atracurium,IN,direct_anchor_exact_rxnorm
5965,2710449,510,atrasentan,IN,direct_anchor_exact_rxnorm
5971,1007761,1841,efavirenz / emtricitabine / tenofovir disoproxil,MIN,direct_anchor_exact_rxnorm
5972,852074,5399,wing scale pollen extract,IN,unique_convergent_term_evidence
5973,852087,4598,shad scale pollen extract,IN,unique_convergent_term_evidence
5974,852096,2953,lens scale pollen extract,IN,unique_convergent_term_evidence
5975,897304,235,allscale pollen extract,IN,unique_convergent_term_evidence
5976,897316,4528,saltbush pollen extract,IN,unique_convergent_term_evidence
5978,1223,511,atropine,IN,direct_anchor_exact_rxnorm
5982,7213,2776,ipratropium,IN,direct_anchor_exact_rxnorm
5983,1009,410,antithrombin iii,IN,direct_anchor_exact_rxnorm
5985,18516,516,attapulgite,IN,direct_anchor_exact_rxnorm
5999,2670644,4386,repotrectinib,IN,direct_anchor_exact_rxnorm
6004,1227,517,auranofin,IN,direct_anchor_exact_rxnorm
6016,4980,518,aurothioglucose,IN,direct_anchor_exact_rxnorm
6218,1606218,1491,daclatasvir,IN,unique_convergent_term_evidence
6223,2645108,522,avacincaptad pegol,IN,direct_anchor_exact_rxnorm
6224,2645108,522,avacincaptad pegol,IN,direct_anchor_exact_rxnorm
6225,2572100,523,avacopan,IN,direct_anchor_exact_rxnorm
6229,2565814,524,avalglucosidase alfa,IN,direct_anchor_exact_rxnorm
6231,1291301,525,avanafil,IN,direct_anchor_exact_rxnorm
6234,2272107,526,avapritinib,IN,direct_anchor_exact_rxnorm
6238,253337,707,bevacizumab,IN,direct_anchor_exact_rxnorm
6240,2045726,527,avatrombopag,IN,direct_anchor_exact_rxnorm
6241,2045726,527,avatrombopag,IN,direct_anchor_exact_rxnorm
6248,1875534,528,avelumab,IN,direct_anchor_exact_rxnorm
6249,1309702,529,avena sativa flowering top extract,IN,unique_convergent_term_evidence
6250,852114,1434,cultivated oat pollen extract,IN,unique_convergent_term_evidence
6263,1603834,530,avibactam,IN,direct_anchor_exact_rxnorm
6264,1603834,530,avibactam,IN,direct_anchor_exact_rxnorm
6270,1661561,532,avilamycin,IN,direct_anchor_exact_rxnorm
6273,2591797,533,aviscumine,IN,direct_anchor_exact_rxnorm
6281,45045,534,avobenzone,IN,direct_anchor_exact_rxnorm
6282,1311611,535,avocado oil,IN,unique_convergent_term_evidence
6283,228790,1812,dutasteride,IN,direct_anchor_exact_rxnorm
6290,1427086,536,avotermin,IN,direct_anchor_exact_rxnorm
6300,2714515,537,avutometinib,IN,direct_anchor_exact_rxnorm
6301,2714515,537,avutometinib,IN,direct_anchor_exact_rxnorm
6305,1603839,531,avibactam / ceftazidime,MIN,direct_anchor_exact_rxnorm
6309,2691526,538,axatilimab,IN,direct_anchor_exact_rxnorm
6313,1987398,539,axicabtagene ciloleucel,IN,direct_anchor_exact_rxnorm
6317,1242999,540,axitinib,IN,direct_anchor_exact_rxnorm
6339,1251,541,azacitidine,IN,unique_convergent_term_evidence
6349,1307952,542,azadirachta indica flower extract,IN,direct_anchor_exact_rxnorm
6350,1307640,543,azadirachta indica leaf extract,IN,unique_convergent_term_evidence
6366,2601502,544,azaperone,IN,direct_anchor_exact_rxnorm
6372,1029,412,apazone,IN,unique_convergent_term_evidence
6381,18600,545,azatadine,IN,direct_anchor_exact_rxnorm
6382,214265,546,azatadine / pseudoephedrine,MIN,direct_anchor_exact_rxnorm
6383,1256,547,azathioprine,IN,direct_anchor_exact_rxnorm
6430,14448,56,3-iodobenzylguanidine,IN,direct_anchor_exact_rxnorm
6432,618278,550,azelate,IN,unique_convergent_term_evidence
6434,18603,548,azelastine,IN,direct_anchor_exact_rxnorm
6435,1291859,549,azelastine / fluticasone,MIN,direct_anchor_exact_rxnorm
6447,1114112,551,azficel-t,IN,direct_anchor_exact_rxnorm
6449,18609,552,azidocillin,IN,direct_anchor_exact_rxnorm
6451,1091643,553,azilsartan,IN,direct_anchor_exact_rxnorm
6452,1235143,554,azilsartan / chlorthalidone,MIN,direct_anchor_exact_rxnorm
6457,402580,555,azintamide,IN,direct_anchor_exact_rxnorm
6462,18631,556,azithromycin,IN,direct_anchor_exact_rxnorm
6463,18631,556,azithromycin,IN,direct_anchor_exact_rxnorm
6464,18631,556,azithromycin,IN,direct_anchor_exact_rxnorm
6465,18631,556,azithromycin,IN,direct_anchor_exact_rxnorm
6466,1266,557,azlocillin,IN,direct_anchor_exact_rxnorm
6467,1266,557,azlocillin,IN,direct_anchor_exact_rxnorm
6471,1009015,341,amlodipine / olmesartan,MIN,direct_anchor_exact_rxnorm
6472,18651,558,azosemide,IN,direct_anchor_exact_rxnorm
6477,1272,559,aztreonam,IN,direct_anchor_exact_rxnorm
6500,18687,560,bacampicillin,IN,direct_anchor_exact_rxnorm
6501,18687,560,bacampicillin,IN,direct_anchor_exact_rxnorm
6502,897332,2473,groundsel pollen extract,IN,unique_convergent_term_evidence
6506,2359256,561,bacillus amyloliquefaciens,IN,direct_anchor_exact_rxnorm
6511,221050,601,"bcg, live, tice strain",IN,unique_convergent_term_evidence
6513,2600050,563,bacillus clausii,IN,direct_anchor_exact_rxnorm
6514,1311119,564,bacillus subtilis,IN,direct_anchor_exact_rxnorm
6516,1291,565,bacitracin,IN,direct_anchor_exact_rxnorm
6517,1363718,566,bacitracin methylene disalicylate,IN,direct_anchor_exact_rxnorm
6519,1292,567,baclofen,IN,direct_anchor_exact_rxnorm
6562,10831,4825,sulfamethoxazole / trimethoprim,MIN,direct_anchor_exact_rxnorm
6579,1592893,570,baicalein,IN,direct_anchor_exact_rxnorm
6587,1368134,571,bakuchiol,IN,direct_anchor_exact_rxnorm
6598,1484957,2093,factor ix / factor vii / factor x / protein c / protein s / prothrombin,MIN,direct_anchor_exact_rxnorm
6609,2197842,574,baloxavir,IN,direct_anchor_exact_rxnorm
6610,2099995,575,baloxavir marboxil,IN,direct_anchor_exact_rxnorm
6611,18747,576,balsalazide,IN,direct_anchor_exact_rxnorm
6612,18747,576,balsalazide,IN,direct_anchor_exact_rxnorm
6617,2123125,1949,erdafitinib,IN,direct_anchor_exact_rxnorm
6621,1367176,579,bambermycins,IN,direct_anchor_exact_rxnorm
6624,18751,582,bambuterol,IN,direct_anchor_exact_rxnorm
6626,1321,583,bamethan,IN,direct_anchor_exact_rxnorm
6627,1321,583,bamethan,IN,direct_anchor_exact_rxnorm
6628,18752,584,bamifylline,IN,direct_anchor_exact_rxnorm
6629,18752,584,bamifylline,IN,direct_anchor_exact_rxnorm
6631,18753,585,bamipine,IN,direct_anchor_exact_rxnorm
6633,18753,585,bamipine,IN,direct_anchor_exact_rxnorm
6636,2463114,586,bamlanivimab,IN,direct_anchor_exact_rxnorm
6654,46795,587,barbexaclone,IN,direct_anchor_exact_rxnorm
6655,1325,588,barbital,IN,direct_anchor_exact_rxnorm
6656,1325,588,barbital,IN,direct_anchor_exact_rxnorm
6660,2047232,589,baricitinib,IN,direct_anchor_exact_rxnorm
6661,1311067,590,barium,IN,direct_anchor_exact_rxnorm
6662,1331,591,barium sulfate,IN,direct_anchor_exact_rxnorm
6665,1006510,592,barley malt allergenic extract,IN,unique_convergent_term_evidence
6666,1306883,593,barley malt syrup,IN,direct_anchor_exact_rxnorm
6668,39879,3230,mepirodipine,IN,unique_convergent_term_evidence
6679,196102,594,basiliximab,IN,direct_anchor_exact_rxnorm
6685,852124,2197,fivehorn smotherweed pollen extract,IN,unique_convergent_term_evidence
6686,852593,847,burning bush pollen extract,IN,unique_convergent_term_evidence
6695,1306190,595,batilol,IN,direct_anchor_exact_rxnorm
6709,2743398,596,baxdrostat,IN,direct_anchor_exact_rxnorm
6715,1441386,598,bazedoxifene,IN,direct_anchor_exact_rxnorm
6716,1441386,598,bazedoxifene,IN,direct_anchor_exact_rxnorm
6740,221050,601,"bcg, live, tice strain",IN,unique_convergent_term_evidence
6780,2592360,602,bebtelovimab,IN,direct_anchor_exact_rxnorm
6784,115238,603,becaplermin,IN,direct_anchor_exact_rxnorm
6790,18846,604,beclamide,IN,direct_anchor_exact_rxnorm
6794,1347,605,beclomethasone,IN,direct_anchor_exact_rxnorm
6795,2747290,606,beclomethasone / formoterol / glycopyrronium,MIN,direct_anchor_exact_rxnorm
6796,1347,605,beclomethasone,IN,direct_anchor_exact_rxnorm
6802,1364504,607,bedaquiline,IN,direct_anchor_exact_rxnorm
6803,1364504,607,bedaquiline,IN,direct_anchor_exact_rxnorm
6807,253157,608,bee pollen,IN,direct_anchor_exact_rxnorm
6810,1356,611,beeswax,IN,direct_anchor_exact_rxnorm
6811,899359,4804,sugar beet allergenic extract,IN,unique_convergent_term_evidence
6823,1307569,613,beheneth-10,IN,direct_anchor_exact_rxnorm
6824,1368204,612,behenate,IN,direct_anchor_exact_rxnorm
6832,2387834,615,belantamab mafodotin,IN,direct_anchor_exact_rxnorm
6836,1112973,616,belatacept,IN,direct_anchor_exact_rxnorm
6838,1543543,618,belinostat,IN,direct_anchor_exact_rxnorm
6841,1092437,617,belimumab,IN,direct_anchor_exact_rxnorm
6846,1306193,619,bellis perennis flower extract,IN,direct_anchor_exact_rxnorm
6853,134547,630,bendamustine,IN,direct_anchor_exact_rxnorm
6856,2564025,620,belumosudil,IN,direct_anchor_exact_rxnorm
6859,2567226,621,belzutifan,IN,direct_anchor_exact_rxnorm
6871,280611,622,bemiparin,IN,direct_anchor_exact_rxnorm
6875,1306115,623,bemotrizinol,IN,direct_anchor_exact_rxnorm
6876,2282403,624,bempedoic acid,IN,direct_anchor_exact_rxnorm
6878,1361,626,benactyzine,IN,direct_anchor_exact_rxnorm
6879,1361,626,benactyzine,IN,direct_anchor_exact_rxnorm
6880,3498,1720,diphenhydramine,IN,direct_anchor_exact_rxnorm
6888,18867,627,benazepril,IN,direct_anchor_exact_rxnorm
6889,18867,627,benazepril,IN,direct_anchor_exact_rxnorm
6894,1367,629,bencyclane,IN,direct_anchor_exact_rxnorm
6895,1367,629,bencyclane,IN,direct_anchor_exact_rxnorm
6906,1369,631,bendroflumethiazide,IN,direct_anchor_exact_rxnorm
6908,4249,2092,factor ix,IN,direct_anchor_exact_rxnorm
6911,18880,632,benfluorex,IN,direct_anchor_exact_rxnorm
6914,18891,637,benphothiamine,IN,unique_convergent_term_evidence
6918,321064,3678,olmesartan,IN,direct_anchor_exact_rxnorm
6924,1372,633,benorilate,IN,direct_anchor_exact_rxnorm
6927,690060,635,benoxinate / fluorescein,MIN,direct_anchor_exact_rxnorm
6928,1373,636,benperidol,IN,direct_anchor_exact_rxnorm
6929,236749,638,benproperine,IN,direct_anchor_exact_rxnorm
6930,1989100,639,benralizumab,IN,direct_anchor_exact_rxnorm
6933,1374,640,benserazide,IN,direct_anchor_exact_rxnorm
6934,1374,640,benserazide,IN,direct_anchor_exact_rxnorm
6941,18896,641,bentiromide,IN,direct_anchor_exact_rxnorm
6943,1375,642,bentonite,IN,direct_anchor_exact_rxnorm
6944,134568,643,bentoquatam,IN,direct_anchor_exact_rxnorm
6948,1378,644,benzalkonium,IN,direct_anchor_exact_rxnorm
6951,18923,646,benzarone,IN,direct_anchor_exact_rxnorm
6952,1424,668,benztropine,IN,unique_convergent_term_evidence
6953,1385,647,benzbromarone,IN,direct_anchor_exact_rxnorm
6955,2637735,648,benzenesulfinic acid,IN,direct_anchor_exact_rxnorm
6958,1390,649,benzethonium,IN,direct_anchor_exact_rxnorm
6962,2690627,650,benzgalantamine,IN,direct_anchor_exact_rxnorm
6963,2001352,651,benzhydrocodone,IN,direct_anchor_exact_rxnorm
6964,2001352,651,benzhydrocodone,IN,direct_anchor_exact_rxnorm
6971,1362885,652,benzimidazole,IN,direct_anchor_exact_rxnorm
6976,18994,653,benznidazole,IN,direct_anchor_exact_rxnorm
6982,1399,656,benzocaine,IN,direct_anchor_exact_rxnorm
6983,1399,656,benzocaine,IN,direct_anchor_exact_rxnorm
6989,1311593,1703,dimethyldodecylbenzylammonium,IN,direct_anchor_exact_rxnorm
6990,1311593,1703,dimethyldodecylbenzylammonium,IN,direct_anchor_exact_rxnorm
6995,1406,658,benzoin resin,IN,direct_anchor_exact_rxnorm
6997,18993,659,benzonatate,IN,direct_anchor_exact_rxnorm
6998,18997,660,benzophenone,IN,direct_anchor_exact_rxnorm
7004,314521,661,benzoxiquine,IN,direct_anchor_exact_rxnorm
7005,236962,662,benzoxonium,IN,direct_anchor_exact_rxnorm
7006,236962,662,benzoxonium,IN,direct_anchor_exact_rxnorm
7007,1418,663,benzoyl peroxide,IN,direct_anchor_exact_rxnorm
7014,1422,664,benzphetamine,IN,direct_anchor_exact_rxnorm
7015,1422,664,benzphetamine,IN,direct_anchor_exact_rxnorm
7019,117896,665,benzquercin,IN,direct_anchor_exact_rxnorm
7020,19041,666,benzquinamide,IN,direct_anchor_exact_rxnorm
7021,19041,666,benzquinamide,IN,direct_anchor_exact_rxnorm
7022,19008,667,benzthiazide,IN,direct_anchor_exact_rxnorm
7023,1425,669,benzydamine,IN,direct_anchor_exact_rxnorm
7026,1426,670,benzyl alcohol,IN,direct_anchor_exact_rxnorm
7027,19044,671,benzyl benzoate,IN,direct_anchor_exact_rxnorm
7028,1311516,672,benzyl chloride,IN,direct_anchor_exact_rxnorm
7033,7393,3541,niacin,IN,unique_convergent_term_evidence
7034,2374339,673,benzylamine,IN,direct_anchor_exact_rxnorm
7038,19075,674,benzylparaben,IN,direct_anchor_exact_rxnorm
7039,7980,3881,penicillin g,IN,unique_convergent_term_evidence
7040,19079,675,benzylpenicilloyl polylysine,IN,direct_anchor_exact_rxnorm
7043,19084,676,benzylthiouracil,IN,direct_anchor_exact_rxnorm
7052,863035,677,bepotastine,IN,direct_anchor_exact_rxnorm
7054,863035,677,bepotastine,IN,direct_anchor_exact_rxnorm
7055,1436,678,bepridil,IN,direct_anchor_exact_rxnorm
7056,46967,679,beractant,IN,direct_anchor_exact_rxnorm
7057,2723752,680,berahyaluronidase alfa,IN,direct_anchor_exact_rxnorm
7062,1437,681,berberine,IN,direct_anchor_exact_rxnorm
7065,2710434,682,berdazimer,IN,direct_anchor_exact_rxnorm
7068,2637758,683,beremagene geperpavec,IN,direct_anchor_exact_rxnorm
7069,1305651,684,bergamot oil,IN,direct_anchor_exact_rxnorm
7070,15842,68,5-methoxypsoralen,IN,unique_convergent_term_evidence
7081,2467540,686,berotralstat,IN,direct_anchor_exact_rxnorm
7082,2467540,686,berotralstat,IN,direct_anchor_exact_rxnorm
7094,1310252,687,beryllium,IN,direct_anchor_exact_rxnorm
7096,1310252,687,beryllium,IN,direct_anchor_exact_rxnorm
7105,819911,688,besifloxacin,IN,direct_anchor_exact_rxnorm
7111,819911,688,besifloxacin,IN,direct_anchor_exact_rxnorm
7113,1942950,2712,inotuzumab ozogamicin,IN,direct_anchor_exact_rxnorm
7114,2587059,4463,ropeginterferon alfa-2b,IN,direct_anchor_exact_rxnorm
7129,19143,689,beta carotene,IN,direct_anchor_exact_rxnorm
7131,852132,4805,sugar beet pollen extract,IN,unique_convergent_term_evidence
7138,61,690,beta-alanine,IN,direct_anchor_exact_rxnorm
7156,4850,2406,glucose,IN,unique_convergent_term_evidence
7163,1476,691,beta-escin,IN,direct_anchor_exact_rxnorm
7182,1923811,692,beta-pinene,IN,direct_anchor_exact_rxnorm
7186,1362685,693,betadex,IN,direct_anchor_exact_rxnorm
7188,1511,694,betahistine,IN,direct_anchor_exact_rxnorm
7190,1512,695,betaine,IN,direct_anchor_exact_rxnorm
7203,2358,1157,chlorhexidine,IN,direct_anchor_exact_rxnorm
7204,1368136,699,betasizofiran,IN,direct_anchor_exact_rxnorm
7206,1520,700,betaxolol,IN,direct_anchor_exact_rxnorm
7207,1520,700,betaxolol,IN,direct_anchor_exact_rxnorm
7209,19257,701,bethanechol,IN,direct_anchor_exact_rxnorm
7210,1523,702,bethanidine,IN,direct_anchor_exact_rxnorm
7211,1523,702,bethanidine,IN,direct_anchor_exact_rxnorm
7214,2610349,703,betibeglogene autotemcel,IN,direct_anchor_exact_rxnorm
7219,1927851,704,betrixaban,IN,direct_anchor_exact_rxnorm
7220,899550,5416,yellow birch pollen extract,IN,unique_convergent_term_evidence
7221,852144,1141,cherry birch pollen extract,IN,unique_convergent_term_evidence
7223,852148,4447,river birch pollen extract,IN,unique_convergent_term_evidence
7224,852166,5377,water birch pollen extract,IN,unique_convergent_term_evidence
7225,899576,3819,paper birch pollen extract,IN,unique_convergent_term_evidence
7227,1310070,705,betula pendula tar oil,IN,direct_anchor_exact_rxnorm
7228,852178,2465,gray birch pollen extract,IN,unique_convergent_term_evidence
7229,2467840,706,betulin,IN,direct_anchor_exact_rxnorm
7233,253337,707,bevacizumab,IN,direct_anchor_exact_rxnorm
7235,253337,707,bevacizumab,IN,direct_anchor_exact_rxnorm
7254,2627044,708,bexagliflozin,IN,direct_anchor_exact_rxnorm
7255,233272,709,bexarotene,IN,direct_anchor_exact_rxnorm
7263,263010,5121,tositumomab,IN,unique_convergent_term_evidence
7265,1525,710,bezafibrate,IN,direct_anchor_exact_rxnorm
7270,1855048,711,bezlotoxumab,IN,direct_anchor_exact_rxnorm
7303,21212,1270,clarithromycin,IN,direct_anchor_exact_rxnorm
7311,83008,712,bicalutamide,IN,direct_anchor_exact_rxnorm
7316,466553,3882,penicillin g benzathine / penicillin g procaine,MIN,direct_anchor_exact_rxnorm
7318,1306100,713,bicisate,IN,direct_anchor_exact_rxnorm
7322,236268,714,biclotymol,IN,direct_anchor_exact_rxnorm
7323,2105,1028,carmustine,IN,direct_anchor_exact_rxnorm
7325,1999660,715,bictegravir,IN,direct_anchor_exact_rxnorm
7326,1999660,715,bictegravir,IN,direct_anchor_exact_rxnorm
7328,1926480,2313,fumagillin,IN,direct_anchor_exact_rxnorm
7338,47111,717,bifemelane,IN,direct_anchor_exact_rxnorm
7339,2475177,718,bifenthrin,IN,direct_anchor_exact_rxnorm
7347,285148,719,bifidobacterium bifidum,IN,direct_anchor_exact_rxnorm
7348,2110011,720,bifidobacterium breve,IN,direct_anchor_exact_rxnorm
7350,100213,721,bifidobacterium infantis,IN,unique_convergent_term_evidence
7356,19295,722,bifonazole,IN,direct_anchor_exact_rxnorm
7363,1918319,723,biguanide,IN,direct_anchor_exact_rxnorm
7367,1996259,716,bictegravir / emtricitabine / tenofovir alafenamide,MIN,direct_anchor_exact_rxnorm
7376,283810,724,bimatoprost,IN,direct_anchor_exact_rxnorm
7378,283810,724,bimatoprost,IN,direct_anchor_exact_rxnorm
7380,2668041,725,bimekizumab,IN,direct_anchor_exact_rxnorm
7391,5891,2738,interleukin-4,IN,direct_anchor_exact_rxnorm
7394,2049122,726,binimetinib,IN,direct_anchor_exact_rxnorm
7400,46041,205,alendronate,IN,direct_anchor_exact_rxnorm
7407,19338,727,bioallethrin,IN,direct_anchor_exact_rxnorm
7430,723,357,amoxicillin,IN,direct_anchor_exact_rxnorm
7444,1588,728,biotin,IN,direct_anchor_exact_rxnorm
7458,1589,729,biperiden,IN,direct_anchor_exact_rxnorm
7459,1589,729,biperiden,IN,direct_anchor_exact_rxnorm
7460,1589,729,biperiden,IN,direct_anchor_exact_rxnorm
7470,2675583,730,birch triterpenes,IN,unique_convergent_term_evidence
7471,2675583,730,birch triterpenes,IN,direct_anchor_exact_rxnorm
7472,1370777,731,bird pepper extract,IN,unique_convergent_term_evidence
7495,1596,733,bisacodyl,IN,direct_anchor_exact_rxnorm
7502,19464,734,bisdequalinium,IN,direct_anchor_exact_rxnorm
7503,19464,734,bisdequalinium,IN,direct_anchor_exact_rxnorm
7504,1811860,735,bisdisulizole,IN,direct_anchor_exact_rxnorm
7505,1811860,735,bisdisulizole,IN,direct_anchor_exact_rxnorm
7517,40762,736,bismuth aluminate,IN,direct_anchor_exact_rxnorm
7518,1546284,738,bismuth cation,IN,direct_anchor_exact_rxnorm
7520,19472,740,bismuth oxide,IN,direct_anchor_exact_rxnorm
7522,19475,741,bismuth subcarbonate,IN,direct_anchor_exact_rxnorm
7524,47181,742,bismuth subcitrate,IN,direct_anchor_exact_rxnorm
7525,47181,742,bismuth subcitrate,IN,direct_anchor_exact_rxnorm
7526,19476,744,bismuth subgallate,IN,direct_anchor_exact_rxnorm
7527,19477,745,bismuth subnitrate,IN,direct_anchor_exact_rxnorm
7528,19478,746,bismuth subsalicylate,IN,direct_anchor_exact_rxnorm
7529,47180,747,bismuth tribromophenate,IN,direct_anchor_exact_rxnorm
7534,1310510,748,bisoctrizole,IN,direct_anchor_exact_rxnorm
7535,19484,749,bisoprolol,IN,direct_anchor_exact_rxnorm
7544,1433347,751,bisphenol a,IN,direct_anchor_exact_rxnorm
7545,1368138,34,"2,2-bis(4-glycidyloxyphenyl)propane",IN,unique_convergent_term_evidence
7557,19499,752,bitolterol,IN,direct_anchor_exact_rxnorm
7558,19499,752,bitolterol,IN,direct_anchor_exact_rxnorm
7563,60819,755,bivalirudin,IN,direct_anchor_exact_rxnorm
7582,89887,2927,latrodectus mactans antivenin,IN,unique_convergent_term_evidence
7584,1372002,761,blackberry flavor,IN,unique_convergent_term_evidence
7591,905276,2370,german cockroach allergenic extract,IN,unique_convergent_term_evidence
7594,1622,762,bleomycin,IN,unique_convergent_term_evidence
7603,1597258,763,blinatumomab,IN,direct_anchor_exact_rxnorm
7615,1315126,765,blue crab preparation,IN,unique_convergent_term_evidence
7616,899382,767,blueberry allergenic extract,IN,unique_convergent_term_evidence
7683,1102129,768,boceprevir,IN,direct_anchor_exact_rxnorm
7696,2289408,769,boldenone,IN,direct_anchor_exact_rxnorm
7697,2289408,769,boldenone,IN,direct_anchor_exact_rxnorm
7699,1310049,3927,peumus boldus leaf extract,IN,unique_convergent_term_evidence
7705,314455,4618,silk allergenic extract,IN,unique_convergent_term_evidence
7715,115264,2629,ibandronate,IN,unique_convergent_term_evidence
7721,115264,2629,ibandronate,IN,direct_anchor_exact_rxnorm
7725,19605,770,bopindolol,IN,direct_anchor_exact_rxnorm
7727,68905,771,borage oil,IN,direct_anchor_exact_rxnorm
7728,1424875,772,borate ion,IN,direct_anchor_exact_rxnorm
7750,1700,774,boric acid,IN,direct_anchor_exact_rxnorm
7751,19610,775,bornaprine,IN,direct_anchor_exact_rxnorm
7753,1368202,776,borneol,IN,direct_anchor_exact_rxnorm
7754,1491978,778,bornyl acetate,IN,direct_anchor_exact_rxnorm
7759,1705,779,boron,IN,direct_anchor_exact_rxnorm
7765,358258,780,bortezomib,IN,direct_anchor_exact_rxnorm
7772,1737793,781,bos taurus gallstone preparation,IN,unique_convergent_term_evidence
7774,852256,1763,domestic cow skin extract,IN,unique_convergent_term_evidence
7778,1735163,782,boscalid,IN,direct_anchor_exact_rxnorm
7780,75207,783,bosentan,IN,direct_anchor_exact_rxnorm
7783,1307619,785,bosutinib,IN,direct_anchor_exact_rxnorm
7797,1712,788,botulinum toxin type a,IN,direct_anchor_exact_rxnorm
7806,2167673,789,botulinum toxin type b,IN,direct_anchor_exact_rxnorm
7844,852197,2458,grama grass pollen extract,IN,unique_convergent_term_evidence
7849,1426856,1364,collagen type i,IN,unique_convergent_term_evidence
7872,2049106,1896,encorafenib,IN,direct_anchor_exact_rxnorm
7881,852205,3450,mustard pollen extract,IN,unique_convergent_term_evidence
7895,2176312,792,bremelanotide,IN,direct_anchor_exact_rxnorm
7896,2176312,792,bremelanotide,IN,direct_anchor_exact_rxnorm
7899,2721880,793,brensocatib,IN,direct_anchor_exact_rxnorm
7905,19685,795,bretylium,IN,direct_anchor_exact_rxnorm
7906,19685,795,bretylium,IN,direct_anchor_exact_rxnorm
7908,49737,1973,esmolol,IN,direct_anchor_exact_rxnorm
7909,6847,3291,methohexital,IN,direct_anchor_exact_rxnorm
7910,2121777,796,brexanolone,IN,direct_anchor_exact_rxnorm
7911,1658314,797,brexpiprazole,IN,direct_anchor_exact_rxnorm
7912,2387277,798,brexucabtagene autoleucel,IN,direct_anchor_exact_rxnorm
7913,2479136,3027,lisocabtagene maraleucel,IN,direct_anchor_exact_rxnorm
7919,1726988,4803,sugammadex,IN,direct_anchor_exact_rxnorm
7928,1116632,5044,ticagrelor,IN,direct_anchor_exact_rxnorm
7929,1998867,800,brilliant blue g,IN,direct_anchor_exact_rxnorm
7930,19698,801,brilliant green,IN,direct_anchor_exact_rxnorm
7932,134615,802,brimonidine,IN,direct_anchor_exact_rxnorm
7936,2599518,803,brincidofovir,IN,direct_anchor_exact_rxnorm
7939,194881,804,brinzolamide,IN,direct_anchor_exact_rxnorm
7945,2626349,5252,ublituximab,IN,direct_anchor_exact_rxnorm
7948,1739745,805,brivaracetam,IN,direct_anchor_exact_rxnorm
7951,59161,806,brivudine,IN,direct_anchor_exact_rxnorm
7957,1668220,809,broccoli sprout extract,IN,direct_anchor_exact_rxnorm
7963,1872251,810,brodalumab,IN,direct_anchor_exact_rxnorm
7964,19727,811,brodimoprim,IN,direct_anchor_exact_rxnorm
7972,2204915,812,brolucizumab,IN,direct_anchor_exact_rxnorm
7979,1749,813,bromazepam,IN,direct_anchor_exact_rxnorm
7982,1752,814,bromelains,IN,direct_anchor_exact_rxnorm
7986,19737,815,bromfenac,IN,direct_anchor_exact_rxnorm
7987,19737,815,bromfenac,IN,direct_anchor_exact_rxnorm
7988,1753,816,bromhexine,IN,direct_anchor_exact_rxnorm
7989,1753,816,bromhexine,IN,direct_anchor_exact_rxnorm
7996,1760,817,bromocriptine,IN,direct_anchor_exact_rxnorm
7997,1760,817,bromocriptine,IN,direct_anchor_exact_rxnorm
7999,19759,818,bromodiphenhydramine,IN,direct_anchor_exact_rxnorm
8000,214323,819,bromodiphenhydramine / codeine,MIN,direct_anchor_exact_rxnorm
8005,19768,820,bromopride,IN,direct_anchor_exact_rxnorm
8007,1307044,3312,methyldibromo glutaronitrile,IN,unique_convergent_term_evidence
8008,1546386,821,bromotheophylline,IN,direct_anchor_exact_rxnorm
8010,19777,822,bromperidol,IN,direct_anchor_exact_rxnorm
8011,19777,822,bromperidol,IN,direct_anchor_exact_rxnorm
8012,1767,823,brompheniramine,IN,direct_anchor_exact_rxnorm
8015,852217,4646,smooth brome pollen extract,IN,unique_convergent_term_evidence
8016,852225,1139,cheat grass pollen extract,IN,unique_convergent_term_evidence
8019,1114345,824,bronopol,IN,direct_anchor_exact_rxnorm
8020,214442,1353,codeine / guaifenesin,MIN,direct_anchor_exact_rxnorm
8030,19790,826,brotizolam,IN,direct_anchor_exact_rxnorm
8031,899593,3444,mulberry pollen extract,IN,unique_convergent_term_evidence
8032,19791,827,brovanexine,IN,direct_anchor_exact_rxnorm
8033,19791,827,brovanexine,IN,direct_anchor_exact_rxnorm
8035,1306946,828,brown iron oxide,IN,direct_anchor_exact_rxnorm
8041,2693987,830,bruceantin,IN,direct_anchor_exact_rxnorm
8042,2181419,831,brucine,IN,direct_anchor_exact_rxnorm
8043,2181419,831,brucine,IN,direct_anchor_exact_rxnorm
8044,2262435,5429,zanubrutinib,IN,direct_anchor_exact_rxnorm
8090,59636,832,buclizine,IN,direct_anchor_exact_rxnorm
8091,59636,832,buclizine,IN,direct_anchor_exact_rxnorm
8100,19831,833,budesonide,IN,direct_anchor_exact_rxnorm
8101,19831,833,budesonide,IN,direct_anchor_exact_rxnorm
8106,19832,834,budipine,IN,direct_anchor_exact_rxnorm
8116,1796,835,bufexamac,IN,direct_anchor_exact_rxnorm
8119,1191,481,aspirin,IN,direct_anchor_exact_rxnorm
8120,19836,836,buflomedil,IN,direct_anchor_exact_rxnorm
8129,2743603,837,bulevirtide,IN,direct_anchor_exact_rxnorm
8132,19847,838,bumadizone,IN,direct_anchor_exact_rxnorm
8135,1808,839,bumetanide,IN,direct_anchor_exact_rxnorm
8137,1808,839,bumetanide,IN,direct_anchor_exact_rxnorm
8143,19850,840,bunazosin,IN,direct_anchor_exact_rxnorm
8144,19850,840,bunazosin,IN,direct_anchor_exact_rxnorm
8155,1815,841,bupivacaine,IN,direct_anchor_exact_rxnorm
8156,1817,842,bupranolol,IN,direct_anchor_exact_rxnorm
8157,1819,843,buprenorphine,IN,direct_anchor_exact_rxnorm
8158,1819,843,buprenorphine,IN,direct_anchor_exact_rxnorm
8161,42347,844,bupropion,IN,direct_anchor_exact_rxnorm
8171,2043855,848,burosumab,IN,direct_anchor_exact_rxnorm
8172,1085787,879,butylscopolamine,IN,direct_anchor_exact_rxnorm
8173,1825,851,buserelin,IN,direct_anchor_exact_rxnorm
8178,1827,852,buspirone,IN,direct_anchor_exact_rxnorm
8179,1827,852,buspirone,IN,direct_anchor_exact_rxnorm
8180,1828,853,busulfan,IN,direct_anchor_exact_rxnorm
8182,477631,854,butabarbital,IN,direct_anchor_exact_rxnorm
8183,477631,854,butabarbital,IN,direct_anchor_exact_rxnorm
8184,1829,855,butacaine,IN,direct_anchor_exact_rxnorm
8185,1829,855,butacaine,IN,direct_anchor_exact_rxnorm
8191,819929,856,butafosfan,IN,direct_anchor_exact_rxnorm
8192,180806,857,butalamine,IN,direct_anchor_exact_rxnorm
8193,19860,858,butalbital,IN,direct_anchor_exact_rxnorm
8194,19861,859,butamben,IN,direct_anchor_exact_rxnorm
8195,19861,859,butamben,IN,direct_anchor_exact_rxnorm
8196,19862,860,butamirate,IN,direct_anchor_exact_rxnorm
8197,19862,860,butamirate,IN,direct_anchor_exact_rxnorm
8201,1310550,861,butane,IN,direct_anchor_exact_rxnorm
8212,1370573,862,butedronate,IN,direct_anchor_exact_rxnorm
8214,47461,863,butenafine,IN,direct_anchor_exact_rxnorm
8215,47461,863,butenafine,IN,direct_anchor_exact_rxnorm
8218,235942,864,butetamate,IN,direct_anchor_exact_rxnorm
8223,19882,865,buthiazide,IN,direct_anchor_exact_rxnorm
8225,19880,866,butibufen,IN,direct_anchor_exact_rxnorm
8226,2390760,867,butidrine,IN,direct_anchor_exact_rxnorm
8232,19874,868,butobarbital,IN,direct_anchor_exact_rxnorm
8235,19884,869,butoconazole,IN,direct_anchor_exact_rxnorm
8236,19884,869,butoconazole,IN,direct_anchor_exact_rxnorm
8247,1841,870,butorphanol,IN,direct_anchor_exact_rxnorm
8248,1841,870,butorphanol,IN,direct_anchor_exact_rxnorm
8250,19895,871,butriptyline,IN,direct_anchor_exact_rxnorm
8251,19895,871,butriptyline,IN,direct_anchor_exact_rxnorm
8254,1310579,873,butyl alcohol,IN,direct_anchor_exact_rxnorm
8255,19900,874,butyl chloride,IN,direct_anchor_exact_rxnorm
8256,1363628,875,butyl stearate,IN,direct_anchor_exact_rxnorm
8258,1362900,876,butylated hydroxyanisole,IN,direct_anchor_exact_rxnorm
8259,1848,877,butylated hydroxytoluene,IN,direct_anchor_exact_rxnorm
8260,1310542,15,"1,3-butylene glycol",IN,unique_convergent_term_evidence
8262,1306937,878,butylparaben,IN,direct_anchor_exact_rxnorm
8265,1484499,57,3-n-butylphthalide,IN,unique_convergent_term_evidence
8266,1085787,879,butylscopolamine,IN,direct_anchor_exact_rxnorm
8270,596718,880,butyrate,IN,direct_anchor_exact_rxnorm
8273,19943,881,buzepide metiodide,IN,direct_anchor_exact_rxnorm
8300,1609072,883,c11-12 isoparaffin,IN,direct_anchor_exact_rxnorm
8311,996051,884,cabazitaxel,IN,direct_anchor_exact_rxnorm
8314,47579,885,cabergoline,IN,direct_anchor_exact_rxnorm
8318,2110605,974,caplacizumab,IN,direct_anchor_exact_rxnorm
8319,1363268,887,cabozantinib,IN,direct_anchor_exact_rxnorm
8320,2475077,886,cabotegravir,IN,direct_anchor_exact_rxnorm
8321,2475077,886,cabotegravir,IN,direct_anchor_exact_rxnorm
8334,20012,888,cadexomer iodine,IN,direct_anchor_exact_rxnorm
8337,1362694,889,cadmium,IN,direct_anchor_exact_rxnorm
8338,1362694,889,cadmium,IN,direct_anchor_exact_rxnorm
8342,1368145,890,cadmium sulfate,IN,direct_anchor_exact_rxnorm
8343,1368199,891,cadmium sulfide,IN,direct_anchor_exact_rxnorm
8350,47589,892,cafedrine,IN,direct_anchor_exact_rxnorm
8352,1311397,893,caffeic acid,IN,direct_anchor_exact_rxnorm
8353,1886,894,caffeine,IN,direct_anchor_exact_rxnorm
8354,1886,894,caffeine,IN,direct_anchor_exact_rxnorm
8362,1309211,895,cajuput oil,IN,direct_anchor_exact_rxnorm
8365,1889,898,calcifediol,IN,direct_anchor_exact_rxnorm
8369,29365,899,calcipotriene,IN,unique_convergent_term_evidence
8373,1894,901,calcitriol,IN,direct_anchor_exact_rxnorm
8374,1895,902,calcium,IN,direct_anchor_exact_rxnorm
8375,214342,903,calcium acetate,IN,direct_anchor_exact_rxnorm
8376,47610,904,calcium alginate,IN,direct_anchor_exact_rxnorm
8378,142407,905,calcium ascorbate,IN,direct_anchor_exact_rxnorm
8379,287637,906,calcium aspartate,IN,direct_anchor_exact_rxnorm
8381,1902,907,calcium carbimide,IN,direct_anchor_exact_rxnorm
8382,1897,908,calcium carbonate,IN,direct_anchor_exact_rxnorm
8384,1901,909,calcium chloride,IN,direct_anchor_exact_rxnorm
8386,47613,910,calcium citrate,IN,direct_anchor_exact_rxnorm
8388,2969,1449,cyclamate,IN,direct_anchor_exact_rxnorm
8390,235935,1744,dobesilic acid,IN,direct_anchor_exact_rxnorm
8391,1905,911,calcium fluoride,IN,direct_anchor_exact_rxnorm
8394,25806,912,calcium glubionate,IN,direct_anchor_exact_rxnorm
8396,47618,914,calcium gluceptate,IN,unique_convergent_term_evidence
8397,1908,915,calcium gluconate,IN,direct_anchor_exact_rxnorm
8398,1909,916,calcium glycerophosphate,IN,direct_anchor_exact_rxnorm
8401,1910,917,calcium hydroxide,IN,direct_anchor_exact_rxnorm
8403,1424671,918,calcium hypophosphite,IN,direct_anchor_exact_rxnorm
8404,47622,919,calcium lactate,IN,direct_anchor_exact_rxnorm
8408,235784,920,calcium lactobionate,IN,direct_anchor_exact_rxnorm
8411,47624,921,calcium levulinate,IN,direct_anchor_exact_rxnorm
8415,28728,922,calcium oxide,IN,direct_anchor_exact_rxnorm
8416,646818,3809,pangamate,IN,direct_anchor_exact_rxnorm
8417,1919,924,calcium phosphate,IN,direct_anchor_exact_rxnorm
8420,20063,925,calcium polycarbophil,IN,direct_anchor_exact_rxnorm
8421,1362901,926,calcium pyrophosphate,IN,direct_anchor_exact_rxnorm
8423,236693,927,calcium saccharate,IN,direct_anchor_exact_rxnorm
8425,1311526,928,calcium silicate,IN,direct_anchor_exact_rxnorm
8426,1925,929,calcium sulfate,IN,direct_anchor_exact_rxnorm
8427,90521,930,calcium sulfide,IN,direct_anchor_exact_rxnorm
8429,273888,931,calcium threonate,IN,direct_anchor_exact_rxnorm
8430,314881,5259,undecylenate,IN,direct_anchor_exact_rxnorm
8441,1428027,934,calendula officinalis whole extract,IN,unique_convergent_term_evidence
8444,232539,935,calfactant,IN,direct_anchor_exact_rxnorm
8449,852233,786,bottlebrush pollen extract,IN,unique_convergent_term_evidence
8455,1424676,941,calteridol,IN,direct_anchor_exact_rxnorm
8456,1424676,941,calteridol,IN,direct_anchor_exact_rxnorm
8466,1951,942,cambendazole,IN,direct_anchor_exact_rxnorm
8467,3355,1634,diclofenac,IN,direct_anchor_exact_rxnorm
8469,42375,2967,leuprolide,IN,direct_anchor_exact_rxnorm
8470,1306161,943,camellia japonica seed oil,IN,direct_anchor_exact_rxnorm
8486,2395761,944,camphene,IN,direct_anchor_exact_rxnorm
8487,1952,945,camphor,IN,direct_anchor_exact_rxnorm
8488,1306163,948,camphor leaf oil,IN,direct_anchor_exact_rxnorm
8492,2264361,949,"camphoric acid, (+)-",IN,direct_anchor_exact_rxnorm
8499,51499,2783,irinotecan,IN,direct_anchor_exact_rxnorm
8508,1373458,952,canagliflozin,IN,direct_anchor_exact_rxnorm
8509,853491,953,canakinumab,IN,direct_anchor_exact_rxnorm
8517,140108,1044,caspofungin,IN,direct_anchor_exact_rxnorm
8518,214354,956,candesartan,IN,direct_anchor_exact_rxnorm
8519,284628,957,candesartan / hydrochlorothiazide,MIN,direct_anchor_exact_rxnorm
8521,1963,958,candida albicans,IN,direct_anchor_exact_rxnorm
8532,1656052,959,cangrelor,IN,direct_anchor_exact_rxnorm
8538,2585216,961,cannabichromene,IN,direct_anchor_exact_rxnorm
8539,2045371,962,cannabidiol,IN,direct_anchor_exact_rxnorm
8542,2464938,963,cannabigerol,IN,direct_anchor_exact_rxnorm
8547,1484855,965,cannabis sativa subsp. flowering top extract,IN,direct_anchor_exact_rxnorm
8552,618970,966,canrenoate,IN,direct_anchor_exact_rxnorm
8553,81971,967,canrenoic acid,IN,direct_anchor_exact_rxnorm
8554,1982,968,canrenone,IN,direct_anchor_exact_rxnorm
8556,1984,969,cantharidin,IN,direct_anchor_exact_rxnorm
8557,42348,970,canthaxanthin,IN,direct_anchor_exact_rxnorm
8566,194000,972,capecitabine,IN,direct_anchor_exact_rxnorm
8570,2669967,973,capivasertib,IN,direct_anchor_exact_rxnorm
8572,2362165,975,capmatinib,IN,direct_anchor_exact_rxnorm
8578,895503,1764,domestic goat hair extract,IN,unique_convergent_term_evidence
8579,852252,1765,domestic goat skin extract,IN,unique_convergent_term_evidence
8581,1098413,5296,vandetanib,IN,direct_anchor_exact_rxnorm
8582,78903,976,capreomycin,IN,direct_anchor_exact_rxnorm
8584,78903,976,capreomycin,IN,direct_anchor_exact_rxnorm
8585,22380,1532,decanoic acid,IN,unique_convergent_term_evidence
8586,1494854,1535,decylamine oxide,IN,unique_convergent_term_evidence
8589,136300,977,capromab pendetide,IN,direct_anchor_exact_rxnorm
8590,1986787,978,capromorelin,IN,direct_anchor_exact_rxnorm
8591,1986787,978,capromorelin,IN,direct_anchor_exact_rxnorm
8594,2584845,979,caprylamidopropyl betaine,IN,direct_anchor_exact_rxnorm
8595,1307145,980,caprylhydroxamic acid,IN,direct_anchor_exact_rxnorm
8596,20178,3647,octanoic acid,IN,unique_convergent_term_evidence
8597,1487826,26,1-octanol,IN,unique_convergent_term_evidence
8598,1363571,12,"1,2-octanediol",IN,unique_convergent_term_evidence
8599,1992,981,capsaicin,IN,direct_anchor_exact_rxnorm
8603,319780,983,capsicum extract,IN,unique_convergent_term_evidence
8604,1314843,982,capsicum annuum whole extract,IN,unique_convergent_term_evidence
8605,235787,984,capsicum oleoresin,IN,direct_anchor_exact_rxnorm
8612,1998,985,captopril,IN,direct_anchor_exact_rxnorm
8617,4492,2247,fluorouracil,IN,direct_anchor_exact_rxnorm
8621,20191,986,caramiphen,IN,direct_anchor_exact_rxnorm
8622,20191,986,caramiphen,IN,direct_anchor_exact_rxnorm
8625,20192,987,carazolol,IN,direct_anchor_exact_rxnorm
8627,1999,988,carbachol,IN,direct_anchor_exact_rxnorm
8628,1314339,989,carbadox,IN,direct_anchor_exact_rxnorm
8630,2002,990,carbamazepine,IN,direct_anchor_exact_rxnorm
8633,47686,991,carbamide peroxide,IN,direct_anchor_exact_rxnorm
8634,1546387,992,carbamoylcholine,IN,direct_anchor_exact_rxnorm
8639,20206,993,carbarson,IN,unique_convergent_term_evidence
8640,9724,994,carbaryl,IN,direct_anchor_exact_rxnorm
8644,2011,995,carbazochrome,IN,direct_anchor_exact_rxnorm
8646,2011,995,carbazochrome,IN,direct_anchor_exact_rxnorm
8652,2015,996,carbenicillin,IN,direct_anchor_exact_rxnorm
8653,2015,996,carbenicillin,IN,direct_anchor_exact_rxnorm
8654,2015,996,carbenicillin,IN,direct_anchor_exact_rxnorm
8656,2017,997,carbenoxolone,IN,direct_anchor_exact_rxnorm
8657,2017,997,carbenoxolone,IN,direct_anchor_exact_rxnorm
8659,605496,999,carbetapentane / guaifenesin,MIN,direct_anchor_exact_rxnorm
8662,2019,1000,carbidopa,IN,direct_anchor_exact_rxnorm
8664,2020,1002,carbimazole,IN,direct_anchor_exact_rxnorm
8665,20220,1003,carbinoxamine,IN,direct_anchor_exact_rxnorm
8671,6759,3231,mepivacaine,IN,direct_anchor_exact_rxnorm
8674,2508,1221,chromonar,IN,unique_convergent_term_evidence
8675,2023,1004,carbocysteine,IN,direct_anchor_exact_rxnorm
8681,235535,1005,carbomer,IN,direct_anchor_exact_rxnorm
8684,1732380,1006,carbomer homopolymer type b (allyl pentaerythritol or allyl sucrose crosslinked),IN,direct_anchor_exact_rxnorm
8685,1305738,1007,carbomer homopolymer type c,IN,direct_anchor_exact_rxnorm
8688,2032,1010,carbon black,IN,direct_anchor_exact_rxnorm
8721,2034,1011,carbon dioxide,IN,direct_anchor_exact_rxnorm
8722,2037,1012,carbon monoxide,IN,direct_anchor_exact_rxnorm
8724,2383337,1013,carbon tetrachloride,IN,direct_anchor_exact_rxnorm
8725,1544139,1014,carbonate ion,IN,direct_anchor_exact_rxnorm
8729,40048,1015,carboplatin,IN,direct_anchor_exact_rxnorm
8731,1363568,1009,carbomer-974p,IN,unique_convergent_term_evidence
8732,2051,1016,carboprost,IN,direct_anchor_exact_rxnorm
8734,2051,1016,carboprost,IN,direct_anchor_exact_rxnorm
8749,2062,1017,carboxymethylcellulose,IN,direct_anchor_exact_rxnorm
8750,2062,1017,carboxymethylcellulose,IN,direct_anchor_exact_rxnorm
8755,2067,1019,carbromal,IN,direct_anchor_exact_rxnorm
8758,2068,1020,carbutamide,IN,direct_anchor_exact_rxnorm
8766,1314587,1021,cardamom extract,IN,unique_convergent_term_evidence
8776,42736,1595,dexrazoxane,IN,unique_convergent_term_evidence
8778,3443,1692,diltiazem,IN,direct_anchor_exact_rxnorm
8787,1302966,1024,carfilzomib,IN,unique_convergent_term_evidence
8790,401713,1025,carglumic acid,IN,direct_anchor_exact_rxnorm
8796,1667655,1026,cariprazine,IN,direct_anchor_exact_rxnorm
8797,1667655,1026,cariprazine,IN,direct_anchor_exact_rxnorm
8799,2101,1027,carisoprodol,IN,direct_anchor_exact_rxnorm
8812,1362697,1030,carnosine,IN,direct_anchor_exact_rxnorm
8830,899611,764,blue beech pollen extract,IN,unique_convergent_term_evidence
8831,20342,1031,carpipramine,IN,direct_anchor_exact_rxnorm
8832,20342,1031,carpipramine,IN,direct_anchor_exact_rxnorm
8836,20343,1032,carprofen,IN,direct_anchor_exact_rxnorm
8852,2116,1033,carteolol,IN,direct_anchor_exact_rxnorm
8853,1376213,1034,carthamus tinctorius flower bud extract,IN,unique_convergent_term_evidence
8854,1007618,946,camphor / capsaicin / menthol,MIN,direct_anchor_exact_rxnorm
8860,1998840,1035,carvacrol,IN,direct_anchor_exact_rxnorm
8862,20352,1036,carvedilol,IN,direct_anchor_exact_rxnorm
8863,20352,1036,carvedilol,IN,direct_anchor_exact_rxnorm
8867,2594775,1238,ciltacabtagene autoleucel,IN,direct_anchor_exact_rxnorm
8868,899645,754,bitternut hickory pollen extract,IN,unique_convergent_term_evidence
8869,899650,3999,pignut hickory pollen extract,IN,unique_convergent_term_evidence
8870,852272,3850,pecan pollen extract,IN,unique_convergent_term_evidence
8872,852221,4599,shagbark hickory pollen extract,IN,unique_convergent_term_evidence
8873,852193,5394,white hickory pollen extract,IN,unique_convergent_term_evidence
8874,1368148,1037,caryophyllene,IN,direct_anchor_exact_rxnorm
8875,20355,1038,carzenide,IN,direct_anchor_exact_rxnorm
8878,862460,1040,casein allergenic extract,IN,unique_convergent_term_evidence
8880,2671667,2085,exagamglogene autotemcel,IN,direct_anchor_exact_rxnorm
8881,892526,1041,cashew nut allergenic extract,IN,unique_convergent_term_evidence
8882,1358956,372,anacardium occidentale fruit extract,IN,unique_convergent_term_evidence
8883,2480096,1042,casimersen,IN,direct_anchor_exact_rxnorm
8885,2465242,1043,casirivimab,IN,direct_anchor_exact_rxnorm
8889,140108,1044,caspofungin,IN,direct_anchor_exact_rxnorm
8894,1307589,1045,cassia fistula fruit extract,IN,unique_convergent_term_evidence
8897,2129,1046,castor oil,IN,direct_anchor_exact_rxnorm
8898,852229,520,australian pine pollen extract,IN,unique_convergent_term_evidence
8902,2599,1302,clonidine,IN,direct_anchor_exact_rxnorm
8910,32022,1051,cathine,IN,direct_anchor_exact_rxnorm
8916,4271,2100,factor xiii,IN,unique_convergent_term_evidence
8920,2166593,2487,guinea pig dander,IN,unique_convergent_term_evidence
8922,852298,2488,guinea pig skin extract,IN,unique_convergent_term_evidence
8923,1425214,1052,caviar preparation,IN,unique_convergent_term_evidence
9049,1309217,1055,cedar leaf oil,IN,direct_anchor_exact_rxnorm
9050,2384449,1056,cedazuridine,IN,direct_anchor_exact_rxnorm
9056,6466,3049,lomustine,IN,unique_convergent_term_evidence
9058,2177,1059,cefadroxil,IN,direct_anchor_exact_rxnorm
9061,2233,1103,cephaloridine,IN,unique_convergent_term_evidence
9063,2179,1061,cefatrizine,IN,direct_anchor_exact_rxnorm
9072,83682,1064,cefditoren,IN,direct_anchor_exact_rxnorm
9075,20482,1066,cefetamet,IN,direct_anchor_exact_rxnorm
9079,2265702,1067,cefiderocol,IN,direct_anchor_exact_rxnorm
9080,2265702,1067,cefiderocol,IN,direct_anchor_exact_rxnorm
9083,25033,1068,cefixime,IN,direct_anchor_exact_rxnorm
9091,2182,1069,cefmetazole,IN,direct_anchor_exact_rxnorm
9092,2182,1069,cefmetazole,IN,direct_anchor_exact_rxnorm
9094,20485,1070,cefodizime,IN,direct_anchor_exact_rxnorm
9095,2183,1071,cefonicid,IN,direct_anchor_exact_rxnorm
9097,20486,1073,ceforanide,IN,direct_anchor_exact_rxnorm
9099,2188,1076,cefotiam,IN,direct_anchor_exact_rxnorm
9100,2188,1076,cefotiam,IN,direct_anchor_exact_rxnorm
9101,1591901,1077,cefovecin,IN,direct_anchor_exact_rxnorm
9102,1591901,1077,cefovecin,IN,direct_anchor_exact_rxnorm
9109,27130,1079,cefpirome,IN,direct_anchor_exact_rxnorm
9110,27130,1079,cefpirome,IN,direct_anchor_exact_rxnorm
9115,2190,1082,cefsulodin,IN,direct_anchor_exact_rxnorm
9117,1040004,1084,ceftaroline fosamil,IN,direct_anchor_exact_rxnorm
9118,1040004,1084,ceftaroline fosamil,IN,direct_anchor_exact_rxnorm
9122,1311521,1087,ceftiofur,IN,direct_anchor_exact_rxnorm
9123,1311521,1087,ceftiofur,IN,direct_anchor_exact_rxnorm
9124,1311521,1087,ceftiofur,IN,direct_anchor_exact_rxnorm
9127,2691333,1089,ceftobiprole,IN,direct_anchor_exact_rxnorm
9128,2691333,1089,ceftobiprole,IN,unique_convergent_term_evidence
9129,1597609,1090,ceftolozane,IN,direct_anchor_exact_rxnorm
9130,1597609,1090,ceftolozane,IN,direct_anchor_exact_rxnorm
9138,140587,1094,celecoxib,IN,direct_anchor_exact_rxnorm
9139,140587,1094,celecoxib,IN,direct_anchor_exact_rxnorm
9144,20498,1095,celiprolol,IN,direct_anchor_exact_rxnorm
9145,20498,1095,celiprolol,IN,direct_anchor_exact_rxnorm
9153,68149,3452,mycophenolate mofetil,IN,direct_anchor_exact_rxnorm
9162,852324,2490,hackberry pollen extract,IN,unique_convergent_term_evidence
9168,2058826,1097,cemiplimab,IN,direct_anchor_exact_rxnorm
9173,2104332,1098,cenegermin,IN,direct_anchor_exact_rxnorm
9180,2265690,1099,cenobamate,IN,direct_anchor_exact_rxnorm
9198,1399,656,benzocaine,IN,direct_anchor_exact_rxnorm
9208,2238,1105,cephapirin,IN,direct_anchor_exact_rxnorm
9215,8834,4267,protein c,IN,direct_anchor_exact_rxnorm
9220,1314307,1109,ceramide 6 ii,IN,unique_convergent_term_evidence
9222,1426448,1107,ceramide 2,IN,unique_convergent_term_evidence
9223,1362741,1108,ceramide 3,IN,unique_convergent_term_evidence
9234,72236,2297,fosphenytoin,IN,direct_anchor_exact_rxnorm
9235,715869,3163,maropitant,IN,direct_anchor_exact_rxnorm
9240,1535457,1111,ceritinib,IN,direct_anchor_exact_rxnorm
9242,1673068,1110,ceric oxide,IN,unique_convergent_term_evidence
9243,314546,1112,cerium oxalate,IN,direct_anchor_exact_rxnorm
9244,596723,1113,cerivastatin,IN,direct_anchor_exact_rxnorm
9247,1922437,1114,cerliponase,IN,direct_anchor_exact_rxnorm
9250,709271,1115,certolizumab pegol,IN,direct_anchor_exact_rxnorm
9251,152610,1116,certoparin,IN,direct_anchor_exact_rxnorm
9252,152610,1116,certoparin,IN,direct_anchor_exact_rxnorm
9257,31447,3475,nabilone,IN,direct_anchor_exact_rxnorm
9258,1310121,1117,cesium,IN,direct_anchor_exact_rxnorm
9265,47907,1118,cetalkonium chloride,IN,direct_anchor_exact_rxnorm
9268,1311623,1119,ceteareth-30,IN,direct_anchor_exact_rxnorm
9270,1314341,1120,ceteth-10,IN,direct_anchor_exact_rxnorm
9271,1310709,1121,ceteth-20,IN,direct_anchor_exact_rxnorm
9274,20609,1122,cetiedil,IN,direct_anchor_exact_rxnorm
9275,20609,1122,cetiedil,IN,direct_anchor_exact_rxnorm
9277,20610,1123,cetirizine,IN,direct_anchor_exact_rxnorm
9286,288088,1125,cetrimide,IN,direct_anchor_exact_rxnorm
9287,20614,1126,cetrimonium,IN,direct_anchor_exact_rxnorm
9288,20614,1126,cetrimonium,IN,direct_anchor_exact_rxnorm
9289,20614,1126,cetrimonium,IN,direct_anchor_exact_rxnorm
9291,68147,1127,cetrorelix,IN,direct_anchor_exact_rxnorm
9293,318341,1128,cetuximab,IN,direct_anchor_exact_rxnorm
9297,20615,1129,cetyl alcohol,IN,direct_anchor_exact_rxnorm
9298,1306178,1130,cetyl ethylhexanoate,IN,direct_anchor_exact_rxnorm
9299,1311485,1132,cetyl palmitate,IN,direct_anchor_exact_rxnorm
9300,2286,1133,cetylpyridinium,IN,direct_anchor_exact_rxnorm
9301,2286,1133,cetylpyridinium,IN,direct_anchor_exact_rxnorm
9304,2286,1133,cetylpyridinium,IN,direct_anchor_exact_rxnorm
9310,44281,1134,cevimeline,IN,direct_anchor_exact_rxnorm
9337,1305633,1135,chamaecyparis obtusa wood oil,IN,direct_anchor_exact_rxnorm
9338,1306194,1136,chamaemelum nobile flower extract,IN,unique_convergent_term_evidence
9356,42588,1140,chenodeoxycholate,IN,direct_anchor_exact_rxnorm
9357,852237,2903,lambs quarters pollen extract,IN,unique_convergent_term_evidence
9358,897391,3344,mexican tea pollen extract,IN,unique_convergent_term_evidence
9359,1014766,2840,jerusalem oak pollen extract,IN,unique_convergent_term_evidence
9372,2001615,1143,chicory leaf extract,IN,unique_convergent_term_evidence
9379,1305720,1144,chinese cinnamon extract,IN,unique_convergent_term_evidence
9389,59038,1147,chitosan,IN,direct_anchor_exact_rxnorm
9396,2400,1184,chlorpheniramine,IN,direct_anchor_exact_rxnorm
9398,89808,1150,chloral betaine,IN,direct_anchor_exact_rxnorm
9399,38574,5165,trichloroacetaldehyde,IN,direct_anchor_exact_rxnorm
9402,2346,1151,chlorambucil,IN,direct_anchor_exact_rxnorm
9404,20762,1152,chloramine-t,IN,direct_anchor_exact_rxnorm
9405,20762,1152,chloramine-t,IN,direct_anchor_exact_rxnorm
9406,2348,1153,chloramphenicol,IN,direct_anchor_exact_rxnorm
9407,2348,1153,chloramphenicol,IN,direct_anchor_exact_rxnorm
9409,2348,1153,chloramphenicol,IN,direct_anchor_exact_rxnorm
9410,2348,1153,chloramphenicol,IN,direct_anchor_exact_rxnorm
9411,484139,1158,chlorhexidine / isopropyl alcohol,MIN,direct_anchor_exact_rxnorm
9416,2354,1154,chlorcyclizine,IN,direct_anchor_exact_rxnorm
9419,2356,1155,chlordiazepoxide,IN,direct_anchor_exact_rxnorm
9420,611854,1156,chlordiazepoxide / clidinium,MIN,direct_anchor_exact_rxnorm
9426,2358,1157,chlorhexidine,IN,direct_anchor_exact_rxnorm
9428,645081,1159,chlorhexidine / tolnaftate,MIN,direct_anchor_exact_rxnorm
9430,1546391,1160,chloric acid,IN,direct_anchor_exact_rxnorm
9431,153974,1161,chloride ion,IN,direct_anchor_exact_rxnorm
9434,1310122,1162,chlorine,IN,direct_anchor_exact_rxnorm
9435,20799,1163,chlorine dioxide,IN,direct_anchor_exact_rxnorm
9438,78904,1164,chlormadinone,IN,direct_anchor_exact_rxnorm
9441,2373,1165,chlormezanone,IN,direct_anchor_exact_rxnorm
9445,2378,1166,chlorobutanol,IN,direct_anchor_exact_rxnorm
9446,2378,1166,chlorobutanol,IN,direct_anchor_exact_rxnorm
9448,20823,1167,chlorocresol,IN,direct_anchor_exact_rxnorm
9449,1362698,1168,chloroform,IN,direct_anchor_exact_rxnorm
9450,1311387,1169,chlorogenic acid,IN,direct_anchor_exact_rxnorm
9451,1312362,1170,chloromethyl methyl ether,IN,direct_anchor_exact_rxnorm
9461,20859,1172,chloroprocaine,IN,direct_anchor_exact_rxnorm
9462,20861,1173,chloropyramine,IN,direct_anchor_exact_rxnorm
9463,20861,1173,chloropyramine,IN,direct_anchor_exact_rxnorm
9464,2393,1174,chloroquine,IN,direct_anchor_exact_rxnorm
9465,2393,1174,chloroquine,IN,direct_anchor_exact_rxnorm
9466,2393,1174,chloroquine,IN,direct_anchor_exact_rxnorm
9468,59695,1175,chlorothen,IN,direct_anchor_exact_rxnorm
9470,2396,1177,chlorothiazide,IN,direct_anchor_exact_rxnorm
9471,2396,1177,chlorothiazide,IN,direct_anchor_exact_rxnorm
9472,1363702,1178,chlorothymol,IN,direct_anchor_exact_rxnorm
9475,2397,1179,chlorotrianisene,IN,direct_anchor_exact_rxnorm
9476,20875,1180,chloroxine,IN,direct_anchor_exact_rxnorm
9477,20877,1181,chloroxylenol,IN,direct_anchor_exact_rxnorm
9478,1362886,1182,chlorozotocin,IN,direct_anchor_exact_rxnorm
9479,2399,1183,chlorphenesin,IN,direct_anchor_exact_rxnorm
9480,2399,1183,chlorphenesin,IN,direct_anchor_exact_rxnorm
9481,2400,1184,chlorpheniramine,IN,direct_anchor_exact_rxnorm
9487,20881,1188,chlorphenoxamine,IN,direct_anchor_exact_rxnorm
9488,20881,1188,chlorphenoxamine,IN,direct_anchor_exact_rxnorm
9491,59860,1189,chlorproethazine,IN,direct_anchor_exact_rxnorm
9492,59860,1189,chlorproethazine,IN,direct_anchor_exact_rxnorm
9495,2403,1190,chlorpromazine,IN,direct_anchor_exact_rxnorm
9496,2404,1191,chlorpropamide,IN,direct_anchor_exact_rxnorm
9497,2406,1192,chlorprothixene,IN,direct_anchor_exact_rxnorm
9500,2407,1193,chlorquinaldol,IN,direct_anchor_exact_rxnorm
9502,2408,1195,chlortetracycline,IN,direct_anchor_exact_rxnorm
9504,2408,1195,chlortetracycline,IN,direct_anchor_exact_rxnorm
9505,2408,1195,chlortetracycline,IN,direct_anchor_exact_rxnorm
9506,2409,1196,chlorthalidone,IN,direct_anchor_exact_rxnorm
9508,2410,1199,chlorzoxazone,IN,direct_anchor_exact_rxnorm
9512,1426483,1201,cholate,IN,direct_anchor_exact_rxnorm
9513,2418,1202,cholecalciferol,IN,direct_anchor_exact_rxnorm
9515,2420,1203,cholecystokinin,IN,direct_anchor_exact_rxnorm
9517,2438,1204,cholesterol,IN,direct_anchor_exact_rxnorm
9519,1606197,1205,cholesteryl chloride,IN,direct_anchor_exact_rxnorm
9521,2447,1206,cholestyramine resin,IN,unique_convergent_term_evidence
9522,1440856,1207,cholic acid,IN,direct_anchor_exact_rxnorm
9525,2449,1208,choline,IN,direct_anchor_exact_rxnorm
9527,2449,1208,choline,IN,direct_anchor_exact_rxnorm
9529,2449,1208,choline,IN,direct_anchor_exact_rxnorm
9530,2449,1208,choline,IN,direct_anchor_exact_rxnorm
9531,1433887,1209,choline fenofibrate,IN,direct_anchor_exact_rxnorm
9533,215799,1210,choline magnesium trisalicylate,IN,direct_anchor_exact_rxnorm
9536,2473,1211,chondroitin sulfates,IN,unique_convergent_term_evidence
9539,4986,1212,chorionic gonadotropin,IN,direct_anchor_exact_rxnorm
9540,4986,1212,chorionic gonadotropin,IN,unique_convergent_term_evidence
9544,1546418,1213,chromic cation,IN,direct_anchor_exact_rxnorm
9545,21009,1214,chromic chloride,IN,direct_anchor_exact_rxnorm
9546,2496,1217,chromium,IN,direct_anchor_exact_rxnorm
9550,90402,1216,chromic sulfate,IN,direct_anchor_exact_rxnorm
9551,2496,1217,chromium,IN,direct_anchor_exact_rxnorm
9552,2496,1217,chromium,IN,direct_anchor_exact_rxnorm
9554,1311292,1218,chromium gluconate,IN,direct_anchor_exact_rxnorm
9558,59308,1219,chromium picolinate,IN,direct_anchor_exact_rxnorm
9559,1539810,1220,chromium trioxide,IN,direct_anchor_exact_rxnorm
9563,2508,1221,chromonar,IN,direct_anchor_exact_rxnorm
9574,1362888,1222,chrysin,IN,direct_anchor_exact_rxnorm
9580,2525,1223,chymopapain,IN,direct_anchor_exact_rxnorm
9582,2530,1224,chymotrypsin,IN,direct_anchor_exact_rxnorm
9597,1367177,1050,catechin,IN,unique_convergent_term_evidence
9601,21099,1230,cifenline,IN,unique_convergent_term_evidence
9612,274964,1225,ciclesonide,IN,direct_anchor_exact_rxnorm
9613,21914,1226,cicletanine,IN,direct_anchor_exact_rxnorm
9614,21914,1226,cicletanine,IN,direct_anchor_exact_rxnorm
9617,3002,1467,cyclophosphamide,IN,unique_convergent_term_evidence
9621,21090,1227,ciclopirox,IN,direct_anchor_exact_rxnorm
9622,21090,1227,ciclopirox,IN,direct_anchor_exact_rxnorm
9631,21095,1228,cicloxilic acid,IN,direct_anchor_exact_rxnorm
9638,83171,1229,cidofovir,IN,direct_anchor_exact_rxnorm
9644,2477852,1231,cifostodine,IN,direct_anchor_exact_rxnorm
9653,2540,1232,cilastatin,IN,direct_anchor_exact_rxnorm
9654,2540,1232,cilastatin,IN,direct_anchor_exact_rxnorm
9655,21102,1235,cilazapril,IN,direct_anchor_exact_rxnorm
9658,2587306,1236,cilgavimab,IN,direct_anchor_exact_rxnorm
9668,21107,1237,cilostazol,IN,direct_anchor_exact_rxnorm
9676,2541,1239,cimetidine,IN,direct_anchor_exact_rxnorm
9677,2541,1239,cimetidine,IN,direct_anchor_exact_rxnorm
9682,407990,1240,cinacalcet,IN,direct_anchor_exact_rxnorm
9683,407990,1240,cinacalcet,IN,direct_anchor_exact_rxnorm
9686,21113,1241,cinametic acid,IN,direct_anchor_exact_rxnorm
9693,3339,1621,dibucaine,IN,unique_convergent_term_evidence
9710,21125,1242,cinitapride,IN,direct_anchor_exact_rxnorm
9715,21130,1244,cinnamedrine,IN,direct_anchor_exact_rxnorm
9716,21130,1244,cinnamedrine,IN,direct_anchor_exact_rxnorm
9717,1368650,1243,cinnamate,IN,direct_anchor_exact_rxnorm
9721,1309229,1245,cinnamon oil,IN,direct_anchor_exact_rxnorm
9722,1362889,1246,cinnamyl alcohol,IN,direct_anchor_exact_rxnorm
9723,2549,1247,cinnarizine,IN,direct_anchor_exact_rxnorm
9730,2550,1248,cinoxacin,IN,direct_anchor_exact_rxnorm
9731,288262,1249,cinoxate,IN,direct_anchor_exact_rxnorm
9746,2667433,1250,cipaglucosidase alfa,IN,direct_anchor_exact_rxnorm
9760,2551,1252,ciprofloxacin,IN,direct_anchor_exact_rxnorm
9762,21149,1251,ciprofibrate,IN,direct_anchor_exact_rxnorm
9763,2551,1252,ciprofloxacin,IN,direct_anchor_exact_rxnorm
9795,35255,1253,cisapride,IN,direct_anchor_exact_rxnorm
9796,35255,1253,cisapride,IN,direct_anchor_exact_rxnorm
9797,319864,1254,cisatracurium,IN,direct_anchor_exact_rxnorm
9798,319864,1254,cisatracurium,IN,direct_anchor_exact_rxnorm
9807,2555,1255,cisplatin,IN,direct_anchor_exact_rxnorm
9819,2556,1256,citalopram,IN,direct_anchor_exact_rxnorm
9821,8686,4203,prilocaine,IN,direct_anchor_exact_rxnorm
9831,997602,1257,citicoline,IN,direct_anchor_exact_rxnorm
9832,997602,1257,citicoline,IN,direct_anchor_exact_rxnorm
9833,21171,1258,citiolone,IN,direct_anchor_exact_rxnorm
9839,1435288,1259,citraconate,IN,direct_anchor_exact_rxnorm
9840,114200,1260,citrate,IN,direct_anchor_exact_rxnorm
9841,21183,1261,citric acid,IN,direct_anchor_exact_rxnorm
9843,1309376,1263,citronella oil,IN,direct_anchor_exact_rxnorm
9844,2567,1264,citrulline,IN,direct_anchor_exact_rxnorm
9845,1311573,1265,citrus aurantium fruit extract,IN,unique_convergent_term_evidence
9846,5281,2529,hesperidin,IN,unique_convergent_term_evidence
9847,1366324,1266,citrus junos fruit extract,IN,unique_convergent_term_evidence
9848,581398,1267,citrus pectin,IN,direct_anchor_exact_rxnorm
9849,897403,3702,orange pollen extract,IN,unique_convergent_term_evidence
9864,44157,1268,cladribine,IN,direct_anchor_exact_rxnorm
9880,2474340,1271,clascoterone,IN,direct_anchor_exact_rxnorm
9884,48203,1272,clavulanate,IN,direct_anchor_exact_rxnorm
9885,48203,1272,clavulanate,IN,direct_anchor_exact_rxnorm
9893,21224,1273,clebopride,IN,direct_anchor_exact_rxnorm
9898,2578,1274,clemastine,IN,direct_anchor_exact_rxnorm
9899,1355831,1275,clematis vitalba flower extract,IN,direct_anchor_exact_rxnorm
9906,21226,1276,clemizolpenicillin,IN,direct_anchor_exact_rxnorm
9907,2580,1277,clenbuterol,IN,direct_anchor_exact_rxnorm
9908,2580,1277,clenbuterol,IN,direct_anchor_exact_rxnorm
9917,233603,1279,clevidipine,IN,direct_anchor_exact_rxnorm
9918,233603,1279,clevidipine,IN,direct_anchor_exact_rxnorm
9925,21232,1280,clidinium,IN,direct_anchor_exact_rxnorm
9926,611854,1156,chlordiazepoxide / clidinium,MIN,direct_anchor_exact_rxnorm
9932,191566,1281,climbazole,IN,direct_anchor_exact_rxnorm
9936,2582,1282,clindamycin,IN,direct_anchor_exact_rxnorm
9938,2582,1282,clindamycin,IN,direct_anchor_exact_rxnorm
9945,5942,1283,clioquinol,IN,direct_anchor_exact_rxnorm
9953,21241,1284,clobazam,IN,direct_anchor_exact_rxnorm
9956,21244,1285,clobenzorex,IN,direct_anchor_exact_rxnorm
9958,2590,1286,clobetasol,IN,direct_anchor_exact_rxnorm
9959,2590,1286,clobetasol,IN,direct_anchor_exact_rxnorm
9960,108074,1287,clobetasone,IN,direct_anchor_exact_rxnorm
9961,108074,1287,clobetasone,IN,direct_anchor_exact_rxnorm
9962,21247,1288,clobutinol,IN,direct_anchor_exact_rxnorm
9967,402583,1289,clocinizine,IN,direct_anchor_exact_rxnorm
9968,402583,1289,clocinizine,IN,direct_anchor_exact_rxnorm
9969,21249,1290,clocortolone,IN,direct_anchor_exact_rxnorm
9972,21249,1290,clocortolone,IN,direct_anchor_exact_rxnorm
9984,3350,1291,clodronic acid,IN,unique_convergent_term_evidence
9987,44151,1292,clofarabine,IN,direct_anchor_exact_rxnorm
9988,2592,1293,clofazimine,IN,direct_anchor_exact_rxnorm
9989,21254,1149,chlophedianol,IN,unique_convergent_term_evidence
9998,21255,1294,clofexamide,IN,direct_anchor_exact_rxnorm
10000,2594,1296,clofibrate,IN,direct_anchor_exact_rxnorm
10007,21264,1297,clofoctol,IN,direct_anchor_exact_rxnorm
10023,2596,1298,clomiphene,IN,unique_convergent_term_evidence
10026,2597,1299,clomipramine,IN,direct_anchor_exact_rxnorm
10027,21272,1300,clomocycline,IN,direct_anchor_exact_rxnorm
10029,2598,1301,clonazepam,IN,direct_anchor_exact_rxnorm
10033,2599,1302,clonidine,IN,direct_anchor_exact_rxnorm
10036,2372697,1303,clonitrate,IN,direct_anchor_exact_rxnorm
10038,2601,1304,clonixin,IN,direct_anchor_exact_rxnorm
10042,2603,1305,clopamide,IN,direct_anchor_exact_rxnorm
10044,2104180,1306,cloperastine,IN,direct_anchor_exact_rxnorm
10045,2104180,1306,cloperastine,IN,direct_anchor_exact_rxnorm
10049,32968,1307,clopidogrel,IN,direct_anchor_exact_rxnorm
10050,1367179,1308,clopidol,IN,direct_anchor_exact_rxnorm
10058,21285,1309,cloprednol,IN,direct_anchor_exact_rxnorm
10059,2606,1310,cloprostenol,IN,direct_anchor_exact_rxnorm
10060,2606,1310,cloprostenol,IN,direct_anchor_exact_rxnorm
10066,2353,1311,clorazepate,IN,direct_anchor_exact_rxnorm
10068,2353,1311,clorazepate,IN,direct_anchor_exact_rxnorm
10082,21290,1312,clorophene,IN,direct_anchor_exact_rxnorm
10088,28303,1313,clorsulon,IN,direct_anchor_exact_rxnorm
10095,61686,1314,clostebol,IN,direct_anchor_exact_rxnorm
10096,61686,1314,clostebol,IN,direct_anchor_exact_rxnorm
10097,1811178,1315,clostridium botulinum,IN,direct_anchor_exact_rxnorm
10107,798306,4968,"tetanus toxoid vaccine, inactivated",IN,unique_convergent_term_evidence
10110,2620,1316,clothiapine,IN,direct_anchor_exact_rxnorm
10113,2622,1317,clotiazepam,IN,direct_anchor_exact_rxnorm
10119,899724,1319,clove allergenic extract,IN,unique_convergent_term_evidence
10120,7624,1320,clove oil,IN,direct_anchor_exact_rxnorm
10123,2625,1321,cloxacillin,IN,direct_anchor_exact_rxnorm
10124,2625,1321,cloxacillin,IN,direct_anchor_exact_rxnorm
10125,2625,1321,cloxacillin,IN,direct_anchor_exact_rxnorm
10127,21311,1322,cloxazolam,IN,direct_anchor_exact_rxnorm
10133,2626,1323,clozapine,IN,direct_anchor_exact_rxnorm
10151,2697463,1324,cnidium monnieri fruit extract,IN,unique_convergent_term_evidence
10169,4262,2099,factor x,IN,direct_anchor_exact_rxnorm
10171,4254,2095,factor vii,IN,unique_convergent_term_evidence
10175,2635,1326,coal tar,IN,direct_anchor_exact_rxnorm
10179,1310300,1330,cobalt,IN,direct_anchor_exact_rxnorm
10180,1426884,1333,cobaltous chloride,IN,unique_convergent_term_evidence
10183,1546419,1332,cobaltous cation,IN,direct_anchor_exact_rxnorm
10186,1362742,1331,cobalt sulfate,IN,unique_convergent_term_evidence
10187,21373,1334,cobamamide,IN,direct_anchor_exact_rxnorm
10189,1306284,1335,cobicistat,IN,direct_anchor_exact_rxnorm
10190,1722365,1340,cobimetinib,IN,direct_anchor_exact_rxnorm
10191,1722365,1340,cobimetinib,IN,direct_anchor_exact_rxnorm
10202,2653,1341,cocaine,IN,direct_anchor_exact_rxnorm
10203,2653,1341,cocaine,IN,direct_anchor_exact_rxnorm
10204,1311576,1343,cocamidopropyl betaine,IN,direct_anchor_exact_rxnorm
10205,10454,4992,thiamine,IN,unique_convergent_term_evidence
10206,1549330,1344,coccidioides immitis spherule,IN,direct_anchor_exact_rxnorm
10212,21389,1347,cocoa butter,IN,direct_anchor_exact_rxnorm
10214,1309239,1349,coconut oil,IN,direct_anchor_exact_rxnorm
10216,2669,1350,cod liver oil,IN,direct_anchor_exact_rxnorm
10220,2670,1352,codeine,IN,direct_anchor_exact_rxnorm
10229,1314344,1355,coenzyme a,IN,direct_anchor_exact_rxnorm
10232,1546354,50,2-mercaptoethanesulfonic acid,IN,unique_convergent_term_evidence
10246,1541732,1357,coix lacryma-jobi var. ma-yuen seed oil,IN,direct_anchor_exact_rxnorm
10251,82003,1749,docusate,IN,direct_anchor_exact_rxnorm
10252,2174385,1358,colchiceine,IN,direct_anchor_exact_rxnorm
10253,2683,1359,colchicine,IN,direct_anchor_exact_rxnorm
10254,2683,1359,colchicine,IN,direct_anchor_exact_rxnorm
10256,141626,1360,colesevelam,IN,direct_anchor_exact_rxnorm
10258,2685,1361,colestipol,IN,direct_anchor_exact_rxnorm
10263,107784,1362,colfosceril,IN,direct_anchor_exact_rxnorm
10267,2709,1363,colistin,IN,direct_anchor_exact_rxnorm
10268,2709,1363,colistin,IN,direct_anchor_exact_rxnorm
10269,2709,1363,colistin,IN,direct_anchor_exact_rxnorm
10280,898492,1367,collagenase clostridium histolyticum,IN,direct_anchor_exact_rxnorm
10282,1339883,1368,collinsonia extract,IN,direct_anchor_exact_rxnorm
10284,221082,1369,colloidal oatmeal,IN,direct_anchor_exact_rxnorm
10293,2639782,2397,glofitamab,IN,direct_anchor_exact_rxnorm
10302,214199,194,albuterol / ipratropium,MIN,direct_anchor_exact_rxnorm
10315,8704,4217,prochlorperazine,IN,direct_anchor_exact_rxnorm
10319,1145801,1888,emtricitabine / rilpivirine / tenofovir disoproxil,MIN,direct_anchor_exact_rxnorm
10328,8704,4217,prochlorperazine,IN,direct_anchor_exact_rxnorm
10335,2708333,1375,concizumab,IN,direct_anchor_exact_rxnorm
10337,1546420,1376,condoliase,IN,direct_anchor_exact_rxnorm
10340,1599832,882,c1 esterase inhibitor,IN,unique_convergent_term_evidence
10342,1313334,1377,coniine,IN,direct_anchor_exact_rxnorm
10345,302285,1378,conivaptan,IN,direct_anchor_exact_rxnorm
10346,302285,1378,conivaptan,IN,direct_anchor_exact_rxnorm
10361,1551467,845,bupropion / naltrexone,MIN,direct_anchor_exact_rxnorm
10366,2058509,1813,duvelisib,IN,direct_anchor_exact_rxnorm
10369,2837,1381,copper,IN,direct_anchor_exact_rxnorm
10392,2837,1381,copper,IN,direct_anchor_exact_rxnorm
10393,2839,1383,copper gluconate,IN,direct_anchor_exact_rxnorm
10394,2396443,1751,dodatate,IN,direct_anchor_exact_rxnorm
10406,979384,3625,north american coral snake antivenin,IN,unique_convergent_term_evidence
10411,1989289,1385,cordycepin,IN,direct_anchor_exact_rxnorm
10414,4271,2100,factor xiii,IN,direct_anchor_exact_rxnorm
10418,1649480,2830,ivabradine,IN,direct_anchor_exact_rxnorm
10419,24853,2129,fenoldopam,IN,direct_anchor_exact_rxnorm
10433,5492,2578,hydrocortisone,IN,direct_anchor_exact_rxnorm
10436,214461,1390,corticotropin-releasing hormone,IN,unique_convergent_term_evidence
10437,214461,1390,corticotropin-releasing hormone,IN,direct_anchor_exact_rxnorm
10442,376,1389,corticotropin,IN,direct_anchor_exact_rxnorm
10451,2878,1391,cortisone,IN,direct_anchor_exact_rxnorm
10452,217627,2579,hydrocortisone / neomycin / polymyxin b,MIN,direct_anchor_exact_rxnorm
10455,21660,1392,cortivazol,IN,direct_anchor_exact_rxnorm
10457,41289,2636,ibutilide,IN,direct_anchor_exact_rxnorm
10458,1376214,1393,corydalis ambigua tuber extract,IN,unique_convergent_term_evidence
10459,852281,2508,hazelnut pollen extract,IN,unique_convergent_term_evidence
10467,798304,1726,"diphtheria toxoid vaccine, inactivated",IN,unique_convergent_term_evidence
10475,2717511,1394,cosibelimab,IN,direct_anchor_exact_rxnorm
10478,3100,1494,dactinomycin,IN,direct_anchor_exact_rxnorm
10522,1309243,1396,cottonseed oil,IN,direct_anchor_exact_rxnorm
10523,11289,5375,warfarin,IN,direct_anchor_exact_rxnorm
10525,2745582,1397,coumaphos,IN,direct_anchor_exact_rxnorm
10526,2898,1398,coumarin,IN,direct_anchor_exact_rxnorm
10543,892665,1399,cow milk allergenic extract,IN,unique_convergent_term_evidence
10612,2907,1402,creatine,IN,direct_anchor_exact_rxnorm
10613,2907,1402,creatine,IN,direct_anchor_exact_rxnorm
10614,2913,1403,creatinine,IN,direct_anchor_exact_rxnorm
10622,21732,1406,cresatin,IN,direct_anchor_exact_rxnorm
10623,1608322,2791,isavuconazonium,IN,direct_anchor_exact_rxnorm
10625,62130,1407,cresol,IN,direct_anchor_exact_rxnorm
10628,301542,4476,rosuvastatin,IN,direct_anchor_exact_rxnorm
10633,2701386,1409,crinecerfont,IN,direct_anchor_exact_rxnorm
10635,1865953,1410,crisaborole,IN,direct_anchor_exact_rxnorm
10642,1148495,1412,crizotinib,IN,direct_anchor_exact_rxnorm
10648,2262278,1413,crocin,IN,direct_anchor_exact_rxnorm
10649,21753,1414,croconazole,IN,direct_anchor_exact_rxnorm
10650,1008507,180,agkistrodon piscivorus antivenin / crotalus adamanteus antivenin / crotalus atrox antivenin / crotalus scutulatus antivenin,MIN,direct_anchor_exact_rxnorm
10651,1364449,1415,crofelemer,IN,direct_anchor_exact_rxnorm
10659,812238,1418,cromolyn / xylometazoline,MIN,direct_anchor_exact_rxnorm
10663,1310574,1419,croscarmellose,IN,direct_anchor_exact_rxnorm
10665,885185,1421,crotalus adamanteus antivenin,IN,direct_anchor_exact_rxnorm
10666,885187,1422,crotalus atrox antivenin,IN,direct_anchor_exact_rxnorm
10667,885189,1423,crotalus scutulatus antivenin,IN,direct_anchor_exact_rxnorm
10668,21766,1424,crotamiton,IN,direct_anchor_exact_rxnorm
10671,1309665,1425,croton oil,IN,direct_anchor_exact_rxnorm
10674,2686619,1426,crovalimab,IN,direct_anchor_exact_rxnorm
10688,42618,1427,cryptenamine,IN,direct_anchor_exact_rxnorm
10689,1307710,1428,crypthecodinium cohnii dha oil,IN,direct_anchor_exact_rxnorm
10719,886637,1756,dog flea allergenic extract,IN,unique_convergent_term_evidence
10720,886638,1047,cat flea allergenic extract,IN,unique_convergent_term_evidence
10740,1345679,1430,culex pipiens preparation,IN,unique_convergent_term_evidence
10749,852814,446,arizona cypress pollen extract,IN,unique_convergent_term_evidence
10751,1427198,1436,cupric cation,IN,direct_anchor_exact_rxnorm
10752,21833,1437,cupric chloride,IN,direct_anchor_exact_rxnorm
10753,1428217,1438,cupric glycinate,IN,direct_anchor_exact_rxnorm
10754,21837,1439,cupric oxide,IN,direct_anchor_exact_rxnorm
10755,21579,1384,copper sulfate,IN,unique_convergent_term_evidence
10757,1423796,1440,cuprous chloride,IN,direct_anchor_exact_rxnorm
10763,1482794,1442,curcuma aromatica root oil,IN,direct_anchor_exact_rxnorm
10764,1306094,1443,curcuma xanthorrhiza oil,IN,direct_anchor_exact_rxnorm
10766,2955,1444,curcumin,IN,direct_anchor_exact_rxnorm
10774,999438,1445,curvularia inequalis allergenic extract,IN,unique_convergent_term_evidence
10807,21877,1446,cyamemazine,IN,direct_anchor_exact_rxnorm
10811,11248,5348,vitamin b12,IN,unique_convergent_term_evidence
10822,852551,850,burweed marshelder pollen extract,IN,unique_convergent_term_evidence
10823,2968,1448,cyclacillin,IN,direct_anchor_exact_rxnorm
10826,2970,1450,cyclandelate,IN,direct_anchor_exact_rxnorm
10832,1314330,1451,cyclic amp,IN,unique_convergent_term_evidence
10841,2977,1452,cyclizine,IN,direct_anchor_exact_rxnorm
10842,2977,1452,cyclizine,IN,direct_anchor_exact_rxnorm
10843,2977,1452,cyclizine,IN,direct_anchor_exact_rxnorm
10848,2978,1453,cyclobarbital,IN,direct_anchor_exact_rxnorm
10850,21949,1454,cyclobenzaprine,IN,direct_anchor_exact_rxnorm
10851,21949,1454,cyclobenzaprine,IN,direct_anchor_exact_rxnorm
10856,21954,1455,cyclobutyrol,IN,direct_anchor_exact_rxnorm
10861,2983,1457,cyclofenil,IN,direct_anchor_exact_rxnorm
10867,2099711,1458,cyclohexanol,IN,direct_anchor_exact_rxnorm
10868,2362166,1459,cyclohexanone,IN,direct_anchor_exact_rxnorm
10879,1307080,1460,cyclomethicone,IN,direct_anchor_exact_rxnorm
10880,1305744,1461,cyclomethicone 5,IN,direct_anchor_exact_rxnorm
10881,21990,1462,cyclomethycaine,IN,direct_anchor_exact_rxnorm
10886,59094,1463,cyclopentamine,IN,direct_anchor_exact_rxnorm
10887,59094,1463,cyclopentamine,IN,direct_anchor_exact_rxnorm
10890,3000,1464,cyclopenthiazide,IN,direct_anchor_exact_rxnorm
10891,3001,1465,cyclopentolate,IN,direct_anchor_exact_rxnorm
10892,690312,1466,cyclopentolate / phenylephrine,MIN,direct_anchor_exact_rxnorm
10904,3007,1468,cycloserine,IN,direct_anchor_exact_rxnorm
10905,3008,1469,cyclosporine,IN,direct_anchor_exact_rxnorm
10909,22033,1470,cyclothiazide,IN,direct_anchor_exact_rxnorm
10918,22037,1471,cycrimine,IN,direct_anchor_exact_rxnorm
10919,22037,1471,cycrimine,IN,direct_anchor_exact_rxnorm
10932,72625,1808,duloxetine,IN,direct_anchor_exact_rxnorm
10938,851906,685,bermuda grass pollen extract,IN,unique_convergent_term_evidence
10947,2590266,1472,cypermethrin,IN,direct_anchor_exact_rxnorm
10952,22051,1473,cyprodenate,IN,direct_anchor_exact_rxnorm
10953,3013,1474,cyproheptadine,IN,direct_anchor_exact_rxnorm
10954,3013,1474,cyproheptadine,IN,direct_anchor_exact_rxnorm
10959,1535922,4347,ramucirumab,IN,direct_anchor_exact_rxnorm
10962,1426401,1476,cystamine,IN,direct_anchor_exact_rxnorm
10964,3022,1477,cysteamine,IN,direct_anchor_exact_rxnorm
10965,3022,1477,cysteamine,IN,direct_anchor_exact_rxnorm
10966,3022,1477,cysteamine,IN,direct_anchor_exact_rxnorm
10968,3024,1478,cysteine,IN,direct_anchor_exact_rxnorm
10969,3024,1478,cysteine,IN,direct_anchor_exact_rxnorm
10974,3036,1479,cystine,IN,direct_anchor_exact_rxnorm
10978,2017575,1481,cytarabine / daunorubicin,MIN,unique_convergent_term_evidence
10994,1723152,1482,cytisine,IN,direct_anchor_exact_rxnorm
11004,22178,1483,cytomegalovirus immune globulin,IN,direct_anchor_exact_rxnorm
11021,689841,1262,citric acid / potassium citrate / sodium citrate,MIN,direct_anchor_exact_rxnorm
11035,11256,5352,vitamin e,IN,unique_convergent_term_evidence
11040,2530132,777,"borneol, (+)-",IN,unique_convergent_term_evidence
11041,2267019,1146,"chiro-inositol, (+)-",IN,unique_convergent_term_evidence
11054,4850,2406,glucose,IN,unique_convergent_term_evidence
11055,1428878,1486,d-glutamic acid,IN,direct_anchor_exact_rxnorm
11085,9671,4587,serine,IN,unique_convergent_term_evidence
11101,1546356,1487,dabigatran,IN,direct_anchor_exact_rxnorm
11104,1424911,1489,dabrafenib,IN,direct_anchor_exact_rxnorm
11109,3098,1490,dacarbazine,IN,direct_anchor_exact_rxnorm
11117,190353,1492,daclizumab,IN,direct_anchor_exact_rxnorm
11120,15657,1533,decitabine,IN,direct_anchor_exact_rxnorm
11121,2058849,1493,dacomitinib,IN,direct_anchor_exact_rxnorm
11124,32592,3730,oxaliplatin,IN,unique_convergent_term_evidence
11128,851878,3704,orchard grass pollen extract,IN,unique_convergent_term_evidence
11145,1539239,1495,dalbavancin,IN,direct_anchor_exact_rxnorm
11152,897018,1496,dalfampridine,IN,direct_anchor_exact_rxnorm
11153,229369,1497,dalfopristin,IN,direct_anchor_exact_rxnorm
11159,1432293,1498,dalotuzumab,IN,direct_anchor_exact_rxnorm
11163,67109,1499,dalteparin,IN,direct_anchor_exact_rxnorm
11171,2055655,1501,damoctocog alfa pegol,IN,direct_anchor_exact_rxnorm
11173,78484,1502,danaparoid,IN,direct_anchor_exact_rxnorm
11178,3102,1503,danazol,IN,direct_anchor_exact_rxnorm
11181,2678952,1505,danicopan,IN,direct_anchor_exact_rxnorm
11188,1358488,1506,danofloxacin,IN,direct_anchor_exact_rxnorm
11197,3105,1508,dantrolene,IN,direct_anchor_exact_rxnorm
11198,3105,1508,dantrolene,IN,direct_anchor_exact_rxnorm
11199,22293,1507,danthron,IN,unique_convergent_term_evidence
11206,2474039,3509,naxitamab,IN,direct_anchor_exact_rxnorm
11209,1488564,1509,dapagliflozin,IN,direct_anchor_exact_rxnorm
11210,1488564,1509,dapagliflozin,IN,direct_anchor_exact_rxnorm
11214,22298,1510,dapiprazole,IN,direct_anchor_exact_rxnorm
11215,22298,1510,dapiprazole,IN,direct_anchor_exact_rxnorm
11223,2628210,1511,daprodustat,IN,direct_anchor_exact_rxnorm
11224,3108,1512,dapsone,IN,direct_anchor_exact_rxnorm
11226,22299,1513,daptomycin,IN,direct_anchor_exact_rxnorm
11229,1721947,1514,daratumumab,IN,direct_anchor_exact_rxnorm
11230,2372199,1515,daratumumab / hyaluronidase,MIN,unique_convergent_term_evidence
11242,2591497,1517,daridorexant,IN,direct_anchor_exact_rxnorm
11243,2591497,1517,daridorexant,IN,direct_anchor_exact_rxnorm
11244,136198,1518,darifenacin,IN,direct_anchor_exact_rxnorm
11245,136198,1518,darifenacin,IN,direct_anchor_exact_rxnorm
11251,2180325,1520,darolutamide,IN,direct_anchor_exact_rxnorm
11256,460132,1521,darunavir,IN,direct_anchor_exact_rxnorm
11265,1597381,1522,dasabuvir,IN,direct_anchor_exact_rxnorm
11267,475342,1523,dasatinib,IN,direct_anchor_exact_rxnorm
11269,2535233,1524,dasiglucagon,IN,direct_anchor_exact_rxnorm
11279,2703033,1526,datopotamab deruxtecan,IN,direct_anchor_exact_rxnorm
11283,3109,1527,daunorubicin,IN,direct_anchor_exact_rxnorm
11285,2105845,2386,glasdegib,IN,direct_anchor_exact_rxnorm
11336,3251,1570,desmopressin,IN,direct_anchor_exact_rxnorm
11348,1872905,1528,deacetylbisacodyl,IN,direct_anchor_exact_rxnorm
11350,3116,1529,deanol,IN,direct_anchor_exact_rxnorm
11352,3116,1529,deanol,IN,direct_anchor_exact_rxnorm
11359,3118,1530,debrisoquin,IN,unique_convergent_term_evidence
11379,38782,5207,triptorelin,IN,unique_convergent_term_evidence
11395,2384456,1057,cedazuridine / decitabine,MIN,unique_convergent_term_evidence
11409,1314345,1534,decoquinate,IN,direct_anchor_exact_rxnorm
11429,2714502,1536,defactinib,IN,direct_anchor_exact_rxnorm
11430,614373,1537,deferasirox,IN,direct_anchor_exact_rxnorm
11431,11645,1538,deferiprone,IN,direct_anchor_exact_rxnorm
11435,3131,1539,deferoxamine,IN,direct_anchor_exact_rxnorm
11436,1311089,1540,defibrotide,IN,direct_anchor_exact_rxnorm
11438,1311089,1540,defibrotide,IN,direct_anchor_exact_rxnorm
11441,22396,1541,deflazacort,IN,direct_anchor_exact_rxnorm
11446,475230,1542,degarelix,IN,direct_anchor_exact_rxnorm
11455,42625,1543,dehydrocholate,IN,direct_anchor_exact_rxnorm
11457,3142,1544,dehydroemetine,IN,direct_anchor_exact_rxnorm
11458,3142,1544,dehydroemetine,IN,direct_anchor_exact_rxnorm
11466,1927663,1545,delafloxacin,IN,direct_anchor_exact_rxnorm
11467,1927663,1545,delafloxacin,IN,direct_anchor_exact_rxnorm
11469,2641675,1546,delandistrogene moxeparvovec,IN,direct_anchor_exact_rxnorm
11473,83816,1547,delavirdine,IN,direct_anchor_exact_rxnorm
11491,2721163,1548,delgocitinib,IN,direct_anchor_exact_rxnorm
11510,2055808,1778,doravirine / lamivudine / tenofovir disoproxil,MIN,direct_anchor_exact_rxnorm
11525,22374,1531,decamethrin,IN,unique_convergent_term_evidence
11538,107771,1549,demecarium,IN,direct_anchor_exact_rxnorm
11539,107771,1549,demecarium,IN,direct_anchor_exact_rxnorm
11540,3154,1550,demeclocycline,IN,direct_anchor_exact_rxnorm
11543,22483,1551,demegestone,IN,direct_anchor_exact_rxnorm
11545,236795,1552,demelverin,IN,direct_anchor_exact_rxnorm
11546,6754,3223,meperidine,IN,direct_anchor_exact_rxnorm
11559,1546417,1553,denatonium,IN,direct_anchor_exact_rxnorm
11560,1313232,1554,denatonium benzoate,IN,direct_anchor_exact_rxnorm
11561,22503,1555,denaverine,IN,direct_anchor_exact_rxnorm
11562,22503,1555,denaverine,IN,direct_anchor_exact_rxnorm
11583,214470,1556,denileukin diftitox,IN,direct_anchor_exact_rxnorm
11589,993449,1557,denosumab,IN,direct_anchor_exact_rxnorm
11601,42627,1558,deoxycholate,IN,direct_anchor_exact_rxnorm
11620,40254,5290,valproate,IN,direct_anchor_exact_rxnorm
11628,6691,3192,medroxyprogesterone,IN,direct_anchor_exact_rxnorm
11638,3226,1559,dequalinium,IN,direct_anchor_exact_rxnorm
11640,3226,1559,dequalinium,IN,direct_anchor_exact_rxnorm
11641,356834,1560,deracoxib,IN,direct_anchor_exact_rxnorm
11650,5293,2533,hexachlorophene,IN,unique_convergent_term_evidence
11675,1727491,1889,emtricitabine / tenofovir alafenamide,MIN,direct_anchor_exact_rxnorm
11676,62174,1561,deserpidine,IN,direct_anchor_exact_rxnorm
11678,27340,1563,desflurane,IN,direct_anchor_exact_rxnorm
11680,3247,1564,desipramine,IN,direct_anchor_exact_rxnorm
11681,114934,1565,desirudin,IN,direct_anchor_exact_rxnorm
11682,3248,1566,deslanoside,IN,direct_anchor_exact_rxnorm
11683,275635,1567,desloratadine,IN,direct_anchor_exact_rxnorm
11684,1311744,1568,deslorelin,IN,direct_anchor_exact_rxnorm
11685,1738095,1569,desmeninol,IN,direct_anchor_exact_rxnorm
11695,22656,1571,desogestrel,IN,direct_anchor_exact_rxnorm
11699,3254,1572,desonide,IN,direct_anchor_exact_rxnorm
11701,3255,1573,desoximetasone,IN,direct_anchor_exact_rxnorm
11702,3256,1574,desoxycorticosterone,IN,direct_anchor_exact_rxnorm
11703,3256,1574,desoxycorticosterone,IN,direct_anchor_exact_rxnorm
11704,3256,1574,desoxycorticosterone,IN,unique_convergent_term_evidence
11709,734064,1575,desvenlafaxine,IN,direct_anchor_exact_rxnorm
11710,734064,1575,desvenlafaxine,IN,direct_anchor_exact_rxnorm
11711,236784,1576,detajmium bitartrate,IN,direct_anchor_exact_rxnorm
11724,22672,1577,detomidine,IN,direct_anchor_exact_rxnorm
11725,22672,1577,detomidine,IN,direct_anchor_exact_rxnorm
11730,119565,5111,tolterodine,IN,direct_anchor_exact_rxnorm
11733,2612087,1578,deucravacitinib,IN,direct_anchor_exact_rxnorm
11735,2569466,1579,deudextromethorphan,IN,direct_anchor_exact_rxnorm
11736,2569466,1579,deudextromethorphan,IN,direct_anchor_exact_rxnorm
11743,2716558,1580,deuruxolitinib,IN,direct_anchor_exact_rxnorm
11744,2716558,1580,deuruxolitinib,IN,direct_anchor_exact_rxnorm
11750,1876905,1581,deutetrabenazine,IN,direct_anchor_exact_rxnorm
11751,2701430,1582,deutivacaftor,IN,direct_anchor_exact_rxnorm
11820,3264,1583,dexamethasone,IN,direct_anchor_exact_rxnorm
11822,3264,1583,dexamethasone,IN,direct_anchor_exact_rxnorm
11826,3264,1583,dexamethasone,IN,direct_anchor_exact_rxnorm
11870,22696,1586,dexbrompheniramine,IN,direct_anchor_exact_rxnorm
11873,22697,1587,dexchlorpheniramine,IN,direct_anchor_exact_rxnorm
11877,3288,1603,dextroamphetamine,IN,direct_anchor_exact_rxnorm
11881,3267,1588,dexetimide,IN,direct_anchor_exact_rxnorm
11884,3268,1589,dexfenfluramine,IN,direct_anchor_exact_rxnorm
11885,3268,1589,dexfenfluramine,IN,direct_anchor_exact_rxnorm
11886,5992,2788,iron-dextran complex,IN,unique_convergent_term_evidence
11898,237162,1590,dexketoprofen,IN,direct_anchor_exact_rxnorm
11899,816346,1591,dexlansoprazole,IN,direct_anchor_exact_rxnorm
11904,48937,1592,dexmedetomidine,IN,direct_anchor_exact_rxnorm
11910,352372,1593,dexmethylphenidate,IN,direct_anchor_exact_rxnorm
11911,352372,1593,dexmethylphenidate,IN,direct_anchor_exact_rxnorm
11921,22701,1594,dexpanthenol,IN,direct_anchor_exact_rxnorm
11943,42635,1596,dextran,IN,direct_anchor_exact_rxnorm
11944,214485,1597,dextran 1,IN,direct_anchor_exact_rxnorm
11946,3272,1598,dextran 40,IN,direct_anchor_exact_rxnorm
11947,3274,1599,dextran 70,IN,direct_anchor_exact_rxnorm
11948,3275,1600,dextran 75,IN,direct_anchor_exact_rxnorm
11950,22708,1601,dextranomer,IN,direct_anchor_exact_rxnorm
11952,1426816,1602,dextrates,IN,direct_anchor_exact_rxnorm
11955,3288,1603,dextroamphetamine,IN,direct_anchor_exact_rxnorm
11957,822929,359,amphetamine aspartate / amphetamine sulfate / dextroamphetamine saccharate / dextroamphetamine sulfate,MIN,direct_anchor_exact_rxnorm
11960,3289,1604,dextromethorphan,IN,direct_anchor_exact_rxnorm
11964,3290,1606,dextromoramide,IN,direct_anchor_exact_rxnorm
11965,3290,1606,dextromoramide,IN,direct_anchor_exact_rxnorm
11966,8785,4249,propoxyphene,IN,unique_convergent_term_evidence
11969,216544,2407,glucose / potassium chloride,MIN,direct_anchor_exact_rxnorm
11970,4850,2406,glucose,IN,unique_convergent_term_evidence
11971,3292,1607,dextrothyroxine,IN,direct_anchor_exact_rxnorm
11972,3292,1607,dextrothyroxine,IN,direct_anchor_exact_rxnorm
11979,22713,1608,dezocine,IN,direct_anchor_exact_rxnorm
12000,1426391,1609,diacetyl benzoyl lathyrol,IN,direct_anchor_exact_rxnorm
12012,1659205,1610,diaminohydroxypropanetetraacetic acid,IN,unique_convergent_term_evidence
12016,3304,2526,heroin,IN,unique_convergent_term_evidence
12017,167,114,acetazolamide,IN,unique_convergent_term_evidence
12028,3319,1612,diatrizoate,IN,direct_anchor_exact_rxnorm
12029,3319,1612,diatrizoate,IN,direct_anchor_exact_rxnorm
12033,3322,1614,diazepam,IN,direct_anchor_exact_rxnorm
12038,1310602,1615,diazolidinylurea,IN,direct_anchor_exact_rxnorm
12040,3327,1616,diazoxide,IN,direct_anchor_exact_rxnorm
12041,3328,1618,dibekacin,IN,direct_anchor_exact_rxnorm
12045,3332,1619,dibenzepin,IN,direct_anchor_exact_rxnorm
12046,3332,1619,dibenzepin,IN,direct_anchor_exact_rxnorm
12053,8149,3953,phenoxybenzamine,IN,direct_anchor_exact_rxnorm
12060,22865,1620,dibrompropamidine,IN,direct_anchor_exact_rxnorm
12063,3339,1621,dibucaine,IN,direct_anchor_exact_rxnorm
12064,402565,1622,dibunate,IN,direct_anchor_exact_rxnorm
12070,1363700,1624,dibutyl sebacate,IN,direct_anchor_exact_rxnorm
12071,1362873,1623,dibutyl phthalate,IN,unique_convergent_term_evidence
12076,22892,1626,dichloralphenazone,IN,direct_anchor_exact_rxnorm
12079,3347,1627,dichloroacetate,IN,direct_anchor_exact_rxnorm
12080,89548,1628,dichlorobenzene,IN,direct_anchor_exact_rxnorm
12081,22906,1629,dichlorobenzyl alcohol,IN,direct_anchor_exact_rxnorm
12084,3351,1630,dichlorophen,IN,direct_anchor_exact_rxnorm
12090,1313336,1632,dichromate ion,IN,unique_convergent_term_evidence
12094,1368201,1633,diclazuril,IN,direct_anchor_exact_rxnorm
12095,3355,1634,diclofenac,IN,direct_anchor_exact_rxnorm
12096,3355,1634,diclofenac,IN,direct_anchor_exact_rxnorm
12097,3355,1634,diclofenac,IN,direct_anchor_exact_rxnorm
12099,3355,1634,diclofenac,IN,unique_convergent_term_evidence
12101,3353,1631,dichlorphenamide,IN,unique_convergent_term_evidence
12108,3356,1635,dicloxacillin,IN,direct_anchor_exact_rxnorm
12109,3356,1635,dicloxacillin,IN,direct_anchor_exact_rxnorm
12110,288331,1636,dicobalt edetate,IN,direct_anchor_exact_rxnorm
12112,852306,4627,silver ragweed pollen extract,IN,unique_convergent_term_evidence
12115,1598,1637,dicumarol,IN,unique_convergent_term_evidence
12118,3361,1638,dicyclomine,IN,direct_anchor_exact_rxnorm
12119,3364,1639,didanosine,IN,direct_anchor_exact_rxnorm
12121,1425983,1640,didecyldimethylammonium,IN,direct_anchor_exact_rxnorm
12128,3368,1641,dienestrol,IN,direct_anchor_exact_rxnorm
12130,22968,1642,dienogest,IN,direct_anchor_exact_rxnorm
12146,1428867,1643,diethadione,IN,direct_anchor_exact_rxnorm
12147,1362911,1644,diethanolamine,IN,direct_anchor_exact_rxnorm
12156,1362921,1645,diethyl phthalate,IN,direct_anchor_exact_rxnorm
12159,1428869,1646,diethyl sulfate,IN,direct_anchor_exact_rxnorm
12160,1426392,1647,diethylamino hydroxybenzoyl hexyl benzoate,IN,direct_anchor_exact_rxnorm
12161,3384,1648,diethylcarbamazine,IN,direct_anchor_exact_rxnorm
12162,3384,1648,diethylcarbamazine,IN,direct_anchor_exact_rxnorm
12163,1435108,1650,diethylene glycol diethyl ether,IN,direct_anchor_exact_rxnorm
12164,2398515,1651,diethylene glycol ethyl methyl ether,IN,direct_anchor_exact_rxnorm
12168,3389,1652,diethylpropion,IN,direct_anchor_exact_rxnorm
12169,3389,1652,diethylpropion,IN,direct_anchor_exact_rxnorm
12170,3390,1653,diethylstilbestrol,IN,direct_anchor_exact_rxnorm
12173,3129,1654,diethyltoluamide,IN,direct_anchor_exact_rxnorm
12176,2737149,1655,difamilast,IN,direct_anchor_exact_rxnorm
12177,23020,1656,difebarbamate,IN,direct_anchor_exact_rxnorm
12178,2569089,1657,difelikefalin,IN,direct_anchor_exact_rxnorm
12179,163406,1658,difemerine,IN,direct_anchor_exact_rxnorm
12180,163406,1658,difemerine,IN,direct_anchor_exact_rxnorm
12187,23024,1659,difenoxin,IN,direct_anchor_exact_rxnorm
12188,214261,512,atropine / difenoxin,MIN,direct_anchor_exact_rxnorm
12190,402587,1660,difetarsone,IN,direct_anchor_exact_rxnorm
12193,91311,1661,diflorasone,IN,direct_anchor_exact_rxnorm
12194,91311,1661,diflorasone,IN,direct_anchor_exact_rxnorm
12199,4450,2222,fluconazole,IN,direct_anchor_exact_rxnorm
12202,3393,1663,diflunisal,IN,direct_anchor_exact_rxnorm
12203,3392,1662,diflucortolone,IN,unique_convergent_term_evidence
12207,23043,1664,difluprednate,IN,direct_anchor_exact_rxnorm
12214,1923401,1665,digitalin,IN,direct_anchor_exact_rxnorm
12218,3403,1666,digitoxin,IN,direct_anchor_exact_rxnorm
12220,1363597,1667,diglycol stearate,IN,direct_anchor_exact_rxnorm
12224,3407,1668,digoxin,IN,direct_anchor_exact_rxnorm
12225,203223,1669,digoxin antibodies fab fragments,IN,unique_convergent_term_evidence
12227,236209,1671,dihexyverine,IN,direct_anchor_exact_rxnorm
12228,236209,1671,dihexyverine,IN,direct_anchor_exact_rxnorm
12230,3409,1672,dihydralazine,IN,direct_anchor_exact_rxnorm
12233,3409,1672,dihydralazine,IN,direct_anchor_exact_rxnorm
12237,91170,1673,dihydro-alpha-ergocryptine,IN,direct_anchor_exact_rxnorm
12238,91170,1673,dihydro-alpha-ergocryptine,IN,direct_anchor_exact_rxnorm
12239,91171,1674,dihydro-beta-ergocryptine,IN,direct_anchor_exact_rxnorm
12241,2166037,1675,dihydrocapsaicin,IN,direct_anchor_exact_rxnorm
12243,23088,1676,dihydrocodeine,IN,direct_anchor_exact_rxnorm
12245,3415,1677,dihydroergocornine,IN,direct_anchor_exact_rxnorm
12246,3415,1677,dihydroergocornine,IN,direct_anchor_exact_rxnorm
12247,3416,1678,dihydroergocristine,IN,direct_anchor_exact_rxnorm
12249,3417,1679,dihydroergocryptine,IN,direct_anchor_exact_rxnorm
12250,3418,1680,dihydroergotamine,IN,direct_anchor_exact_rxnorm
12251,3418,1680,dihydroergotamine,IN,direct_anchor_exact_rxnorm
12252,3419,1681,dihydroergotoxine,IN,direct_anchor_exact_rxnorm
12254,2267573,1682,dihydrofolic acid,IN,direct_anchor_exact_rxnorm
12263,1549540,1683,dihydrostreptomycin,IN,direct_anchor_exact_rxnorm
12264,1549540,1683,dihydrostreptomycin,IN,direct_anchor_exact_rxnorm
12265,3429,1684,dihydrotachysterol,IN,direct_anchor_exact_rxnorm
12269,3430,1685,dihydroxyacetone,IN,direct_anchor_exact_rxnorm
12271,23162,1686,dihydroxyaluminum aminoacetate,IN,direct_anchor_exact_rxnorm
12272,23163,1687,dihydroxyaluminum sodium carbonate,IN,direct_anchor_exact_rxnorm
12276,3435,2757,iodoquinol,IN,unique_convergent_term_evidence
12277,236206,1688,diisopromine,IN,direct_anchor_exact_rxnorm
12279,1362922,1689,diisopropanolamine,IN,direct_anchor_exact_rxnorm
12280,1363600,1690,diisopropyl adipate,IN,direct_anchor_exact_rxnorm
12283,8183,3973,phenytoin,IN,direct_anchor_exact_rxnorm
12284,3423,2593,hydromorphone,IN,direct_anchor_exact_rxnorm
12294,67182,1691,diloxanide,IN,direct_anchor_exact_rxnorm
12295,67182,1691,diloxanide,IN,direct_anchor_exact_rxnorm
12297,3443,1692,diltiazem,IN,direct_anchor_exact_rxnorm
12298,3443,1692,diltiazem,IN,direct_anchor_exact_rxnorm
12311,3444,1693,dimenhydrinate,IN,direct_anchor_exact_rxnorm
12318,3445,1694,dimercaprol,IN,direct_anchor_exact_rxnorm
12319,2475951,1695,dimercaptosuccinic acid,IN,direct_anchor_exact_rxnorm
12328,324072,1696,dimethicone,IN,direct_anchor_exact_rxnorm
12329,9796,4632,simethicone,IN,direct_anchor_exact_rxnorm
12338,121069,1698,dimethoxanate,IN,direct_anchor_exact_rxnorm
12339,121069,1698,dimethoxanate,IN,direct_anchor_exact_rxnorm
12344,1373478,1699,dimethyl fumarate,IN,direct_anchor_exact_rxnorm
12345,6057,2815,isosorbide,IN,direct_anchor_exact_rxnorm
12347,2205404,1700,dimethyl sulfate,IN,direct_anchor_exact_rxnorm
12348,23247,3327,methylsulfonylmethane,IN,unique_convergent_term_evidence
12349,3455,1701,dimethyl sulfoxide,IN,direct_anchor_exact_rxnorm
12352,1368874,1702,dimethylacetamide,IN,direct_anchor_exact_rxnorm
12368,3449,1697,dimethindene,IN,unique_convergent_term_evidence
12373,1600136,1704,dimetridazole,IN,direct_anchor_exact_rxnorm
12390,3477,1708,dinoprost,IN,direct_anchor_exact_rxnorm
12391,3478,1709,dinoprostone,IN,direct_anchor_exact_rxnorm
12394,1606274,1710,dinutuximab,IN,direct_anchor_exact_rxnorm
12395,2382593,1711,dioctyldimonium,IN,direct_anchor_exact_rxnorm
12399,1314347,1712,diosmetin,IN,direct_anchor_exact_rxnorm
12400,3489,1713,diosmin,IN,direct_anchor_exact_rxnorm
12411,23350,1716,dioxybenzone,IN,direct_anchor_exact_rxnorm
12415,1426773,1717,dipentamethylenethiuram disulfide,IN,direct_anchor_exact_rxnorm
12416,32385,3681,olsalazine,IN,direct_anchor_exact_rxnorm
12417,59247,1718,diperodon,IN,direct_anchor_exact_rxnorm
12419,59247,1718,diperodon,IN,direct_anchor_exact_rxnorm
12420,89782,1719,diphemanil,IN,direct_anchor_exact_rxnorm
12421,89782,1719,diphemanil,IN,direct_anchor_exact_rxnorm
12425,3498,1720,diphenhydramine,IN,direct_anchor_exact_rxnorm
12429,23370,1722,diphenidol,IN,direct_anchor_exact_rxnorm
12431,3500,1723,diphenoxylate,IN,direct_anchor_exact_rxnorm
12434,1368170,1724,diphenylguanidine,IN,direct_anchor_exact_rxnorm
12436,23386,1725,diphenylpyraline,IN,direct_anchor_exact_rxnorm
12437,23386,1725,diphenylpyraline,IN,direct_anchor_exact_rxnorm
12443,23405,1727,dipipanone,IN,direct_anchor_exact_rxnorm
12447,23410,1728,dipivefrin,IN,direct_anchor_exact_rxnorm
12448,23410,1728,dipivefrin,IN,direct_anchor_exact_rxnorm
12449,55018,1617,dibasic potassium phosphate,IN,unique_convergent_term_evidence
12458,1368869,1729,dipropylene glycol,IN,direct_anchor_exact_rxnorm
12463,3521,1730,dipyridamole,IN,direct_anchor_exact_rxnorm
12464,1362743,1731,dipyrithione,IN,direct_anchor_exact_rxnorm
12476,23437,1733,dirithromycin,IN,direct_anchor_exact_rxnorm
12478,1592684,1734,dirlotapide,IN,direct_anchor_exact_rxnorm
12480,2261783,1735,diroximel fumarate,IN,direct_anchor_exact_rxnorm
12496,6813,3269,methadone,IN,direct_anchor_exact_rxnorm
12502,3541,1737,disopyramide,IN,direct_anchor_exact_rxnorm
12503,3541,1737,disopyramide,IN,direct_anchor_exact_rxnorm
12506,1368171,1738,disperse blue 106,IN,direct_anchor_exact_rxnorm
12515,1311550,1739,distearyldimonium,IN,direct_anchor_exact_rxnorm
12516,852329,4527,salt grass pollen extract,IN,unique_convergent_term_evidence
12517,3551,1740,distigmine,IN,direct_anchor_exact_rxnorm
12523,3554,1741,disulfiram,IN,direct_anchor_exact_rxnorm
12535,1427193,1649,diethyldithiocarbamate,IN,unique_convergent_term_evidence
12540,32675,3757,oxybutynin,IN,direct_anchor_exact_rxnorm
12548,1788842,1742,divinylbenzene,IN,direct_anchor_exact_rxnorm
12555,11256,5352,vitamin e,IN,unique_convergent_term_evidence
12556,1362902,1705,dimyristoylphosphatidylcholine,IN,unique_convergent_term_evidence
12557,1427048,1706,dimyristoylphosphatidylglycerol,IN,unique_convergent_term_evidence
12558,1311545,3473,n-methylephedrine,IN,unique_convergent_term_evidence
12586,235935,1744,dobesilic acid,IN,direct_anchor_exact_rxnorm
12590,3616,1745,dobutamine,IN,direct_anchor_exact_rxnorm
12596,72962,1746,docetaxel,IN,unique_convergent_term_evidence
12615,1006469,1747,doconexent,IN,direct_anchor_exact_rxnorm
12617,594680,1748,docosanol,IN,direct_anchor_exact_rxnorm
12627,82003,1749,docusate,IN,direct_anchor_exact_rxnorm
12628,82003,1749,docusate,IN,direct_anchor_exact_rxnorm
12629,82003,1749,docusate,IN,direct_anchor_exact_rxnorm
12634,1362927,1753,dodecyl sulfate,IN,direct_anchor_exact_rxnorm
12637,1364388,2929,lauramine oxide,IN,unique_convergent_term_evidence
12638,1427083,2935,laurtrimonium,IN,unique_convergent_term_evidence
12642,49247,1755,dofetilide,IN,direct_anchor_exact_rxnorm
12646,1297537,5418,yellow hornet venom protein,IN,unique_convergent_term_evidence
12647,1297525,573,bald-faced hornet venom protein,IN,unique_convergent_term_evidence
12652,1433868,1760,dolutegravir,IN,direct_anchor_exact_rxnorm
12653,1433868,1760,dolutegravir,IN,direct_anchor_exact_rxnorm
12658,705058,291,aluminum sulfate / calcium acetate,MIN,direct_anchor_exact_rxnorm
12660,23623,1766,domiphen,IN,direct_anchor_exact_rxnorm
12667,3626,1767,domperidone,IN,direct_anchor_exact_rxnorm
12670,2687966,1768,donanemab,IN,direct_anchor_exact_rxnorm
12672,135447,1769,donepezil,IN,direct_anchor_exact_rxnorm
12675,2724361,1771,donidalorsen,IN,direct_anchor_exact_rxnorm
12676,2724361,1771,donidalorsen,IN,direct_anchor_exact_rxnorm
12677,2642217,1772,donislecel,IN,direct_anchor_exact_rxnorm
12685,3628,1773,dopamine,IN,direct_anchor_exact_rxnorm
12690,23638,1774,dopexamine,IN,direct_anchor_exact_rxnorm
12691,23638,1774,dopexamine,IN,direct_anchor_exact_rxnorm
12692,3637,1788,doxapram,IN,direct_anchor_exact_rxnorm
12696,73455,1775,doramectin,IN,direct_anchor_exact_rxnorm
12700,2055755,1777,doravirine,IN,direct_anchor_exact_rxnorm
12701,2721194,1779,dordaviprone,IN,direct_anchor_exact_rxnorm
12702,2721194,1779,dordaviprone,IN,direct_anchor_exact_rxnorm
12705,119771,1780,doripenem,IN,direct_anchor_exact_rxnorm
12707,337623,1781,dornase alfa,IN,direct_anchor_exact_rxnorm
12712,60207,1782,dorzolamide,IN,direct_anchor_exact_rxnorm
12716,2539967,1783,dostarlimab,IN,direct_anchor_exact_rxnorm
12717,3634,1785,dothiepin,IN,unique_convergent_term_evidence
12721,1797118,1784,dotatate,IN,direct_anchor_exact_rxnorm
12722,1797118,1784,dotatate,IN,direct_anchor_exact_rxnorm
12726,3634,1785,dothiepin,IN,direct_anchor_exact_rxnorm
12732,2122518,1761,dolutegravir / lamivudine,MIN,direct_anchor_exact_rxnorm
12735,23651,1787,doxacurium,IN,direct_anchor_exact_rxnorm
12736,23651,1787,doxacurium,IN,direct_anchor_exact_rxnorm
12738,3637,1788,doxapram,IN,direct_anchor_exact_rxnorm
12740,49276,1789,doxazosin,IN,direct_anchor_exact_rxnorm
12744,3638,1790,doxepin,IN,direct_anchor_exact_rxnorm
12745,11516,1791,doxercalciferol,IN,direct_anchor_exact_rxnorm
12772,3640,1793,doxycycline,IN,direct_anchor_exact_rxnorm
12775,3640,1793,doxycycline,IN,direct_anchor_exact_rxnorm
12777,3642,1794,doxylamine,IN,direct_anchor_exact_rxnorm
12821,1426903,1795,drometrizole,IN,direct_anchor_exact_rxnorm
12822,1992874,1796,drometrizole trisiloxane,IN,direct_anchor_exact_rxnorm
12823,10402,1798,dronabinol,IN,direct_anchor_exact_rxnorm
12828,233698,1799,dronedarone,IN,direct_anchor_exact_rxnorm
12829,233698,1799,dronedarone,IN,direct_anchor_exact_rxnorm
12830,1008306,4184,praziquantel / pyrantel,MIN,direct_anchor_exact_rxnorm
12832,3648,1800,droperidol,IN,direct_anchor_exact_rxnorm
12835,11636,1801,drospirenone,IN,direct_anchor_exact_rxnorm
12837,23678,1797,dromostanolone,IN,unique_convergent_term_evidence
12838,23684,1802,drotaverin,IN,unique_convergent_term_evidence
12839,23684,1802,drotaverin,IN,direct_anchor_exact_rxnorm
12841,352374,1803,drotrecogin alfa,IN,direct_anchor_exact_rxnorm
12845,5552,2614,hydroxyurea,IN,direct_anchor_exact_rxnorm
12847,23687,1804,droxicam,IN,direct_anchor_exact_rxnorm
12848,1489913,1805,droxidopa,IN,direct_anchor_exact_rxnorm
12875,1441391,599,"bazedoxifene / estrogens, conjugated (usp)",MIN,direct_anchor_exact_rxnorm
12883,1551291,1807,dulaglutide,IN,direct_anchor_exact_rxnorm
12889,72625,1808,duloxetine,IN,direct_anchor_exact_rxnorm
12901,1876376,1809,dupilumab,IN,direct_anchor_exact_rxnorm
12903,7052,3425,morphine,IN,direct_anchor_exact_rxnorm
12907,2639089,1810,durlobactam,IN,direct_anchor_exact_rxnorm
12908,2639089,1810,durlobactam,IN,direct_anchor_exact_rxnorm
12912,1919503,1811,durvalumab,IN,direct_anchor_exact_rxnorm
12930,23744,1814,dyclonine,IN,direct_anchor_exact_rxnorm
12931,3706,1815,dydrogesterone,IN,direct_anchor_exact_rxnorm
12932,2274100,1816,dymanthine,IN,direct_anchor_exact_rxnorm
12940,3714,1817,dyphylline,IN,direct_anchor_exact_rxnorm
12965,23796,1820,ebastine,IN,direct_anchor_exact_rxnorm
12986,658708,1821,ecallantide,IN,direct_anchor_exact_rxnorm
12987,1544124,1822,ecamsule,IN,direct_anchor_exact_rxnorm
12993,259415,1823,echinacea angustifolia root extract,IN,unique_convergent_term_evidence
12995,260025,1825,echinacea purpurea extract,IN,unique_convergent_term_evidence
12996,477531,1824,echinacea purpurea aerial parts extract,IN,unique_convergent_term_evidence
12999,89778,1827,ecothiopate,IN,unique_convergent_term_evidence
13000,89778,1827,ecothiopate,IN,direct_anchor_exact_rxnorm
13011,3743,1826,econazole,IN,direct_anchor_exact_rxnorm
13026,1426644,1828,ectoine,IN,direct_anchor_exact_rxnorm
13030,591781,1829,eculizumab,IN,direct_anchor_exact_rxnorm
13035,1921877,1830,edaravone,IN,direct_anchor_exact_rxnorm
13043,1368950,1831,edetate calcium,IN,direct_anchor_exact_rxnorm
13045,3755,1832,edetic acid,IN,direct_anchor_exact_rxnorm
13046,3755,1832,edetic acid,IN,unique_convergent_term_evidence
13050,3755,1832,edetic acid,IN,direct_anchor_exact_rxnorm
13051,1314349,1833,edetol,IN,direct_anchor_exact_rxnorm
13066,1309680,2736,interleukin-12,IN,direct_anchor_exact_rxnorm
13073,2199392,1834,edotreotride,IN,direct_anchor_exact_rxnorm
13075,1599538,1835,edoxaban,IN,direct_anchor_exact_rxnorm
13076,49428,1836,edoxudine,IN,direct_anchor_exact_rxnorm
13079,80726,1837,edrecolomab,IN,direct_anchor_exact_rxnorm
13081,3752,1838,edrophonium,IN,direct_anchor_exact_rxnorm
13082,214262,514,atropine / edrophonium,MIN,direct_anchor_exact_rxnorm
13089,356988,1839,efalizumab,IN,direct_anchor_exact_rxnorm
13090,2631084,402,"antihemophilic factor (recombinant), fc-vwf-xten fusion protein",IN,unique_convergent_term_evidence
13096,195085,1840,efavirenz,IN,direct_anchor_exact_rxnorm
13098,2670630,1842,efbemalenograstim alfa,IN,direct_anchor_exact_rxnorm
13099,2670630,1842,efbemalenograstim alfa,IN,direct_anchor_exact_rxnorm
13106,2691105,1843,efetozole,IN,direct_anchor_exact_rxnorm
13109,613391,4180,prasugrel,IN,direct_anchor_exact_rxnorm
13110,2587717,1844,efgartigimod alfa,IN,direct_anchor_exact_rxnorm
13112,1539753,1845,efinaconazole,IN,direct_anchor_exact_rxnorm
13117,2612526,1846,eflapegrastim,IN,direct_anchor_exact_rxnorm
13118,2612526,1846,eflapegrastim,IN,direct_anchor_exact_rxnorm
13124,569,1847,eflornithine,IN,direct_anchor_exact_rxnorm
13126,23852,1848,efloxate,IN,direct_anchor_exact_rxnorm
13131,1543095,1849,efmoroctocog alfa,IN,direct_anchor_exact_rxnorm
13197,892616,1850,egg white (chicken) allergenic extract,IN,unique_convergent_term_evidence
13207,1742992,1853,egtazic acid,IN,direct_anchor_exact_rxnorm
13226,2628469,1855,elacestrant,IN,direct_anchor_exact_rxnorm
13230,2698762,1856,eladocagene exuparvovec,IN,direct_anchor_exact_rxnorm
13231,852367,4492,russian olive pollen extract,IN,unique_convergent_term_evidence
13232,2684941,1857,elafibranor,IN,direct_anchor_exact_rxnorm
13234,2049846,1858,elagolix,IN,direct_anchor_exact_rxnorm
13235,2049846,1858,elagolix,IN,direct_anchor_exact_rxnorm
13236,2621548,3382,mirvetuximab soravtansine,IN,direct_anchor_exact_rxnorm
13239,2725600,1859,elamipretide,IN,direct_anchor_exact_rxnorm
13240,2725600,1859,elamipretide,IN,direct_anchor_exact_rxnorm
13244,2059219,1860,elapegademase,IN,direct_anchor_exact_rxnorm
13250,1734628,1861,elbasvir,IN,direct_anchor_exact_rxnorm
13268,231049,1863,eletriptan,IN,direct_anchor_exact_rxnorm
13269,231049,1863,eletriptan,IN,direct_anchor_exact_rxnorm
13271,2256951,1865,elexacaftor,IN,direct_anchor_exact_rxnorm
13277,1547220,1866,eliglustat,IN,direct_anchor_exact_rxnorm
13282,2725511,1867,elinzanetant,IN,direct_anchor_exact_rxnorm
13287,283821,4354,rasburicase,IN,direct_anchor_exact_rxnorm
13288,2612527,1868,elivaldogene autotemcel,IN,direct_anchor_exact_rxnorm
13290,1043181,1869,ellagic acid,IN,direct_anchor_exact_rxnorm
13293,3995,1932,epirubicin,IN,direct_anchor_exact_rxnorm
13305,1489914,1870,elosulfase alfa,IN,direct_anchor_exact_rxnorm
13306,1726104,1871,elotuzumab,IN,direct_anchor_exact_rxnorm
13310,2644880,1872,elranatamab,IN,direct_anchor_exact_rxnorm
13324,711942,1873,eltrombopag,IN,direct_anchor_exact_rxnorm
13329,2670179,2310,fruquintinib,IN,unique_convergent_term_evidence
13332,1653781,1874,eluxadoline,IN,direct_anchor_exact_rxnorm
13335,1306286,1875,elvitegravir,IN,direct_anchor_exact_rxnorm
13338,852343,4306,quackgrass pollen extract,IN,unique_convergent_term_evidence
13339,140587,1094,celecoxib,IN,direct_anchor_exact_rxnorm
13344,2109055,4877,tagraxofusp,IN,direct_anchor_exact_rxnorm
13349,2104604,1876,emapalumab,IN,direct_anchor_exact_rxnorm
13363,2464539,1877,embutramide,IN,direct_anchor_exact_rxnorm
13364,4089,1982,estramustine,IN,direct_anchor_exact_rxnorm
13365,28144,1878,emedastine,IN,direct_anchor_exact_rxnorm
13366,28144,1878,emedastine,IN,direct_anchor_exact_rxnorm
13368,3816,1879,emepronium,IN,direct_anchor_exact_rxnorm
13369,3816,1879,emepronium,IN,direct_anchor_exact_rxnorm
13375,3820,1880,emetine,IN,direct_anchor_exact_rxnorm
13376,3820,1880,emetine,IN,direct_anchor_exact_rxnorm
13384,1989794,1881,emicizumab,IN,direct_anchor_exact_rxnorm
13400,354606,1882,emodepside,IN,direct_anchor_exact_rxnorm
13401,2745448,1883,emodin,IN,direct_anchor_exact_rxnorm
13408,1545653,1884,empagliflozin,IN,direct_anchor_exact_rxnorm
13415,9639,4569,selegiline,IN,direct_anchor_exact_rxnorm
13418,276237,1886,emtricitabine,IN,direct_anchor_exact_rxnorm
13431,3827,1891,enalapril,IN,direct_anchor_exact_rxnorm
13432,3829,1893,enalaprilat,IN,direct_anchor_exact_rxnorm
13439,1940332,1894,enasidenib,IN,direct_anchor_exact_rxnorm
13447,42368,1895,encainide,IN,direct_anchor_exact_rxnorm
13448,42368,1895,encainide,IN,direct_anchor_exact_rxnorm
13467,4885,2413,glutamine,IN,direct_anchor_exact_rxnorm
13474,8727,4222,progesterone,IN,direct_anchor_exact_rxnorm
13502,3920,1897,enflurane,IN,direct_anchor_exact_rxnorm
13503,2268307,1898,enfortumab,IN,direct_anchor_exact_rxnorm
13504,2268307,1898,enfortumab,IN,direct_anchor_exact_rxnorm
13505,139896,1899,enfuvirtide,IN,direct_anchor_exact_rxnorm
13509,797752,2521,hepatitis b surface antigen vaccine,IN,direct_anchor_exact_rxnorm
13524,224905,5139,trastuzumab,IN,direct_anchor_exact_rxnorm
13528,1442172,1903,enilconazole,IN,direct_anchor_exact_rxnorm
13536,2591404,4856,sutimlimab,IN,direct_anchor_exact_rxnorm
13544,2675985,1904,enmetazobactam,IN,direct_anchor_exact_rxnorm
13546,2168587,1905,enobosarm,IN,direct_anchor_exact_rxnorm
13553,3925,1906,enoxacin,IN,direct_anchor_exact_rxnorm
13555,67108,1907,enoxaparin,IN,direct_anchor_exact_rxnorm
13556,49626,1908,enoximone,IN,direct_anchor_exact_rxnorm
13572,24192,1909,enrofloxacin,IN,direct_anchor_exact_rxnorm
13574,2712546,1910,ensartinib,IN,direct_anchor_exact_rxnorm
13576,2712546,1910,ensartinib,IN,direct_anchor_exact_rxnorm
13577,2712546,1910,ensartinib,IN,direct_anchor_exact_rxnorm
13579,2687215,1911,ensifentrine,IN,direct_anchor_exact_rxnorm
13580,2745988,1912,ensitrelvir,IN,direct_anchor_exact_rxnorm
13585,13714,1913,ensulizole,IN,direct_anchor_exact_rxnorm
13586,60307,1914,entacapone,IN,direct_anchor_exact_rxnorm
13589,306266,1915,entecavir,IN,direct_anchor_exact_rxnorm
13591,1943794,1916,enterococcus faecium,IN,direct_anchor_exact_rxnorm
13598,2197862,1917,entrectinib,IN,direct_anchor_exact_rxnorm
13600,1366957,1918,entsufon,IN,direct_anchor_exact_rxnorm
13610,1311507,1919,enzacamene,IN,direct_anchor_exact_rxnorm
13611,1307298,1920,enzalutamide,IN,direct_anchor_exact_rxnorm
13619,1310593,1921,eosine yellowish,IN,unique_convergent_term_evidence
13637,2637392,1922,epcoritamab,IN,direct_anchor_exact_rxnorm
13653,3966,1923,ephedrine,IN,direct_anchor_exact_rxnorm
13663,2641822,1924,epicatechin,IN,direct_anchor_exact_rxnorm
13669,1546422,1925,epicriptine,IN,direct_anchor_exact_rxnorm
13681,24246,1927,epigallocatechin gallate,IN,direct_anchor_exact_rxnorm
13685,1311044,1928,epimedium grandiflorum top extract,IN,unique_convergent_term_evidence
13687,39684,1929,epinastine,IN,direct_anchor_exact_rxnorm
13688,39684,1929,epinastine,IN,direct_anchor_exact_rxnorm
13689,3992,1930,epinephrine,IN,direct_anchor_exact_rxnorm
13691,284622,461,articaine / epinephrine,MIN,direct_anchor_exact_rxnorm
13692,3992,1930,epinephrine,IN,direct_anchor_exact_rxnorm
13693,3992,1930,epinephrine,IN,direct_anchor_exact_rxnorm
13703,40254,5290,valproate,IN,unique_convergent_term_evidence
13704,68244,2904,lamivudine,IN,direct_anchor_exact_rxnorm
13707,298869,1933,eplerenone,IN,direct_anchor_exact_rxnorm
13710,2671939,1934,eplontersen,IN,direct_anchor_exact_rxnorm
13713,105694,1935,epoetin alfa,IN,direct_anchor_exact_rxnorm
13721,24263,1937,epomediol,IN,direct_anchor_exact_rxnorm
13723,8814,1938,epoprostenol,IN,direct_anchor_exact_rxnorm
13724,8814,1938,epoprostenol,IN,direct_anchor_exact_rxnorm
13730,337523,2834,ixabepilone,IN,unique_convergent_term_evidence
13737,24272,1939,eprazinone,IN,direct_anchor_exact_rxnorm
13740,1006619,1940,eprinomectin,IN,direct_anchor_exact_rxnorm
13748,83515,1941,eprosartan,IN,direct_anchor_exact_rxnorm
13749,83515,1941,eprosartan,IN,direct_anchor_exact_rxnorm
13753,24274,1942,eprozinol,IN,direct_anchor_exact_rxnorm
13756,24285,1943,epsiprantel,IN,direct_anchor_exact_rxnorm
13767,75635,1944,eptifibatide,IN,direct_anchor_exact_rxnorm
13768,2282660,1945,eptinezumab,IN,direct_anchor_exact_rxnorm
13771,614534,76,abacavir / lamivudine,MIN,direct_anchor_exact_rxnorm
13777,1722718,787,botulinum neurotoxin a immune fab2 / botulinum neurotoxin b immune fab2 / botulinum neurotoxin c immune fab2 / botulinum neurotoxin d immune fab2 / botulinum neurotoxin e immune fab2 / botulinum neurotoxin f immune fab2 / botulinum neurotoxin g immune fab2,MIN,unique_convergent_term_evidence
13778,1722718,787,botulinum neurotoxin a immune fab2 / botulinum neurotoxin b immune fab2 / botulinum neurotoxin c immune fab2 / botulinum neurotoxin d immune fab2 / botulinum neurotoxin e immune fab2 / botulinum neurotoxin f immune fab2 / botulinum neurotoxin g immune fab2,MIN,unique_convergent_term_evidence
13779,1722718,787,botulinum neurotoxin a immune fab2 / botulinum neurotoxin b immune fab2 / botulinum neurotoxin c immune fab2 / botulinum neurotoxin d immune fab2 / botulinum neurotoxin e immune fab2 / botulinum neurotoxin f immune fab2 / botulinum neurotoxin g immune fab2,MIN,unique_convergent_term_evidence
13780,1722718,787,botulinum neurotoxin a immune fab2 / botulinum neurotoxin b immune fab2 / botulinum neurotoxin c immune fab2 / botulinum neurotoxin d immune fab2 / botulinum neurotoxin e immune fab2 / botulinum neurotoxin f immune fab2 / botulinum neurotoxin g immune fab2,MIN,unique_convergent_term_evidence
13781,1722718,787,botulinum neurotoxin a immune fab2 / botulinum neurotoxin b immune fab2 / botulinum neurotoxin c immune fab2 / botulinum neurotoxin d immune fab2 / botulinum neurotoxin e immune fab2 / botulinum neurotoxin f immune fab2 / botulinum neurotoxin g immune fab2,MIN,unique_convergent_term_evidence
13782,1722718,787,botulinum neurotoxin a immune fab2 / botulinum neurotoxin b immune fab2 / botulinum neurotoxin c immune fab2 / botulinum neurotoxin d immune fab2 / botulinum neurotoxin e immune fab2 / botulinum neurotoxin f immune fab2 / botulinum neurotoxin g immune fab2,MIN,unique_convergent_term_evidence
13783,1722718,787,botulinum neurotoxin a immune fab2 / botulinum neurotoxin b immune fab2 / botulinum neurotoxin c immune fab2 / botulinum neurotoxin d immune fab2 / botulinum neurotoxin e immune fab2 / botulinum neurotoxin f immune fab2 / botulinum neurotoxin g immune fab2,MIN,unique_convergent_term_evidence
13786,1306235,1946,equisetum arvense top extract,IN,unique_convergent_term_evidence
13787,1332872,1947,equisetum hyemale extract,IN,direct_anchor_exact_rxnorm
13790,895515,2558,horse hair extract,IN,unique_convergent_term_evidence
13800,2055906,1948,eravacycline,IN,direct_anchor_exact_rxnorm
13801,2055906,1948,eravacycline,IN,direct_anchor_exact_rxnorm
13814,24305,1950,erdosteine,IN,direct_anchor_exact_rxnorm
13815,2045613,1951,erenumab,IN,direct_anchor_exact_rxnorm
13821,4018,1952,ergocalciferol,IN,direct_anchor_exact_rxnorm
13823,4025,1954,ergotamine,IN,direct_anchor_exact_rxnorm
13824,4021,1953,ergonovine,IN,unique_convergent_term_evidence
13825,4021,1953,ergonovine,IN,direct_anchor_exact_rxnorm
13827,4025,1954,ergotamine,IN,direct_anchor_exact_rxnorm
13828,1314350,1955,ergothioneine,IN,direct_anchor_exact_rxnorm
13830,1045453,1956,eribulin,IN,direct_anchor_exact_rxnorm
13838,1242987,5346,vismodegib,IN,direct_anchor_exact_rxnorm
13855,337525,1957,erlotinib,IN,direct_anchor_exact_rxnorm
13864,1311285,1958,ersofermin,IN,direct_anchor_exact_rxnorm
13865,36435,4591,sertaconazole,IN,direct_anchor_exact_rxnorm
13866,325642,1959,ertapenem,IN,direct_anchor_exact_rxnorm
13867,325642,1959,ertapenem,IN,direct_anchor_exact_rxnorm
13870,1992672,1960,ertugliflozin,IN,direct_anchor_exact_rxnorm
13874,4053,1964,erythromycin,IN,direct_anchor_exact_rxnorm
13879,4053,1964,erythromycin,IN,direct_anchor_exact_rxnorm
13881,1369563,1962,erythritol,IN,direct_anchor_exact_rxnorm
13882,4040,1963,erythrityl tetranitrate,IN,direct_anchor_exact_rxnorm
13883,4053,1964,erythromycin,IN,direct_anchor_exact_rxnorm
13884,4053,1964,erythromycin,IN,direct_anchor_exact_rxnorm
13888,4053,1964,erythromycin,IN,direct_anchor_exact_rxnorm
13890,4053,1964,erythromycin,IN,direct_anchor_exact_rxnorm
13892,4053,1964,erythromycin,IN,direct_anchor_exact_rxnorm
13894,4053,1964,erythromycin,IN,direct_anchor_exact_rxnorm
13897,4053,1964,erythromycin,IN,direct_anchor_exact_rxnorm
13901,1609189,1965,erythroxylum catuaba bark extract,IN,unique_convergent_term_evidence
13905,2636785,1966,esafoxolaner,IN,direct_anchor_exact_rxnorm
13911,350202,1967,escherichia coli,IN,direct_anchor_exact_rxnorm
13914,4065,1968,escin,IN,direct_anchor_exact_rxnorm
13915,321988,1969,escitalopram,IN,direct_anchor_exact_rxnorm
13918,1314351,1970,esculin,IN,direct_anchor_exact_rxnorm
13923,2119365,1971,esketamine,IN,direct_anchor_exact_rxnorm
13924,2119365,1971,esketamine,IN,direct_anchor_exact_rxnorm
13925,1482502,1972,eslicarbazepine,IN,direct_anchor_exact_rxnorm
13926,1482502,1972,eslicarbazepine,IN,direct_anchor_exact_rxnorm
13931,49737,1973,esmolol,IN,direct_anchor_exact_rxnorm
13933,283742,1974,esomeprazole,IN,direct_anchor_exact_rxnorm
13934,283742,1974,esomeprazole,IN,direct_anchor_exact_rxnorm
13936,283742,1974,esomeprazole,IN,direct_anchor_exact_rxnorm
13937,283742,1974,esomeprazole,IN,direct_anchor_exact_rxnorm
13953,4077,1975,estazolam,IN,direct_anchor_exact_rxnorm
13954,2539031,1976,estetrol,IN,direct_anchor_exact_rxnorm
13955,2539031,1976,estetrol,IN,direct_anchor_exact_rxnorm
13958,4083,1977,estradiol,IN,direct_anchor_exact_rxnorm
13963,4083,1977,estradiol,IN,direct_anchor_exact_rxnorm
13972,4089,1982,estramustine,IN,direct_anchor_exact_rxnorm
13978,4094,1983,estriol,IN,direct_anchor_exact_rxnorm
13984,4100,1984,estrogens,IN,direct_anchor_exact_rxnorm
13987,33747,1988,estropipate,IN,direct_anchor_exact_rxnorm
13993,461016,1989,eszopiclone,IN,direct_anchor_exact_rxnorm
13999,62349,1995,ethacrynate,IN,unique_convergent_term_evidence
14009,24453,1997,ethamivan,IN,unique_convergent_term_evidence
14011,4112,1998,ethamsylate,IN,unique_convergent_term_evidence
14013,214555,1990,etanercept,IN,direct_anchor_exact_rxnorm
14034,1876119,1991,etelcalcetide,IN,direct_anchor_exact_rxnorm
14035,1876119,1991,etelcalcetide,IN,direct_anchor_exact_rxnorm
14036,1810569,1992,eteplirsen,IN,direct_anchor_exact_rxnorm
14039,2477854,1993,etesevimab,IN,direct_anchor_exact_rxnorm
14042,4106,1994,ethacridine,IN,direct_anchor_exact_rxnorm
14043,62349,1995,ethacrynate,IN,direct_anchor_exact_rxnorm
14045,4110,1996,ethambutol,IN,direct_anchor_exact_rxnorm
14046,4110,1996,ethambutol,IN,direct_anchor_exact_rxnorm
14048,448,2000,ethanol,IN,direct_anchor_exact_rxnorm
14050,24457,2001,ethanolamine,IN,direct_anchor_exact_rxnorm
14051,24460,2002,ethanolamine oleate,IN,direct_anchor_exact_rxnorm
14053,24464,2003,ethaverine,IN,direct_anchor_exact_rxnorm
14054,24464,2003,ethaverine,IN,direct_anchor_exact_rxnorm
14055,4118,2004,ethchlorvynol,IN,direct_anchor_exact_rxnorm
14058,24468,2005,ethenzamide,IN,direct_anchor_exact_rxnorm
14060,24474,2006,ethinamate,IN,direct_anchor_exact_rxnorm
14062,4125,2010,ethiodized oil,IN,direct_anchor_exact_rxnorm
14066,4127,2011,ethionamide,IN,direct_anchor_exact_rxnorm
14067,4129,2012,ethisterone,IN,direct_anchor_exact_rxnorm
14069,24484,2014,ethoheptazine,IN,direct_anchor_exact_rxnorm
14070,24484,2014,ethoheptazine,IN,direct_anchor_exact_rxnorm
14074,1314353,2016,ethopabate,IN,direct_anchor_exact_rxnorm
14075,4134,4219,profenamine,IN,direct_anchor_exact_rxnorm
14076,4135,2017,ethosuximide,IN,direct_anchor_exact_rxnorm
14077,4136,2018,ethotoin,IN,direct_anchor_exact_rxnorm
14078,41078,2019,ethoxazene,IN,direct_anchor_exact_rxnorm
14079,41078,2019,ethoxazene,IN,direct_anchor_exact_rxnorm
14081,1314354,2020,ethoxyquin,IN,direct_anchor_exact_rxnorm
14092,1314355,2022,ethyl acetate,IN,direct_anchor_exact_rxnorm
14096,4141,2023,ethyl chloride,IN,direct_anchor_exact_rxnorm
14103,1420983,2024,ethyl ferulate,IN,direct_anchor_exact_rxnorm
14108,24524,2025,ethyl loflazepate,IN,direct_anchor_exact_rxnorm
14109,1314358,2026,ethyl macadamiate,IN,direct_anchor_exact_rxnorm
14110,1314359,2027,ethyl maltol,IN,direct_anchor_exact_rxnorm
14112,2468050,2028,ethyl methoxycinnamate,IN,direct_anchor_exact_rxnorm
14114,1314360,2029,ethyl nitrate,IN,direct_anchor_exact_rxnorm
14115,1921585,2030,ethyl nitrite,IN,direct_anchor_exact_rxnorm
14116,1314361,2031,ethyl oleate,IN,direct_anchor_exact_rxnorm
14119,1539968,2032,ethyl pyruvate,IN,direct_anchor_exact_rxnorm
14120,1546423,2033,ethyl salicylate,IN,direct_anchor_exact_rxnorm
14121,1311571,2035,ethyl vanillin,IN,direct_anchor_exact_rxnorm
14127,1312575,2037,ethylcellulose (7 mpa.s),IN,direct_anchor_exact_rxnorm
14131,1368154,2038,ethylene oxide,IN,direct_anchor_exact_rxnorm
14134,4158,2039,ethylenediamine,IN,direct_anchor_exact_rxnorm
14136,4162,2041,ethylestrenol,IN,direct_anchor_exact_rxnorm
14137,1311616,2042,ethylhexyl methoxycrylene,IN,direct_anchor_exact_rxnorm
14138,1367134,2043,ethylhexylglycerin,IN,direct_anchor_exact_rxnorm
14139,1546427,2044,ethylmercurithiosalicylic acid,IN,direct_anchor_exact_rxnorm
14141,4166,2045,ethylmorphine,IN,direct_anchor_exact_rxnorm
14142,4166,2045,ethylmorphine,IN,direct_anchor_exact_rxnorm
14144,156240,2046,ethylnorepinephrine,IN,direct_anchor_exact_rxnorm
14145,156240,2046,ethylnorepinephrine,IN,direct_anchor_exact_rxnorm
14146,1362892,2036,ethyl-p-hydroxybenzoate,IN,direct_anchor_exact_rxnorm
14148,214557,2008,ethinyl estradiol / ethynodiol,MIN,direct_anchor_exact_rxnorm
14156,4171,2048,etidocaine,IN,direct_anchor_exact_rxnorm
14157,214545,1931,epinephrine / etidocaine,MIN,direct_anchor_exact_rxnorm
14158,42682,2049,etidronate,IN,direct_anchor_exact_rxnorm
14160,42682,2049,etidronate,IN,direct_anchor_exact_rxnorm
14162,24441,2050,etifoxine,IN,direct_anchor_exact_rxnorm
14165,4169,2051,etilefrine,IN,direct_anchor_exact_rxnorm
14166,4169,2051,etilefrine,IN,direct_anchor_exact_rxnorm
14168,1421444,2052,etilevodopa,IN,direct_anchor_exact_rxnorm
14190,24605,2053,etodolac,IN,direct_anchor_exact_rxnorm
14192,24607,2054,etofamide,IN,direct_anchor_exact_rxnorm
14193,24608,2055,etofenamate,IN,direct_anchor_exact_rxnorm
14194,24609,2056,etofibrate,IN,direct_anchor_exact_rxnorm
14198,24611,2057,etofylline,IN,direct_anchor_exact_rxnorm
14200,4132,2013,ethoglucid,IN,unique_convergent_term_evidence
14201,1362891,2015,ethohexadiol,IN,unique_convergent_term_evidence
14207,4177,2058,etomidate,IN,direct_anchor_exact_rxnorm
14211,14584,2059,etonogestrel,IN,direct_anchor_exact_rxnorm
14216,4179,2060,etoposide,IN,direct_anchor_exact_rxnorm
14224,307296,2061,etoricoxib,IN,direct_anchor_exact_rxnorm
14225,2728549,2062,etorphine,IN,direct_anchor_exact_rxnorm
14226,2728549,2062,etorphine,IN,direct_anchor_exact_rxnorm
14237,2626727,2063,etranacogene dezaparvovec,IN,direct_anchor_exact_rxnorm
14238,2668045,2064,etrasimod,IN,direct_anchor_exact_rxnorm
14239,2668045,2064,etrasimod,IN,direct_anchor_exact_rxnorm
14240,4182,2066,etretinate,IN,direct_anchor_exact_rxnorm
14243,2730302,2067,etripamil,IN,direct_anchor_exact_rxnorm
14248,2747657,2068,etuvetidigene autotemcel,IN,direct_anchor_exact_rxnorm
14250,1358000,2021,ethybenztropine,IN,unique_convergent_term_evidence
14253,24591,2047,ethynodiol,IN,unique_convergent_term_evidence
14258,21116,2069,eucalyptol,IN,direct_anchor_exact_rxnorm
14259,2122439,2070,eucalyptus alba leaf extract,IN,direct_anchor_exact_rxnorm
14263,59087,2073,eucalyptus oil,IN,direct_anchor_exact_rxnorm
14266,1309788,2074,eucommia ulmoides bark extract,IN,unique_convergent_term_evidence
14267,1865953,1410,crisaborole,IN,direct_anchor_exact_rxnorm
14270,4508,2261,flutamide,IN,unique_convergent_term_evidence
14271,4186,2075,eugenol,IN,direct_anchor_exact_rxnorm
14275,867218,1758,dogfennel pollen extract,IN,unique_convergent_term_evidence
14282,974129,4541,sardine allergenic extract,IN,unique_convergent_term_evidence
14294,4191,2079,evans blue,IN,direct_anchor_exact_rxnorm
14303,203219,2080,evening primrose oil,IN,direct_anchor_exact_rxnorm
14306,1337279,2081,everlasting extract,IN,direct_anchor_exact_rxnorm
14315,2478335,2083,evinacumab,IN,direct_anchor_exact_rxnorm
14316,72143,4341,raloxifene,IN,direct_anchor_exact_rxnorm
14323,1665684,2084,evolocumab,IN,direct_anchor_exact_rxnorm
14326,1601653,491,atazanavir / cobicistat,MIN,direct_anchor_exact_rxnorm
14338,2671667,2085,exagamglogene autotemcel,IN,direct_anchor_exact_rxnorm
14342,62153,2086,exametazime,IN,direct_anchor_exact_rxnorm
14351,466584,106,acetaminophen / aspirin / caffeine,MIN,direct_anchor_exact_rxnorm
14354,37319,4809,sulconazole,IN,direct_anchor_exact_rxnorm
14355,183379,4446,rivastigmine,IN,direct_anchor_exact_rxnorm
14357,60548,2088,exenatide,IN,direct_anchor_exact_rxnorm
14365,2570736,3391,mobocertinib,IN,direct_anchor_exact_rxnorm
14385,341248,2089,ezetimibe,IN,direct_anchor_exact_rxnorm
14391,1112990,2091,ezogabine,IN,direct_anchor_exact_rxnorm
14400,2671061,2781,iptacopan,IN,direct_anchor_exact_rxnorm
14407,138099,2357,gemifloxacin,IN,direct_anchor_exact_rxnorm
14410,4256,2096,factor viia,IN,unique_convergent_term_evidence
14412,4257,2097,factor viii,IN,unique_convergent_term_evidence
14421,852419,609,beech pollen extract,IN,unique_convergent_term_evidence
14434,68099,2103,famciclovir,IN,direct_anchor_exact_rxnorm
14440,4278,2104,famotidine,IN,direct_anchor_exact_rxnorm
14455,1314371,2105,fanolesomab,IN,direct_anchor_exact_rxnorm
14466,38409,5118,toremifene,IN,direct_anchor_exact_rxnorm
14469,2591519,2106,faricimab,IN,direct_anchor_exact_rxnorm
14470,1603350,3811,panobinostat,IN,unique_convergent_term_evidence
14480,1362903,2107,farnesol,IN,direct_anchor_exact_rxnorm
14488,1989100,639,benralizumab,IN,direct_anchor_exact_rxnorm
14496,282357,2312,fulvestrant,IN,direct_anchor_exact_rxnorm
14547,24805,2108,febantel,IN,direct_anchor_exact_rxnorm
14548,24807,2109,febarbamate,IN,direct_anchor_exact_rxnorm
14549,24809,2110,febuprol,IN,direct_anchor_exact_rxnorm
14551,73689,2111,febuxostat,IN,direct_anchor_exact_rxnorm
14552,2636537,2112,"fecal microbiota spores, live",IN,unique_convergent_term_evidence
14554,2391141,2113,feclobuzone,IN,direct_anchor_exact_rxnorm
14561,2197490,2114,fedratinib,IN,direct_anchor_exact_rxnorm
14562,235961,2115,fedrilate,IN,direct_anchor_exact_rxnorm
14565,24812,2116,felbamate,IN,direct_anchor_exact_rxnorm
14566,262307,2117,felbinac,IN,direct_anchor_exact_rxnorm
14570,248123,1048,cat hair extract,IN,unique_convergent_term_evidence
14571,851949,1049,cat skin extract,IN,unique_convergent_term_evidence
14572,4316,2118,felodipine,IN,direct_anchor_exact_rxnorm
14575,4319,2119,felypressin,IN,direct_anchor_exact_rxnorm
14576,72965,2963,letrozole,IN,direct_anchor_exact_rxnorm
14588,1869713,2120,fenamiphos,IN,direct_anchor_exact_rxnorm
14591,4325,2121,fenbendazole,IN,direct_anchor_exact_rxnorm
14593,24830,2122,fenbufen,IN,direct_anchor_exact_rxnorm
14594,158507,2123,fenbutrazate,IN,direct_anchor_exact_rxnorm
14606,4327,2124,fendiline,IN,direct_anchor_exact_rxnorm
14612,24840,2125,fenethylline,IN,direct_anchor_exact_rxnorm
14613,24840,2125,fenethylline,IN,direct_anchor_exact_rxnorm
14616,4328,2126,fenfluramine,IN,direct_anchor_exact_rxnorm
14617,4328,2126,fenfluramine,IN,direct_anchor_exact_rxnorm
14623,24846,2127,fenipentol,IN,direct_anchor_exact_rxnorm
14640,8703,2128,fenofibrate,IN,direct_anchor_exact_rxnorm
14641,8703,2128,fenofibrate,IN,direct_anchor_exact_rxnorm
14642,24853,2129,fenoldopam,IN,direct_anchor_exact_rxnorm
14643,4331,2130,fenoprofen,IN,direct_anchor_exact_rxnorm
14644,4331,2130,fenoprofen,IN,direct_anchor_exact_rxnorm
14646,4333,2131,fenoterol,IN,direct_anchor_exact_rxnorm
14647,4333,2131,fenoterol,IN,direct_anchor_exact_rxnorm
14648,24855,2132,fenoverine,IN,direct_anchor_exact_rxnorm
14650,24856,2133,fenoxazoline,IN,direct_anchor_exact_rxnorm
14651,24856,2133,fenoxazoline,IN,direct_anchor_exact_rxnorm
14654,24860,2134,fenozolone,IN,direct_anchor_exact_rxnorm
14667,24867,2135,fenproporex,IN,direct_anchor_exact_rxnorm
14674,42375,2967,leuprolide,IN,direct_anchor_exact_rxnorm
14675,4335,2136,fenspiride,IN,direct_anchor_exact_rxnorm
14676,4335,2136,fenspiride,IN,direct_anchor_exact_rxnorm
14677,4337,2137,fentanyl,IN,direct_anchor_exact_rxnorm
14680,4337,2137,fentanyl,IN,direct_anchor_exact_rxnorm
14686,24876,2138,fenticonazole,IN,direct_anchor_exact_rxnorm
14687,24876,2138,fenticonazole,IN,direct_anchor_exact_rxnorm
14691,4337,2137,fentanyl,IN,direct_anchor_exact_rxnorm
14697,24947,2169,ferrous sulfate,IN,direct_anchor_exact_rxnorm
14701,8673,2139,feprazone,IN,direct_anchor_exact_rxnorm
14706,24947,2169,ferrous sulfate,IN,direct_anchor_exact_rxnorm
14708,473387,2173,ferumoxytol,IN,direct_anchor_exact_rxnorm
14722,24897,2140,ferric ammonium citrate,IN,direct_anchor_exact_rxnorm
14723,1426442,2141,ferric ammonium ferrocyanide,IN,direct_anchor_exact_rxnorm
14725,317229,2142,ferric cacodylate,IN,direct_anchor_exact_rxnorm
14726,1433693,2143,ferric carboxymaltose,IN,direct_anchor_exact_rxnorm
14727,1546357,2144,ferric cation,IN,direct_anchor_exact_rxnorm
14728,24898,2145,ferric chloride,IN,direct_anchor_exact_rxnorm
14730,2274394,2147,ferric derisomaltose,IN,direct_anchor_exact_rxnorm
14732,24942,2164,ferrous gluconate,IN,unique_convergent_term_evidence
14734,1428835,2149,ferric hydroxide,IN,direct_anchor_exact_rxnorm
14736,2539932,2150,ferric maltol,IN,direct_anchor_exact_rxnorm
14737,1310572,2151,ferric oxide,IN,direct_anchor_exact_rxnorm
14739,1607976,2152,ferric pyrophosphate,IN,direct_anchor_exact_rxnorm
14740,1607976,2152,ferric pyrophosphate,IN,direct_anchor_exact_rxnorm
14743,24913,2153,ferric sulfate,IN,direct_anchor_exact_rxnorm
14745,2619162,2154,ferriclate calcium sodium,IN,direct_anchor_exact_rxnorm
14749,261435,4662,sodium ferric gluconate complex,IN,direct_anchor_exact_rxnorm
14757,4356,2155,ferrous ascorbate,IN,direct_anchor_exact_rxnorm
14758,236617,2156,ferrous aspartate,IN,direct_anchor_exact_rxnorm
14759,644718,2157,ferrous asparto glycinate,IN,direct_anchor_exact_rxnorm
14760,1102188,2158,ferrous bisglycinate,IN,direct_anchor_exact_rxnorm
14761,1440290,2159,ferrous carbonate,IN,direct_anchor_exact_rxnorm
14762,1541238,2160,ferrous cation,IN,direct_anchor_exact_rxnorm
14763,24940,2161,ferrous chloride,IN,direct_anchor_exact_rxnorm
14765,1490797,2162,ferrous cysteine glycinate,IN,direct_anchor_exact_rxnorm
14766,24941,2163,ferrous fumarate,IN,direct_anchor_exact_rxnorm
14767,105655,2165,ferrous glycine sulfate,IN,direct_anchor_exact_rxnorm
14768,1311296,2166,ferrous iodide,IN,direct_anchor_exact_rxnorm
14769,136034,2167,ferrous lactate,IN,direct_anchor_exact_rxnorm
14770,24946,2168,ferrous succinate,IN,direct_anchor_exact_rxnorm
14771,24947,2169,ferrous sulfate,IN,direct_anchor_exact_rxnorm
14774,1368648,2170,ferulate,IN,direct_anchor_exact_rxnorm
14776,72901,2171,ferumoxides,IN,direct_anchor_exact_rxnorm
14777,77754,2172,ferumoxsil,IN,direct_anchor_exact_rxnorm
14778,473387,2173,ferumoxytol,IN,direct_anchor_exact_rxnorm
14781,797195,2174,fesoterodine,IN,direct_anchor_exact_rxnorm
14782,797195,2174,fesoterodine,IN,direct_anchor_exact_rxnorm
14783,851918,3169,meadow fescue grass pollen extract,IN,unique_convergent_term_evidence
14793,2564146,2175,fexinidazole,IN,direct_anchor_exact_rxnorm
14794,87636,2176,fexofenadine,IN,direct_anchor_exact_rxnorm
14799,2637134,2178,fezolinetant,IN,direct_anchor_exact_rxnorm
14821,70727,2179,fiber,IN,direct_anchor_exact_rxnorm
14829,353110,2182,fibrinolysis inhibitor,IN,direct_anchor_exact_rxnorm
14830,1591916,2183,fibroblast growth factor-1,IN,direct_anchor_exact_rxnorm
14836,2681011,2185,fidanacogene elaparvovec,IN,direct_anchor_exact_rxnorm
14839,1111103,2186,fidaxomicin,IN,direct_anchor_exact_rxnorm
14860,68442,2187,filgrastim,IN,direct_anchor_exact_rxnorm
14861,68442,2187,filgrastim,IN,direct_anchor_exact_rxnorm
14874,1598641,2188,finafloxacin,IN,direct_anchor_exact_rxnorm
14875,25025,2189,finasteride,IN,direct_anchor_exact_rxnorm
14877,2562811,2190,finerenone,IN,direct_anchor_exact_rxnorm
14878,1012892,2191,fingolimod,IN,direct_anchor_exact_rxnorm
14879,1012892,2191,fingolimod,IN,direct_anchor_exact_rxnorm
14886,214130,107,acetaminophen / butalbital / caffeine,MIN,direct_anchor_exact_rxnorm
14894,1148138,2638,icatibant,IN,direct_anchor_exact_rxnorm
14898,473298,2192,firocoxib,IN,direct_anchor_exact_rxnorm
14906,2667741,2193,fisetin,IN,direct_anchor_exact_rxnorm
14908,4419,2195,fish oils,IN,unique_convergent_term_evidence
14913,2709439,2196,fitusiran,IN,direct_anchor_exact_rxnorm
14923,6922,3340,metronidazole,IN,direct_anchor_exact_rxnorm
14932,1314412,2198,flavin-adenine dinucleotide,IN,unique_convergent_term_evidence
14933,1925821,4412,riboflavin 5'-phosphate,IN,unique_convergent_term_evidence
14937,25060,2199,flavodic acid,IN,direct_anchor_exact_rxnorm
14940,1536070,2200,flavone,IN,direct_anchor_exact_rxnorm
14942,4440,2201,flavoxate,IN,direct_anchor_exact_rxnorm
14943,4440,2201,flavoxate,IN,direct_anchor_exact_rxnorm
14946,5666,2673,immunoglobulin g,IN,direct_anchor_exact_rxnorm
14947,4441,2204,flecainide,IN,direct_anchor_exact_rxnorm
14950,42322,2205,fleroxacin,IN,direct_anchor_exact_rxnorm
14958,1665509,2206,flibanserin,IN,direct_anchor_exact_rxnorm
14962,4444,2207,floctafenine,IN,direct_anchor_exact_rxnorm
14969,25082,2208,flopropione,IN,direct_anchor_exact_rxnorm
14974,2571857,2209,florbetaben,IN,direct_anchor_exact_rxnorm
14975,1427225,2210,florbetapir,IN,unique_convergent_term_evidence
14978,25086,2211,florfenicol,IN,direct_anchor_exact_rxnorm
14981,4452,2225,fludrocortisone,IN,unique_convergent_term_evidence
14982,2571858,2212,flortaucipir,IN,direct_anchor_exact_rxnorm
14983,2571858,2212,flortaucipir,IN,direct_anchor_exact_rxnorm
14986,25089,2213,flosequinan,IN,direct_anchor_exact_rxnorm
14990,2637947,2214,flotufolastat,IN,direct_anchor_exact_rxnorm
14991,899746,2215,flounder allergenic extract,IN,unique_convergent_term_evidence
14995,4488,2217,floxuridine,IN,direct_anchor_exact_rxnorm
15014,25096,2218,flubendazole,IN,direct_anchor_exact_rxnorm
15021,2571859,2219,fluciclovine,IN,direct_anchor_exact_rxnorm
15022,2571859,2219,fluciclovine,IN,unique_convergent_term_evidence
15025,108091,2220,fluclorolone,IN,direct_anchor_exact_rxnorm
15026,108091,2220,fluclorolone,IN,direct_anchor_exact_rxnorm
15027,4448,2216,floxacillin,IN,unique_convergent_term_evidence
15029,4451,2223,flucytosine,IN,direct_anchor_exact_rxnorm
15032,24698,2224,fludarabine,IN,unique_convergent_term_evidence
15039,4452,2225,fludrocortisone,IN,direct_anchor_exact_rxnorm
15040,4453,2227,flufenamic acid,IN,direct_anchor_exact_rxnorm
15048,50097,2228,fluindione,IN,direct_anchor_exact_rxnorm
15049,9386,4430,rimantadine,IN,direct_anchor_exact_rxnorm
15051,4457,2229,flumazenil,IN,direct_anchor_exact_rxnorm
15055,25112,2230,flumequine,IN,direct_anchor_exact_rxnorm
15057,4458,2231,flumethasone,IN,direct_anchor_exact_rxnorm
15059,89911,2232,flumethiazide,IN,direct_anchor_exact_rxnorm
15067,4459,2233,flunarizine,IN,direct_anchor_exact_rxnorm
15068,4459,2233,flunarizine,IN,direct_anchor_exact_rxnorm
15070,25120,2234,flunisolide,IN,direct_anchor_exact_rxnorm
15072,4460,2235,flunitrazepam,IN,direct_anchor_exact_rxnorm
15073,25121,2236,flunixin,IN,direct_anchor_exact_rxnorm
15074,25121,2236,flunixin,IN,direct_anchor_exact_rxnorm
15077,25126,2237,fluocinolone,IN,direct_anchor_exact_rxnorm
15079,4462,2238,fluocinonide,IN,direct_anchor_exact_rxnorm
15083,4463,2239,fluocortolone,IN,direct_anchor_exact_rxnorm
15084,1006895,2240,fluocortolone caproate / fluocortolone pivalate,MIN,direct_anchor_exact_rxnorm
15085,1006895,2240,fluocortolone caproate / fluocortolone pivalate,MIN,direct_anchor_exact_rxnorm
15088,25138,2241,fluorescein,IN,direct_anchor_exact_rxnorm
15094,196213,2243,fluoride ion,IN,direct_anchor_exact_rxnorm
15095,196213,2243,fluoride ion,IN,direct_anchor_exact_rxnorm
15157,2571852,2244,fluorodopa,IN,unique_convergent_term_evidence
15159,4083,1977,estradiol,IN,direct_anchor_exact_rxnorm
15162,4491,2245,fluorometholone,IN,direct_anchor_exact_rxnorm
15163,4491,2245,fluorometholone,IN,direct_anchor_exact_rxnorm
15180,4493,2248,fluoxetine,IN,direct_anchor_exact_rxnorm
15184,4495,2250,flupenthixol,IN,direct_anchor_exact_rxnorm
15185,4495,2250,flupenthixol,IN,unique_convergent_term_evidence
15190,4496,2251,fluphenazine,IN,direct_anchor_exact_rxnorm
15191,4496,2251,fluphenazine,IN,direct_anchor_exact_rxnorm
15192,4496,2251,fluphenazine,IN,direct_anchor_exact_rxnorm
15193,644529,2252,fluphenazine / nortriptyline,MIN,direct_anchor_exact_rxnorm
15195,25193,2253,flupirtine,IN,direct_anchor_exact_rxnorm
15196,25193,2253,flupirtine,IN,direct_anchor_exact_rxnorm
15199,236650,2254,fluprednidene,IN,direct_anchor_exact_rxnorm
15200,236650,2254,fluprednidene,IN,direct_anchor_exact_rxnorm
15201,4497,2255,fluprednisolone,IN,direct_anchor_exact_rxnorm
15215,1538098,2256,fluralaner,IN,direct_anchor_exact_rxnorm
15216,4500,2257,flurandrenolide,IN,direct_anchor_exact_rxnorm
15219,4501,2258,flurazepam,IN,direct_anchor_exact_rxnorm
15220,4501,2258,flurazepam,IN,direct_anchor_exact_rxnorm
15222,4502,2259,flurbiprofen,IN,direct_anchor_exact_rxnorm
15238,4507,2260,fluspirilene,IN,direct_anchor_exact_rxnorm
15242,1486026,2262,flutemetamol,IN,direct_anchor_exact_rxnorm
15243,1486026,2262,flutemetamol,IN,unique_convergent_term_evidence
15245,41126,2263,fluticasone,IN,direct_anchor_exact_rxnorm
15254,61773,2264,flutrimazole,IN,direct_anchor_exact_rxnorm
15258,41127,2265,fluvastatin,IN,direct_anchor_exact_rxnorm
15259,41127,2265,fluvastatin,IN,direct_anchor_exact_rxnorm
15260,42355,2266,fluvoxamine,IN,direct_anchor_exact_rxnorm
15261,42355,2266,fluvoxamine,IN,direct_anchor_exact_rxnorm
15286,4511,2268,folic acid,IN,direct_anchor_exact_rxnorm
15303,662019,4171,pralatrexate,IN,direct_anchor_exact_rxnorm
15305,15226,2272,fomepizole,IN,direct_anchor_exact_rxnorm
15307,183875,2273,fominoben,IN,direct_anchor_exact_rxnorm
15308,85763,2274,fomivirsen,IN,direct_anchor_exact_rxnorm
15309,85763,2274,fomivirsen,IN,direct_anchor_exact_rxnorm
15312,50138,2275,fonazine,IN,direct_anchor_exact_rxnorm
15313,50138,2275,fonazine,IN,direct_anchor_exact_rxnorm
15323,1427137,2277,"foreskin fibroblast, neonatal",IN,unique_convergent_term_evidence
15324,1427138,2278,"foreskin keratinocyte, neonatal",IN,unique_convergent_term_evidence
15330,4530,2279,formaldehyde,IN,direct_anchor_exact_rxnorm
15334,15070,2282,formestane,IN,direct_anchor_exact_rxnorm
15337,4537,2283,formic acid,IN,direct_anchor_exact_rxnorm
15342,25255,2284,formoterol,IN,direct_anchor_exact_rxnorm
15343,25255,2284,formoterol,IN,unique_convergent_term_evidence
15353,1311590,2285,forsythia suspensa fruit extract,IN,unique_convergent_term_evidence
15355,32915,4954,teriparatide,IN,direct_anchor_exact_rxnorm
15363,46041,205,alendronate,IN,direct_anchor_exact_rxnorm
15364,358262,2286,fosamprenavir,IN,direct_anchor_exact_rxnorm
15365,358262,2286,fosamprenavir,IN,direct_anchor_exact_rxnorm
15374,103990,1001,carbidopa / levodopa,MIN,direct_anchor_exact_rxnorm
15375,33562,2288,foscarnet,IN,direct_anchor_exact_rxnorm
15376,33562,2288,foscarnet,IN,direct_anchor_exact_rxnorm
15379,1368646,2289,foscolate,IN,direct_anchor_exact_rxnorm
15381,2531288,2290,fosdenopterin,IN,direct_anchor_exact_rxnorm
15382,2531288,2290,fosdenopterin,IN,direct_anchor_exact_rxnorm
15392,4550,2292,fosfomycin,IN,direct_anchor_exact_rxnorm
15396,2119172,2293,fosfructose,IN,direct_anchor_exact_rxnorm
15403,50166,2294,fosinopril,IN,direct_anchor_exact_rxnorm
15404,261415,2295,fosinopril / hydrochlorothiazide,MIN,direct_anchor_exact_rxnorm
15405,1546393,2296,fosinoprilat,IN,direct_anchor_exact_rxnorm
15407,103990,1001,carbidopa / levodopa,MIN,direct_anchor_exact_rxnorm
15414,1552342,3539,netupitant / palonosetron,MIN,direct_anchor_exact_rxnorm
15415,1552337,3538,netupitant,IN,direct_anchor_exact_rxnorm
15418,72236,2297,fosphenytoin,IN,direct_anchor_exact_rxnorm
15420,828682,2298,fospropofol,IN,direct_anchor_exact_rxnorm
15421,828682,2298,fospropofol,IN,direct_anchor_exact_rxnorm
15424,2044896,2299,fostamatinib,IN,direct_anchor_exact_rxnorm
15426,2380373,2300,fostemsavir,IN,direct_anchor_exact_rxnorm
15427,2380373,2300,fostemsavir,IN,direct_anchor_exact_rxnorm
15433,1312592,2301,fosveset,IN,direct_anchor_exact_rxnorm
15435,2534233,5084,tivozanib,IN,direct_anchor_exact_rxnorm
15457,67109,1499,dalteparin,IN,direct_anchor_exact_rxnorm
15460,4556,2302,framycetin,IN,direct_anchor_exact_rxnorm
15461,4556,2302,framycetin,IN,direct_anchor_exact_rxnorm
15463,1311479,2304,frankincense extract,IN,unique_convergent_term_evidence
15465,852450,5392,white ash pollen extract,IN,unique_convergent_term_evidence
15466,900045,3705,oregon ash pollen extract,IN,unique_convergent_term_evidence
15467,852491,2468,green ash pollen extract,IN,unique_convergent_term_evidence
15468,852496,445,arizona ash pollen extract,IN,unique_convergent_term_evidence
15469,67031,3480,nadroparin,IN,unique_convergent_term_evidence
15476,2056691,2305,fremanezumab,IN,direct_anchor_exact_rxnorm
15490,228783,2307,frovatriptan,IN,direct_anchor_exact_rxnorm
15491,228783,2307,frovatriptan,IN,direct_anchor_exact_rxnorm
15493,259372,2308,fructooligosaccharide,IN,direct_anchor_exact_rxnorm
15496,4570,2309,fructose,IN,direct_anchor_exact_rxnorm
15512,2466731,2311,fucose,IN,direct_anchor_exact_rxnorm
15522,338036,3859,pegfilgrastim,IN,direct_anchor_exact_rxnorm
15527,1926480,2313,fumagillin,IN,direct_anchor_exact_rxnorm
15529,70598,2314,fumarate,IN,direct_anchor_exact_rxnorm
15547,4601,2315,furazolidone,IN,direct_anchor_exact_rxnorm
15566,4603,2316,furosemide,IN,direct_anchor_exact_rxnorm
15573,2643212,2317,furterene,IN,direct_anchor_exact_rxnorm
15583,113608,2318,fusidate,IN,direct_anchor_exact_rxnorm
15584,113608,2318,fusidate,IN,direct_anchor_exact_rxnorm
15586,2628190,2319,futibatinib,IN,direct_anchor_exact_rxnorm
15589,2632642,2320,fuzapladib,IN,direct_anchor_exact_rxnorm
15592,1545063,4872,tafamidis,IN,unique_convergent_term_evidence
15594,35302,4639,sirolimus,IN,direct_anchor_exact_rxnorm
15614,25480,2321,gabapentin,IN,direct_anchor_exact_rxnorm
15615,25480,2321,gabapentin,IN,direct_anchor_exact_rxnorm
15617,31914,5036,tiagabine,IN,direct_anchor_exact_rxnorm
15620,692620,2322,gadobenate,IN,unique_convergent_term_evidence
15621,84990,2323,gadobutrol,IN,direct_anchor_exact_rxnorm
15622,41144,2324,gadodiamide,IN,direct_anchor_exact_rxnorm
15623,1364290,2325,gadofosveset,IN,direct_anchor_exact_rxnorm
15625,1310171,2326,gadolinium,IN,direct_anchor_exact_rxnorm
15626,1546429,2327,gadolinium cation (3+),IN,direct_anchor_exact_rxnorm
15627,1546432,2328,gadopentetate,IN,unique_convergent_term_evidence
15628,2618720,2329,gadopiclenol,IN,direct_anchor_exact_rxnorm
15630,25483,2330,gadoteridol,IN,direct_anchor_exact_rxnorm
15631,228833,2331,gadoversetamide,IN,direct_anchor_exact_rxnorm
15632,802624,2332,gadoxetate,IN,unique_convergent_term_evidence
15634,4626,2333,galactose,IN,direct_anchor_exact_rxnorm
15638,4637,2334,galantamine,IN,direct_anchor_exact_rxnorm
15639,4637,2334,galantamine,IN,direct_anchor_exact_rxnorm
15641,2058846,2335,galcanezumab,IN,direct_anchor_exact_rxnorm
15651,4638,2336,gallamine,IN,direct_anchor_exact_rxnorm
15652,4638,2336,gallamine,IN,direct_anchor_exact_rxnorm
15654,1310124,2337,gallium,IN,direct_anchor_exact_rxnorm
15655,1310124,2337,gallium,IN,direct_anchor_exact_rxnorm
15656,1310124,2337,gallium,IN,unique_convergent_term_evidence
15709,2588949,2457,gozetotide,IN,direct_anchor_exact_rxnorm
15711,1310124,2337,gallium,IN,direct_anchor_exact_rxnorm
15713,2588949,2457,gozetotide,IN,unique_convergent_term_evidence
15715,4648,2338,gallopamil,IN,direct_anchor_exact_rxnorm
15716,4648,2338,gallopamil,IN,direct_anchor_exact_rxnorm
15717,894934,1142,chicken feather extract,IN,unique_convergent_term_evidence
15720,578033,2339,galsulfase,IN,direct_anchor_exact_rxnorm
15728,2104604,1876,emapalumab,IN,direct_anchor_exact_rxnorm
15729,1113697,2341,gamithromycin,IN,direct_anchor_exact_rxnorm
15736,618771,2342,gamma-aminobutyrate,IN,direct_anchor_exact_rxnorm
15744,2387302,3755,oxybate,IN,unique_convergent_term_evidence
15747,5666,2673,immunoglobulin g,IN,direct_anchor_exact_rxnorm
15748,618453,2343,gamma-linolenate,IN,unique_convergent_term_evidence
15749,5666,2673,immunoglobulin g,IN,direct_anchor_exact_rxnorm
15751,2604689,2344,ganaxolone,IN,direct_anchor_exact_rxnorm
15752,4678,2345,ganciclovir,IN,direct_anchor_exact_rxnorm
15769,35825,2346,ganirelix,IN,direct_anchor_exact_rxnorm
15770,35825,2346,ganirelix,IN,direct_anchor_exact_rxnorm
15780,2717169,2347,garadacimab,IN,direct_anchor_exact_rxnorm
15782,1311595,2348,garcinia cambogia fruit extract,IN,unique_convergent_term_evidence
15783,1428846,2349,garden snail mucin preparation,IN,unique_convergent_term_evidence
15797,5920,2741,intrinsic factor,IN,unique_convergent_term_evidence
15800,228476,2351,gatifloxacin,IN,direct_anchor_exact_rxnorm
15808,2394936,4174,pralsetinib,IN,direct_anchor_exact_rxnorm
15810,974779,3643,obinutuzumab,IN,direct_anchor_exact_rxnorm
15839,2591813,1400,coxsackievirus a21,IN,unique_convergent_term_evidence
15851,328134,2352,gefitinib,IN,direct_anchor_exact_rxnorm
15860,4716,2353,gelatin,IN,direct_anchor_exact_rxnorm
15869,12574,2354,gemcitabine,IN,direct_anchor_exact_rxnorm
15873,12449,2355,gemeprost,IN,direct_anchor_exact_rxnorm
15874,4719,2356,gemfibrozil,IN,direct_anchor_exact_rxnorm
15876,138099,2357,gemifloxacin,IN,direct_anchor_exact_rxnorm
15885,1294580,2358,gemtuzumab ozogamicin,IN,direct_anchor_exact_rxnorm
15906,25696,2359,genistein,IN,direct_anchor_exact_rxnorm
15911,1596450,2360,gentamicin,IN,direct_anchor_exact_rxnorm
15915,1596450,2360,gentamicin,IN,direct_anchor_exact_rxnorm
15916,4778,2361,gentian violet,IN,direct_anchor_exact_rxnorm
15918,1368642,2362,gentisate,IN,direct_anchor_exact_rxnorm
15919,1427180,2363,gentisic acid ethanolamide,IN,direct_anchor_exact_rxnorm
15923,1721612,1338,cobicistat / elvitegravir / emtricitabine / tenofovir alafenamide,MIN,direct_anchor_exact_rxnorm
15927,41157,2364,gepefrine,IN,direct_anchor_exact_rxnorm
15928,2672253,2365,gepirone,IN,direct_anchor_exact_rxnorm
15929,2672253,2365,gepirone,IN,direct_anchor_exact_rxnorm
15930,2709212,2366,gepotidacin,IN,direct_anchor_exact_rxnorm
15931,2709212,2366,gepotidacin,IN,direct_anchor_exact_rxnorm
15934,1368875,2367,geraniol,IN,direct_anchor_exact_rxnorm
15935,1372247,2368,geranium extract,IN,direct_anchor_exact_rxnorm
15949,25734,2372,gestodene,IN,direct_anchor_exact_rxnorm
15951,4791,2373,gestonorone caproate,IN,direct_anchor_exact_rxnorm
15952,4792,2374,gestrinone,IN,direct_anchor_exact_rxnorm
15955,1541240,2375,geum urbanum root extract,IN,direct_anchor_exact_rxnorm
15970,1999003,386,angiotensin ii,IN,direct_anchor_exact_rxnorm
15979,2105806,2378,gilteritinib,IN,direct_anchor_exact_rxnorm
15987,285241,2379,ginger extract,IN,direct_anchor_exact_rxnorm
16005,349656,2382,ginsenoside,IN,unique_convergent_term_evidence
16019,89791,2383,gitalin,IN,direct_anchor_exact_rxnorm
16025,2678889,2384,givinostat,IN,direct_anchor_exact_rxnorm
16027,2265712,2385,givosiran,IN,direct_anchor_exact_rxnorm
16028,2265712,2385,givosiran,IN,direct_anchor_exact_rxnorm
16033,214582,2387,glatiramer,IN,direct_anchor_exact_rxnorm
16036,1940635,2388,glecaprevir,IN,direct_anchor_exact_rxnorm
16038,282388,2658,imatinib,IN,direct_anchor_exact_rxnorm
16047,1855078,2390,gleptoferron,IN,direct_anchor_exact_rxnorm
16050,102846,2391,glibornuride,IN,direct_anchor_exact_rxnorm
16055,4816,2392,gliclazide,IN,direct_anchor_exact_rxnorm
16059,25789,2393,glimepiride,IN,direct_anchor_exact_rxnorm
16065,4821,2395,glipizide,IN,direct_anchor_exact_rxnorm
16066,25793,2396,gliquidone,IN,direct_anchor_exact_rxnorm
16086,4832,2398,glucagon,IN,direct_anchor_exact_rxnorm
16087,4832,2398,glucagon,IN,direct_anchor_exact_rxnorm
16090,25834,2399,glucametacin,IN,direct_anchor_exact_rxnorm
16092,1242127,2400,glucarpidase,IN,direct_anchor_exact_rxnorm
16093,50470,2401,gluceptate,IN,direct_anchor_exact_rxnorm
16098,25842,2404,gluconolactone,IN,direct_anchor_exact_rxnorm
16100,4845,2405,glucosamine,IN,direct_anchor_exact_rxnorm
16107,1427073,2408,glucose oxidase,IN,direct_anchor_exact_rxnorm
16108,1541246,2409,glucose-6-phosphate,IN,direct_anchor_exact_rxnorm
16115,1426907,2410,glucuronate,IN,direct_anchor_exact_rxnorm
16117,1535222,2411,glucuronolactone,IN,direct_anchor_exact_rxnorm
16121,6809,3262,metformin,IN,direct_anchor_exact_rxnorm
16124,70602,2412,glutamate,IN,direct_anchor_exact_rxnorm
16125,70602,2412,glutamate,IN,direct_anchor_exact_rxnorm
16130,4888,2414,glutaral,IN,direct_anchor_exact_rxnorm
16131,1943800,2415,glutarate,IN,direct_anchor_exact_rxnorm
16132,4890,2416,glutathione,IN,direct_anchor_exact_rxnorm
16133,25953,2417,glutathione disulfide,IN,direct_anchor_exact_rxnorm
16145,4903,2418,glutethimide,IN,direct_anchor_exact_rxnorm
16146,4815,2419,glyburide,IN,direct_anchor_exact_rxnorm
16150,4910,2420,glycerin,IN,direct_anchor_exact_rxnorm
16151,4910,2420,glycerin,IN,direct_anchor_exact_rxnorm
16153,1368451,2421,glycerol phenylbutyrate,IN,direct_anchor_exact_rxnorm
16160,1305749,2422,glyceryl behenate,IN,direct_anchor_exact_rxnorm
16161,1366664,2423,glyceryl caprate,IN,direct_anchor_exact_rxnorm
16162,1307152,2424,glyceryl caprylate,IN,direct_anchor_exact_rxnorm
16163,1311690,2425,glyceryl distearate,IN,direct_anchor_exact_rxnorm
16164,1311693,2426,glyceryl laurate,IN,direct_anchor_exact_rxnorm
16165,1655567,2427,glyceryl monobehenate,IN,direct_anchor_exact_rxnorm
16166,1311155,2431,glyceryl stearate,IN,direct_anchor_exact_rxnorm
16167,1426928,2429,glyceryl palmitate,IN,direct_anchor_exact_rxnorm
16168,1364379,2432,glyceryl stearate se,IN,direct_anchor_exact_rxnorm
16170,1368168,5201,triolein,IN,unique_convergent_term_evidence
16174,4919,2433,glycine,IN,direct_anchor_exact_rxnorm
16175,4919,2433,glycine,IN,direct_anchor_exact_rxnorm
16180,1426483,1201,cholate,IN,direct_anchor_exact_rxnorm
16182,1426910,2434,glycogen,IN,direct_anchor_exact_rxnorm
16183,1427079,2435,glycol dimethacrylate,IN,direct_anchor_exact_rxnorm
16184,1367188,2436,glycol distearate,IN,direct_anchor_exact_rxnorm
16186,26051,2437,glycol salicylate,IN,direct_anchor_exact_rxnorm
16187,1426255,2438,glycol stearate,IN,direct_anchor_exact_rxnorm
16188,70603,2439,glycolate,IN,direct_anchor_exact_rxnorm
16191,1546438,2442,glycopyrronium,IN,direct_anchor_exact_rxnorm
16192,1546438,2442,glycopyrronium,IN,direct_anchor_exact_rxnorm
16202,26143,2445,glycyrrhizic acid,IN,direct_anchor_exact_rxnorm
16205,102848,2446,glymidine,IN,direct_anchor_exact_rxnorm
16211,1800093,2447,glyphosate,IN,direct_anchor_exact_rxnorm
16217,1598392,1885,empagliflozin / linagliptin,MIN,direct_anchor_exact_rxnorm
16242,1311190,2448,gold,IN,direct_anchor_exact_rxnorm
16244,2045117,2449,gold cation (1+),IN,direct_anchor_exact_rxnorm
16245,1546411,5012,thiosulfate,IN,direct_anchor_exact_rxnorm
16250,819300,2451,golimumab,IN,direct_anchor_exact_rxnorm
16252,2267207,2452,golodirsen,IN,direct_anchor_exact_rxnorm
16253,2367440,2453,golotimod,IN,direct_anchor_exact_rxnorm
16256,6384,2454,gonadorelin,IN,direct_anchor_exact_rxnorm
16257,6384,2454,gonadorelin,IN,direct_anchor_exact_rxnorm
16258,6384,2454,gonadorelin,IN,direct_anchor_exact_rxnorm
16259,6384,2454,gonadorelin,IN,direct_anchor_exact_rxnorm
16262,1374399,1854,eicosenoic acid,IN,unique_convergent_term_evidence
16267,50610,2456,goserelin,IN,direct_anchor_exact_rxnorm
16299,5011,2459,gramicidin,IN,unique_convergent_term_evidence
16306,26237,2460,granisetron,IN,direct_anchor_exact_rxnorm
16322,1309208,2462,grape seed oil,IN,direct_anchor_exact_rxnorm
16324,1309212,2463,grapefruit oil,IN,direct_anchor_exact_rxnorm
16332,1734630,2466,grazoprevir,IN,direct_anchor_exact_rxnorm
16342,83719,2471,grepafloxacin,IN,direct_anchor_exact_rxnorm
16343,83719,2471,grepafloxacin,IN,direct_anchor_exact_rxnorm
16345,5021,2472,griseofulvin,IN,direct_anchor_exact_rxnorm
16410,5031,2474,guaiacol,IN,direct_anchor_exact_rxnorm
16414,26290,2476,guaiazulene,IN,unique_convergent_term_evidence
16415,236315,2477,guaietolin,IN,direct_anchor_exact_rxnorm
16416,5032,2478,guaifenesin,IN,direct_anchor_exact_rxnorm
16423,5033,2479,guanabenz,IN,direct_anchor_exact_rxnorm
16424,5033,2479,guanabenz,IN,direct_anchor_exact_rxnorm
16427,26296,2480,guanadrel,IN,direct_anchor_exact_rxnorm
16428,26296,2480,guanadrel,IN,direct_anchor_exact_rxnorm
16434,5036,2481,guanethidine,IN,direct_anchor_exact_rxnorm
16435,5036,2481,guanethidine,IN,direct_anchor_exact_rxnorm
16436,5036,2481,guanethidine,IN,direct_anchor_exact_rxnorm
16437,40114,2482,guanfacine,IN,direct_anchor_exact_rxnorm
16438,40114,2482,guanfacine,IN,direct_anchor_exact_rxnorm
16441,1372539,2484,guanine,IN,direct_anchor_exact_rxnorm
16448,1591890,2485,guanosine,IN,direct_anchor_exact_rxnorm
16468,26344,2486,guar gum,IN,direct_anchor_exact_rxnorm
16482,1928588,2489,guselkumab,IN,direct_anchor_exact_rxnorm
16532,50937,2492,haemophilus influenzae type b,IN,direct_anchor_exact_rxnorm
16538,798279,2493,"haemophilus influenzae type b, capsular polysaccharide inactivated tetanus toxoid conjugate vaccine",IN,unique_convergent_term_evidence
16540,26412,2494,halazepam,IN,direct_anchor_exact_rxnorm
16541,59838,2495,halazone,IN,direct_anchor_exact_rxnorm
16542,5084,2496,halcinonide,IN,direct_anchor_exact_rxnorm
16543,5093,2501,haloperidol,IN,direct_anchor_exact_rxnorm
16548,2166088,2498,halobetasol / tazarotene,MIN,direct_anchor_exact_rxnorm
16550,50749,2499,halofantrine,IN,direct_anchor_exact_rxnorm
16551,50749,2499,halofantrine,IN,direct_anchor_exact_rxnorm
16555,26416,2500,halometasone,IN,direct_anchor_exact_rxnorm
16559,5093,2501,haloperidol,IN,direct_anchor_exact_rxnorm
16560,5093,2501,haloperidol,IN,direct_anchor_exact_rxnorm
16564,26422,2502,haloprogin,IN,direct_anchor_exact_rxnorm
16565,5095,2503,halothane,IN,direct_anchor_exact_rxnorm
16577,1368196,2505,hard fat,IN,direct_anchor_exact_rxnorm
16580,1591942,2945,ledipasvir / sofosbuvir,MIN,direct_anchor_exact_rxnorm
16582,798361,2518,hepatitis a vaccine (inactivated) strain hm175,IN,direct_anchor_exact_rxnorm
16604,1309795,2510,hedera helix leaf extract,IN,direct_anchor_exact_rxnorm
16607,852509,4851,sunflower pollen extract,IN,unique_convergent_term_evidence
16609,5140,2511,helium,IN,direct_anchor_exact_rxnorm
16611,4257,2097,factor viii,IN,direct_anchor_exact_rxnorm
16628,1087405,466,ascorbic acid / biotin / copper sulfate / docusate / folic acid / iron carbonyl / vitamin b12 / vitamin e,MIN,direct_anchor_exact_rxnorm
16629,26506,2513,heme arginate,IN,direct_anchor_exact_rxnorm
16631,978673,2514,heme iron polypeptide,IN,direct_anchor_exact_rxnorm
16634,26514,2515,hemicellulase,IN,direct_anchor_exact_rxnorm
16636,5175,2516,hemin,IN,direct_anchor_exact_rxnorm
16637,1989794,1881,emicizumab,IN,direct_anchor_exact_rxnorm
16649,5164,2512,hematoporphyrin,IN,unique_convergent_term_evidence
16662,5224,2517,heparin,IN,direct_anchor_exact_rxnorm
16666,5224,2517,heparin,IN,direct_anchor_exact_rxnorm
16670,26744,2520,hepatitis b immune globulin,IN,direct_anchor_exact_rxnorm
16671,797752,2521,hepatitis b surface antigen vaccine,IN,unique_convergent_term_evidence
16681,1312611,2605,hydroxyethylpiperazine ethane sulfonic acid,IN,unique_convergent_term_evidence
16688,5254,2523,heptaminol,IN,direct_anchor_exact_rxnorm
16691,991260,2524,heptanoic acid,IN,direct_anchor_exact_rxnorm
16697,2462498,2525,heptyl glucoside,IN,direct_anchor_exact_rxnorm
16698,6718,3208,melphalan,IN,direct_anchor_exact_rxnorm
16719,224905,5139,trastuzumab,IN,direct_anchor_exact_rxnorm
16720,2119713,2571,hyaluronidase / trastuzumab,MIN,direct_anchor_exact_rxnorm
16721,224905,5139,trastuzumab,IN,direct_anchor_exact_rxnorm
16727,3304,2526,heroin,IN,direct_anchor_exact_rxnorm
16737,1314255,2528,hesperetin,IN,direct_anchor_exact_rxnorm
16738,5281,2529,hesperidin,IN,direct_anchor_exact_rxnorm
16739,1009064,1714,diosmin / hesperidin,MIN,direct_anchor_exact_rxnorm
16740,26797,2530,hetacillin,IN,direct_anchor_exact_rxnorm
16741,733,361,ampicillin,IN,direct_anchor_exact_rxnorm
16746,1372928,2532,heterotheca inuloides flower extract,IN,unique_convergent_term_evidence
16751,1997246,2534,hexacosanoate,IN,direct_anchor_exact_rxnorm
16759,2049630,2535,hexadecanal,IN,direct_anchor_exact_rxnorm
16770,1306181,1131,cetyl octanoate,IN,unique_convergent_term_evidence
16773,26826,2536,hexafluorenium,IN,direct_anchor_exact_rxnorm
16775,26826,2536,hexafluorenium,IN,unique_convergent_term_evidence
16781,1311540,2537,hexamethyldisiloxane,IN,direct_anchor_exact_rxnorm
16784,26849,2538,hexamidine,IN,direct_anchor_exact_rxnorm
16785,1426872,2544,hexyl 5-aminolevulinate,IN,unique_convergent_term_evidence
16793,8302,3988,phytic acid,IN,direct_anchor_exact_rxnorm
16799,5301,2539,hexetidine,IN,direct_anchor_exact_rxnorm
16801,5302,2540,hexobarbital,IN,direct_anchor_exact_rxnorm
16803,5303,2541,hexobendine,IN,direct_anchor_exact_rxnorm
16804,26867,2542,hexocyclium,IN,direct_anchor_exact_rxnorm
16805,26867,2542,hexocyclium,IN,direct_anchor_exact_rxnorm
16806,5307,2543,hexoprenaline,IN,direct_anchor_exact_rxnorm
16807,5307,2543,hexoprenaline,IN,direct_anchor_exact_rxnorm
16812,1367126,2545,hexyl laurate,IN,direct_anchor_exact_rxnorm
16813,26879,2546,hexylcaine,IN,direct_anchor_exact_rxnorm
16814,26879,2546,hexylcaine,IN,direct_anchor_exact_rxnorm
16817,5321,2547,hexylresorcinol,IN,direct_anchor_exact_rxnorm
16837,1310511,2548,high fructose corn syrup,IN,direct_anchor_exact_rxnorm
16843,1923620,2549,hippurate,IN,direct_anchor_exact_rxnorm
16844,6832,3282,methenamine,IN,direct_anchor_exact_rxnorm
16846,5333,2550,histamine,IN,direct_anchor_exact_rxnorm
16851,5340,2551,histidine,IN,direct_anchor_exact_rxnorm
16852,5340,2551,histidine,IN,direct_anchor_exact_rxnorm
16853,5340,2551,histidine,IN,direct_anchor_exact_rxnorm
16857,50975,2552,histrelin,IN,direct_anchor_exact_rxnorm
16888,852514,5313,velvet grass pollen extract,IN,unique_convergent_term_evidence
16894,27084,2554,homatropine,IN,direct_anchor_exact_rxnorm
16895,107610,1342,cocaine / homatropine,MIN,direct_anchor_exact_rxnorm
16896,214614,2555,homatropine / hydrocodone,MIN,direct_anchor_exact_rxnorm
16906,91326,2556,homosalate,IN,direct_anchor_exact_rxnorm
16909,285279,2557,honey preparation,IN,unique_convergent_term_evidence
16920,1098118,1431,cultivated barley pollen extract,IN,unique_convergent_term_evidence
17007,1099937,162,adenovirus type 7 vaccine live,IN,unique_convergent_term_evidence
17008,1099933,161,adenovirus type 4 vaccine live,IN,unique_convergent_term_evidence
17009,828529,189,"albumin human, usp",IN,unique_convergent_term_evidence
17014,544488,790,botulism immune globulin iv human,IN,unique_convergent_term_evidence
17015,1599832,882,c1 esterase inhibitor,IN,unique_convergent_term_evidence
17016,235481,2562,human calcitonin,IN,direct_anchor_exact_rxnorm
17020,1307732,2563,human cord blood hematopoietic progenitor cell,IN,direct_anchor_exact_rxnorm
17043,1597093,2873,"l1 protein, human papillomavirus type 11 vaccine / l1 protein, human papillomavirus type 16 vaccine / l1 protein, human papillomavirus type 18 vaccine / l1 protein, human papillomavirus type 31 vaccine / l1 protein, human papillomavirus type 33 vaccine / l1 protein, human papillomavirus type 45 vaccine / l1 protein, human papillomavirus type 52 vaccine / l1 protein, human papillomavirus type 58 vaccine / l1 protein, human papillomavirus type 6 vaccine",MIN,unique_convergent_term_evidence
17053,1007132,2874,"l1 protein, human papillomavirus type 11 vaccine / l1 protein, human papillomavirus type 16 vaccine / l1 protein, human papillomavirus type 18 vaccine / l1 protein, human papillomavirus type 6 vaccine",MIN,unique_convergent_term_evidence
17054,798262,2872,"l1 protein, human papillomavirus type 11 vaccine",IN,unique_convergent_term_evidence
17055,798264,2875,"l1 protein, human papillomavirus type 16 vaccine",IN,unique_convergent_term_evidence
17057,798266,2876,"l1 protein, human papillomavirus type 18 vaccine",IN,unique_convergent_term_evidence
17059,1596930,2877,"l1 protein, human papillomavirus type 31 vaccine",IN,unique_convergent_term_evidence
17060,1596931,2878,"l1 protein, human papillomavirus type 33 vaccine",IN,unique_convergent_term_evidence
17061,1596932,2879,"l1 protein, human papillomavirus type 45 vaccine",IN,unique_convergent_term_evidence
17062,1596933,2880,"l1 protein, human papillomavirus type 52 vaccine",IN,unique_convergent_term_evidence
17063,1596934,2881,"l1 protein, human papillomavirus type 58 vaccine",IN,unique_convergent_term_evidence
17064,798268,2882,"l1 protein, human papillomavirus type 6 vaccine",IN,unique_convergent_term_evidence
17066,1329960,2564,human placenta hydrolysate,IN,direct_anchor_exact_rxnorm
17081,597392,2565,human vaccinia immune globulin,IN,unique_convergent_term_evidence
17082,39385,5304,varicella-zoster immune globulin,IN,unique_convergent_term_evidence
17090,226623,2098,factor viii / von willebrand factor,MIN,direct_anchor_exact_rxnorm
17091,7934,3837,paromomycin,IN,direct_anchor_exact_rxnorm
17096,2267703,2566,huperzine a,IN,direct_anchor_exact_rxnorm
17102,62372,2567,hyaluronate,IN,unique_convergent_term_evidence
17106,5464,2568,hyaluronidase,IN,direct_anchor_exact_rxnorm
17108,5464,2568,hyaluronidase,IN,unique_convergent_term_evidence
17111,57308,5117,topotecan,IN,direct_anchor_exact_rxnorm
17115,214614,2555,homatropine / hydrocodone,MIN,direct_anchor_exact_rxnorm
17119,2673464,2572,hydracrylic acid,IN,direct_anchor_exact_rxnorm
17120,5470,2573,hydralazine,IN,direct_anchor_exact_rxnorm
17134,5486,2575,hydrochloric acid,IN,direct_anchor_exact_rxnorm
17136,5487,2576,hydrochlorothiazide,IN,direct_anchor_exact_rxnorm
17138,5489,2577,hydrocodone,IN,direct_anchor_exact_rxnorm
17139,214392,1186,chlorpheniramine / hydrocodone,MIN,direct_anchor_exact_rxnorm
17143,5492,2578,hydrocortisone,IN,direct_anchor_exact_rxnorm
17144,106990,1194,chlorquinaldol / hydrocortisone,MIN,direct_anchor_exact_rxnorm
17145,5492,2578,hydrocortisone,IN,direct_anchor_exact_rxnorm
17148,5492,2578,hydrocortisone,IN,direct_anchor_exact_rxnorm
17150,5492,2578,hydrocortisone,IN,unique_convergent_term_evidence
17152,5495,2581,hydroflumethiazide,IN,direct_anchor_exact_rxnorm
17154,5497,2583,hydrogen,IN,direct_anchor_exact_rxnorm
17155,5496,2582,hydrofluoric acid,IN,unique_convergent_term_evidence
17157,5499,2584,hydrogen peroxide,IN,direct_anchor_exact_rxnorm
17160,1309218,2586,hydrogenated castor oil,IN,direct_anchor_exact_rxnorm
17161,1307683,2587,hydrogenated coconut oil,IN,direct_anchor_exact_rxnorm
17162,1309360,2588,hydrogenated palm kernel oil,IN,direct_anchor_exact_rxnorm
17163,1426418,2589,hydrogenated soybean lecithin,IN,direct_anchor_exact_rxnorm
17164,1309222,2590,hydrogenated soybean oil,IN,direct_anchor_exact_rxnorm
17168,1721695,2592,hydrolyzed soy protein (enzymatic; 2000 mw),IN,unique_convergent_term_evidence
17173,3423,2593,hydromorphone,IN,direct_anchor_exact_rxnorm
17175,27220,2594,hydroquinidine,IN,direct_anchor_exact_rxnorm
17176,2468435,2595,hydroquinine,IN,direct_anchor_exact_rxnorm
17177,5509,2596,hydroquinone,IN,direct_anchor_exact_rxnorm
17178,27221,2597,hydrotalcite,IN,direct_anchor_exact_rxnorm
17180,1314279,2598,hydroxide ion,IN,direct_anchor_exact_rxnorm
17183,5514,2599,hydroxocobalamin,IN,direct_anchor_exact_rxnorm
17184,5514,2599,hydroxocobalamin,IN,direct_anchor_exact_rxnorm
17190,7839,3778,p-hydroxyamphetamine,IN,unique_convergent_term_evidence
17191,7839,3778,p-hydroxyamphetamine,IN,direct_anchor_exact_rxnorm
17194,5521,2600,hydroxychloroquine,IN,direct_anchor_exact_rxnorm
17195,5521,2600,hydroxychloroquine,IN,direct_anchor_exact_rxnorm
17196,1362893,2601,hydroxycitronellal,IN,direct_anchor_exact_rxnorm
17199,27244,2602,hydroxyethyl cellulose,IN,direct_anchor_exact_rxnorm
17201,27244,2602,hydroxyethyl cellulose,IN,direct_anchor_exact_rxnorm
17202,2204929,2603,"hydroxyethyl cellulose, unspecified",IN,direct_anchor_exact_rxnorm
17203,1722035,2604,hydroxyethyl ethylcellulose,IN,direct_anchor_exact_rxnorm
17204,5531,2531,hetastarch,IN,unique_convergent_term_evidence
17216,1311548,2606,hydroxyproline,IN,direct_anchor_exact_rxnorm
17219,1804020,2608,"hydroxypropyl cellulose, unspecified",IN,direct_anchor_exact_rxnorm
17221,1747475,2611,hydroxypropyl tetrahydropyrantriol,IN,direct_anchor_exact_rxnorm
17228,1314227,2613,hydroxytyrosol,IN,direct_anchor_exact_rxnorm
17229,5553,2615,hydroxyzine,IN,direct_anchor_exact_rxnorm
17230,1426887,2616,hygromycin b,IN,direct_anchor_exact_rxnorm
17231,5556,2617,hymecromone,IN,direct_anchor_exact_rxnorm
17233,852526,849,burrobrush pollen extract,IN,unique_convergent_term_evidence
17236,153970,2618,hyoscyamine,IN,direct_anchor_exact_rxnorm
17237,153970,2618,hyoscyamine,IN,direct_anchor_exact_rxnorm
17238,153970,2618,hyoscyamine,IN,unique_convergent_term_evidence
17239,314674,2619,hyoscyamus extract,IN,direct_anchor_exact_rxnorm
17244,1546455,2620,hypericin,IN,direct_anchor_exact_rxnorm
17246,1352522,2621,hypericum oil,IN,direct_anchor_exact_rxnorm
17251,1363609,2622,hypnea musciformis extract,IN,direct_anchor_exact_rxnorm
17252,1483317,2623,hypochlorite,IN,direct_anchor_exact_rxnorm
17253,1483317,2623,hypochlorite,IN,direct_anchor_exact_rxnorm
17257,1546440,2624,hypophosphite ion,IN,unique_convergent_term_evidence
17266,27334,2626,hypromellose,IN,direct_anchor_exact_rxnorm
17267,27334,2626,hypromellose,IN,direct_anchor_exact_rxnorm
17268,27334,2626,hypromellose,IN,direct_anchor_exact_rxnorm
17271,1362137,2627,hyssop oil,IN,direct_anchor_exact_rxnorm
17274,9884,4668,sodium iodide,IN,unique_convergent_term_evidence
17282,2043283,2628,ibalizumab,IN,direct_anchor_exact_rxnorm
17292,51253,2630,ibopamine,IN,direct_anchor_exact_rxnorm
17294,1601374,3788,palbociclib,IN,direct_anchor_exact_rxnorm
17295,2560213,2631,ibrexafungerp,IN,direct_anchor_exact_rxnorm
17296,2560213,2631,ibrexafungerp,IN,direct_anchor_exact_rxnorm
17298,262323,2632,ibritumomab tiuxetan,IN,direct_anchor_exact_rxnorm
17302,1442981,2633,ibrutinib,IN,direct_anchor_exact_rxnorm
17307,5640,2634,ibuprofen,IN,direct_anchor_exact_rxnorm
17309,5640,2634,ibuprofen,IN,direct_anchor_exact_rxnorm
17315,1805438,2635,ibutamoren,IN,direct_anchor_exact_rxnorm
17316,1805438,2635,ibutamoren,IN,direct_anchor_exact_rxnorm
17318,41289,2636,ibutilide,IN,direct_anchor_exact_rxnorm
17327,1737729,3991,picaridin,IN,unique_convergent_term_evidence
17328,1788871,2637,icariin,IN,direct_anchor_exact_rxnorm
17330,1148138,2638,icatibant,IN,direct_anchor_exact_rxnorm
17337,5645,2639,ichthammol,IN,direct_anchor_exact_rxnorm
17343,1364347,4131,ponatinib,IN,direct_anchor_exact_rxnorm
17345,140480,2640,icodextrin,IN,direct_anchor_exact_rxnorm
17354,1376156,4413,riboprine,IN,unique_convergent_term_evidence
17355,1304974,2641,icosapent ethyl,IN,direct_anchor_exact_rxnorm
17364,5650,2642,idarubicin,IN,direct_anchor_exact_rxnorm
17368,1716191,2643,idarucizumab,IN,direct_anchor_exact_rxnorm
17376,51296,2644,idebenone,IN,direct_anchor_exact_rxnorm
17377,1544460,2646,idelalisib,IN,direct_anchor_exact_rxnorm
17408,5653,2647,idoxuridine,IN,direct_anchor_exact_rxnorm
17417,19729,2648,idrocilamide,IN,direct_anchor_exact_rxnorm
17423,644101,2649,idursulfase,IN,direct_anchor_exact_rxnorm
17436,27403,2650,ifenprodil,IN,direct_anchor_exact_rxnorm
17440,5657,2651,ifosfamide,IN,direct_anchor_exact_rxnorm
17520,1305743,2652,ilex paraguariensis leaf extract,IN,unique_convergent_term_evidence
17526,2604685,2653,ilodecakin,IN,direct_anchor_exact_rxnorm
17527,1368877,2654,ilomastat,IN,direct_anchor_exact_rxnorm
17529,73178,2655,iloperidone,IN,direct_anchor_exact_rxnorm
17530,40138,2656,iloprost,IN,direct_anchor_exact_rxnorm
17535,2693414,2657,ilunocitinib,IN,direct_anchor_exact_rxnorm
17561,2682954,4898,tarlatamab,IN,direct_anchor_exact_rxnorm
17562,2465249,2659,imdevimab,IN,direct_anchor_exact_rxnorm
17567,2600779,2660,imepitoin,IN,direct_anchor_exact_rxnorm
17568,2685236,2661,imetelstat,IN,direct_anchor_exact_rxnorm
17569,2685236,2661,imetelstat,IN,direct_anchor_exact_rxnorm
17573,2744296,4053,pivekimab sunirine,IN,unique_convergent_term_evidence
17576,1251576,2662,imidacloprid,IN,direct_anchor_exact_rxnorm
17578,60245,2663,imidapril,IN,direct_anchor_exact_rxnorm
17579,60245,2663,imidapril,IN,direct_anchor_exact_rxnorm
17582,2472898,2664,imidazole,IN,direct_anchor_exact_rxnorm
17583,27438,2665,imidazole-2-hydroxybenzoate,IN,unique_convergent_term_evidence
17588,1740237,2666,imidocarb,IN,direct_anchor_exact_rxnorm
17589,1740237,2666,imidocarb,IN,direct_anchor_exact_rxnorm
17593,1368885,2667,imidurea,IN,direct_anchor_exact_rxnorm
17596,84959,2668,imiglucerase,IN,direct_anchor_exact_rxnorm
17601,5690,2669,imipenem,IN,direct_anchor_exact_rxnorm
17602,5691,2670,imipramine,IN,direct_anchor_exact_rxnorm
17604,5691,2670,imipramine,IN,direct_anchor_exact_rxnorm
17606,5691,2670,imipramine,IN,direct_anchor_exact_rxnorm
17607,59943,2671,imiquimod,IN,direct_anchor_exact_rxnorm
17610,2619313,5143,tremelimumab,IN,direct_anchor_exact_rxnorm
17613,2725912,2672,imlunestrant,IN,direct_anchor_exact_rxnorm
17614,2725912,2672,imlunestrant,IN,direct_anchor_exact_rxnorm
17615,1316105,2527,"herpesvirus 1, human",IN,direct_anchor_exact_rxnorm
17650,6468,3055,loperamide,IN,direct_anchor_exact_rxnorm
17653,2367441,2674,impacarzine,IN,direct_anchor_exact_rxnorm
17677,738,2675,inamrinone,IN,direct_anchor_exact_rxnorm
17684,2695422,2676,inavolisib,IN,direct_anchor_exact_rxnorm
17699,2588243,2677,inclisiran,IN,direct_anchor_exact_rxnorm
17701,1487514,5257,umeclidinium,IN,direct_anchor_exact_rxnorm
17703,1114326,2678,indacaterol,IN,direct_anchor_exact_rxnorm
17704,1114326,2678,indacaterol,IN,direct_anchor_exact_rxnorm
17707,27492,2679,indanazoline,IN,direct_anchor_exact_rxnorm
17708,27492,2679,indanazoline,IN,direct_anchor_exact_rxnorm
17713,5764,2680,indapamide,IN,direct_anchor_exact_rxnorm
17719,1311673,2682,indeloxazine,IN,direct_anchor_exact_rxnorm
17720,1311673,2682,indeloxazine,IN,direct_anchor_exact_rxnorm
17728,1426889,2685,indigo,IN,direct_anchor_exact_rxnorm
17729,1607314,2686,indigofera tinctoria leaf extract,IN,unique_convergent_term_evidence
17730,325514,2687,indigotindisulfonate,IN,direct_anchor_exact_rxnorm
17734,114289,2688,indinavir,IN,direct_anchor_exact_rxnorm
17742,1362699,2689,indium,IN,direct_anchor_exact_rxnorm
17743,1362699,2689,indium,IN,direct_anchor_exact_rxnorm
17753,1362699,2689,indium,IN,direct_anchor_exact_rxnorm
17755,1362699,2689,indium,IN,direct_anchor_exact_rxnorm
17757,618371,3894,pentetate,IN,direct_anchor_exact_rxnorm
17758,1362699,2689,indium,IN,direct_anchor_exact_rxnorm
17762,27518,2690,indobufen,IN,direct_anchor_exact_rxnorm
17764,5781,2694,indomethacin,IN,unique_convergent_term_evidence
17766,5775,2691,indocyanine green,IN,direct_anchor_exact_rxnorm
17767,5775,2691,indocyanine green,IN,direct_anchor_exact_rxnorm
17771,1311224,2692,indole,IN,direct_anchor_exact_rxnorm
17773,2598119,2693,indole-3-carbinol,IN,direct_anchor_exact_rxnorm
17781,5781,2694,indomethacin,IN,direct_anchor_exact_rxnorm
17787,5784,2695,indoramin,IN,direct_anchor_exact_rxnorm
17788,5784,2695,indoramin,IN,direct_anchor_exact_rxnorm
17796,2463933,2684,indican,IN,unique_convergent_term_evidence
17804,2373951,2696,inebilizumab,IN,direct_anchor_exact_rxnorm
17814,59744,2728,interferon alfacon-1,IN,unique_convergent_term_evidence
17816,2550729,2697,infigratinib,IN,direct_anchor_exact_rxnorm
17819,191831,2698,infliximab,IN,direct_anchor_exact_rxnorm
17820,1657128,2699,influenza a virus (h1n1) antigen,IN,unique_convergent_term_evidence
17825,1657128,2699,influenza a virus (h1n1) antigen,IN,unique_convergent_term_evidence
17838,1657128,2699,influenza a virus (h1n1) antigen,IN,unique_convergent_term_evidence
17852,1657128,2699,influenza a virus (h1n1) antigen,IN,unique_convergent_term_evidence
17920,1657131,2701,influenza a virus (h3n2) antigen,IN,unique_convergent_term_evidence
17928,1657131,2701,influenza a virus (h3n2) antigen,IN,unique_convergent_term_evidence
17967,1657131,2701,influenza a virus (h3n2) antigen,IN,unique_convergent_term_evidence
18030,1657134,2703,influenza b virus antigen,IN,direct_anchor_exact_rxnorm
18055,1657134,2703,influenza b virus antigen,IN,unique_convergent_term_evidence
18064,1657134,2703,influenza b virus antigen,IN,unique_convergent_term_evidence
18096,1657138,2700,influenza a virus (h1n1) antigen / influenza a virus (h3n2) antigen / influenza b virus antigen,MIN,unique_convergent_term_evidence
18103,1657134,2703,influenza b virus antigen,IN,unique_convergent_term_evidence
18137,1242806,2704,ingenol mebutate,IN,direct_anchor_exact_rxnorm
18177,1311610,2705,inonotus obliquus fruiting body extract,IN,unique_convergent_term_evidence
18179,1483575,2706,inosine,IN,direct_anchor_exact_rxnorm
18182,6048,2707,inosine pranobex,IN,direct_anchor_exact_rxnorm
18183,5832,2708,inosinic acid,IN,direct_anchor_exact_rxnorm
18184,5833,2709,inositol,IN,direct_anchor_exact_rxnorm
18188,1007270,2710,inositol / niacin,MIN,unique_convergent_term_evidence
18190,2099289,2711,inotersen,IN,direct_anchor_exact_rxnorm
18191,2099289,2711,inotersen,IN,direct_anchor_exact_rxnorm
18200,1740938,2713,insulin argine,IN,direct_anchor_exact_rxnorm
18201,51428,2714,"insulin aspart, human",IN,unique_convergent_term_evidence
18206,1670007,2715,insulin degludec,IN,direct_anchor_exact_rxnorm
18207,139825,2716,insulin detemir,IN,direct_anchor_exact_rxnorm
18209,274783,2717,insulin glargine,IN,direct_anchor_exact_rxnorm
18210,400008,2718,"insulin glulisine, human",IN,unique_convergent_term_evidence
18211,631657,2719,"insulin human, rdna origin",IN,unique_convergent_term_evidence
18212,2740394,2720,insulin icodec,IN,direct_anchor_exact_rxnorm
18213,86009,2721,insulin lispro,IN,direct_anchor_exact_rxnorm
18215,221109,2722,"insulin, regular, pork",IN,unique_convergent_term_evidence
18218,1728770,2723,insulin-like growth factor 2,IN,unique_convergent_term_evidence
18228,5879,2724,interferon alfa-2a,IN,direct_anchor_exact_rxnorm
18230,202912,2726,interferon alfa-n1,IN,direct_anchor_exact_rxnorm
18231,612937,2727,interferon alfa-n3,IN,direct_anchor_exact_rxnorm
18236,1314240,2731,interferon gamma-1a,IN,direct_anchor_exact_rxnorm
18251,1311299,2734,interleukin-10,IN,direct_anchor_exact_rxnorm
18252,1309680,2736,interleukin-12,IN,direct_anchor_exact_rxnorm
18261,1367185,2739,interleukin-6,IN,direct_anchor_exact_rxnorm
18262,1367202,2740,interleukin-7,IN,direct_anchor_exact_rxnorm
18285,5924,2744,inulin,IN,direct_anchor_exact_rxnorm
18289,27712,2745,invert sugar,IN,direct_anchor_exact_rxnorm
18297,14448,56,3-iodobenzylguanidine,IN,unique_convergent_term_evidence
18299,14448,56,3-iodobenzylguanidine,IN,direct_anchor_exact_rxnorm
18301,14448,56,3-iodobenzylguanidine,IN,direct_anchor_exact_rxnorm
18304,87639,2746,iobitridol,IN,direct_anchor_exact_rxnorm
18306,183830,2747,iocetamic acid,IN,direct_anchor_exact_rxnorm
18307,5928,2748,iodamide,IN,direct_anchor_exact_rxnorm
18308,1546275,2749,iodide ion,IN,unique_convergent_term_evidence
18309,1546275,2749,iodide ion,IN,unique_convergent_term_evidence
18310,1546275,2749,iodide ion,IN,direct_anchor_exact_rxnorm
18312,5933,2750,iodine,IN,direct_anchor_exact_rxnorm
18335,692863,2752,iodine povacrylex,IN,direct_anchor_exact_rxnorm
18338,5936,2753,iodipamide,IN,direct_anchor_exact_rxnorm
18340,27729,2754,iodixanol,IN,direct_anchor_exact_rxnorm
18347,27748,2755,iodoform,IN,direct_anchor_exact_rxnorm
18351,314691,2756,iodohippurate,IN,unique_convergent_term_evidence
18358,2571854,2758,ioflupane,IN,direct_anchor_exact_rxnorm
18363,5956,2759,iohexol,IN,direct_anchor_exact_rxnorm
18365,2606484,2760,iomeprol,IN,direct_anchor_exact_rxnorm
18371,5966,2761,iopamidol,IN,direct_anchor_exact_rxnorm
18372,5967,2762,iopanoic acid,IN,direct_anchor_exact_rxnorm
18373,27779,2763,iopentol,IN,direct_anchor_exact_rxnorm
18374,5968,2764,iophendylate,IN,direct_anchor_exact_rxnorm
18375,5976,2775,ipodate,IN,unique_convergent_term_evidence
18378,27781,2765,iopromide,IN,direct_anchor_exact_rxnorm
18380,2565488,2766,iota-carrageenan,IN,direct_anchor_exact_rxnorm
18382,1546451,2768,iothalamic acid,IN,direct_anchor_exact_rxnorm
18383,1546451,2768,iothalamic acid,IN,direct_anchor_exact_rxnorm
18386,51474,2769,iotrolan,IN,direct_anchor_exact_rxnorm
18389,27792,2770,ioversol,IN,direct_anchor_exact_rxnorm
18391,5973,2771,ioxaglate,IN,direct_anchor_exact_rxnorm
18392,27793,2772,ioxilan,IN,direct_anchor_exact_rxnorm
18401,5975,2773,ipecac,IN,direct_anchor_exact_rxnorm
18410,1094833,2774,ipilimumab,IN,direct_anchor_exact_rxnorm
18417,7213,2776,ipratropium,IN,direct_anchor_exact_rxnorm
18418,7213,2776,ipratropium,IN,direct_anchor_exact_rxnorm
18420,51486,2777,iprazochrome,IN,direct_anchor_exact_rxnorm
18421,51487,2778,ipriflavone,IN,direct_anchor_exact_rxnorm
18422,5979,2779,iprindole,IN,direct_anchor_exact_rxnorm
18428,5981,2780,iproniazid,IN,direct_anchor_exact_rxnorm
18442,2671061,2781,iptacopan,IN,direct_anchor_exact_rxnorm
18443,2671061,2781,iptacopan,IN,direct_anchor_exact_rxnorm
18454,83818,2782,irbesartan,IN,direct_anchor_exact_rxnorm
18480,17050,164,adipic acid,IN,unique_convergent_term_evidence
18484,219315,2785,iron polysaccharide,IN,direct_anchor_exact_rxnorm
18485,27823,2786,iron protein succinylate,IN,direct_anchor_exact_rxnorm
18486,90176,2784,iron,IN,unique_convergent_term_evidence
18487,24909,2787,iron sucrose,IN,direct_anchor_exact_rxnorm
18517,2282018,2789,isatuximab,IN,direct_anchor_exact_rxnorm
18518,1720882,2790,isavuconazole,IN,direct_anchor_exact_rxnorm
18519,1608322,2791,isavuconazonium,IN,direct_anchor_exact_rxnorm
18529,2602134,2792,iscotrizinol,IN,direct_anchor_exact_rxnorm
18532,719872,4342,raltegravir,IN,direct_anchor_exact_rxnorm
18540,2741688,2793,islatravir,IN,direct_anchor_exact_rxnorm
18547,27866,2794,isoaminile,IN,direct_anchor_exact_rxnorm
18549,1356146,1961,erythorbate,IN,direct_anchor_exact_rxnorm
18554,1363040,2795,isobutane,IN,direct_anchor_exact_rxnorm
18555,1653517,2796,isobutyramide,IN,direct_anchor_exact_rxnorm
18558,6011,2797,isocarboxazid,IN,direct_anchor_exact_rxnorm
18561,27901,2798,isoconazole,IN,direct_anchor_exact_rxnorm
18562,27901,2798,isoconazole,IN,direct_anchor_exact_rxnorm
18566,6023,2799,isoetharine,IN,direct_anchor_exact_rxnorm
18567,6023,2799,isoetharine,IN,direct_anchor_exact_rxnorm
18568,6023,2799,isoetharine,IN,direct_anchor_exact_rxnorm
18569,1363706,2800,isoeugenol,IN,direct_anchor_exact_rxnorm
18573,1546449,2801,isoflupredone,IN,direct_anchor_exact_rxnorm
18574,1551411,2802,isoflupredone / neomycin / tetracaine,MIN,direct_anchor_exact_rxnorm
18575,6026,2803,isoflurane,IN,direct_anchor_exact_rxnorm
18576,6027,2804,isoflurophate,IN,direct_anchor_exact_rxnorm
18581,6033,2805,isoleucine,IN,direct_anchor_exact_rxnorm
18591,27946,2806,isometheptene,IN,direct_anchor_exact_rxnorm
18594,27946,2806,isometheptene,IN,direct_anchor_exact_rxnorm
18600,6038,2807,isoniazid,IN,direct_anchor_exact_rxnorm
18604,1368703,2808,isopentane,IN,direct_anchor_exact_rxnorm
18612,6054,2814,isoproterenol,IN,unique_convergent_term_evidence
18613,1364275,2809,isoprene,IN,direct_anchor_exact_rxnorm
18617,89784,2810,isopropamide,IN,direct_anchor_exact_rxnorm
18618,89784,2810,isopropamide,IN,direct_anchor_exact_rxnorm
18620,797541,2811,isopropyl alcohol,IN,direct_anchor_exact_rxnorm
18622,27985,2812,isopropyl myristate,IN,direct_anchor_exact_rxnorm
18623,1311179,2813,isopropyl palmitate,IN,direct_anchor_exact_rxnorm
18625,6054,2814,isoproterenol,IN,direct_anchor_exact_rxnorm
18633,6057,2815,isosorbide,IN,direct_anchor_exact_rxnorm
18634,6058,2816,isosorbide dinitrate,IN,direct_anchor_exact_rxnorm
18635,6057,2815,isosorbide,IN,direct_anchor_exact_rxnorm
18636,236303,2817,isospaglumic acid,IN,direct_anchor_exact_rxnorm
18637,1362928,2818,isostearyl alcohol,IN,direct_anchor_exact_rxnorm
18639,1546453,2819,isosulfan blue inner salt,IN,unique_convergent_term_evidence
18643,28012,2820,isothipendyl,IN,direct_anchor_exact_rxnorm
18644,28012,2820,isothipendyl,IN,direct_anchor_exact_rxnorm
18652,1371313,2822,isoxaflutole,IN,direct_anchor_exact_rxnorm
18657,6066,2823,isoxsuprine,IN,direct_anchor_exact_rxnorm
18658,6066,2823,isoxsuprine,IN,direct_anchor_exact_rxnorm
18665,33910,2826,isradipine,IN,direct_anchor_exact_rxnorm
18671,877510,4458,romidepsin,IN,direct_anchor_exact_rxnorm
18672,2199015,2827,istradefylline,IN,direct_anchor_exact_rxnorm
18692,28031,2829,itraconazole,IN,direct_anchor_exact_rxnorm
18702,1098130,3502,narrowleaf marshelder pollen extract,IN,unique_convergent_term_evidence
18703,852532,4480,rough marshelder pollen extract,IN,unique_convergent_term_evidence
18704,852539,4160,poverty weed pollen extract,IN,unique_convergent_term_evidence
18705,1649480,2830,ivabradine,IN,direct_anchor_exact_rxnorm
18706,1243041,2831,ivacaftor,IN,direct_anchor_exact_rxnorm
18713,6069,2832,ivermectin,IN,direct_anchor_exact_rxnorm
18715,2049873,2833,ivosidenib,IN,direct_anchor_exact_rxnorm
18721,1723735,2835,ixazomib,IN,direct_anchor_exact_rxnorm
18722,1745099,2836,ixekizumab,IN,direct_anchor_exact_rxnorm
18752,1193326,4496,ruxolitinib,IN,direct_anchor_exact_rxnorm
18757,11289,5375,warfarin,IN,direct_anchor_exact_rxnorm
18758,593411,4641,sitagliptin,IN,direct_anchor_exact_rxnorm
18760,845525,2839,"japanese encephalitis virus vaccine, inactivated",IN,unique_convergent_term_evidence
18767,2629338,4046,pirtobrutinib,IN,direct_anchor_exact_rxnorm
18775,632,3386,mitomycin,IN,direct_anchor_exact_rxnorm
18806,6084,2842,josamycin,IN,direct_anchor_exact_rxnorm
18807,6084,2842,josamycin,IN,direct_anchor_exact_rxnorm
18814,852561,937,california black walnut pollen extract,IN,unique_convergent_term_evidence
18815,852569,760,black walnut pollen extract,IN,unique_convergent_term_evidence
18816,852577,1902,english walnut pollen extract,IN,unique_convergent_term_evidence
18817,1424881,2843,juglans regia shell extract,IN,unique_convergent_term_evidence
18818,1989499,1762,dolutegravir / rilpivirine,MIN,direct_anchor_exact_rxnorm
18820,6086,2844,juniper tar,IN,direct_anchor_exact_rxnorm
18822,852585,938,california juniper pollen extract,IN,unique_convergent_term_evidence
18824,852589,5381,western juniper pollen extract,IN,unique_convergent_term_evidence
18825,852597,5277,utah juniper pollen extract,IN,unique_convergent_term_evidence
18826,900113,4369,redberry juniper pollen extract,IN,unique_convergent_term_evidence
18827,1310161,2845,juniperus sabina leaf,IN,direct_anchor_exact_rxnorm
18828,852601,4452,rocky mountain juniper pollen extract,IN,unique_convergent_term_evidence
18829,852609,4363,red cedar pollen extract,IN,unique_convergent_term_evidence
18834,1668221,5279,vaccinia virus,IN,direct_anchor_exact_rxnorm
18851,224905,5139,trastuzumab,IN,direct_anchor_exact_rxnorm
18852,1310098,2847,kaempferia galanga root extract,IN,unique_convergent_term_evidence
18853,2743006,2848,kaempferol,IN,direct_anchor_exact_rxnorm
18864,284640,3057,lopinavir / ritonavir,MIN,direct_anchor_exact_rxnorm
18871,6099,2849,kanamycin,IN,direct_anchor_exact_rxnorm
18872,6099,2849,kanamycin,IN,direct_anchor_exact_rxnorm
18874,6099,2849,kanamycin,IN,direct_anchor_exact_rxnorm
18877,6102,2851,kaolin,IN,direct_anchor_exact_rxnorm
18879,6111,2852,karaya gum,IN,direct_anchor_exact_rxnorm
18898,1484957,2093,factor ix / factor vii / factor x / protein c / protein s / prothrombin,MIN,direct_anchor_exact_rxnorm
18906,28198,2855,kebuzone,IN,direct_anchor_exact_rxnorm
18914,1656052,959,cangrelor,IN,direct_anchor_exact_rxnorm
18917,196319,3790,palifermin,IN,direct_anchor_exact_rxnorm
18918,28165,2857,keracyanin,IN,direct_anchor_exact_rxnorm
18920,712566,3661,ofatumumab,IN,direct_anchor_exact_rxnorm
18921,6130,2858,ketamine,IN,direct_anchor_exact_rxnorm
18923,6131,2859,ketanserin,IN,direct_anchor_exact_rxnorm
18925,28181,2860,ketazolam,IN,direct_anchor_exact_rxnorm
18933,6135,2861,ketoconazole,IN,direct_anchor_exact_rxnorm
18935,6142,2862,ketoprofen,IN,direct_anchor_exact_rxnorm
18937,35827,2863,ketorolac,IN,direct_anchor_exact_rxnorm
18938,6146,2864,ketotifen,IN,direct_anchor_exact_rxnorm
18939,6146,2864,ketotifen,IN,direct_anchor_exact_rxnorm
18941,10432,4981,thalidomide,IN,unique_convergent_term_evidence
18944,1547545,3872,pembrolizumab,IN,direct_anchor_exact_rxnorm
18950,6147,2865,khellin,IN,direct_anchor_exact_rxnorm
18960,2590743,4912,tebentafusp,IN,direct_anchor_exact_rxnorm
18965,16054,2866,kinetin,IN,direct_anchor_exact_rxnorm
18968,1873916,4410,ribociclib,IN,direct_anchor_exact_rxnorm
18972,9991,4721,spiramycin,IN,unique_convergent_term_evidence
18979,2598,1301,clonazepam,IN,direct_anchor_exact_rxnorm
18984,852605,2867,koelers grass pollen extract,IN,unique_convergent_term_evidence
18985,4257,2097,factor viii,IN,direct_anchor_exact_rxnorm
18987,1426451,2868,kojic acid,IN,direct_anchor_exact_rxnorm
18990,11454,2402,glucomannan,IN,unique_convergent_term_evidence
18993,2289380,4578,selumetinib,IN,direct_anchor_exact_rxnorm
19026,852613,5400,winterfat pollen extract,IN,unique_convergent_term_evidence
19028,880350,2870,krill oil,IN,direct_anchor_exact_rxnorm
19047,753340,4537,sapropterin,IN,direct_anchor_exact_rxnorm
19052,1986438,5077,tisagenlecleucel,IN,direct_anchor_exact_rxnorm
19092,2119816,7,"1,2-dilinoleoyl-sn-glycero-3-phosphocholine",IN,unique_convergent_term_evidence
19098,4885,2413,glutamine,IN,unique_convergent_term_evidence
19128,1547558,5019,threonate,IN,unique_convergent_term_evidence
19139,6185,2883,labetalol,IN,direct_anchor_exact_rxnorm
19146,28381,2884,lachesine,IN,direct_anchor_exact_rxnorm
19147,28382,2885,lacidipine,IN,direct_anchor_exact_rxnorm
19149,623400,2886,lacosamide,IN,direct_anchor_exact_rxnorm
19155,28395,2891,lactitol,IN,direct_anchor_exact_rxnorm
19156,28395,2891,lactitol,IN,direct_anchor_exact_rxnorm
19157,6205,2892,lactobacillus acidophilus,IN,direct_anchor_exact_rxnorm
19165,100272,2893,lactobacillus delbrueckii subsp. bulgaricus,IN,unique_convergent_term_evidence
19169,2462497,2894,lactobacillus gasseri,IN,direct_anchor_exact_rxnorm
19170,1310845,2895,lactobacillus helveticus,IN,direct_anchor_exact_rxnorm
19182,1426414,2896,lactobionate,IN,direct_anchor_exact_rxnorm
19184,1425933,2897,lactoferrin,IN,direct_anchor_exact_rxnorm
19186,6211,2898,lactose,IN,direct_anchor_exact_rxnorm
19187,6211,2898,lactose,IN,direct_anchor_exact_rxnorm
19189,6218,2899,lactulose,IN,direct_anchor_exact_rxnorm
19213,1546426,2900,laidlomycin,IN,direct_anchor_exact_rxnorm
19214,1370570,2901,laidlomycin propionate,IN,direct_anchor_exact_rxnorm
19219,1315120,2902,lamb preparation,IN,unique_convergent_term_evidence
19227,68244,2904,lamivudine,IN,direct_anchor_exact_rxnorm
19228,28439,2905,lamotrigine,IN,direct_anchor_exact_rxnorm
19234,2055641,2906,lanadelumab,IN,direct_anchor_exact_rxnorm
19236,27929,2907,lanatoside c,IN,direct_anchor_exact_rxnorm
19239,2712070,2908,landiolol,IN,direct_anchor_exact_rxnorm
19240,2712070,2908,landiolol,IN,direct_anchor_exact_rxnorm
19252,6227,2909,lanolin,IN,direct_anchor_exact_rxnorm
19253,1426478,2910,lanolin alcohols,IN,direct_anchor_exact_rxnorm
19256,1442199,2912,lanosterol,IN,direct_anchor_exact_rxnorm
19262,68092,2913,lanreotide,IN,direct_anchor_exact_rxnorm
19265,17128,2914,lansoprazole,IN,direct_anchor_exact_rxnorm
19267,234416,2916,lanthanum carbonate,IN,direct_anchor_exact_rxnorm
19268,1546443,2917,lanthanum cation (3+),IN,unique_convergent_term_evidence
19269,10485,5003,thioguanine,IN,unique_convergent_term_evidence
19274,480167,2918,lapatinib,IN,direct_anchor_exact_rxnorm
19281,28456,2919,lapyrium,IN,direct_anchor_exact_rxnorm
19292,900131,4889,tamarack pollen extract,IN,unique_convergent_term_evidence
19293,1314302,2920,larix sibirica wood extract,IN,unique_convergent_term_evidence
19296,392509,2921,laronidase,IN,direct_anchor_exact_rxnorm
19300,2105628,2922,larotrectinib,IN,direct_anchor_exact_rxnorm
19305,1855735,3668,olaratumab,IN,unique_convergent_term_evidence
19308,1364397,2923,lasalocid,IN,direct_anchor_exact_rxnorm
19309,1364397,2923,lasalocid,IN,direct_anchor_exact_rxnorm
19314,2256930,2924,lasmiditan,IN,direct_anchor_exact_rxnorm
19322,7069,3434,moxalactam,IN,unique_convergent_term_evidence
19323,43611,2925,latanoprost,IN,direct_anchor_exact_rxnorm
19324,1988390,2926,latanoprostene bunod,IN,direct_anchor_exact_rxnorm
19337,2533923,2928,lauralkonium,IN,direct_anchor_exact_rxnorm
19341,1367165,2931,laureth-23,IN,direct_anchor_exact_rxnorm
19342,1370594,2930,laurate,IN,direct_anchor_exact_rxnorm
19343,1362932,2933,lauric acid methyl ester,IN,direct_anchor_exact_rxnorm
19346,1603852,2934,laurocapram,IN,direct_anchor_exact_rxnorm
19352,1010879,597,bay leaf allergenic extract,IN,unique_convergent_term_evidence
19354,1364382,2936,lauryl glucoside,IN,direct_anchor_exact_rxnorm
19359,1307767,2937,lavender extract,IN,direct_anchor_exact_rxnorm
19360,28486,2938,lavender oil,IN,direct_anchor_exact_rxnorm
19373,2691150,2939,lazertinib,IN,direct_anchor_exact_rxnorm
19384,6260,2940,lead,IN,direct_anchor_exact_rxnorm
19391,2693758,2941,lebrikizumab,IN,direct_anchor_exact_rxnorm
19392,2626143,2942,lecanemab,IN,direct_anchor_exact_rxnorm
19394,8214,2943,lecithin,IN,direct_anchor_exact_rxnorm
19410,1591922,2944,ledipasvir,IN,direct_anchor_exact_rxnorm
19416,2198944,2946,lefamulin,IN,direct_anchor_exact_rxnorm
19417,2198944,2946,lefamulin,IN,direct_anchor_exact_rxnorm
19423,27169,2947,leflunomide,IN,direct_anchor_exact_rxnorm
19430,2272403,2948,lemborexant,IN,direct_anchor_exact_rxnorm
19436,117055,204,alemtuzumab,IN,direct_anchor_exact_rxnorm
19440,2625651,2949,lenacapavir,IN,direct_anchor_exact_rxnorm
19441,2625651,2949,lenacapavir,IN,direct_anchor_exact_rxnorm
19446,342369,2950,lenalidomide,IN,direct_anchor_exact_rxnorm
19453,2633005,2951,leniolisib,IN,direct_anchor_exact_rxnorm
19454,2633005,2951,leniolisib,IN,direct_anchor_exact_rxnorm
19458,70167,2952,lenograstim,IN,direct_anchor_exact_rxnorm
19469,1426921,2954,lentil seed extract,IN,unique_convergent_term_evidence
19471,1603296,2955,lenvatinib,IN,direct_anchor_exact_rxnorm
19479,237057,2956,lepirudin,IN,direct_anchor_exact_rxnorm
19489,1441651,2957,leptin,IN,direct_anchor_exact_rxnorm
19495,135056,2958,lercanidipine,IN,direct_anchor_exact_rxnorm
19496,135056,2958,lercanidipine,IN,direct_anchor_exact_rxnorm
19506,2729426,2959,lerodalcibep,IN,direct_anchor_exact_rxnorm
19514,1731031,2960,lesinurad,IN,direct_anchor_exact_rxnorm
19524,1988648,2961,letermovir,IN,direct_anchor_exact_rxnorm
19526,1712,788,botulinum toxin type a,IN,direct_anchor_exact_rxnorm
19531,28554,2962,letosteine,IN,direct_anchor_exact_rxnorm
19543,2102006,2964,leucanthemum vulgare pollen,IN,direct_anchor_exact_rxnorm
19546,6308,2965,leucine,IN,direct_anchor_exact_rxnorm
19579,237005,2986,levomethadyl,IN,unique_convergent_term_evidence
19581,237159,2968,levalbuterol,IN,direct_anchor_exact_rxnorm
19583,237159,2968,levalbuterol,IN,direct_anchor_exact_rxnorm
19584,6370,2969,levallorphan,IN,direct_anchor_exact_rxnorm
19585,6370,2969,levallorphan,IN,direct_anchor_exact_rxnorm
19589,6371,2970,levamisole,IN,direct_anchor_exact_rxnorm
19590,2376944,2971,levamlodipine,IN,direct_anchor_exact_rxnorm
19592,2376944,2971,levamlodipine,IN,direct_anchor_exact_rxnorm
19593,82122,2980,levofloxacin,IN,direct_anchor_exact_rxnorm
19597,114477,2972,levetiracetam,IN,direct_anchor_exact_rxnorm
19600,306674,5301,vardenafil,IN,direct_anchor_exact_rxnorm
19604,353497,2973,levobetaxolol,IN,direct_anchor_exact_rxnorm
19605,353497,2973,levobetaxolol,IN,direct_anchor_exact_rxnorm
19606,1813,2974,levobunolol,IN,direct_anchor_exact_rxnorm
19607,259453,2975,levobupivacaine,IN,direct_anchor_exact_rxnorm
19608,259453,2975,levobupivacaine,IN,direct_anchor_exact_rxnorm
19609,28627,2976,levocabastine,IN,direct_anchor_exact_rxnorm
19610,28627,2976,levocabastine,IN,direct_anchor_exact_rxnorm
19611,42955,2977,levocarnitine,IN,direct_anchor_exact_rxnorm
19614,42955,2977,levocarnitine,IN,direct_anchor_exact_rxnorm
19615,356887,2978,levocetirizine,IN,direct_anchor_exact_rxnorm
19616,356887,2978,levocetirizine,IN,direct_anchor_exact_rxnorm
19617,6375,2979,levodopa,IN,direct_anchor_exact_rxnorm
19621,82122,2980,levofloxacin,IN,direct_anchor_exact_rxnorm
19624,1788981,2981,levoglucose,IN,direct_anchor_exact_rxnorm
19625,6135,2861,ketoconazole,IN,direct_anchor_exact_rxnorm
19628,1592257,2983,levomefolate,IN,direct_anchor_exact_rxnorm
19629,19461,732,bisabolol,IN,unique_convergent_term_evidence
19630,236388,2984,levomenthol,IN,direct_anchor_exact_rxnorm
19632,236913,2985,levomethadone,IN,direct_anchor_exact_rxnorm
19633,237005,2986,levomethadyl,IN,direct_anchor_exact_rxnorm
19636,1433212,2987,levomilnacipran,IN,direct_anchor_exact_rxnorm
19637,1433212,2987,levomilnacipran,IN,direct_anchor_exact_rxnorm
19642,132889,2988,levonordefrin,IN,direct_anchor_exact_rxnorm
19644,6373,2989,levonorgestrel,IN,direct_anchor_exact_rxnorm
19646,7512,3614,norepinephrine,IN,direct_anchor_exact_rxnorm
19649,6377,2990,levopropoxyphene,IN,direct_anchor_exact_rxnorm
19654,6378,2991,levorphanol,IN,direct_anchor_exact_rxnorm
19655,6378,2991,levorphanol,IN,direct_anchor_exact_rxnorm
19656,237159,2968,levalbuterol,IN,unique_convergent_term_evidence
19658,73107,2992,levosimendan,IN,direct_anchor_exact_rxnorm
19660,10582,2993,levothyroxine,IN,direct_anchor_exact_rxnorm
19661,10582,2993,levothyroxine,IN,direct_anchor_exact_rxnorm
19667,155002,322,aminolevulinate,IN,direct_anchor_exact_rxnorm
19680,900148,2377,giant wild rye pollen extract,IN,unique_convergent_term_evidence
19702,611854,1156,chlordiazepoxide / clidinium,MIN,direct_anchor_exact_rxnorm
19714,28701,2999,lidamidine,IN,direct_anchor_exact_rxnorm
19719,6387,3000,lidocaine,IN,direct_anchor_exact_rxnorm
19724,6390,3003,lidoflazine,IN,direct_anchor_exact_rxnorm
19736,1801820,3005,lifitegrast,IN,direct_anchor_exact_rxnorm
19741,1305579,3006,light green sf yellowish,IN,direct_anchor_exact_rxnorm
19742,577312,3372,"mineral oil, light",IN,unique_convergent_term_evidence
19749,852622,4209,privet pollen extract,IN,unique_convergent_term_evidence
19755,1011060,3007,lime allergenic extract,IN,unique_convergent_term_evidence
19758,1307404,3009,linaclotide,IN,direct_anchor_exact_rxnorm
19760,1100699,3010,linagliptin,IN,direct_anchor_exact_rxnorm
19767,6398,3011,lincomycin,IN,direct_anchor_exact_rxnorm
19768,6398,3011,lincomycin,IN,direct_anchor_exact_rxnorm
19770,1388,3012,lindane,IN,direct_anchor_exact_rxnorm
19773,2665338,3014,linerixibat,IN,direct_anchor_exact_rxnorm
19775,190376,3015,linezolid,IN,direct_anchor_exact_rxnorm
19784,1311070,2915,lanthanum,IN,unique_convergent_term_evidence
19791,6404,3017,linseed oil,IN,direct_anchor_exact_rxnorm
19799,2719416,3018,linvoseltamab,IN,direct_anchor_exact_rxnorm
19800,2621019,3019,linzagolix,IN,direct_anchor_exact_rxnorm
19801,2621019,3019,linzagolix,IN,direct_anchor_exact_rxnorm
19804,10814,3020,liothyronine,IN,direct_anchor_exact_rxnorm
19808,1440046,3021,lipegfilgrastim,IN,direct_anchor_exact_rxnorm
19820,618060,4999,thioctate,IN,unique_convergent_term_evidence
19842,1999473,3022,liprotamase protease,IN,direct_anchor_exact_rxnorm
19846,852627,4859,sweet gum pollen extract,IN,unique_convergent_term_evidence
19847,1313242,3023,liquidambar styraciflua resin,IN,direct_anchor_exact_rxnorm
19850,475968,3024,liraglutide,IN,direct_anchor_exact_rxnorm
19865,700810,3025,lisdexamfetamine,IN,direct_anchor_exact_rxnorm
19866,700810,3025,lisdexamfetamine,IN,direct_anchor_exact_rxnorm
19867,29046,3026,lisinopril,IN,direct_anchor_exact_rxnorm
19870,1491871,3028,listeria monocytogenes,IN,direct_anchor_exact_rxnorm
19873,6446,3029,lisuride,IN,direct_anchor_exact_rxnorm
19876,70589,654,benzoate,IN,direct_anchor_exact_rxnorm
19877,42351,3030,lithium carbonate,IN,direct_anchor_exact_rxnorm
19878,1546265,3031,lithium cation,IN,direct_anchor_exact_rxnorm
19879,1311533,3032,lithium chloride,IN,direct_anchor_exact_rxnorm
19880,1546376,3034,lithium hydroxide,IN,direct_anchor_exact_rxnorm
19882,28817,3035,lithium succinate,IN,direct_anchor_exact_rxnorm
19900,1440051,3037,lixisenatide,IN,direct_anchor_exact_rxnorm
19927,6464,3038,lobeline,IN,direct_anchor_exact_rxnorm
19931,892561,3040,lobster allergenic extract,IN,unique_convergent_term_evidence
19946,52151,3042,lodoxamide,IN,direct_anchor_exact_rxnorm
19954,6465,3043,lofepramine,IN,direct_anchor_exact_rxnorm
19955,6465,3043,lofepramine,IN,direct_anchor_exact_rxnorm
19956,28863,3044,lofexidine,IN,direct_anchor_exact_rxnorm
19957,28863,3044,lofexidine,IN,direct_anchor_exact_rxnorm
19962,1014340,2828,italian rye grass pollen extract,IN,unique_convergent_term_evidence
19966,28872,3046,lomefloxacin,IN,direct_anchor_exact_rxnorm
19967,28872,3046,lomefloxacin,IN,direct_anchor_exact_rxnorm
19977,7994,3891,pentamidine,IN,unique_convergent_term_evidence
19978,164423,3047,lomifylline,IN,direct_anchor_exact_rxnorm
19979,1364479,3048,lomitapide,IN,direct_anchor_exact_rxnorm
19981,594040,513,atropine / diphenoxylate,MIN,direct_anchor_exact_rxnorm
19985,2467553,3050,lonafarnib,IN,direct_anchor_exact_rxnorm
19987,2569562,3051,lonapegsomatropin,IN,direct_anchor_exact_rxnorm
19990,28876,3052,lonazolac,IN,direct_anchor_exact_rxnorm
19992,2540964,3053,loncastuximab tesirine,IN,direct_anchor_exact_rxnorm
20011,4257,2097,factor viii,IN,direct_anchor_exact_rxnorm
20014,1670310,5069,tipiracil / trifluridine,MIN,direct_anchor_exact_rxnorm
20017,6468,3055,loperamide,IN,direct_anchor_exact_rxnorm
20020,195088,3056,lopinavir,IN,direct_anchor_exact_rxnorm
20023,38555,5153,triazulenone,IN,unique_convergent_term_evidence
20025,2669406,5119,toripalimab,IN,direct_anchor_exact_rxnorm
20026,28981,3058,loracarbef,IN,direct_anchor_exact_rxnorm
20030,28889,3059,loratadine,IN,direct_anchor_exact_rxnorm
20033,2103164,3062,lorlatinib,IN,direct_anchor_exact_rxnorm
20036,1300701,3061,lorcaserin,IN,direct_anchor_exact_rxnorm
20037,1300701,3061,lorcaserin,IN,direct_anchor_exact_rxnorm
20046,28894,3063,lormetazepam,IN,direct_anchor_exact_rxnorm
20048,20890,3064,lornoxicam,IN,direct_anchor_exact_rxnorm
20059,52175,3065,losartan,IN,direct_anchor_exact_rxnorm
20068,214287,628,benazepril / hydrochlorothiazide,MIN,direct_anchor_exact_rxnorm
20069,237027,3066,loteprednol,IN,direct_anchor_exact_rxnorm
20070,52177,3067,loteprednol etabonate,IN,direct_anchor_exact_rxnorm
20074,1998841,3068,lotilaner,IN,direct_anchor_exact_rxnorm
20078,214223,340,amlodipine / benazepril,MIN,direct_anchor_exact_rxnorm
20081,6472,3069,lovastatin,IN,direct_anchor_exact_rxnorm
20082,67108,1907,enoxaparin,IN,direct_anchor_exact_rxnorm
20087,2671958,3070,lovotibeglogene autotemcel,IN,direct_anchor_exact_rxnorm
20095,6475,3071,loxapine,IN,direct_anchor_exact_rxnorm
20096,6475,3071,loxapine,IN,direct_anchor_exact_rxnorm
20097,6475,3071,loxapine,IN,direct_anchor_exact_rxnorm
20100,28908,3072,loxoprofen,IN,direct_anchor_exact_rxnorm
20120,2360331,3073,lubabegron,IN,direct_anchor_exact_rxnorm
20125,623033,3074,lubiprostone,IN,direct_anchor_exact_rxnorm
20138,1293254,3075,lucinactant,IN,direct_anchor_exact_rxnorm
20146,83586,3076,lufenuron,IN,direct_anchor_exact_rxnorm
20149,1482680,3077,luliconazole,IN,direct_anchor_exact_rxnorm
20152,1655922,3078,lumacaftor,IN,direct_anchor_exact_rxnorm
20153,2550714,4705,sotorasib,IN,direct_anchor_exact_rxnorm
20154,2467140,3079,lumasiran,IN,direct_anchor_exact_rxnorm
20155,2275602,3080,lumateperone,IN,direct_anchor_exact_rxnorm
20156,2275602,3080,lumateperone,IN,direct_anchor_exact_rxnorm
20157,847728,3081,lumefantrine,IN,direct_anchor_exact_rxnorm
20168,2099295,3436,moxetumomab pasudotox,IN,direct_anchor_exact_rxnorm
20179,2625122,3432,mosunetuzumab,IN,direct_anchor_exact_rxnorm
20192,2583725,3082,luprostiol,IN,direct_anchor_exact_rxnorm
20193,1040028,3083,lurasidone,IN,direct_anchor_exact_rxnorm
20194,1040028,3083,lurasidone,IN,direct_anchor_exact_rxnorm
20195,2374729,3084,lurbinectedin,IN,direct_anchor_exact_rxnorm
20202,2262544,3085,luspatercept,IN,direct_anchor_exact_rxnorm
20204,2054984,3086,lusutrombopag,IN,direct_anchor_exact_rxnorm
20206,1797118,1784,dotatate,IN,direct_anchor_exact_rxnorm
20207,11359,3087,lutein,IN,direct_anchor_exact_rxnorm
20208,6383,3088,luteinizing hormone,IN,direct_anchor_exact_rxnorm
20220,2597054,5343,vipivotide tetraxetan,IN,direct_anchor_exact_rxnorm
20236,1426636,3089,lutrelin,IN,direct_anchor_exact_rxnorm
20238,388084,3090,lutropin alfa,IN,direct_anchor_exact_rxnorm
20293,29008,3091,lycopene,IN,direct_anchor_exact_rxnorm
20297,6513,3092,lymecycline,IN,direct_anchor_exact_rxnorm
20302,6529,3094,lynestrenol,IN,direct_anchor_exact_rxnorm
20304,1597582,3667,olaparib,IN,direct_anchor_exact_rxnorm
20314,6531,3095,lypressin,IN,direct_anchor_exact_rxnorm
20316,6536,3096,lysine,IN,direct_anchor_exact_rxnorm
20317,6536,3096,lysine,IN,direct_anchor_exact_rxnorm
20321,7004,3387,mitotane,IN,direct_anchor_exact_rxnorm
20326,1426865,3097,lysozyme,IN,direct_anchor_exact_rxnorm
20343,1367170,3256,metacresol,IN,unique_convergent_term_evidence
20365,121191,4444,rituximab,IN,unique_convergent_term_evidence
20369,1307956,3098,macadamia oil,IN,direct_anchor_exact_rxnorm
20370,1429937,3099,macadamia seed oil glycereth-8 esters,IN,direct_anchor_exact_rxnorm
20372,1872381,3100,macelignan,IN,direct_anchor_exact_rxnorm
20373,1999420,3101,macimorelin,IN,direct_anchor_exact_rxnorm
20375,1098189,3717,osage orange pollen extract,IN,unique_convergent_term_evidence
20385,1551573,3104,madecassic acid,IN,direct_anchor_exact_rxnorm
20386,18405,473,asiaticoside,IN,direct_anchor_exact_rxnorm
20389,6572,3105,mafenide,IN,direct_anchor_exact_rxnorm
20390,6572,3105,mafenide,IN,direct_anchor_exact_rxnorm
20396,2461339,3106,maftivimab,IN,direct_anchor_exact_rxnorm
20398,29151,3107,magaldrate,IN,direct_anchor_exact_rxnorm
20399,29151,3107,magaldrate,IN,direct_anchor_exact_rxnorm
20407,6574,3108,magnesium,IN,direct_anchor_exact_rxnorm
20408,314718,3109,magnesium acetate,IN,direct_anchor_exact_rxnorm
20409,314718,3109,magnesium acetate,IN,direct_anchor_exact_rxnorm
20410,17614,282,aluminum magnesium silicate,IN,unique_convergent_term_evidence
20411,1311396,3110,magnesium ascorbate,IN,direct_anchor_exact_rxnorm
20412,142131,3111,magnesium aspartate,IN,direct_anchor_exact_rxnorm
20415,29155,3112,magnesium carbonate,IN,direct_anchor_exact_rxnorm
20416,1426853,3113,magnesium cation,IN,direct_anchor_exact_rxnorm
20417,6579,3114,magnesium chloride,IN,direct_anchor_exact_rxnorm
20419,52356,3115,magnesium citrate,IN,direct_anchor_exact_rxnorm
20422,52358,3116,magnesium gluconate,IN,direct_anchor_exact_rxnorm
20423,476818,3117,magnesium glycinate,IN,direct_anchor_exact_rxnorm
20424,6581,3118,magnesium hydroxide,IN,direct_anchor_exact_rxnorm
20426,214688,3119,magnesium lactate,IN,direct_anchor_exact_rxnorm
20428,283578,3120,magnesium malate,IN,direct_anchor_exact_rxnorm
20430,139233,3121,magnesium orotate,IN,direct_anchor_exact_rxnorm
20431,6582,3122,magnesium oxide,IN,direct_anchor_exact_rxnorm
20432,1666106,3123,magnesium peroxide,IN,direct_anchor_exact_rxnorm
20433,29164,3124,magnesium phosphate,IN,direct_anchor_exact_rxnorm
20434,52364,3125,magnesium salicylate,IN,direct_anchor_exact_rxnorm
20435,1310566,3126,magnesium silicate,IN,direct_anchor_exact_rxnorm
20436,1368706,4736,stearate,IN,direct_anchor_exact_rxnorm
20437,6585,3127,magnesium sulfate,IN,direct_anchor_exact_rxnorm
20438,29170,3128,magnesium trisilicate,IN,direct_anchor_exact_rxnorm
20439,40254,5290,valproate,IN,direct_anchor_exact_rxnorm
20449,896038,3129,malachite green,IN,direct_anchor_exact_rxnorm
20453,6606,3130,malathion,IN,direct_anchor_exact_rxnorm
20454,1426331,3131,maleate,IN,direct_anchor_exact_rxnorm
20457,29209,3132,malic acid,IN,direct_anchor_exact_rxnorm
20458,29209,3132,malic acid,IN,direct_anchor_exact_rxnorm
20460,1657018,3133,malondialdehyde,IN,unique_convergent_term_evidence
20472,1363049,3135,maltitol,IN,direct_anchor_exact_rxnorm
20473,1363050,3136,maltodextrin,IN,direct_anchor_exact_rxnorm
20474,1362894,3137,maltol,IN,direct_anchor_exact_rxnorm
20475,1311261,3138,maltose,IN,direct_anchor_exact_rxnorm
20476,1311261,3138,maltose,IN,direct_anchor_exact_rxnorm
20478,2641823,3139,maltotetraose,IN,direct_anchor_exact_rxnorm
20485,29256,3140,mandelic acid,IN,direct_anchor_exact_rxnorm
20488,236987,3141,mangafodipir,IN,direct_anchor_exact_rxnorm
20489,6623,3142,manganese,IN,direct_anchor_exact_rxnorm
20490,1370629,3143,manganese acetate,IN,direct_anchor_exact_rxnorm
20491,29261,3144,manganese chloride,IN,direct_anchor_exact_rxnorm
20493,283767,3145,manganese citrate,IN,direct_anchor_exact_rxnorm
20494,52403,3146,manganese gluconate,IN,direct_anchor_exact_rxnorm
20495,29268,3147,manganese sulfate,IN,direct_anchor_exact_rxnorm
20496,29268,3147,manganese sulfate,IN,direct_anchor_exact_rxnorm
20497,1006371,3148,mango blossom pollen extract,IN,unique_convergent_term_evidence
20499,2619910,3149,mangostin,IN,direct_anchor_exact_rxnorm
20500,29275,3150,manidipine,IN,direct_anchor_exact_rxnorm
20503,6628,3151,mannitol,IN,direct_anchor_exact_rxnorm
20506,6633,3152,mannose,IN,direct_anchor_exact_rxnorm
20522,6646,3154,maprotiline,IN,direct_anchor_exact_rxnorm
20523,6646,3154,maprotiline,IN,direct_anchor_exact_rxnorm
20526,2571074,3155,maralixibat,IN,direct_anchor_exact_rxnorm
20527,2571074,3155,maralixibat,IN,direct_anchor_exact_rxnorm
20528,620216,3156,maraviroc,IN,direct_anchor_exact_rxnorm
20529,69256,3157,marbofloxacin,IN,direct_anchor_exact_rxnorm
20534,1987137,3158,margaric acid,IN,direct_anchor_exact_rxnorm
20535,2473851,3159,margetuximab,IN,direct_anchor_exact_rxnorm
20536,2586068,3160,maribavir,IN,direct_anchor_exact_rxnorm
20542,1368163,1365,"collagen, soluble, fish skin",IN,unique_convergent_term_evidence
20544,1368708,3161,maritime pine extract,IN,direct_anchor_exact_rxnorm
20550,715869,3163,maropitant,IN,direct_anchor_exact_rxnorm
20552,11202,5339,vincristine,IN,direct_anchor_exact_rxnorm
20553,2697133,3164,marstacimab,IN,direct_anchor_exact_rxnorm
20564,227239,3165,masoprocol,IN,direct_anchor_exact_rxnorm
20579,8702,4215,procarbazine,IN,direct_anchor_exact_rxnorm
20581,2600867,3166,mavacamten,IN,direct_anchor_exact_rxnorm
20590,2684021,3167,mavorixafor,IN,direct_anchor_exact_rxnorm
20592,1940702,2389,glecaprevir / pibrentasvir,MIN,direct_anchor_exact_rxnorm
20596,88014,4448,rizatriptan,IN,direct_anchor_exact_rxnorm
20610,2121085,4637,siponimod,IN,direct_anchor_exact_rxnorm
20616,6664,3168,mazindol,IN,direct_anchor_exact_rxnorm
20668,1309256,3170,meadowfoam oil,IN,unique_convergent_term_evidence
20672,804179,3171,"measles virus vaccine live, enders' attenuated edmonston strain",IN,unique_convergent_term_evidence
20675,6672,3172,mebendazole,IN,direct_anchor_exact_rxnorm
20678,29410,3173,mebeverine,IN,direct_anchor_exact_rxnorm
20679,29410,3173,mebeverine,IN,direct_anchor_exact_rxnorm
20685,1311500,3174,mebrofenin,IN,direct_anchor_exact_rxnorm
20690,6673,3175,mecamylamine,IN,direct_anchor_exact_rxnorm
20691,6673,3175,mecamylamine,IN,direct_anchor_exact_rxnorm
20694,274403,3176,mecasermin,IN,direct_anchor_exact_rxnorm
20695,616877,3177,mecasermin rinfabate,IN,direct_anchor_exact_rxnorm
20700,6674,3178,mechlorethamine,IN,direct_anchor_exact_rxnorm
20703,6676,3179,meclizine,IN,direct_anchor_exact_rxnorm
20704,29418,3180,meclocycline,IN,direct_anchor_exact_rxnorm
20705,29418,3180,meclocycline,IN,direct_anchor_exact_rxnorm
20706,588003,3181,meclofenamate,IN,direct_anchor_exact_rxnorm
20707,6678,3182,meclofenamic acid,IN,direct_anchor_exact_rxnorm
20708,2228,3183,meclofenoxate,IN,direct_anchor_exact_rxnorm
20714,29421,3184,mecobalamin,IN,direct_anchor_exact_rxnorm
20716,29426,3185,mecysteine,IN,direct_anchor_exact_rxnorm
20718,6680,3186,medazepam,IN,direct_anchor_exact_rxnorm
20723,52016,3187,medetomidine,IN,direct_anchor_exact_rxnorm
20724,2601586,3188,medetomidine / vatinoxan,MIN,direct_anchor_exact_rxnorm
20736,852634,209,alfalfa pollen extract,IN,unique_convergent_term_evidence
20738,411,182,air,IN,unique_convergent_term_evidence
20745,29434,3189,medifoxamine,IN,direct_anchor_exact_rxnorm
20762,6690,3190,medrogestone,IN,direct_anchor_exact_rxnorm
20764,1358207,3191,medronate,IN,direct_anchor_exact_rxnorm
20768,29439,3193,medrysone,IN,direct_anchor_exact_rxnorm
20774,257844,3194,mefenamate,IN,direct_anchor_exact_rxnorm
20777,236421,3195,mefenidramium,IN,direct_anchor_exact_rxnorm
20779,29444,3196,mefenorex,IN,direct_anchor_exact_rxnorm
20780,29444,3196,mefenorex,IN,direct_anchor_exact_rxnorm
20783,6694,3197,mefloquine,IN,direct_anchor_exact_rxnorm
20784,6694,3197,mefloquine,IN,direct_anchor_exact_rxnorm
20785,6696,3198,mefruside,IN,direct_anchor_exact_rxnorm
20789,6703,3199,megestrol,IN,unique_convergent_term_evidence
20802,6704,3200,meglumine,IN,direct_anchor_exact_rxnorm
20803,319866,3201,meglumine antimoniate,IN,direct_anchor_exact_rxnorm
20818,1425099,5130,trametinib,IN,direct_anchor_exact_rxnorm
20825,903913,807,broad leaved paperbark pollen extract,IN,unique_convergent_term_evidence
20829,1012534,3203,melarsomine,IN,direct_anchor_exact_rxnorm
20830,1012534,3203,melarsomine,IN,direct_anchor_exact_rxnorm
20833,6711,3204,melatonin,IN,direct_anchor_exact_rxnorm
20836,1537799,3205,melengestrol,IN,direct_anchor_exact_rxnorm
20837,1537799,3205,melengestrol,IN,direct_anchor_exact_rxnorm
20841,1014735,5396,white sweet clover pollen extract,IN,unique_convergent_term_evidence
20842,1014447,5422,yellow sweet clover pollen extract,IN,unique_convergent_term_evidence
20844,446248,3206,melitracen,IN,direct_anchor_exact_rxnorm
20849,1192987,3824,parakeet feather allergenic extract,IN,unique_convergent_term_evidence
20850,41493,3207,meloxicam,IN,direct_anchor_exact_rxnorm
20852,2531369,3209,melphalan flufenamide,IN,direct_anchor_exact_rxnorm
20861,6719,3210,memantine,IN,direct_anchor_exact_rxnorm
20862,1430990,1770,donepezil / memantine,MIN,direct_anchor_exact_rxnorm
20867,29491,3211,menadiol,IN,direct_anchor_exact_rxnorm
20868,29491,3211,menadiol,IN,unique_convergent_term_evidence
20870,6728,5356,vitamin k3,IN,unique_convergent_term_evidence
20875,42781,5355,vitamin k2,IN,unique_convergent_term_evidence
20877,29495,3212,menatetrenone,IN,direct_anchor_exact_rxnorm
20878,31575,3213,menfegol,IN,direct_anchor_exact_rxnorm
20882,29501,3214,meningococcal group a polysaccharide,IN,unique_convergent_term_evidence
20883,29503,3216,meningococcal group c polysaccharide,IN,unique_convergent_term_evidence
20884,314724,3217,meningococcal polysaccharide vaccine group w-135,IN,direct_anchor_exact_rxnorm
20885,314725,3218,meningococcal polysaccharide vaccine group y,IN,direct_anchor_exact_rxnorm
20892,1307691,3219,mentha arvensis leaf oil,IN,direct_anchor_exact_rxnorm
20894,6750,3220,menthol,IN,direct_anchor_exact_rxnorm
20896,1368207,3221,menthyl salicylate,IN,direct_anchor_exact_rxnorm
20900,107770,3222,mepenzolate,IN,direct_anchor_exact_rxnorm
20901,107770,3222,mepenzolate,IN,direct_anchor_exact_rxnorm
20907,6755,3225,mephenesin,IN,direct_anchor_exact_rxnorm
20909,6756,3226,mephentermine,IN,direct_anchor_exact_rxnorm
20910,6756,3226,mephentermine,IN,direct_anchor_exact_rxnorm
20911,6757,3227,mephenytoin,IN,direct_anchor_exact_rxnorm
20912,29518,3229,mepindolol,IN,direct_anchor_exact_rxnorm
20915,6759,3231,mepivacaine,IN,direct_anchor_exact_rxnorm
20918,1720597,3232,mepolizumab,IN,direct_anchor_exact_rxnorm
20920,29523,3233,meprednisone,IN,direct_anchor_exact_rxnorm
20924,6760,3234,meprobamate,IN,direct_anchor_exact_rxnorm
20934,6761,3235,meptazinol,IN,direct_anchor_exact_rxnorm
20935,6761,3235,meptazinol,IN,direct_anchor_exact_rxnorm
20936,9009,4293,pyrilamine,IN,unique_convergent_term_evidence
20938,15080,3236,mequinol,IN,direct_anchor_exact_rxnorm
20940,29528,3237,mequitazine,IN,direct_anchor_exact_rxnorm
20942,91324,3238,meradimate,IN,direct_anchor_exact_rxnorm
20948,6762,3239,merbromin,IN,direct_anchor_exact_rxnorm
20953,103,3240,mercaptopurine,IN,direct_anchor_exact_rxnorm
20960,1311634,3241,mercuric chloride,IN,direct_anchor_exact_rxnorm
20961,1426941,3242,mercuric iodide,IN,direct_anchor_exact_rxnorm
20962,1311278,3243,mercuric sulfide,IN,direct_anchor_exact_rxnorm
20974,895070,3411,mongolian gerbil skin allergenic extract,IN,unique_convergent_term_evidence
20975,29561,3244,meropenem,IN,direct_anchor_exact_rxnorm
20978,6774,3246,mersalyl,IN,direct_anchor_exact_rxnorm
20984,52582,3247,mesalamine,IN,unique_convergent_term_evidence
20988,44,3248,mesna,IN,direct_anchor_exact_rxnorm
20996,6779,3249,mesoridazine,IN,direct_anchor_exact_rxnorm
20997,6779,3249,mesoridazine,IN,direct_anchor_exact_rxnorm
21003,6781,3251,mesterolone,IN,direct_anchor_exact_rxnorm
21005,6782,3252,mestranol,IN,direct_anchor_exact_rxnorm
21009,29584,3253,mesulfen,IN,direct_anchor_exact_rxnorm
21020,614654,3255,metaclazepam,IN,direct_anchor_exact_rxnorm
21021,614654,3255,metaclazepam,IN,direct_anchor_exact_rxnorm
21022,6812,3268,methacycline,IN,unique_convergent_term_evidence
21032,6816,3271,methamphetamine,IN,unique_convergent_term_evidence
21033,3523,1732,dipyrone,IN,unique_convergent_term_evidence
21034,3523,1732,dipyrone,IN,direct_anchor_exact_rxnorm
21036,6818,3273,methandrostenolone,IN,unique_convergent_term_evidence
21042,7688,3257,metaproterenol,IN,direct_anchor_exact_rxnorm
21043,6805,3258,metaraminol,IN,direct_anchor_exact_rxnorm
21044,6805,3258,metaraminol,IN,direct_anchor_exact_rxnorm
21049,10122,4787,strontium,IN,unique_convergent_term_evidence
21054,59078,3259,metaxalone,IN,direct_anchor_exact_rxnorm
21063,1349278,3260,metenkefalin,IN,direct_anchor_exact_rxnorm
21064,6833,3284,methenolone,IN,unique_convergent_term_evidence
21065,6834,3261,metergoline,IN,direct_anchor_exact_rxnorm
21072,6809,3262,metformin,IN,direct_anchor_exact_rxnorm
21075,155080,3264,methacholine,IN,direct_anchor_exact_rxnorm
21076,1424906,3265,methacrylate,IN,direct_anchor_exact_rxnorm
21077,1309718,3266,methacrylic acid - ethyl acrylate copolymer (1:1) type a,IN,direct_anchor_exact_rxnorm
21078,1309724,3267,methacrylic acid - methyl methacrylate copolymer (1:2),IN,direct_anchor_exact_rxnorm
21080,6812,3268,methacycline,IN,direct_anchor_exact_rxnorm
21082,6813,3269,methadone,IN,direct_anchor_exact_rxnorm
21083,6814,3270,methadyl acetate,IN,direct_anchor_exact_rxnorm
21088,6817,3272,methandriol,IN,direct_anchor_exact_rxnorm
21089,6817,3272,methandriol,IN,direct_anchor_exact_rxnorm
21090,2598120,3274,methane,IN,direct_anchor_exact_rxnorm
21091,1426388,3254,mesylate,IN,direct_anchor_exact_rxnorm
21094,1310568,3275,methanol,IN,direct_anchor_exact_rxnorm
21095,6821,3276,methantheline,IN,direct_anchor_exact_rxnorm
21096,6821,3276,methantheline,IN,direct_anchor_exact_rxnorm
21100,6822,3277,methapyrilene,IN,direct_anchor_exact_rxnorm
21102,6822,3277,methapyrilene,IN,direct_anchor_exact_rxnorm
21103,6823,3278,methaqualone,IN,direct_anchor_exact_rxnorm
21104,6825,3279,metharbital,IN,direct_anchor_exact_rxnorm
21107,6826,3280,methazolamide,IN,direct_anchor_exact_rxnorm
21109,29648,3281,methdilazine,IN,direct_anchor_exact_rxnorm
21110,29648,3281,methdilazine,IN,direct_anchor_exact_rxnorm
21111,6832,3282,methenamine,IN,direct_anchor_exact_rxnorm
21112,6833,3284,methenolone,IN,direct_anchor_exact_rxnorm
21113,6883,3318,methylergonovine,IN,direct_anchor_exact_rxnorm
21117,2181306,3285,methicillin,IN,direct_anchor_exact_rxnorm
21118,1313720,3286,methicone (20 cst),IN,direct_anchor_exact_rxnorm
21120,6835,3287,methimazole,IN,direct_anchor_exact_rxnorm
21125,6837,3288,methionine,IN,direct_anchor_exact_rxnorm
21130,1722382,2871,"l-methionine-s,r-sulfoximine",IN,unique_convergent_term_evidence
21136,29682,3289,methixene,IN,direct_anchor_exact_rxnorm
21139,6845,3290,methocarbamol,IN,direct_anchor_exact_rxnorm
21142,6847,3291,methohexital,IN,direct_anchor_exact_rxnorm
21150,235829,3292,methoserpidine,IN,direct_anchor_exact_rxnorm
21154,6852,3294,methotrimeprazine,IN,direct_anchor_exact_rxnorm
21156,6853,3295,methoxamine,IN,direct_anchor_exact_rxnorm
21157,6853,3295,methoxamine,IN,direct_anchor_exact_rxnorm
21160,729596,3297,methoxy polyethylene glycol-epoetin beta,IN,direct_anchor_exact_rxnorm
21163,6857,3298,methoxyflurane,IN,direct_anchor_exact_rxnorm
21164,29704,3299,methoxyphenamine,IN,direct_anchor_exact_rxnorm
21165,29704,3299,methoxyphenamine,IN,direct_anchor_exact_rxnorm
21168,89785,3300,methscopolamine,IN,direct_anchor_exact_rxnorm
21169,89785,3300,methscopolamine,IN,direct_anchor_exact_rxnorm
21170,544284,1187,chlorpheniramine / methscopolamine / phenylephrine,MIN,direct_anchor_exact_rxnorm
21171,47858,3301,methsuximide,IN,direct_anchor_exact_rxnorm
21173,6860,3302,methyclothiazide,IN,direct_anchor_exact_rxnorm
21191,337068,3303,methyl 5-aminolevulinate,IN,unique_convergent_term_evidence
21192,337068,3303,methyl 5-aminolevulinate,IN,direct_anchor_exact_rxnorm
21197,29746,3304,methyl bromide,IN,direct_anchor_exact_rxnorm
21198,1305751,3305,methyl chloride,IN,direct_anchor_exact_rxnorm
21208,29900,3323,methylnicotinate,IN,unique_convergent_term_evidence
21212,1305552,23,1-methyl-2-pyrrolidinone,IN,unique_convergent_term_evidence
21214,29787,3306,methyl salicylate,IN,direct_anchor_exact_rxnorm
21215,1363574,3308,methyl stearate,IN,direct_anchor_exact_rxnorm
21216,1427065,3309,methyl undecenoyl leucinate,IN,direct_anchor_exact_rxnorm
21233,29829,3310,methylbenzethonium,IN,direct_anchor_exact_rxnorm
21235,6873,3311,methylcellulose,IN,direct_anchor_exact_rxnorm
21240,6876,3313,methyldopa,IN,direct_anchor_exact_rxnorm
21241,6877,3314,methyldopate,IN,direct_anchor_exact_rxnorm
21242,6877,3314,methyldopate,IN,direct_anchor_exact_rxnorm
21244,6878,3315,methylene blue,IN,direct_anchor_exact_rxnorm
21246,1311537,3316,methylene chloride,IN,direct_anchor_exact_rxnorm
21249,6883,3318,methylergonovine,IN,unique_convergent_term_evidence
21252,1368373,3319,methyleugenol,IN,direct_anchor_exact_rxnorm
21253,1435864,3321,methylinositol,IN,direct_anchor_exact_rxnorm
21254,1367166,51,2-methyl-4-isothiazolin-3-one,IN,unique_convergent_term_evidence
21258,29899,3322,methylnaltrexone,IN,direct_anchor_exact_rxnorm
21259,29899,3322,methylnaltrexone,IN,direct_anchor_exact_rxnorm
21261,29903,3324,methylparaben,IN,direct_anchor_exact_rxnorm
21263,6901,3325,methylphenidate,IN,direct_anchor_exact_rxnorm
21264,6901,3325,methylphenidate,IN,direct_anchor_exact_rxnorm
21265,6758,3228,mephobarbital,IN,unique_convergent_term_evidence
21270,6902,3326,methylprednisolone,IN,direct_anchor_exact_rxnorm
21272,6902,3326,methylprednisolone,IN,direct_anchor_exact_rxnorm
21281,6878,3315,methylene blue,IN,unique_convergent_term_evidence
21286,6910,3329,methyprylon,IN,direct_anchor_exact_rxnorm
21288,6911,3330,methysergide,IN,direct_anchor_exact_rxnorm
21289,6911,3330,methysergide,IN,direct_anchor_exact_rxnorm
21294,2181306,3285,methicillin,IN,unique_convergent_term_evidence
21306,10824,3331,metipranolol,IN,direct_anchor_exact_rxnorm
21307,10824,3331,metipranolol,IN,direct_anchor_exact_rxnorm
21313,29682,3289,methixene,IN,unique_convergent_term_evidence
21318,6915,3332,metoclopramide,IN,direct_anchor_exact_rxnorm
21320,29950,3333,metocurine,IN,direct_anchor_exact_rxnorm
21321,29950,3333,metocurine,IN,direct_anchor_exact_rxnorm
21325,6916,3334,metolazone,IN,direct_anchor_exact_rxnorm
21327,29954,3335,metopimazine,IN,direct_anchor_exact_rxnorm
21333,6918,3336,metoprolol,IN,direct_anchor_exact_rxnorm
21334,6918,3336,metoprolol,IN,direct_anchor_exact_rxnorm
21347,1491625,3337,metreleptin,IN,direct_anchor_exact_rxnorm
21353,1000581,5163,trichlorfon,IN,unique_convergent_term_evidence
21356,6920,3339,metrizamide,IN,direct_anchor_exact_rxnorm
21358,6922,3340,metronidazole,IN,direct_anchor_exact_rxnorm
21362,337068,3303,methyl 5-aminolevulinate,IN,direct_anchor_exact_rxnorm
21367,6923,3341,metyrapone,IN,direct_anchor_exact_rxnorm
21368,1313245,3342,metyrapone tartrate,IN,direct_anchor_exact_rxnorm
21370,266604,3343,metyrosine,IN,direct_anchor_exact_rxnorm
21387,6926,3345,mexiletine,IN,direct_anchor_exact_rxnorm
21388,6926,3345,mexiletine,IN,direct_anchor_exact_rxnorm
21398,6927,3346,mezlocillin,IN,direct_anchor_exact_rxnorm
21411,6929,3347,mianserin,IN,direct_anchor_exact_rxnorm
21412,6929,3347,mianserin,IN,direct_anchor_exact_rxnorm
21416,83213,3348,mibefradil,IN,direct_anchor_exact_rxnorm
21417,83213,3348,mibefradil,IN,direct_anchor_exact_rxnorm
21422,325887,3349,micafungin,IN,direct_anchor_exact_rxnorm
21423,325887,3349,micafungin,IN,direct_anchor_exact_rxnorm
21444,1000577,3351,microcrystalline cellulose,IN,direct_anchor_exact_rxnorm
21447,29996,3352,micronomicin,IN,direct_anchor_exact_rxnorm
21494,2369640,3353,midamaline,IN,direct_anchor_exact_rxnorm
21497,6960,3354,midazolam,IN,direct_anchor_exact_rxnorm
21498,6960,3354,midazolam,IN,direct_anchor_exact_rxnorm
21500,30005,3355,midecamycin,IN,direct_anchor_exact_rxnorm
21503,6963,3356,midodrine,IN,direct_anchor_exact_rxnorm
21504,6963,3356,midodrine,IN,direct_anchor_exact_rxnorm
21506,1919083,3357,midostaurin,IN,direct_anchor_exact_rxnorm
21513,6964,3358,mifepristone,IN,direct_anchor_exact_rxnorm
21515,2054252,3359,migalastat,IN,direct_anchor_exact_rxnorm
21516,2054252,3359,migalastat,IN,direct_anchor_exact_rxnorm
21518,30009,3360,miglitol,IN,direct_anchor_exact_rxnorm
21519,402316,3361,miglustat,IN,direct_anchor_exact_rxnorm
21537,68730,3362,milbemycin oxime,IN,direct_anchor_exact_rxnorm
21545,1310040,3365,millet extract,IN,unique_convergent_term_evidence
21547,588250,3366,milnacipran,IN,direct_anchor_exact_rxnorm
21548,588250,3366,milnacipran,IN,direct_anchor_exact_rxnorm
21553,52769,3367,milrinone,IN,direct_anchor_exact_rxnorm
21554,1494066,3368,miltefosine,IN,direct_anchor_exact_rxnorm
21566,30031,3369,minaprine,IN,direct_anchor_exact_rxnorm
21567,30031,3369,minaprine,IN,direct_anchor_exact_rxnorm
21568,1495077,3370,minaxolone,IN,direct_anchor_exact_rxnorm
21573,6972,3371,mineral oil,IN,direct_anchor_exact_rxnorm
21584,6980,3373,minocycline,IN,direct_anchor_exact_rxnorm
21588,6984,3374,minoxidil,IN,direct_anchor_exact_rxnorm
21592,6985,3375,miocamycin,IN,direct_anchor_exact_rxnorm
21601,1367839,3376,mipomersen,IN,direct_anchor_exact_rxnorm
21602,1367839,3376,mipomersen,IN,direct_anchor_exact_rxnorm
21774,1300786,3377,mirabegron,IN,direct_anchor_exact_rxnorm
21781,2705551,3378,mirdametinib,IN,direct_anchor_exact_rxnorm
21787,2668384,3379,mirikizumab,IN,direct_anchor_exact_rxnorm
21813,15996,3381,mirtazapine,IN,direct_anchor_exact_rxnorm
21814,15996,3381,mirtazapine,IN,direct_anchor_exact_rxnorm
21820,42331,3383,misoprostol,IN,direct_anchor_exact_rxnorm
21822,2594468,3384,mitapivat,IN,direct_anchor_exact_rxnorm
21823,2594468,3384,mitapivat,IN,direct_anchor_exact_rxnorm
21828,6995,4064,plicamycin,IN,unique_convergent_term_evidence
21829,2683,1359,colchicine,IN,direct_anchor_exact_rxnorm
21836,6996,3385,mitobronitol,IN,direct_anchor_exact_rxnorm
21858,632,3386,mitomycin,IN,direct_anchor_exact_rxnorm
21863,7005,3388,mitoxantrone,IN,direct_anchor_exact_rxnorm
21871,30077,3389,mivacurium,IN,direct_anchor_exact_rxnorm
21872,30077,3389,mivacurium,IN,direct_anchor_exact_rxnorm
21886,61455,3390,mizolastine,IN,direct_anchor_exact_rxnorm
21952,30121,3392,moclobemide,IN,direct_anchor_exact_rxnorm
21957,30125,3393,modafinil,IN,direct_anchor_exact_rxnorm
21980,30131,3394,moexipril,IN,direct_anchor_exact_rxnorm
21981,1546358,3395,moexiprilat,IN,direct_anchor_exact_rxnorm
21985,30202,3396,mofebutazone,IN,direct_anchor_exact_rxnorm
21988,11469,3397,mofezolac,IN,direct_anchor_exact_rxnorm
21991,2054068,3398,mogamulizumab,IN,direct_anchor_exact_rxnorm
22001,2637535,3400,molidustat,IN,direct_anchor_exact_rxnorm
22002,2637535,3400,molidustat,IN,direct_anchor_exact_rxnorm
22004,7019,3401,molindone,IN,direct_anchor_exact_rxnorm
22005,7019,3401,molindone,IN,direct_anchor_exact_rxnorm
22007,2587901,3402,molnupiravir,IN,direct_anchor_exact_rxnorm
22009,7023,3403,molsidomine,IN,direct_anchor_exact_rxnorm
22011,1546395,3404,molybdate ion,IN,unique_convergent_term_evidence
22013,7024,3405,molybdenum,IN,direct_anchor_exact_rxnorm
22017,2665204,3406,momelotinib,IN,direct_anchor_exact_rxnorm
22019,108118,3407,mometasone,IN,direct_anchor_exact_rxnorm
22021,1306885,3409,momordica charantia fruit extract,IN,unique_convergent_term_evidence
22030,1368208,3410,monensin,IN,direct_anchor_exact_rxnorm
22031,1368208,3410,monensin,IN,direct_anchor_exact_rxnorm
22035,2387211,4873,tafasitamab,IN,direct_anchor_exact_rxnorm
22039,17145,3412,monobenzone,IN,direct_anchor_exact_rxnorm
22050,30198,3415,monooctanoin,IN,unique_convergent_term_evidence
22052,52885,3413,monofluorophosphate,IN,direct_anchor_exact_rxnorm
22057,1546433,3414,monomethyl fumarate,IN,direct_anchor_exact_rxnorm
22059,34322,4156,potassium phosphate,IN,unique_convergent_term_evidence
22062,1363062,5001,thioglycerol,IN,unique_convergent_term_evidence
22065,88249,3417,montelukast,IN,unique_convergent_term_evidence
22069,88249,3417,montelukast,IN,direct_anchor_exact_rxnorm
22072,1425919,3418,montmorrillonite,IN,unique_convergent_term_evidence
22082,1368900,3419,morantel,IN,direct_anchor_exact_rxnorm
22083,1368900,3419,morantel,IN,direct_anchor_exact_rxnorm
22084,30218,3420,morazone,IN,direct_anchor_exact_rxnorm
22086,867260,4707,southern bayberry pollen extract,IN,unique_convergent_term_evidence
22088,40169,3421,moricizine,IN,direct_anchor_exact_rxnorm
22089,40169,3421,moricizine,IN,direct_anchor_exact_rxnorm
22092,1307834,3422,moringa oleifera leaf extract,IN,unique_convergent_term_evidence
22094,30225,3423,morniflumate,IN,direct_anchor_exact_rxnorm
22096,30227,3424,moroxydine,IN,direct_anchor_exact_rxnorm
22098,7052,3425,morphine,IN,direct_anchor_exact_rxnorm
22100,7052,3425,morphine,IN,direct_anchor_exact_rxnorm
22103,1368870,3427,morpholine,IN,direct_anchor_exact_rxnorm
22108,1363711,3474,n-oxydiethylene-2-benzothiazole sulfenamide,IN,unique_convergent_term_evidence
22110,1547610,3428,morrhuate,IN,direct_anchor_exact_rxnorm
22115,852680,4365,red mulberry pollen extract,IN,unique_convergent_term_evidence
22117,135091,3429,mosapride,IN,direct_anchor_exact_rxnorm
22118,1494846,3430,moschus berezovskii musk sac resin,IN,direct_anchor_exact_rxnorm
22125,2107310,4277,prucalopride,IN,direct_anchor_exact_rxnorm
22144,1007544,467,ascorbic acid / polyethylene glycol 3350 / potassium chloride / sodium ascorbate / sodium chloride / sodium sulfate,MIN,direct_anchor_exact_rxnorm
22154,52918,3435,moxaverine,IN,direct_anchor_exact_rxnorm
22157,1047072,3437,moxidectin,IN,direct_anchor_exact_rxnorm
22158,139462,3438,moxifloxacin,IN,direct_anchor_exact_rxnorm
22162,10561,3439,moxisylyte,IN,direct_anchor_exact_rxnorm
22164,30257,3440,moxonidine,IN,direct_anchor_exact_rxnorm
22170,733003,4063,plerixafor,IN,direct_anchor_exact_rxnorm
22233,30320,3441,mucopolysaccharide polysulfate,IN,unique_convergent_term_evidence
22239,1485786,3442,mucuna pruriens seed extract,IN,unique_convergent_term_evidence
22261,798372,3445,"mumps virus vaccine live, jeryl lynn strain",IN,unique_convergent_term_evidence
22266,42372,3446,mupirocin,IN,direct_anchor_exact_rxnorm
22267,1311225,2737,interleukin-3,IN,unique_convergent_term_evidence
22278,42405,3447,muromonab-cd3,IN,unique_convergent_term_evidence
22279,852693,2561,house mouse skin extract,IN,unique_convergent_term_evidence
22282,1992540,3448,muscadine grape extract,IN,direct_anchor_exact_rxnorm
22322,7617,3654,octreotide,IN,direct_anchor_exact_rxnorm
22330,68149,3452,mycophenolate mofetil,IN,direct_anchor_exact_rxnorm
22331,265323,3451,mycophenolate,IN,direct_anchor_exact_rxnorm
22351,1368374,3454,myricetin,IN,direct_anchor_exact_rxnorm
22352,236393,3380,miristalkonium,IN,unique_convergent_term_evidence
22354,1313976,3455,myristate,IN,direct_anchor_exact_rxnorm
22359,1362897,3456,myristyl alcohol,IN,direct_anchor_exact_rxnorm
22360,2287736,24,1-o-tetradecylglycerol,IN,unique_convergent_term_evidence
22361,1425406,3457,myristyl nicotinate,IN,direct_anchor_exact_rxnorm
22363,1192997,2394,gliocladium allergenic extract,IN,unique_convergent_term_evidence
22365,1309206,3458,myrrh oil,IN,direct_anchor_exact_rxnorm
22366,59082,3459,myrtecaine,IN,direct_anchor_exact_rxnorm
22415,1313173,3460,"n,n-dimethylglycine",IN,direct_anchor_exact_rxnorm
22456,1364376,3462,n-(3-(dimethylamino)propyl)octadecanamide,IN,direct_anchor_exact_rxnorm
22648,2280292,3464,n-acetyl-.alpha.-d-glucosamine,IN,unique_convergent_term_evidence
22654,2597521,3465,n-acetyl-glucosamine thiazoline,IN,direct_anchor_exact_rxnorm
22667,1426463,3466,n-acetylmethionine,IN,direct_anchor_exact_rxnorm
22672,31005,3467,n-acetyltyrosine,IN,direct_anchor_exact_rxnorm
22673,1539817,3468,n-alkyl dimethyl benzyl ammonium (c12-c18),IN,direct_anchor_exact_rxnorm
22674,1422066,3469,n-alkyl ethylbenzyl dimethyl ammonium (c12-c14),IN,direct_anchor_exact_rxnorm
22714,1427136,3471,"n-cyclohexyl-n'-phenyl-1,4-phenylenediamine",IN,direct_anchor_exact_rxnorm
22715,2049985,38,2-(cyclohexylamino)ethanesulfonic acid,IN,unique_convergent_term_evidence
22728,2178066,3472,n-dodecyl .beta.-d-maltoside,IN,direct_anchor_exact_rxnorm
22879,31448,3476,nabumetone,IN,direct_anchor_exact_rxnorm
22884,7222,3477,nadh,IN,direct_anchor_exact_rxnorm
22887,7226,3479,nadolol,IN,direct_anchor_exact_rxnorm
22897,28656,3481,nafarelin,IN,direct_anchor_exact_rxnorm
22898,28656,3481,nafarelin,IN,direct_anchor_exact_rxnorm
22901,7233,3482,nafcillin,IN,direct_anchor_exact_rxnorm
22913,31475,3484,naftazone,IN,direct_anchor_exact_rxnorm
22914,7236,3483,nafronyl,IN,unique_convergent_term_evidence
22915,31476,3485,naftifine,IN,direct_anchor_exact_rxnorm
22916,31476,3485,naftifine,IN,direct_anchor_exact_rxnorm
22925,7238,3486,nalbuphine,IN,direct_anchor_exact_rxnorm
22926,7238,3486,nalbuphine,IN,direct_anchor_exact_rxnorm
22927,1876597,3487,naldemedine,IN,direct_anchor_exact_rxnorm
22928,1876597,3487,naldemedine,IN,direct_anchor_exact_rxnorm
22932,618425,3488,nalidixate,IN,direct_anchor_exact_rxnorm
22933,31479,3489,nalmefene,IN,direct_anchor_exact_rxnorm
22934,31479,3489,nalmefene,IN,direct_anchor_exact_rxnorm
22939,1551777,3490,naloxegol,IN,direct_anchor_exact_rxnorm
22940,7242,3491,naloxone,IN,direct_anchor_exact_rxnorm
22944,7243,3492,naltrexone,IN,direct_anchor_exact_rxnorm
22960,1430990,1770,donepezil / memantine,MIN,direct_anchor_exact_rxnorm
22964,7244,3493,nandrolone,IN,direct_anchor_exact_rxnorm
22966,7244,3493,nandrolone,IN,direct_anchor_exact_rxnorm
22968,7244,3493,nandrolone,IN,direct_anchor_exact_rxnorm
23000,7247,3494,naphazoline,IN,direct_anchor_exact_rxnorm
23002,7247,3494,naphazoline,IN,direct_anchor_exact_rxnorm
23003,1311149,3495,naphthalene,IN,direct_anchor_exact_rxnorm
23010,1721293,3496,naphthoquine,IN,direct_anchor_exact_rxnorm
23018,7258,3497,naproxen,IN,direct_anchor_exact_rxnorm
23026,1314370,3498,narasin,IN,direct_anchor_exact_rxnorm
23027,141366,3499,naratriptan,IN,direct_anchor_exact_rxnorm
23028,141366,3499,naratriptan,IN,direct_anchor_exact_rxnorm
23033,8123,3936,phenelzine,IN,direct_anchor_exact_rxnorm
23036,1368173,3500,naringenin,IN,direct_anchor_exact_rxnorm
23037,31538,3501,naringin,IN,direct_anchor_exact_rxnorm
23044,35780,4465,ropivacaine,IN,direct_anchor_exact_rxnorm
23045,2732291,3503,narsoplimab,IN,direct_anchor_exact_rxnorm
23049,11248,5348,vitamin b12,IN,direct_anchor_exact_rxnorm
23055,354770,3504,natalizumab,IN,direct_anchor_exact_rxnorm
23056,7268,3505,natamycin,IN,direct_anchor_exact_rxnorm
23059,274332,3506,nateglinide,IN,direct_anchor_exact_rxnorm
23061,10379,4965,testosterone,IN,direct_anchor_exact_rxnorm
23063,53553,3507,nattokinase,IN,direct_anchor_exact_rxnorm
23079,39541,5341,vinorelbine,IN,direct_anchor_exact_rxnorm
23080,2739518,3508,navepegritide,IN,direct_anchor_exact_rxnorm
23123,31555,3510,nebivolol,IN,direct_anchor_exact_rxnorm
23124,31555,3510,nebivolol,IN,direct_anchor_exact_rxnorm
23130,1723738,3511,necitumumab,IN,direct_anchor_exact_rxnorm
23139,31563,3512,nedocromil,IN,direct_anchor_exact_rxnorm
23142,2675287,3513,nedosiran,IN,direct_anchor_exact_rxnorm
23143,2675287,3513,nedosiran,IN,direct_anchor_exact_rxnorm
23145,31565,3514,nefazodone,IN,direct_anchor_exact_rxnorm
23151,7285,3515,nefopam,IN,direct_anchor_exact_rxnorm
23152,7285,3515,nefopam,IN,direct_anchor_exact_rxnorm
23165,797629,3516,neisseria meningitidis serogroup a capsular polysaccharide diphtheria toxoid protein conjugate vaccine,IN,unique_convergent_term_evidence
23168,797631,3517,neisseria meningitidis serogroup c capsular polysaccharide diphtheria toxoid protein conjugate vaccine,IN,unique_convergent_term_evidence
23171,797633,3518,neisseria meningitidis serogroup w-135 capsular polysaccharide diphtheria toxoid protein conjugate vaccine,IN,unique_convergent_term_evidence
23174,797635,3519,neisseria meningitidis serogroup y capsular polysaccharide diphtheria toxoid protein conjugate vaccine,IN,unique_convergent_term_evidence
23177,2705455,3215,meningococcal group b vaccine / neisseria meningitidis serogroup a oligosaccharide diphtheria crm197 protein conjugate vaccine / neisseria meningitidis serogroup c oligosaccharide diphtheria crm197 protein conjugate vaccine / neisseria meningitidis serogroup w-135 oligosaccharide diphtheria crm197 protein conjugate vaccine / neisseria meningitidis serogroup y oligosaccharide diphtheria crm197 protein conjugate vaccine,MIN,unique_convergent_term_evidence
23187,134527,3521,nelfinavir,IN,direct_anchor_exact_rxnorm
23197,1309447,3522,nelumbo nucifera flower extract,IN,unique_convergent_term_evidence
23202,8004,3898,pentobarbital,IN,direct_anchor_exact_rxnorm
23206,2691310,3523,nemolizumab,IN,direct_anchor_exact_rxnorm
23236,1311480,3524,neodymium,IN,direct_anchor_exact_rxnorm
23242,7299,3525,neomycin,IN,direct_anchor_exact_rxnorm
23249,7301,3526,neon,IN,direct_anchor_exact_rxnorm
23256,7315,3527,neostigmine,IN,direct_anchor_exact_rxnorm
23257,7315,3527,neostigmine,IN,direct_anchor_exact_rxnorm
23258,1008086,2443,glycopyrronium / neostigmine,MIN,direct_anchor_exact_rxnorm
23260,1367111,3528,neotame,IN,direct_anchor_exact_rxnorm
23269,298665,3529,nepafenac,IN,direct_anchor_exact_rxnorm
23274,1427158,1926,epidermal growth factor,IN,unique_convergent_term_evidence
23281,2725523,3530,nerandomilast,IN,direct_anchor_exact_rxnorm
23282,1940643,3531,neratinib,IN,direct_anchor_exact_rxnorm
23291,2109479,3532,nerium oleander flower,IN,direct_anchor_exact_rxnorm
23293,7327,3533,nerve growth factor,IN,direct_anchor_exact_rxnorm
23298,19666,3534,nesiritide,IN,direct_anchor_exact_rxnorm
23308,1992864,3535,netarsudil,IN,direct_anchor_exact_rxnorm
23309,1992864,3535,netarsudil,IN,direct_anchor_exact_rxnorm
23312,7337,3536,netilmicin,IN,direct_anchor_exact_rxnorm
23313,7337,3536,netilmicin,IN,direct_anchor_exact_rxnorm
23318,1552337,3538,netupitant,IN,direct_anchor_exact_rxnorm
23321,139994,3700,oprelvekin,IN,direct_anchor_exact_rxnorm
23340,42333,5198,trimetrexate,IN,unique_convergent_term_evidence
23347,53654,3540,nevirapine,IN,direct_anchor_exact_rxnorm
23350,495881,4698,sorafenib,IN,direct_anchor_exact_rxnorm
23354,2283229,625,bempedoic acid / ezetimibe,MIN,direct_anchor_exact_rxnorm
23356,2178390,4576,selinexor,IN,unique_convergent_term_evidence
23368,7393,3541,niacin,IN,direct_anchor_exact_rxnorm
23369,1363721,3543,niacinamide ascorbate,IN,direct_anchor_exact_rxnorm
23371,7394,3544,nialamide,IN,direct_anchor_exact_rxnorm
23372,1309375,3664,oil of niaouli,IN,unique_convergent_term_evidence
23373,31722,3545,niaprazine,IN,direct_anchor_exact_rxnorm
23381,1311583,3546,nicarbazin,IN,direct_anchor_exact_rxnorm
23382,7396,3547,nicardipine,IN,direct_anchor_exact_rxnorm
23383,7396,3547,nicardipine,IN,direct_anchor_exact_rxnorm
23384,7398,3548,nicergoline,IN,direct_anchor_exact_rxnorm
23389,1313176,3549,nickel acetate,IN,direct_anchor_exact_rxnorm
23392,1546280,3550,nickel cation,IN,direct_anchor_exact_rxnorm
23398,31738,3551,nickel sulfate,IN,direct_anchor_exact_rxnorm
23402,7402,3552,niclosamide,IN,direct_anchor_exact_rxnorm
23403,235788,3553,nicoboxil,IN,direct_anchor_exact_rxnorm
23411,104486,3554,nicofuranose,IN,direct_anchor_exact_rxnorm
23418,31748,3555,nicorandil,IN,direct_anchor_exact_rxnorm
23421,7405,3542,niacinamide,IN,unique_convergent_term_evidence
23429,7407,3556,nicotine,IN,direct_anchor_exact_rxnorm
23430,1306107,3557,nicotine bitartrate,IN,direct_anchor_exact_rxnorm
23438,7414,3558,nicotinyl alcohol,IN,direct_anchor_exact_rxnorm
23439,7414,3558,nicotinyl alcohol,IN,direct_anchor_exact_rxnorm
23449,7417,3559,nifedipine,IN,direct_anchor_exact_rxnorm
23454,7418,3560,niflumic acid,IN,direct_anchor_exact_rxnorm
23457,7419,3561,nifuratel,IN,direct_anchor_exact_rxnorm
23463,31782,3562,nifuroxazide,IN,direct_anchor_exact_rxnorm
23465,1311582,3563,nifurpipone,IN,direct_anchor_exact_rxnorm
23470,7421,3564,nifurtimox,IN,direct_anchor_exact_rxnorm
23473,31786,3565,nifurzide,IN,direct_anchor_exact_rxnorm
23477,7424,3566,nikethamide,IN,direct_anchor_exact_rxnorm
23480,31805,3568,nilutamide,IN,direct_anchor_exact_rxnorm
23485,662281,3567,nilotinib,IN,direct_anchor_exact_rxnorm
23489,53692,3569,nilvadipine,IN,direct_anchor_exact_rxnorm
23493,53694,3570,nimesulide,IN,direct_anchor_exact_rxnorm
23496,7426,3571,nimodipine,IN,direct_anchor_exact_rxnorm
23497,7427,3572,nimorazole,IN,direct_anchor_exact_rxnorm
23506,1592737,3573,nintedanib,IN,direct_anchor_exact_rxnorm
23510,1426867,3574,niobium,IN,direct_anchor_exact_rxnorm
23515,8011,3901,pentostatin,IN,direct_anchor_exact_rxnorm
23517,2712693,3575,nipocalimab,IN,direct_anchor_exact_rxnorm
23521,1918231,3576,niraparib,IN,direct_anchor_exact_rxnorm
23524,2587892,3577,nirmatrelvir,IN,direct_anchor_exact_rxnorm
23526,2670631,3578,nirogacestat,IN,direct_anchor_exact_rxnorm
23527,2642401,3579,nirsevimab,IN,direct_anchor_exact_rxnorm
23534,7435,3580,nisoldipine,IN,direct_anchor_exact_rxnorm
23540,1311555,3581,nitarsone,IN,direct_anchor_exact_rxnorm
23541,31819,3582,nitazoxanide,IN,direct_anchor_exact_rxnorm
23543,341379,3583,nitenpyram,IN,direct_anchor_exact_rxnorm
23545,61805,3584,nitisinone,IN,direct_anchor_exact_rxnorm
23549,1546271,3585,nitrate ion,IN,unique_convergent_term_evidence
23550,7440,3586,nitrazepam,IN,direct_anchor_exact_rxnorm
23553,7441,3587,nitrendipine,IN,direct_anchor_exact_rxnorm
23554,1311391,3588,nitric acid,IN,direct_anchor_exact_rxnorm
23555,7442,3589,nitric oxide,IN,direct_anchor_exact_rxnorm
23560,1546424,3590,nitrite ion,IN,unique_convergent_term_evidence
23573,7455,3593,nitrofurazone,IN,unique_convergent_term_evidence
23574,7454,3591,nitrofurantoin,IN,direct_anchor_exact_rxnorm
23577,7456,3594,nitrogen,IN,direct_anchor_exact_rxnorm
23580,4917,3595,nitroglycerin,IN,direct_anchor_exact_rxnorm
23583,89721,3596,nitromersol,IN,direct_anchor_exact_rxnorm
23588,7476,3597,nitroprusside,IN,direct_anchor_exact_rxnorm
23598,7486,3598,nitrous oxide,IN,direct_anchor_exact_rxnorm
23600,31901,3599,nitroxoline,IN,direct_anchor_exact_rxnorm
23610,1597876,3600,nivolumab,IN,direct_anchor_exact_rxnorm
23611,2596775,3601,nivolumab / relatlimab,MIN,unique_convergent_term_evidence
23614,42319,3602,nizatidine,IN,direct_anchor_exact_rxnorm
23660,10324,4890,tamoxifen,IN,unique_convergent_term_evidence
23662,31930,3604,nomegestrol,IN,direct_anchor_exact_rxnorm
23663,31930,3604,nomegestrol,IN,direct_anchor_exact_rxnorm
23665,7500,3605,nomifensine,IN,direct_anchor_exact_rxnorm
23666,7500,3605,nomifensine,IN,direct_anchor_exact_rxnorm
23675,4249,2092,factor ix,IN,unique_convergent_term_evidence
23680,1946823,3606,nonathymulin,IN,direct_anchor_exact_rxnorm
23681,31945,3607,nonivamide,IN,direct_anchor_exact_rxnorm
23683,1311556,3608,nonoxynol-10,IN,direct_anchor_exact_rxnorm
23684,1311559,3609,nonoxynol-30,IN,direct_anchor_exact_rxnorm
23685,1368184,3610,nonoxynol-4,IN,direct_anchor_exact_rxnorm
23686,53750,3611,nonoxynol-9,IN,direct_anchor_exact_rxnorm
23704,3155,3612,nordazepam,IN,direct_anchor_exact_rxnorm
23709,326374,3613,norelgestromin,IN,direct_anchor_exact_rxnorm
23711,7512,3614,norepinephrine,IN,direct_anchor_exact_rxnorm
23713,7513,3615,norethandrolone,IN,direct_anchor_exact_rxnorm
23714,7514,3616,norethindrone,IN,direct_anchor_exact_rxnorm
23715,7514,3616,norethindrone,IN,unique_convergent_term_evidence
23716,7515,3617,norethynodrel,IN,direct_anchor_exact_rxnorm
23718,31988,3618,norfenefrine,IN,direct_anchor_exact_rxnorm
23719,31988,3618,norfenefrine,IN,direct_anchor_exact_rxnorm
23720,7517,3619,norfloxacin,IN,direct_anchor_exact_rxnorm
23722,1311560,3620,norflurane,IN,direct_anchor_exact_rxnorm
23723,31994,3621,norgestimate,IN,direct_anchor_exact_rxnorm
23725,7518,3622,norgestrel,IN,direct_anchor_exact_rxnorm
23726,7519,3623,norgestrienone,IN,direct_anchor_exact_rxnorm
23732,32009,3624,normethadone,IN,direct_anchor_exact_rxnorm
23745,7531,3627,nortriptyline,IN,direct_anchor_exact_rxnorm
23746,7531,3627,nortriptyline,IN,direct_anchor_exact_rxnorm
23752,7533,3628,noscapine,IN,direct_anchor_exact_rxnorm
23773,7538,3629,novobiocin,IN,direct_anchor_exact_rxnorm
23775,7538,3629,novobiocin,IN,direct_anchor_exact_rxnorm
23797,805452,4460,romiplostim,IN,direct_anchor_exact_rxnorm
23824,1720597,3232,mepolizumab,IN,direct_anchor_exact_rxnorm
23837,787390,4895,tapentadol,IN,direct_anchor_exact_rxnorm
23845,1863556,3630,nusinersen,IN,direct_anchor_exact_rxnorm
23848,1309209,3631,nutmeg oil,IN,direct_anchor_exact_rxnorm
23854,314743,3632,nux vomica extract,IN,direct_anchor_exact_rxnorm
23879,7595,3633,nylidrin,IN,direct_anchor_exact_rxnorm
23880,7595,3633,nylidrin,IN,direct_anchor_exact_rxnorm
23919,1364387,3635,o-cymen-5-ol,IN,direct_anchor_exact_rxnorm
23931,285251,3638,oats preparation,IN,unique_convergent_term_evidence
23937,2698195,3639,obecabtagene autoleucel,IN,direct_anchor_exact_rxnorm
23944,1798288,3640,obeticholic acid,IN,direct_anchor_exact_rxnorm
23952,42826,3641,obidoxime,IN,direct_anchor_exact_rxnorm
23953,42826,3641,obidoxime,IN,direct_anchor_exact_rxnorm
23954,1746906,3642,obiltoxaximab,IN,direct_anchor_exact_rxnorm
23977,1487006,3644,oclacitinib,IN,direct_anchor_exact_rxnorm
23978,1487006,3644,oclacitinib,IN,direct_anchor_exact_rxnorm
23980,1876366,3645,ocrelizumab,IN,direct_anchor_exact_rxnorm
23981,29998,3646,ocriplasmin,IN,direct_anchor_exact_rxnorm
23985,12166,25,1-octacosanol,IN,unique_convergent_term_evidence
24000,2119240,3648,octenidine,IN,direct_anchor_exact_rxnorm
24001,2119240,3648,octenidine,IN,direct_anchor_exact_rxnorm
24004,13369,3649,octinoxate,IN,direct_anchor_exact_rxnorm
24005,91327,3650,octisalate,IN,direct_anchor_exact_rxnorm
24006,77674,3651,octocrylene,IN,direct_anchor_exact_rxnorm
24007,236867,3652,octodrine,IN,direct_anchor_exact_rxnorm
24008,1311141,3653,octopamine,IN,direct_anchor_exact_rxnorm
24011,7617,3654,octreotide,IN,direct_anchor_exact_rxnorm
24025,1314657,3656,octyl triazone,IN,direct_anchor_exact_rxnorm
24026,1367124,3655,octyl dodecanol,IN,unique_convergent_term_evidence
24038,1727492,1887,emtricitabine / rilpivirine / tenofovir alafenamide,MIN,direct_anchor_exact_rxnorm
24039,2461340,3658,odesivimab,IN,direct_anchor_exact_rxnorm
24041,2563966,3659,odevixibat,IN,direct_anchor_exact_rxnorm
24046,895538,5397,white-tailed deer hair extract,IN,unique_convergent_term_evidence
24047,1659191,4697,sonidegib,IN,direct_anchor_exact_rxnorm
24050,7623,3662,ofloxacin,IN,direct_anchor_exact_rxnorm
24057,1367088,3663,oftasceine,IN,direct_anchor_exact_rxnorm
24065,2682434,5122,tovorafenib,IN,direct_anchor_exact_rxnorm
24073,2712235,3665,olaflur,IN,direct_anchor_exact_rxnorm
24078,61381,3666,olanzapine,IN,direct_anchor_exact_rxnorm
24079,61381,3666,olanzapine,IN,direct_anchor_exact_rxnorm
24084,1307955,3669,olea europaea leaf extract,IN,unique_convergent_term_evidence
24085,852653,2076,european olive pollen extract,IN,unique_convergent_term_evidence
24086,7629,3670,oleandomycin,IN,direct_anchor_exact_rxnorm
24090,70616,3671,oleate,IN,direct_anchor_exact_rxnorm
24098,1310603,3672,oleyl alcohol,IN,direct_anchor_exact_rxnorm
24099,1426427,3673,oleyl oleate,IN,direct_anchor_exact_rxnorm
24101,2701418,3674,olezarsen,IN,direct_anchor_exact_rxnorm
24102,2701418,3674,olezarsen,IN,direct_anchor_exact_rxnorm
24105,2392230,3675,oliceridine,IN,direct_anchor_exact_rxnorm
24115,2610407,3676,olipudase alfa,IN,direct_anchor_exact_rxnorm
24117,1309250,3677,olive oil,IN,direct_anchor_exact_rxnorm
24121,321064,3678,olmesartan,IN,direct_anchor_exact_rxnorm
24125,1546059,3679,olodaterol,IN,direct_anchor_exact_rxnorm
24126,1546059,3679,olodaterol,IN,direct_anchor_exact_rxnorm
24130,135391,3680,olopatadine,IN,direct_anchor_exact_rxnorm
24131,2591802,3408,mometasone / olopatadine,MIN,direct_anchor_exact_rxnorm
24138,32385,3681,olsalazine,IN,direct_anchor_exact_rxnorm
24141,2623641,3682,olutasidenib,IN,direct_anchor_exact_rxnorm
24147,2059269,3685,omadacycline,IN,direct_anchor_exact_rxnorm
24148,302379,3686,omalizumab,IN,direct_anchor_exact_rxnorm
24151,2631931,3687,omaveloxolone,IN,direct_anchor_exact_rxnorm
24153,1597371,3688,ombitasvir,IN,direct_anchor_exact_rxnorm
24160,4301,3690,omega-3 fatty acids,IN,direct_anchor_exact_rxnorm
24161,484348,3689,omega-3 acid ethyl esters (usp),IN,unique_convergent_term_evidence
24166,2053495,2194,fish oil (containing omega-3 acids),IN,direct_anchor_exact_rxnorm
24168,7646,3691,omeprazole,IN,direct_anchor_exact_rxnorm
24173,2612691,3692,omidenepag,IN,direct_anchor_exact_rxnorm
24174,2612691,3692,omidenepag,IN,direct_anchor_exact_rxnorm
24175,2637355,3693,omidubicel,IN,direct_anchor_exact_rxnorm
24182,1298944,3924,pertuzumab,IN,unique_convergent_term_evidence
24183,32411,3694,omoconazole,IN,direct_anchor_exact_rxnorm
24204,2170226,3695,onasemnogene abeparvovec,IN,direct_anchor_exact_rxnorm
24209,34132,3857,pegaspargase,IN,direct_anchor_exact_rxnorm
24255,26225,3696,ondansetron,IN,direct_anchor_exact_rxnorm
24259,26225,3696,ondansetron,IN,direct_anchor_exact_rxnorm
24331,2362167,3697,opicapone,IN,direct_anchor_exact_rxnorm
24338,7674,3698,opipramol,IN,direct_anchor_exact_rxnorm
24339,7674,3698,opipramol,IN,direct_anchor_exact_rxnorm
24341,7676,3699,opium,IN,direct_anchor_exact_rxnorm
24347,139994,3700,oprelvekin,IN,direct_anchor_exact_rxnorm
24373,166283,3002,lidocaine / prilocaine,MIN,direct_anchor_exact_rxnorm
24378,995897,3703,orbifloxacin,IN,direct_anchor_exact_rxnorm
24381,7688,3257,metaproterenol,IN,unique_convergent_term_evidence
24395,2739838,3706,orforglipron,IN,direct_anchor_exact_rxnorm
24396,2739838,3706,orforglipron,IN,direct_anchor_exact_rxnorm
24406,32526,3707,orgotein,IN,direct_anchor_exact_rxnorm
24407,2472778,4378,relugolix,IN,direct_anchor_exact_rxnorm
24418,1547611,3708,oritavancin,IN,direct_anchor_exact_rxnorm
24419,1547611,3708,oritavancin,IN,direct_anchor_exact_rxnorm
24420,37925,3709,orlistat,IN,direct_anchor_exact_rxnorm
24425,32533,3710,ormetoprim,IN,direct_anchor_exact_rxnorm
24427,7701,3711,ornidazole,IN,direct_anchor_exact_rxnorm
24428,7703,3712,ornipressin,IN,direct_anchor_exact_rxnorm
24429,7704,3713,ornithine,IN,direct_anchor_exact_rxnorm
24432,7712,3714,orotic acid,IN,direct_anchor_exact_rxnorm
24433,7712,3714,orotic acid,IN,direct_anchor_exact_rxnorm
24438,7715,3715,orphenadrine,IN,direct_anchor_exact_rxnorm
24439,466549,483,aspirin / caffeine / orphenadrine,MIN,direct_anchor_exact_rxnorm
24440,7715,3715,orphenadrine,IN,direct_anchor_exact_rxnorm
24446,2266810,3716,orthocresol,IN,direct_anchor_exact_rxnorm
24449,1309780,1278,clerodendranthus spicatus leaf extract,IN,unique_convergent_term_evidence
24456,895527,2077,european rabbit hair extract,IN,unique_convergent_term_evidence
24457,895195,2078,european rabbit skin extract,IN,unique_convergent_term_evidence
24465,1360626,2,"(all-z)-4,7,10,13,16-docosapentaenoic acid",IN,unique_convergent_term_evidence
24468,260101,3718,oseltamivir,IN,direct_anchor_exact_rxnorm
24469,1546279,3719,oseltamivir carboxylate,IN,unique_convergent_term_evidence
24470,260101,3718,oseltamivir,IN,direct_anchor_exact_rxnorm
24487,2286252,3720,osilodrostat,IN,direct_anchor_exact_rxnorm
24488,2286252,3720,osilodrostat,IN,direct_anchor_exact_rxnorm
24490,1721560,3721,osimertinib,IN,direct_anchor_exact_rxnorm
24498,1370971,3722,ospemifene,IN,direct_anchor_exact_rxnorm
24547,2602577,3723,oteseconazole,IN,direct_anchor_exact_rxnorm
24558,1596454,698,betamethasone / clotrimazole / gentamicin,MIN,direct_anchor_exact_rxnorm
24563,7762,3724,ouabain,IN,direct_anchor_exact_rxnorm
24569,38508,5145,treosulfan,IN,unique_convergent_term_evidence
24570,1427208,3725,ovemotide,IN,direct_anchor_exact_rxnorm
24576,28068,3726,oxaceprol,IN,direct_anchor_exact_rxnorm
24577,7773,3727,oxacillin,IN,direct_anchor_exact_rxnorm
24582,1441660,3728,oxalate,IN,direct_anchor_exact_rxnorm
24583,1427058,3729,oxalic acid,IN,direct_anchor_exact_rxnorm
24589,1661330,3731,oxaloacetate,IN,direct_anchor_exact_rxnorm
24595,7778,3732,oxamniquine,IN,direct_anchor_exact_rxnorm
24598,7779,3733,oxandrolone,IN,direct_anchor_exact_rxnorm
24599,1871175,3734,oxantel,IN,direct_anchor_exact_rxnorm
24603,32613,3735,oxaprozin,IN,direct_anchor_exact_rxnorm
24604,32613,3735,oxaprozin,IN,direct_anchor_exact_rxnorm
24606,54236,3736,oxatomide,IN,direct_anchor_exact_rxnorm
24607,7781,3737,oxazepam,IN,direct_anchor_exact_rxnorm
24614,2265678,5372,voxelotor,IN,direct_anchor_exact_rxnorm
24615,32624,3738,oxcarbazepine,IN,direct_anchor_exact_rxnorm
24619,32626,3739,oxeladin,IN,direct_anchor_exact_rxnorm
24623,67187,3740,oxerutins,IN,direct_anchor_exact_rxnorm
24627,32633,3741,oxetorone,IN,direct_anchor_exact_rxnorm
24628,32633,3741,oxetorone,IN,direct_anchor_exact_rxnorm
24629,32634,3742,oxfendazole,IN,direct_anchor_exact_rxnorm
24632,1009342,3743,oxibendazole,IN,direct_anchor_exact_rxnorm
24634,32638,3744,oxiconazole,IN,direct_anchor_exact_rxnorm
24635,32638,3744,oxiconazole,IN,direct_anchor_exact_rxnorm
24639,2221,1096,cellulose,IN,unique_convergent_term_evidence
24642,1306068,3745,oxidronate,IN,direct_anchor_exact_rxnorm
24646,32639,3746,oxilofrine,IN,direct_anchor_exact_rxnorm
24656,32645,3747,oxiracetam,IN,direct_anchor_exact_rxnorm
24664,32649,3748,oxitropium,IN,direct_anchor_exact_rxnorm
24665,32649,3748,oxitropium,IN,direct_anchor_exact_rxnorm
24670,2593371,3749,oxogestone,IN,direct_anchor_exact_rxnorm
24672,17511,258,alpha-ketoglutaric acid,IN,unique_convergent_term_evidence
24673,32658,3750,oxolamine,IN,direct_anchor_exact_rxnorm
24674,7798,3751,oxolinic acid,IN,direct_anchor_exact_rxnorm
24679,1926836,3752,oxothiazolidinecarboxylic acid,IN,direct_anchor_exact_rxnorm
24683,7801,3753,oxprenolol,IN,direct_anchor_exact_rxnorm
24684,7801,3753,oxprenolol,IN,direct_anchor_exact_rxnorm
24687,20976,3754,oxtriphylline,IN,direct_anchor_exact_rxnorm
24689,32673,3756,oxybenzone,IN,direct_anchor_exact_rxnorm
24690,18889,634,benoxinate,IN,unique_convergent_term_evidence
24691,32675,3757,oxybutynin,IN,direct_anchor_exact_rxnorm
24692,32680,3758,oxychlorosene,IN,direct_anchor_exact_rxnorm
24693,32680,3758,oxychlorosene,IN,direct_anchor_exact_rxnorm
24698,7804,3759,oxycodone,IN,direct_anchor_exact_rxnorm
24699,7804,3759,oxycodone,IN,unique_convergent_term_evidence
24701,215451,484,aspirin / oxycodone hydrochloride / oxycodone terephthalate,MIN,direct_anchor_exact_rxnorm
24704,7805,3760,oxyfedrine,IN,direct_anchor_exact_rxnorm
24705,7805,3760,oxyfedrine,IN,direct_anchor_exact_rxnorm
24706,7806,3761,oxygen,IN,direct_anchor_exact_rxnorm
24713,7812,3762,oxymetazoline,IN,direct_anchor_exact_rxnorm
24714,7813,3763,oxymetholone,IN,direct_anchor_exact_rxnorm
24715,7814,3764,oxymorphone,IN,direct_anchor_exact_rxnorm
24716,7814,3764,oxymorphone,IN,direct_anchor_exact_rxnorm
24718,7815,3765,oxypertine,IN,direct_anchor_exact_rxnorm
24719,7816,3766,oxyphenbutazone,IN,direct_anchor_exact_rxnorm
24721,32698,3767,oxyphencyclimine,IN,direct_anchor_exact_rxnorm
24722,32698,3767,oxyphencyclimine,IN,direct_anchor_exact_rxnorm
24723,8136,3768,oxyphenisatin,IN,direct_anchor_exact_rxnorm
24725,7818,3769,oxyphenonium,IN,direct_anchor_exact_rxnorm
24726,7818,3769,oxyphenonium,IN,direct_anchor_exact_rxnorm
24729,110,3770,oxyquinoline,IN,direct_anchor_exact_rxnorm
24734,7821,3771,oxytetracycline,IN,direct_anchor_exact_rxnorm
24735,7821,3771,oxytetracycline,IN,direct_anchor_exact_rxnorm
24736,7821,3771,oxytetracycline,IN,direct_anchor_exact_rxnorm
24737,7821,3771,oxytetracycline,IN,direct_anchor_exact_rxnorm
24738,7824,3772,oxytocin,IN,direct_anchor_exact_rxnorm
24741,973274,3773,oyster allergenic extract,IN,unique_convergent_term_evidence
24744,2288236,3774,ozanimod,IN,direct_anchor_exact_rxnorm
24745,2288236,3774,ozanimod,IN,direct_anchor_exact_rxnorm
24748,1994739,3775,ozenoxacin,IN,direct_anchor_exact_rxnorm
24751,2289011,3776,ozone,IN,direct_anchor_exact_rxnorm
24754,3264,1583,dexamethasone,IN,direct_anchor_exact_rxnorm
24762,1435279,60,4-aminophenol,IN,unique_convergent_term_evidence
24775,1485787,61,4-coumaric acid,IN,unique_convergent_term_evidence
24776,2467144,3821,para-cresol,IN,unique_convergent_term_evidence
24783,2571811,3779,p-nitrobiphenyl,IN,direct_anchor_exact_rxnorm
24787,1362740,65,4-phenylenediamine,IN,unique_convergent_term_evidence
24790,1427189,3780,p-tert-butylphenol-formaldehyde resin (low molecular weight),IN,direct_anchor_exact_rxnorm
24830,56946,3781,paclitaxel,IN,direct_anchor_exact_rxnorm
24839,2595243,3782,pacritinib,IN,direct_anchor_exact_rxnorm
24846,1363712,3783,padimate a,IN,direct_anchor_exact_rxnorm
24847,32786,3784,padimate-o,IN,unique_convergent_term_evidence
24853,1307731,3785,paeonia lactiflora root extract,IN,unique_convergent_term_evidence
24856,2586857,3786,pafolacianine,IN,direct_anchor_exact_rxnorm
24857,718967,3787,pafuramidine,IN,direct_anchor_exact_rxnorm
24874,679314,3791,paliperidone,IN,direct_anchor_exact_rxnorm
24875,679314,3791,paliperidone,IN,direct_anchor_exact_rxnorm
24877,194279,3792,palivizumab,IN,direct_anchor_exact_rxnorm
24882,32809,3793,palm oil,IN,direct_anchor_exact_rxnorm
24883,2001986,3794,palmidrol,IN,direct_anchor_exact_rxnorm
24885,1370621,3795,palmitate,IN,direct_anchor_exact_rxnorm
24886,2475954,3796,palmitoleate,IN,direct_anchor_exact_rxnorm
24887,1314373,3797,palmitoyl oligopeptide,IN,direct_anchor_exact_rxnorm
24888,1314277,3798,palmitoyl tetrapeptide-7,IN,direct_anchor_exact_rxnorm
24895,32915,4954,teriparatide,IN,direct_anchor_exact_rxnorm
24897,2663954,3802,palovarotene,IN,direct_anchor_exact_rxnorm
24899,2724363,3803,paltusotine,IN,direct_anchor_exact_rxnorm
24900,2724363,3803,paltusotine,IN,direct_anchor_exact_rxnorm
24904,54365,3804,pamabrom,IN,direct_anchor_exact_rxnorm
24911,11473,3805,pamidronate,IN,direct_anchor_exact_rxnorm
24942,1365707,3806,panax notoginseng root extract,IN,unique_convergent_term_evidence
24947,7880,3807,pancreatin,IN,unique_convergent_term_evidence
24948,560,254,alpha-amylase,IN,unique_convergent_term_evidence
24951,7883,3808,pancuronium,IN,direct_anchor_exact_rxnorm
24952,5175,2516,hemin,IN,direct_anchor_exact_rxnorm
24955,263034,3810,panitumumab,IN,direct_anchor_exact_rxnorm
24956,1007769,743,bismuth subcitrate / metronidazole / tetracycline,MIN,unique_convergent_term_evidence
24963,32863,3812,pantethine,IN,direct_anchor_exact_rxnorm
24964,1044977,3813,panthenol,IN,direct_anchor_exact_rxnorm
24965,40790,3814,pantoprazole,IN,direct_anchor_exact_rxnorm
24967,7891,3816,pantothenic acid,IN,direct_anchor_exact_rxnorm
24977,7892,3817,papain,IN,direct_anchor_exact_rxnorm
24978,7895,3818,papaverine,IN,direct_anchor_exact_rxnorm
24991,14982,3822,parachlorophenol,IN,direct_anchor_exact_rxnorm
24993,7906,3823,paraffin,IN,direct_anchor_exact_rxnorm
24995,7909,3825,paraldehyde,IN,direct_anchor_exact_rxnorm
24996,32894,3826,paramethadione,IN,direct_anchor_exact_rxnorm
24997,7910,3827,paramethasone,IN,direct_anchor_exact_rxnorm
24998,7910,3827,paramethasone,IN,direct_anchor_exact_rxnorm
25007,1998744,3828,parasorbate,IN,direct_anchor_exact_rxnorm
25010,1427222,3829,parathyroid hormone,IN,direct_anchor_exact_rxnorm
25021,279950,3830,parecoxib,IN,direct_anchor_exact_rxnorm
25022,279950,3830,parecoxib,IN,direct_anchor_exact_rxnorm
25023,2619909,3831,pareptide,IN,direct_anchor_exact_rxnorm
25025,236249,3832,parethoxycaine,IN,direct_anchor_exact_rxnorm
25030,76273,4240,propinox,IN,unique_convergent_term_evidence
25031,76273,4240,propinox,IN,direct_anchor_exact_rxnorm
25033,7930,3833,pargyline,IN,direct_anchor_exact_rxnorm
25034,7930,3833,pargyline,IN,direct_anchor_exact_rxnorm
25035,73710,3834,paricalcitol,IN,direct_anchor_exact_rxnorm
25044,1597373,3835,paritaprevir,IN,direct_anchor_exact_rxnorm
25045,852359,3800,palo verde pollen extract,IN,unique_convergent_term_evidence
25046,69528,3836,parnaparin,IN,direct_anchor_exact_rxnorm
25047,10734,5137,tranylcypromine,IN,direct_anchor_exact_rxnorm
25049,7934,3837,paromomycin,IN,direct_anchor_exact_rxnorm
25051,32937,3838,paroxetine,IN,direct_anchor_exact_rxnorm
25052,32937,3838,paroxetine,IN,direct_anchor_exact_rxnorm
25053,32937,3838,paroxetine,IN,direct_anchor_exact_rxnorm
25079,32941,3839,parthenolide,IN,direct_anchor_exact_rxnorm
25086,852659,5385,western wheatgrass pollen extract,IN,unique_convergent_term_evidence
25088,1364105,3840,pasireotide,IN,direct_anchor_exact_rxnorm
25089,852673,569,bahia grass pollen extract,IN,unique_convergent_term_evidence
25096,32950,3843,patent blue violet,IN,unique_convergent_term_evidence
25101,1716203,3844,patiromer,IN,direct_anchor_exact_rxnorm
25103,1716203,3844,patiromer,IN,direct_anchor_exact_rxnorm
25104,2053490,3845,patisiran,IN,direct_anchor_exact_rxnorm
25121,714438,3846,pazopanib,IN,direct_anchor_exact_rxnorm
25174,892575,3847,peach allergenic extract,IN,unique_convergent_term_evidence
25176,18235,3848,peanut oil,IN,direct_anchor_exact_rxnorm
25180,892332,3849,pecan allergenic extract,IN,unique_convergent_term_evidence
25189,32987,3851,pectin,IN,direct_anchor_exact_rxnorm
25190,4053,1964,erythromycin,IN,unique_convergent_term_evidence
25194,1546411,5012,thiosulfate,IN,direct_anchor_exact_rxnorm
25198,7960,3852,pefloxacin,IN,direct_anchor_exact_rxnorm
25199,7960,3852,pefloxacin,IN,direct_anchor_exact_rxnorm
25202,1367120,3853,peg-100 stearate,IN,direct_anchor_exact_rxnorm
25214,59768,3855,pegademase bovine,IN,unique_convergent_term_evidence
25219,498509,3856,pegaptanib,IN,direct_anchor_exact_rxnorm
25221,120608,3861,peginterferon alfa-2a,IN,direct_anchor_exact_rxnorm
25224,2557372,3858,pegcetacoplan,IN,direct_anchor_exact_rxnorm
25231,338036,3859,pegfilgrastim,IN,direct_anchor_exact_rxnorm
25232,338036,3859,pegfilgrastim,IN,direct_anchor_exact_rxnorm
25234,1248798,3860,peginesatide,IN,direct_anchor_exact_rxnorm
25235,1248798,3860,peginesatide,IN,direct_anchor_exact_rxnorm
25236,253453,3862,peginterferon alfa-2b,IN,direct_anchor_exact_rxnorm
25238,1546168,3863,peginterferon beta-1a,IN,direct_anchor_exact_rxnorm
25243,1011650,3864,pegloticase,IN,direct_anchor_exact_rxnorm
25252,1607779,3865,pegoterate,IN,direct_anchor_exact_rxnorm
25253,1367127,3866,pegoxol 7 stearate,IN,direct_anchor_exact_rxnorm
25263,2637446,3867,pegunigalsidase alfa,IN,direct_anchor_exact_rxnorm
25264,2046360,3868,pegvaliase,IN,direct_anchor_exact_rxnorm
25265,278739,3869,pegvisomant,IN,direct_anchor_exact_rxnorm
25273,4257,2097,factor viii,IN,unique_convergent_term_evidence
25277,2738648,3870,pegzilarginase,IN,direct_anchor_exact_rxnorm
25286,1310166,3871,pelargonium sidoides root extract,IN,unique_convergent_term_evidence
25301,2359268,3874,pemigatinib,IN,direct_anchor_exact_rxnorm
25314,19551,3875,pemirolast,IN,direct_anchor_exact_rxnorm
25315,19551,3875,pemirolast,IN,direct_anchor_exact_rxnorm
25318,7966,3876,pemoline,IN,direct_anchor_exact_rxnorm
25329,7973,3877,penbutolol,IN,direct_anchor_exact_rxnorm
25330,7973,3877,penbutolol,IN,direct_anchor_exact_rxnorm
25331,59839,3878,penciclovir,IN,direct_anchor_exact_rxnorm
25337,7974,3879,penfluridol,IN,direct_anchor_exact_rxnorm
25340,7975,3880,penicillamine,IN,direct_anchor_exact_rxnorm
25343,7980,3881,penicillin g,IN,direct_anchor_exact_rxnorm
25344,7984,3883,penicillin v,IN,direct_anchor_exact_rxnorm
25351,972365,3884,penicillium roquefortii allergenic extract,IN,unique_convergent_term_evidence
25358,2712542,3885,penpulimab,IN,direct_anchor_exact_rxnorm
25363,1312715,3886,pentadecalactone,IN,direct_anchor_exact_rxnorm
25364,1987138,3887,pentadecanoic acid,IN,direct_anchor_exact_rxnorm
25367,33055,3888,pentaerythritol,IN,unique_convergent_term_evidence
25368,1591891,3889,pentafluoropropane,IN,direct_anchor_exact_rxnorm
25371,7993,3890,pentagastrin,IN,direct_anchor_exact_rxnorm
25376,7994,3891,pentamidine,IN,direct_anchor_exact_rxnorm
25387,816249,3892,pentastarch,IN,direct_anchor_exact_rxnorm
25389,1546283,404,antimony cation (5+),IN,unique_convergent_term_evidence
25390,8001,3893,pentazocine,IN,direct_anchor_exact_rxnorm
25391,8001,3893,pentazocine,IN,direct_anchor_exact_rxnorm
25392,8001,3893,pentazocine,IN,direct_anchor_exact_rxnorm
25393,1369590,3895,pentetate calcium,IN,direct_anchor_exact_rxnorm
25395,11431,5460,zinc-dtpa,IN,direct_anchor_exact_rxnorm
25396,618371,3894,pentetate,IN,direct_anchor_exact_rxnorm
25398,69893,3896,pentetreotide,IN,direct_anchor_exact_rxnorm
25401,33086,3897,pentifylline,IN,direct_anchor_exact_rxnorm
25406,8004,3898,pentobarbital,IN,direct_anchor_exact_rxnorm
25414,155046,3900,pentosan polysulfate,IN,direct_anchor_exact_rxnorm
25416,8013,3902,pentoxifylline,IN,direct_anchor_exact_rxnorm
25417,20217,998,carbetapentane,IN,unique_convergent_term_evidence
25424,2288155,3903,peoniflorin,IN,direct_anchor_exact_rxnorm
25431,33094,3904,peppermint oil,IN,direct_anchor_exact_rxnorm
25433,8016,3905,pepsin a,IN,unique_convergent_term_evidence
25443,19478,746,bismuth subsalicylate,IN,direct_anchor_exact_rxnorm
25444,2045732,3906,peracetic acid,IN,direct_anchor_exact_rxnorm
25449,619693,3907,peramivir,IN,direct_anchor_exact_rxnorm
25450,1356552,3908,perampanel,IN,direct_anchor_exact_rxnorm
25454,8042,3909,perazine,IN,direct_anchor_exact_rxnorm
25461,214183,110,acetaminophen / oxycodone,MIN,direct_anchor_exact_rxnorm
25466,2474632,3911,perflenapent,IN,direct_anchor_exact_rxnorm
25468,1540828,3912,perflexane,IN,direct_anchor_exact_rxnorm
25474,2462501,3913,perflunafene,IN,unique_convergent_term_evidence
25475,2637547,3914,perfluorohexyloctane,IN,direct_anchor_exact_rxnorm
25477,283753,3915,perflutren,IN,direct_anchor_exact_rxnorm
25481,8047,3916,pergolide,IN,direct_anchor_exact_rxnorm
25482,8047,3916,pergolide,IN,direct_anchor_exact_rxnorm
25483,8050,3917,perhexiline,IN,direct_anchor_exact_rxnorm
25486,8766,3918,periciazine,IN,direct_anchor_exact_rxnorm
25492,54552,3919,perindopril,IN,direct_anchor_exact_rxnorm
25493,1546400,3920,perindoprilat,IN,direct_anchor_exact_rxnorm
25495,905258,309,american cockroach allergenic extract,IN,unique_convergent_term_evidence
25501,33199,3921,permethrin,IN,direct_anchor_exact_rxnorm
25504,8076,3922,perphenazine,IN,direct_anchor_exact_rxnorm
25505,8076,3922,perphenazine,IN,direct_anchor_exact_rxnorm
25517,8080,3923,pertussis vaccine,IN,direct_anchor_exact_rxnorm
25518,2382603,2569,hyaluronidase / pertuzumab / trastuzumab,MIN,unique_convergent_term_evidence
25531,8091,3926,petrolatum,IN,direct_anchor_exact_rxnorm
25542,2183102,3928,pexidartinib,IN,direct_anchor_exact_rxnorm
25619,852697,955,canary grass pollen extract,IN,unique_convergent_term_evidence
25620,1098232,3036,littleseed canary grass pollen extract,IN,unique_convergent_term_evidence
25641,1312717,3929,phellinus linteus mycelium extract,IN,unique_convergent_term_evidence
25642,1307947,3930,phellodendron amurense bark extract,IN,unique_convergent_term_evidence
25647,33253,3931,phenacemide,IN,direct_anchor_exact_rxnorm
25648,8113,3932,phenacetin,IN,direct_anchor_exact_rxnorm
25660,8119,3933,phenazocine,IN,direct_anchor_exact_rxnorm
25661,8119,3933,phenazocine,IN,direct_anchor_exact_rxnorm
25662,8120,3934,phenazopyridine,IN,direct_anchor_exact_rxnorm
25668,33272,3935,phendimetrazine,IN,direct_anchor_exact_rxnorm
25669,8123,3936,phenelzine,IN,direct_anchor_exact_rxnorm
25670,8745,4231,promethazine,IN,direct_anchor_exact_rxnorm
25676,1309741,3937,phenethylamine,IN,direct_anchor_exact_rxnorm
25679,8129,3938,phenformin,IN,direct_anchor_exact_rxnorm
25680,8129,3938,phenformin,IN,direct_anchor_exact_rxnorm
25683,235808,3939,phenicarbazide,IN,direct_anchor_exact_rxnorm
25684,33283,3940,phenindamine,IN,direct_anchor_exact_rxnorm
25685,33283,3940,phenindamine,IN,direct_anchor_exact_rxnorm
25686,8130,3941,phenindione,IN,direct_anchor_exact_rxnorm
25689,8132,3942,pheniramine,IN,direct_anchor_exact_rxnorm
25690,8133,3943,phenmetrazine,IN,direct_anchor_exact_rxnorm
25691,8133,3943,phenmetrazine,IN,direct_anchor_exact_rxnorm
25692,8134,3944,phenobarbital,IN,direct_anchor_exact_rxnorm
25694,8134,3944,phenobarbital,IN,direct_anchor_exact_rxnorm
25696,33290,3945,phenol,IN,direct_anchor_exact_rxnorm
25697,1495318,3946,phenolate,IN,direct_anchor_exact_rxnorm
25698,155122,3947,phenolphthalein,IN,direct_anchor_exact_rxnorm
25699,1651702,3948,phenolsulfonate,IN,direct_anchor_exact_rxnorm
25700,8141,3949,phenolsulfonphthalein,IN,direct_anchor_exact_rxnorm
25702,8143,3950,phenoperidine,IN,direct_anchor_exact_rxnorm
25705,33303,3951,phenothrin,IN,direct_anchor_exact_rxnorm
25706,1426336,3952,phenoxyacetate,IN,direct_anchor_exact_rxnorm
25707,8149,3953,phenoxybenzamine,IN,direct_anchor_exact_rxnorm
25708,89552,3954,phenoxyethanol,IN,direct_anchor_exact_rxnorm
25711,8150,3955,phenprocoumon,IN,direct_anchor_exact_rxnorm
25714,33309,3956,phensuximide,IN,direct_anchor_exact_rxnorm
25715,8152,3957,phentermine,IN,direct_anchor_exact_rxnorm
25717,8153,3958,phentolamine,IN,direct_anchor_exact_rxnorm
25722,36122,3959,phenyl salicylate,IN,direct_anchor_exact_rxnorm
25723,1310585,3960,phenyl trimethicone,IN,direct_anchor_exact_rxnorm
25727,1367159,3961,phenylacetaldehyde,IN,direct_anchor_exact_rxnorm
25728,70619,3962,phenylacetate,IN,direct_anchor_exact_rxnorm
25729,70619,3962,phenylacetate,IN,direct_anchor_exact_rxnorm
25732,8156,3963,phenylalanine,IN,direct_anchor_exact_rxnorm
25740,8160,3964,phenylbutazone,IN,direct_anchor_exact_rxnorm
25741,81647,3965,phenylbutyrate,IN,unique_convergent_term_evidence
25743,8163,3966,phenylephrine,IN,direct_anchor_exact_rxnorm
25747,8126,3967,phenylethyl alcohol,IN,direct_anchor_exact_rxnorm
25748,1313724,3968,phenylethyl resorcinol,IN,direct_anchor_exact_rxnorm
25751,1426779,3970,phenylmercury,IN,direct_anchor_exact_rxnorm
25754,89722,3969,phenylmercuric nitrate,IN,direct_anchor_exact_rxnorm
25756,8175,3971,phenylpropanolamine,IN,direct_anchor_exact_rxnorm
25757,1007119,108,acetaminophen / chlorpheniramine / dextromethorphan / phenylpropanolamine,MIN,direct_anchor_exact_rxnorm
25761,33408,3972,phenyltoloxamine,IN,direct_anchor_exact_rxnorm
25766,8183,3973,phenytoin,IN,direct_anchor_exact_rxnorm
25770,851994,5060,timothy grass pollen extract,IN,unique_convergent_term_evidence
25773,1368167,3974,phloretin,IN,direct_anchor_exact_rxnorm
25774,1362735,3975,phlorhizin,IN,unique_convergent_term_evidence
25775,8196,3976,phloroglucinol,IN,direct_anchor_exact_rxnorm
25776,1310707,1484,d&c red no. 28,IN,unique_convergent_term_evidence
25777,852704,1525,date palm pollen extract,IN,unique_convergent_term_evidence
25778,33431,3977,pholcodine,IN,direct_anchor_exact_rxnorm
25779,33432,3978,pholedrine,IN,direct_anchor_exact_rxnorm
25789,486961,3979,phosphate ion,IN,direct_anchor_exact_rxnorm
25792,89959,3980,phosphatidylserine,IN,unique_convergent_term_evidence
25799,8226,3981,phosphocysteamine,IN,direct_anchor_exact_rxnorm
25814,8259,3982,phosphoric acid,IN,direct_anchor_exact_rxnorm
25815,8263,3983,phosphorus,IN,direct_anchor_exact_rxnorm
25816,121070,1215,chromic phosphate p32,IN,unique_convergent_term_evidence
25823,23066,1670,dihematoporphyrin ether,IN,direct_anchor_exact_rxnorm
25829,1999764,3998,pigment blue 16,IN,unique_convergent_term_evidence
25831,89736,3984,phthalylsulfacetamide,IN,direct_anchor_exact_rxnorm
25833,33632,3985,phthalylsulfathiazole,IN,direct_anchor_exact_rxnorm
25836,966692,214,algal fungi allergenic extract,IN,unique_convergent_term_evidence
25838,8299,3986,physostigmine,IN,direct_anchor_exact_rxnorm
25839,392457,3987,physostigmine / pilocarpine,MIN,direct_anchor_exact_rxnorm
25840,8299,3986,physostigmine,IN,direct_anchor_exact_rxnorm
25843,8302,3988,phytic acid,IN,direct_anchor_exact_rxnorm
25849,1363444,3989,phytosphingosine,IN,direct_anchor_exact_rxnorm
25888,1940636,3990,pibrentasvir,IN,direct_anchor_exact_rxnorm
25894,900704,766,blue spruce pollen extract,IN,unique_convergent_term_evidence
25909,33684,3992,picolinic acid,IN,direct_anchor_exact_rxnorm
25914,1546458,3993,picosulfurate,IN,direct_anchor_exact_rxnorm
25918,1443000,3994,picrate,IN,direct_anchor_exact_rxnorm
25921,2539172,3995,picrotoxin,IN,direct_anchor_exact_rxnorm
25934,9036,4301,pyrrolidonecarboxylic acid,IN,unique_convergent_term_evidence
25935,40450,3996,pidotimod,IN,direct_anchor_exact_rxnorm
25939,2556617,3997,piflufolastat,IN,unique_convergent_term_evidence
25946,82910,4000,piketoprofen,IN,direct_anchor_exact_rxnorm
25949,8328,4001,pilocarpine,IN,direct_anchor_exact_rxnorm
25952,1311670,4002,pimagedine,IN,direct_anchor_exact_rxnorm
25953,1311670,4002,pimagedine,IN,direct_anchor_exact_rxnorm
25956,1791685,4003,pimavanserin,IN,direct_anchor_exact_rxnorm
25957,1791685,4003,pimavanserin,IN,direct_anchor_exact_rxnorm
25958,2673756,4004,pimeclone,IN,direct_anchor_exact_rxnorm
25959,321952,4005,pimecrolimus,IN,direct_anchor_exact_rxnorm
25964,33712,4006,pimethixene,IN,direct_anchor_exact_rxnorm
25975,1110783,4007,pimobendan,IN,direct_anchor_exact_rxnorm
25979,8331,4008,pimozide,IN,direct_anchor_exact_rxnorm
25981,33717,4010,pinacidil,IN,direct_anchor_exact_rxnorm
25985,33724,4011,pinaverium,IN,direct_anchor_exact_rxnorm
25986,33724,4011,pinaverium,IN,direct_anchor_exact_rxnorm
25989,8332,4012,pindolol,IN,direct_anchor_exact_rxnorm
25990,1360627,4014,pine needle oil (pinus mugo),IN,direct_anchor_exact_rxnorm
25991,8333,4015,pine tar,IN,direct_anchor_exact_rxnorm
26001,1014690,2837,jack pine pollen extract,IN,unique_convergent_term_evidence
26002,898324,3041,lodgepole pine pollen extract,IN,unique_convergent_term_evidence
26004,852709,4605,shortleaf pine pollen extract,IN,unique_convergent_term_evidence
26005,900731,4644,slash pine pollen extract,IN,unique_convergent_term_evidence
26006,900743,5386,western white pine pollen extract,IN,unique_convergent_term_evidence
26007,900750,521,austrian pine pollen extract,IN,unique_convergent_term_evidence
26008,1014360,3054,longleaf pine pollen extract,IN,unique_convergent_term_evidence
26009,852716,5421,yellow pine pollen extract,IN,unique_convergent_term_evidence
26010,900754,4367,red pine pollen extract,IN,unique_convergent_term_evidence
26011,900758,4050,pitch pine pollen extract,IN,unique_convergent_term_evidence
26012,852738,1819,eastern white pine pollen extract,IN,unique_convergent_term_evidence
26013,900764,4555,scotch pine pollen extract,IN,unique_convergent_term_evidence
26014,900770,3039,loblolly pine pollen extract,IN,unique_convergent_term_evidence
26015,900777,2838,japanese black pine pollen extract,IN,unique_convergent_term_evidence
26016,1013913,4556,scrub pine pollen extract,IN,unique_convergent_term_evidence
26017,33738,4016,pioglitazone,IN,direct_anchor_exact_rxnorm
26020,33739,4017,pipamperone,IN,direct_anchor_exact_rxnorm
26021,33740,4018,pipazethate,IN,direct_anchor_exact_rxnorm
26022,33740,4018,pipazethate,IN,direct_anchor_exact_rxnorm
26024,33742,4019,pipecuronium,IN,direct_anchor_exact_rxnorm
26025,33742,4019,pipecuronium,IN,direct_anchor_exact_rxnorm
26026,113831,4020,pipemidate,IN,direct_anchor_exact_rxnorm
26028,33743,4021,pipenzolate,IN,direct_anchor_exact_rxnorm
26029,33743,4021,pipenzolate,IN,direct_anchor_exact_rxnorm
26031,8338,4022,piperacetazine,IN,direct_anchor_exact_rxnorm
26032,8339,4023,piperacillin,IN,direct_anchor_exact_rxnorm
26036,8340,4024,piperazine,IN,direct_anchor_exact_rxnorm
26037,8340,4024,piperazine,IN,direct_anchor_exact_rxnorm
26039,8340,4024,piperazine,IN,direct_anchor_exact_rxnorm
26040,8340,4024,piperazine,IN,direct_anchor_exact_rxnorm
26041,8340,4024,piperazine,IN,direct_anchor_exact_rxnorm
26042,8340,4024,piperazine,IN,direct_anchor_exact_rxnorm
26046,59064,4025,piperidolate,IN,direct_anchor_exact_rxnorm
26047,59064,4025,piperidolate,IN,direct_anchor_exact_rxnorm
26048,1311146,4026,piperine,IN,direct_anchor_exact_rxnorm
26049,8345,4027,piperonyl butoxide,IN,direct_anchor_exact_rxnorm
26055,8347,4029,pipobroman,IN,direct_anchor_exact_rxnorm
26059,8348,4030,pipothiazine,IN,unique_convergent_term_evidence
26060,8348,4030,pipothiazine,IN,direct_anchor_exact_rxnorm
26062,33758,4031,pipoxolan,IN,direct_anchor_exact_rxnorm
26063,33758,4031,pipoxolan,IN,direct_anchor_exact_rxnorm
26071,33761,4032,piprozoline,IN,unique_convergent_term_evidence
26075,8351,4033,piracetam,IN,direct_anchor_exact_rxnorm
26079,33764,4034,pirarubicin,IN,direct_anchor_exact_rxnorm
26086,33767,4035,pirbuterol,IN,direct_anchor_exact_rxnorm
26087,33767,4035,pirbuterol,IN,direct_anchor_exact_rxnorm
26091,228080,4036,pirenoxine,IN,direct_anchor_exact_rxnorm
26093,8352,4037,pirenzepine,IN,direct_anchor_exact_rxnorm
26094,8352,4037,pirenzepine,IN,direct_anchor_exact_rxnorm
26097,33770,4038,piretanide,IN,direct_anchor_exact_rxnorm
26098,1592254,4039,pirfenidone,IN,direct_anchor_exact_rxnorm
26099,8353,4040,piribedil,IN,direct_anchor_exact_rxnorm
26102,1947299,4041,piridocaine,IN,direct_anchor_exact_rxnorm
26103,1947299,4041,piridocaine,IN,direct_anchor_exact_rxnorm
26120,1367292,4042,pirlimycin,IN,direct_anchor_exact_rxnorm
26121,1367292,4042,pirlimycin,IN,direct_anchor_exact_rxnorm
26128,2058907,4043,piroctone,IN,direct_anchor_exact_rxnorm
26129,33783,4044,piroctone olamine,IN,direct_anchor_exact_rxnorm
26141,8356,4045,piroxicam,IN,direct_anchor_exact_rxnorm
26142,8356,4045,piroxicam,IN,direct_anchor_exact_rxnorm
26152,904606,4047,pistachio nut allergenic extract,IN,unique_convergent_term_evidence
26154,861634,4049,pitavastatin,IN,direct_anchor_exact_rxnorm
26155,861634,4049,pitavastatin,IN,direct_anchor_exact_rxnorm
26158,2197878,4051,pitolisant,IN,direct_anchor_exact_rxnorm
26159,2197878,4051,pitolisant,IN,direct_anchor_exact_rxnorm
26164,8372,4052,pivampicillin,IN,direct_anchor_exact_rxnorm
26165,8372,4052,pivampicillin,IN,direct_anchor_exact_rxnorm
26170,627,307,amdinocillin pivoxil,IN,unique_convergent_term_evidence
26178,8373,4054,pizotyline,IN,unique_convergent_term_evidence
26193,852742,1901,english plantain pollen extract,IN,unique_convergent_term_evidence
26195,82088,4056,plantago seed,IN,direct_anchor_exact_rxnorm
26196,33835,4057,plasma protein fraction,IN,unique_convergent_term_evidence
26202,2557200,4058,plasminogen,IN,direct_anchor_exact_rxnorm
26208,900788,3153,maple leaf sycamore pollen extract,IN,unique_convergent_term_evidence
26210,852750,5383,western sycamore pollen extract,IN,unique_convergent_term_evidence
26238,1307614,4060,platycodon grandiflorum root extract,IN,unique_convergent_term_evidence
26241,32968,1307,clopidogrel,IN,direct_anchor_exact_rxnorm
26243,2049549,4061,plazomicin,IN,direct_anchor_exact_rxnorm
26244,2049549,4061,plazomicin,IN,direct_anchor_exact_rxnorm
26245,1873752,4062,plecanatide,IN,direct_anchor_exact_rxnorm
26268,2727175,4065,plozasiran,IN,direct_anchor_exact_rxnorm
26269,2727175,4065,plozasiran,IN,direct_anchor_exact_rxnorm
26304,898404,397,annual bluegrass pollen extract,IN,unique_convergent_term_evidence
26305,1014731,951,canadian bluegrass pollen extract,IN,unique_convergent_term_evidence
26306,852834,2856,kentucky bluegrass pollen extract,IN,unique_convergent_term_evidence
26313,8463,4066,podofilox,IN,direct_anchor_exact_rxnorm
26314,8462,4067,podophyllin,IN,direct_anchor_exact_rxnorm
26316,1314376,4068,polacrilin,IN,direct_anchor_exact_rxnorm
26317,2179843,4069,polaprezinc,IN,direct_anchor_exact_rxnorm
26319,2174090,4070,polatuzumab vedotin,IN,direct_anchor_exact_rxnorm
26320,33926,4071,poldine,IN,direct_anchor_exact_rxnorm
26321,33926,4071,poldine,IN,direct_anchor_exact_rxnorm
26323,2668059,4072,policapram,IN,direct_anchor_exact_rxnorm
26324,54908,4073,policresulen,IN,direct_anchor_exact_rxnorm
26326,968170,4074,polidocanol,IN,direct_anchor_exact_rxnorm
26327,1426892,4075,polidronium,IN,direct_anchor_exact_rxnorm
26328,1426339,4076,polifeprosan 20,IN,direct_anchor_exact_rxnorm
26332,1541249,4077,polignate sodium,IN,direct_anchor_exact_rxnorm
26333,1373041,4078,polihexanide,IN,direct_anchor_exact_rxnorm
26338,763096,4079,"poliovirus vaccine inactivated, type 1 (mahoney)",IN,unique_convergent_term_evidence
26340,763098,4080,"poliovirus vaccine inactivated, type 2 (mef-1)",IN,unique_convergent_term_evidence
26342,763100,4081,"poliovirus vaccine inactivated, type 3 (saukett)",IN,unique_convergent_term_evidence
26345,1294634,4366,red paper wasp venom protein,IN,unique_convergent_term_evidence
26346,1294628,1371,common paper wasp venom protein,IN,unique_convergent_term_evidence
26347,1294632,3626,northern paper wasp venom protein,IN,unique_convergent_term_evidence
26348,1294630,3338,metricus paper wasp venom protein,IN,unique_convergent_term_evidence
26350,1549143,4082,polixetonium,IN,direct_anchor_exact_rxnorm
26358,1314414,4083,poloxalene,IN,direct_anchor_exact_rxnorm
26359,155152,4084,poloxamer 188,IN,direct_anchor_exact_rxnorm
26360,1492190,4085,poloxamer 237,IN,direct_anchor_exact_rxnorm
26361,1486516,4086,poloxamer 331,IN,direct_anchor_exact_rxnorm
26362,155155,4087,poloxamer 407,IN,direct_anchor_exact_rxnorm
26370,1993232,4088,polyacrylamide (crosslinked; 2 mole percent bisacrylamide),IN,direct_anchor_exact_rxnorm
26372,1314381,4089,polyaminopropyl biguanide,IN,direct_anchor_exact_rxnorm
26375,2049679,4090,polybutester,IN,direct_anchor_exact_rxnorm
26378,1364277,4091,polydatin,IN,direct_anchor_exact_rxnorm
26379,1363053,4092,polydextrose,IN,direct_anchor_exact_rxnorm
26381,34119,4093,polyestradiol,IN,direct_anchor_exact_rxnorm
26384,1367110,4094,polyethylene glycol 1450,IN,direct_anchor_exact_rxnorm
26385,1314382,4095,polyethylene glycol 1500,IN,direct_anchor_exact_rxnorm
26387,1368864,4096,polyethylene glycol 200,IN,direct_anchor_exact_rxnorm
26388,8513,4097,polyethylene glycol 300,IN,direct_anchor_exact_rxnorm
26389,1312707,4099,polyethylene glycol 3500,IN,direct_anchor_exact_rxnorm
26390,8514,4100,polyethylene glycol 400,IN,direct_anchor_exact_rxnorm
26392,1358490,4102,polyethylene glycol 4500,IN,direct_anchor_exact_rxnorm
26393,1310598,4103,polyethylene glycol 600,IN,direct_anchor_exact_rxnorm
26395,1307313,4105,polyethylene glycol 800,IN,direct_anchor_exact_rxnorm
26396,1314204,4106,polyethylene glycol 900,IN,direct_anchor_exact_rxnorm
26399,1310087,4107,polygala senega root extract,IN,unique_convergent_term_evidence
26401,8521,4108,polygeline,IN,direct_anchor_exact_rxnorm
26404,2466982,4109,polyglycolate,IN,direct_anchor_exact_rxnorm
26410,8536,4111,polymyxin b,IN,direct_anchor_exact_rxnorm
26416,34188,4112,polynoxylin,IN,direct_anchor_exact_rxnorm
26417,1309246,4113,polyoxyl 35 castor oil,IN,direct_anchor_exact_rxnorm
26419,1426432,4114,polyoxyl 40 stearate,IN,direct_anchor_exact_rxnorm
26421,1367143,4115,polyquaternium-10 (400 cps at 2%),IN,direct_anchor_exact_rxnorm
26422,1804843,4116,polysaccharide-k,IN,direct_anchor_exact_rxnorm
26424,1367142,4117,polysilicone-15,IN,direct_anchor_exact_rxnorm
26425,8559,4118,polysorbate 20,IN,direct_anchor_exact_rxnorm
26426,1368867,4119,polysorbate 60,IN,direct_anchor_exact_rxnorm
26427,1426405,4120,polysorbate 65,IN,direct_anchor_exact_rxnorm
26428,8560,4121,polysorbate 80,IN,direct_anchor_exact_rxnorm
26429,1368887,4122,polysorbate 85,IN,direct_anchor_exact_rxnorm
26430,1085955,4124,polysulfated glycosaminoglycan,IN,direct_anchor_exact_rxnorm
26431,1358182,4125,polytetrafluoroethylene,IN,direct_anchor_exact_rxnorm
26432,8565,4126,polythiazide,IN,direct_anchor_exact_rxnorm
26436,8570,4128,polyvinyl alcohol,IN,direct_anchor_exact_rxnorm
26443,1369713,4129,pomalidomide,IN,direct_anchor_exact_rxnorm
26444,725206,4130,pomegranate extract,IN,unique_convergent_term_evidence
26451,298983,4132,ponazuril,IN,direct_anchor_exact_rxnorm
26452,2532300,4133,ponesimod,IN,direct_anchor_exact_rxnorm
26457,852382,5395,white poplar pollen extract,IN,unique_convergent_term_evidence
26459,852363,1818,eastern cottonwood pollen extract,IN,unique_convergent_term_evidence
26460,867297,4055,plains cottonwood pollen extract,IN,unique_convergent_term_evidence
26461,852355,2306,fremont cottonwood pollen extract,IN,unique_convergent_term_evidence
26463,852339,478,aspen pollen extract,IN,unique_convergent_term_evidence
26464,236381,4134,poractant alfa,IN,direct_anchor_exact_rxnorm
26481,282446,4135,posaconazole,IN,direct_anchor_exact_rxnorm
26493,8588,4137,potassium,IN,direct_anchor_exact_rxnorm
26495,54987,4138,potassium acetate,IN,direct_anchor_exact_rxnorm
26498,8589,4139,potassium aspartate,IN,direct_anchor_exact_rxnorm
26499,34296,4140,potassium bicarbonate,IN,direct_anchor_exact_rxnorm
26500,1366859,2585,hydrogen sulfite,IN,direct_anchor_exact_rxnorm
26501,223779,4141,potassium bitartrate,IN,direct_anchor_exact_rxnorm
26502,34300,4142,potassium carbonate,IN,direct_anchor_exact_rxnorm
26503,1318915,4150,potassium ion,IN,unique_convergent_term_evidence
26504,8591,4143,potassium chloride,IN,direct_anchor_exact_rxnorm
26507,54993,4144,potassium citrate,IN,direct_anchor_exact_rxnorm
26508,1923817,1447,cyanide,IN,direct_anchor_exact_rxnorm
26509,8595,4145,potassium dichromate,IN,direct_anchor_exact_rxnorm
26512,89903,4146,potassium gluconate,IN,direct_anchor_exact_rxnorm
26514,636827,2475,guaiacolsulfonate,IN,direct_anchor_exact_rxnorm
26516,34311,4147,potassium hydroxide,IN,direct_anchor_exact_rxnorm
26517,34312,4148,potassium iodate,IN,direct_anchor_exact_rxnorm
26518,8597,4149,potassium iodide,IN,direct_anchor_exact_rxnorm
26519,314797,4151,potassium lactate,IN,direct_anchor_exact_rxnorm
26520,314797,4151,potassium lactate,IN,direct_anchor_exact_rxnorm
26521,1362899,4152,potassium metabisulfite,IN,direct_anchor_exact_rxnorm
26522,1364922,4110,polymetaphosphate,IN,direct_anchor_exact_rxnorm
26523,34316,4153,potassium nitrate,IN,direct_anchor_exact_rxnorm
26525,70616,3671,oleate,IN,direct_anchor_exact_rxnorm
26527,34318,4154,potassium perchlorate,IN,direct_anchor_exact_rxnorm
26528,8604,4155,potassium permanganate,IN,direct_anchor_exact_rxnorm
26533,9525,4515,salicylic acid,IN,direct_anchor_exact_rxnorm
26535,1311363,4157,potassium sodium tartrate,IN,direct_anchor_exact_rxnorm
26536,34323,4158,potassium sulfate,IN,direct_anchor_exact_rxnorm
26538,1376155,4159,potassium triiodide,IN,direct_anchor_exact_rxnorm
26544,8610,4161,povidone,IN,direct_anchor_exact_rxnorm
26545,8610,4161,povidone,IN,direct_anchor_exact_rxnorm
26546,8611,4163,povidone-iodine,IN,direct_anchor_exact_rxnorm
26553,2663938,4164,pozelimab,IN,direct_anchor_exact_rxnorm
26562,1313178,4165,ppg-15 stearyl ether,IN,direct_anchor_exact_rxnorm
26574,8620,4166,practolol,IN,direct_anchor_exact_rxnorm
26575,1037042,1488,dabigatran etexilate,IN,unique_convergent_term_evidence
26576,1037042,1488,dabigatran etexilate,IN,direct_anchor_exact_rxnorm
26579,2713314,4167,prademagene zamikeracel,IN,direct_anchor_exact_rxnorm
26583,1367269,4168,pradofloxacin,IN,direct_anchor_exact_rxnorm
26585,8622,4170,prajmaline,IN,direct_anchor_exact_rxnorm
26586,8622,4170,prajmaline,IN,direct_anchor_exact_rxnorm
26588,34345,4172,pralidoxime,IN,direct_anchor_exact_rxnorm
26589,465370,515,atropine / pralidoxime,MIN,direct_anchor_exact_rxnorm
26590,34345,4172,pralidoxime,IN,direct_anchor_exact_rxnorm
26591,34345,4172,pralidoxime,IN,direct_anchor_exact_rxnorm
26592,1492039,4173,pralmorelin,IN,direct_anchor_exact_rxnorm
26593,1492039,4173,pralmorelin,IN,direct_anchor_exact_rxnorm
26598,746741,4175,pramipexole,IN,direct_anchor_exact_rxnorm
26602,190433,4176,pramiverine,IN,direct_anchor_exact_rxnorm
26603,139953,4177,pramlintide,IN,direct_anchor_exact_rxnorm
26604,139953,4177,pramlintide,IN,direct_anchor_exact_rxnorm
26605,34347,4178,pramoxine,IN,unique_convergent_term_evidence
26617,3143,4179,prasterone,IN,direct_anchor_exact_rxnorm
26619,3143,4179,prasterone,IN,direct_anchor_exact_rxnorm
26622,613391,4180,prasugrel,IN,direct_anchor_exact_rxnorm
26625,42463,4181,pravastatin,IN,direct_anchor_exact_rxnorm
26629,34347,4178,pramoxine,IN,direct_anchor_exact_rxnorm
26631,1716191,2643,idarucizumab,IN,direct_anchor_exact_rxnorm
26634,8627,4182,prazepam,IN,direct_anchor_exact_rxnorm
26636,8628,4183,praziquantel,IN,direct_anchor_exact_rxnorm
26639,8629,4185,prazosin,IN,direct_anchor_exact_rxnorm
26660,168651,4186,prednazoline,IN,direct_anchor_exact_rxnorm
26666,34369,4187,prednicarbate,IN,direct_anchor_exact_rxnorm
26671,8637,4188,prednimustine,IN,direct_anchor_exact_rxnorm
26675,8638,4189,prednisolone,IN,direct_anchor_exact_rxnorm
26685,12473,4193,prednylidene,IN,direct_anchor_exact_rxnorm
26692,187832,4194,pregabalin,IN,direct_anchor_exact_rxnorm
26695,114052,4195,pregnenolone,IN,direct_anchor_exact_rxnorm
26702,214156,111,acetaminophen / pamabrom / pyrilamine,MIN,direct_anchor_exact_rxnorm
26711,8674,4196,prenylamine,IN,direct_anchor_exact_rxnorm
26721,2198359,4197,pretomanid,IN,direct_anchor_exact_rxnorm
26722,17128,2914,lansoprazole,IN,direct_anchor_exact_rxnorm
26725,2566305,4745,streptococcus pneumoniae serotype 1 capsular antigen diphtheria crm197 protein conjugate vaccine / streptococcus pneumoniae serotype 10a capsular antigen diphtheria crm197 protein conjugate vaccine / streptococcus pneumoniae serotype 11a capsular antigen diphtheria crm197 protein conjugate vaccine / streptococcus pneumoniae serotype 12f capsular antigen diphtheria crm197 protein conjugate vaccine / streptococcus pneumoniae serotype 14 capsular antigen diphtheria crm197 protein conjugate vaccine / streptococcus pneumoniae serotype 15b capsular antigen diphtheria crm197 protein conjugate vaccine / streptococcus pneumoniae serotype 18c capsular antigen diphtheria crm197 protein conjugate vaccine / streptococcus pneumoniae serotype 19a capsular antigen diphtheria crm197 protein conjugate vaccine / streptococcus pneumoniae serotype 19f capsular antigen diphtheria crm197 protein conjugate vaccine / streptococcus pneumoniae serotype 22f capsular antigen diphtheria crm197 protein conjugate vaccine / streptococcus pneumoniae serotype 23f capsular antigen diphtheria crm197 protein conjugate vaccine / streptococcus pneumoniae serotype 3 capsular antigen diphtheria crm197 protein conjugate vaccine / streptococcus pneumoniae serotype 33f capsular antigen diphtheria crm197 protein conjugate vaccine / streptococcus pneumoniae serotype 4 capsular antigen diphtheria crm197 protein conjugate vaccine / streptococcus pneumoniae serotype 5 capsular antigen diphtheria crm197 protein conjugate vaccine / streptococcus pneumoniae serotype 6a capsular antigen diphtheria crm197 protein conjugate vaccine / streptococcus pneumoniae serotype 6b capsular antigen diphtheria crm197 protein conjugate vaccine / streptococcus pneumoniae serotype 7f capsular antigen diphtheria crm197 protein conjugate vaccine / streptococcus pneumoniae serotype 8 capsular antigen diphtheria crm197 protein conjugate vaccine / streptococcus pneumoniae serotype 9v capsular antigen diphtheria crm197 protein conjugate vaccine,MIN,direct_anchor_exact_rxnorm
26729,1368533,4198,prezatide,IN,direct_anchor_exact_rxnorm
26730,1314233,4199,prezatide copper,IN,direct_anchor_exact_rxnorm
26731,1314596,4200,prezatide copper acetate,IN,direct_anchor_exact_rxnorm
26732,1598380,1336,cobicistat / darunavir,MIN,direct_anchor_exact_rxnorm
26744,34479,4201,pridinol,IN,direct_anchor_exact_rxnorm
26749,236174,4202,prifinium,IN,direct_anchor_exact_rxnorm
26753,7646,3691,omeprazole,IN,direct_anchor_exact_rxnorm
26756,8687,4204,primaquine,IN,direct_anchor_exact_rxnorm
26763,34482,1233,cilastatin / imipenem,MIN,direct_anchor_exact_rxnorm
26767,8691,4205,primidone,IN,direct_anchor_exact_rxnorm
26771,1311310,4206,primula veris extract,IN,direct_anchor_exact_rxnorm
26772,2479689,4207,primycin,IN,direct_anchor_exact_rxnorm
26783,66958,4208,pristinamycin,IN,direct_anchor_exact_rxnorm
26813,8699,4212,probucol,IN,direct_anchor_exact_rxnorm
26815,8700,4213,procainamide,IN,direct_anchor_exact_rxnorm
26816,8700,4213,procainamide,IN,direct_anchor_exact_rxnorm
26817,8701,4214,procaine,IN,direct_anchor_exact_rxnorm
26820,8701,4214,procaine,IN,direct_anchor_exact_rxnorm
26824,34530,4216,procaterol,IN,direct_anchor_exact_rxnorm
26825,34530,4216,procaterol,IN,direct_anchor_exact_rxnorm
26827,8704,4217,prochlorperazine,IN,direct_anchor_exact_rxnorm
26835,34347,4178,pramoxine,IN,direct_anchor_exact_rxnorm
26836,8718,4218,procyclidine,IN,direct_anchor_exact_rxnorm
26837,8718,4218,procyclidine,IN,direct_anchor_exact_rxnorm
26852,4134,4219,profenamine,IN,direct_anchor_exact_rxnorm
26855,1670383,2094,factor ix complex,IN,direct_anchor_exact_rxnorm
26856,8723,4220,proflavine,IN,direct_anchor_exact_rxnorm
26858,8723,4220,proflavine,IN,direct_anchor_exact_rxnorm
26863,34568,4221,progabide,IN,direct_anchor_exact_rxnorm
26867,34769,4223,proglumetacin,IN,direct_anchor_exact_rxnorm
26868,8730,4224,proglumide,IN,direct_anchor_exact_rxnorm
26870,2382,4225,proguanil,IN,direct_anchor_exact_rxnorm
26878,8737,4226,proline,IN,direct_anchor_exact_rxnorm
26879,8737,4226,proline,IN,direct_anchor_exact_rxnorm
26882,34604,4227,prolintane,IN,direct_anchor_exact_rxnorm
26883,34604,4227,prolintane,IN,direct_anchor_exact_rxnorm
26886,8742,4228,promazine,IN,direct_anchor_exact_rxnorm
26887,8742,4228,promazine,IN,direct_anchor_exact_rxnorm
26890,8744,4229,promegestone,IN,direct_anchor_exact_rxnorm
26891,34625,4230,promestriene,IN,direct_anchor_exact_rxnorm
26892,8745,4231,promethazine,IN,direct_anchor_exact_rxnorm
26893,8745,4231,promethazine,IN,direct_anchor_exact_rxnorm
26901,8754,4232,propafenone,IN,direct_anchor_exact_rxnorm
26902,8754,4232,propafenone,IN,direct_anchor_exact_rxnorm
26903,158660,4275,proxigermanium,IN,unique_convergent_term_evidence
26904,34633,4233,propamidine,IN,direct_anchor_exact_rxnorm
26905,1362877,4234,propane,IN,direct_anchor_exact_rxnorm
26907,8758,4235,propanidid,IN,direct_anchor_exact_rxnorm
26909,34658,4244,propionic acid,IN,unique_convergent_term_evidence
26911,8761,4236,propantheline,IN,direct_anchor_exact_rxnorm
26912,34905,4237,proparacaine,IN,direct_anchor_exact_rxnorm
26916,34644,4238,propentofylline,IN,direct_anchor_exact_rxnorm
26924,34649,4239,propicillin,IN,direct_anchor_exact_rxnorm
26925,34649,4239,propicillin,IN,direct_anchor_exact_rxnorm
26930,1311565,4241,propiolactone,IN,direct_anchor_exact_rxnorm
26931,8770,4242,propiomazine,IN,direct_anchor_exact_rxnorm
26932,8770,4242,propiomazine,IN,direct_anchor_exact_rxnorm
26933,1366667,4243,propionamide,IN,direct_anchor_exact_rxnorm
26940,55175,4245,propiverine,IN,direct_anchor_exact_rxnorm
26942,8782,4246,propofol,IN,direct_anchor_exact_rxnorm
26944,1311659,4247,propolis wax,IN,direct_anchor_exact_rxnorm
26946,2745576,4248,propoxur,IN,direct_anchor_exact_rxnorm
26950,8787,4250,propranolol,IN,direct_anchor_exact_rxnorm
26951,1649519,4251,propyl acetate,IN,direct_anchor_exact_rxnorm
26952,1362872,28,1-propanol,IN,unique_convergent_term_evidence
26953,1311134,4252,propyl gallate,IN,direct_anchor_exact_rxnorm
26956,1363696,4253,propylene carbonate,IN,direct_anchor_exact_rxnorm
26957,34693,4254,propylene glycol,IN,direct_anchor_exact_rxnorm
26958,1356149,4255,propylene glycol monolaurate,IN,direct_anchor_exact_rxnorm
26959,1427010,4256,propylene glycol monopalmitostearate,IN,direct_anchor_exact_rxnorm
26960,1368175,4258,propylene oxide,IN,direct_anchor_exact_rxnorm
26962,8792,4259,propylhexedrine,IN,direct_anchor_exact_rxnorm
26963,8793,4260,propyliodone,IN,direct_anchor_exact_rxnorm
26964,34706,4261,propylparaben,IN,direct_anchor_exact_rxnorm
26965,34706,4261,propylparaben,IN,direct_anchor_exact_rxnorm
26966,8794,4262,propylthiouracil,IN,direct_anchor_exact_rxnorm
26967,1999765,4263,propyperone,IN,direct_anchor_exact_rxnorm
26968,34710,4264,propyphenazone,IN,direct_anchor_exact_rxnorm
26971,2669456,4265,proquazone,IN,direct_anchor_exact_rxnorm
26978,8795,4266,proscillaridin,IN,direct_anchor_exact_rxnorm
26981,852320,3250,mesquite pollen extract,IN,unique_convergent_term_evidence
27014,34822,4268,protein s,IN,unique_convergent_term_evidence
27022,55244,4270,prothipendyl,IN,direct_anchor_exact_rxnorm
27023,55244,4270,prothipendyl,IN,direct_anchor_exact_rxnorm
27025,1441688,4271,prothrombin,IN,direct_anchor_exact_rxnorm
27026,1670383,2094,factor ix complex,IN,unique_convergent_term_evidence
27028,8871,4269,prothionamide,IN,unique_convergent_term_evidence
27030,1362689,4272,protocatechualdehyde,IN,direct_anchor_exact_rxnorm
27035,40790,3814,pantoprazole,IN,direct_anchor_exact_rxnorm
27042,8886,4273,protriptyline,IN,direct_anchor_exact_rxnorm
27043,8886,4273,protriptyline,IN,direct_anchor_exact_rxnorm
27044,997261,4638,sipuleucel-t,IN,direct_anchor_exact_rxnorm
27049,83885,4274,proxibarbal,IN,direct_anchor_exact_rxnorm
27055,34906,4276,proxyphylline,IN,direct_anchor_exact_rxnorm
27058,2107310,4277,prucalopride,IN,direct_anchor_exact_rxnorm
27076,8896,4279,pseudoephedrine,IN,direct_anchor_exact_rxnorm
27077,34930,4280,pseudoisocytidine,IN,direct_anchor_exact_rxnorm
27078,1310913,4281,pseudomonas aeruginosa,IN,direct_anchor_exact_rxnorm
27084,1098257,1786,douglas fir pollen extract,IN,unique_convergent_term_evidence
27127,1989334,4283,pumice,IN,direct_anchor_exact_rxnorm
27178,8984,4286,pyrantel,IN,direct_anchor_exact_rxnorm
27181,8984,4286,pyrantel,IN,direct_anchor_exact_rxnorm
27183,8987,4287,pyrazinamide,IN,direct_anchor_exact_rxnorm
27192,1232405,4289,pyrethrum extract,IN,direct_anchor_exact_rxnorm
27197,9000,4290,pyridostigmine,IN,direct_anchor_exact_rxnorm
27198,9000,4290,pyridostigmine,IN,direct_anchor_exact_rxnorm
27199,9002,4291,pyridoxal,IN,direct_anchor_exact_rxnorm
27200,9002,4291,pyridoxal,IN,direct_anchor_exact_rxnorm
27205,684879,4292,pyridoxine,IN,direct_anchor_exact_rxnorm
27218,35100,4295,pyrithione,IN,direct_anchor_exact_rxnorm
27219,35100,4295,pyrithione,IN,direct_anchor_exact_rxnorm
27221,1420978,4296,pyritidium,IN,direct_anchor_exact_rxnorm
27227,1364533,4298,pyrophosphate,IN,direct_anchor_exact_rxnorm
27242,2585446,4299,pyrrolidine,IN,direct_anchor_exact_rxnorm
27247,2594468,3384,mitapivat,IN,direct_anchor_exact_rxnorm
27248,1373350,4302,pyruvaldehyde,IN,direct_anchor_exact_rxnorm
27250,72031,4303,pyruvate,IN,direct_anchor_exact_rxnorm
27254,1008570,2440,glycolate / pyruvate,MIN,direct_anchor_exact_rxnorm
27255,35163,4304,pyrvinium,IN,direct_anchor_exact_rxnorm
27257,35163,4304,pyrvinium,IN,direct_anchor_exact_rxnorm
27269,2369389,4435,ripretinib,IN,direct_anchor_exact_rxnorm
27277,2002417,4305,qs-21,IN,direct_anchor_exact_rxnorm
27283,9549,4530,samarium,IN,direct_anchor_exact_rxnorm
27284,1313268,4307,quadrosilan,IN,direct_anchor_exact_rxnorm
27285,892539,1269,clam allergenic extract,IN,unique_convergent_term_evidence
27286,9071,4325,quinine,IN,direct_anchor_exact_rxnorm
27292,283678,4308,quaternium-15,IN,direct_anchor_exact_rxnorm
27293,1363625,4309,quaternium-18,IN,direct_anchor_exact_rxnorm
27294,1539969,4310,quaternium-24,IN,direct_anchor_exact_rxnorm
27296,35185,4311,quazepam,IN,direct_anchor_exact_rxnorm
27302,9060,4313,quercetin,IN,direct_anchor_exact_rxnorm
27308,852302,1327,coast live oak pollen extract,IN,unique_convergent_term_evidence
27310,852802,940,california scrub oak pollen extract,IN,unique_convergent_term_evidence
27311,852276,2340,gambels oak pollen extract,IN,unique_convergent_term_evidence
27312,900987,2350,garrys oak pollen extract,IN,unique_convergent_term_evidence
27313,1014721,936,california black oak pollen extract,IN,unique_convergent_term_evidence
27314,1111024,5287,valley oak pollen extract,IN,unique_convergent_term_evidence
27315,900991,846,bur oak pollen extract,IN,unique_convergent_term_evidence
27317,1013944,5378,water oak pollen extract,IN,unique_convergent_term_evidence
27318,900999,4009,pin oak pollen extract,IN,unique_convergent_term_evidence
27320,901011,4136,post oak pollen extract,IN,unique_convergent_term_evidence
27321,852260,759,black oak pollen extract,IN,unique_convergent_term_evidence
27323,51272,4314,quetiapine,IN,direct_anchor_exact_rxnorm
27324,51272,4314,quetiapine,IN,direct_anchor_exact_rxnorm
27338,9061,4315,quinacrine,IN,direct_anchor_exact_rxnorm
27340,76887,4316,quinagolide,IN,direct_anchor_exact_rxnorm
27345,35208,4317,quinapril,IN,direct_anchor_exact_rxnorm
27346,1546359,4318,quinaprilat,IN,direct_anchor_exact_rxnorm
27356,35215,4320,quinestradol,IN,direct_anchor_exact_rxnorm
27357,9066,4321,quinestrol,IN,direct_anchor_exact_rxnorm
27358,59743,4322,quinethazone,IN,direct_anchor_exact_rxnorm
27361,35216,4323,quinfamide,IN,direct_anchor_exact_rxnorm
27365,9068,4324,quinidine,IN,direct_anchor_exact_rxnorm
27367,1040053,1605,dextromethorphan / quinidine,MIN,direct_anchor_exact_rxnorm
27368,9071,4325,quinine,IN,direct_anchor_exact_rxnorm
27369,9071,4325,quinine,IN,direct_anchor_exact_rxnorm
27371,9071,4325,quinine,IN,direct_anchor_exact_rxnorm
27388,35242,4326,quinupramine,IN,direct_anchor_exact_rxnorm
27389,229367,4327,quinupristin,IN,direct_anchor_exact_rxnorm
27399,2643048,4328,quizartinib,IN,direct_anchor_exact_rxnorm
27428,2003595,4329,rabacfosadine,IN,direct_anchor_exact_rxnorm
27429,2003595,4329,rabacfosadine,IN,direct_anchor_exact_rxnorm
27431,114979,4331,rabeprazole,IN,direct_anchor_exact_rxnorm
27434,89886,4332,"rabies immune globulin, human",IN,direct_anchor_exact_rxnorm
27436,830457,4333,rabies virus vaccine flury-lep strain,IN,unique_convergent_term_evidence
27444,16738,4334,racecadotril,IN,direct_anchor_exact_rxnorm
27446,9100,4336,racemethionine,IN,direct_anchor_exact_rxnorm
27455,66887,4337,racepinephrine,IN,direct_anchor_exact_rxnorm
27456,66887,4337,racepinephrine,IN,direct_anchor_exact_rxnorm
27460,1311677,4338,ractopamine,IN,direct_anchor_exact_rxnorm
27461,1311677,4338,ractopamine,IN,direct_anchor_exact_rxnorm
27484,1546450,4339,radium,IN,direct_anchor_exact_rxnorm
27486,1546450,4339,radium,IN,direct_anchor_exact_rxnorm
27494,1362905,4340,raffinose,IN,direct_anchor_exact_rxnorm
27516,719872,4342,raltegravir,IN,direct_anchor_exact_rxnorm
27517,196239,4343,raltitrexed,IN,direct_anchor_exact_rxnorm
27524,596205,4344,ramelteon,IN,direct_anchor_exact_rxnorm
27526,35296,4345,ramipril,IN,direct_anchor_exact_rxnorm
27527,1546377,4346,ramiprilat,IN,direct_anchor_exact_rxnorm
27539,595060,4348,ranibizumab,IN,direct_anchor_exact_rxnorm
27541,9143,4349,ranitidine,IN,direct_anchor_exact_rxnorm
27542,9143,4349,ranitidine,IN,direct_anchor_exact_rxnorm
27545,35829,4350,ranolazine,IN,direct_anchor_exact_rxnorm
27552,262100,4351,rapacuronium,IN,direct_anchor_exact_rxnorm
27553,262100,4351,rapacuronium,IN,direct_anchor_exact_rxnorm
27554,35302,4639,sirolimus,IN,direct_anchor_exact_rxnorm
27556,1311246,4352,raphanus sativa extract,IN,unique_convergent_term_evidence
27566,134748,4353,rasagiline,IN,direct_anchor_exact_rxnorm
27567,134748,4353,rasagiline,IN,direct_anchor_exact_rxnorm
27582,895279,4355,rat skin extract,IN,unique_convergent_term_evidence
27592,2107301,4357,ravulizumab,IN,direct_anchor_exact_rxnorm
27593,1366567,4358,raxibacumab,IN,direct_anchor_exact_rxnorm
27597,1889,898,calcifediol,IN,direct_anchor_exact_rxnorm
27604,9154,4359,razoxane,IN,direct_anchor_exact_rxnorm
27628,1667222,4360,rebaudioside a,IN,direct_anchor_exact_rxnorm
27633,60842,4361,reboxetine,IN,direct_anchor_exact_rxnorm
27634,60842,4361,reboxetine,IN,direct_anchor_exact_rxnorm
27641,2184141,1234,cilastatin / imipenem / relebactam,MIN,direct_anchor_exact_rxnorm
27650,77655,5468,zoledronic acid,IN,direct_anchor_exact_rxnorm
27721,4257,2097,factor viii,IN,direct_anchor_exact_rxnorm
27734,1006340,1053,cayenne pepper allergenic extract,IN,unique_convergent_term_evidence
27736,232540,4368,red yeast rice,IN,direct_anchor_exact_rxnorm
27750,640062,4371,regadenoson,IN,direct_anchor_exact_rxnorm
27752,6387,3000,lidocaine,IN,direct_anchor_exact_rxnorm
27753,2221,1096,cellulose,IN,direct_anchor_exact_rxnorm
27757,1312397,4372,regorafenib,IN,direct_anchor_exact_rxnorm
27758,1313722,4373,regrelor,IN,direct_anchor_exact_rxnorm
27761,1309220,4374,rehmannia glutinosa root extract,IN,unique_convergent_term_evidence
27767,2739519,4375,relacorilant,IN,direct_anchor_exact_rxnorm
27769,2596773,4376,relatlimab,IN,direct_anchor_exact_rxnorm
27775,2184137,4377,relebactam,IN,direct_anchor_exact_rxnorm
27789,2284718,4379,remdesivir,IN,direct_anchor_exact_rxnorm
27791,2700765,4380,remestemcel-l,IN,direct_anchor_exact_rxnorm
27793,2724365,4381,remibrutinib,IN,direct_anchor_exact_rxnorm
27794,73032,4382,remifentanil,IN,direct_anchor_exact_rxnorm
27795,73032,4382,remifentanil,IN,direct_anchor_exact_rxnorm
27797,2383941,4383,remimazolam,IN,direct_anchor_exact_rxnorm
27803,343048,5147,treprostinil,IN,direct_anchor_exact_rxnorm
27805,35350,4384,remoxipride,IN,direct_anchor_exact_rxnorm
27806,35350,4384,remoxipride,IN,direct_anchor_exact_rxnorm
27814,214824,4596,sevelamer,IN,direct_anchor_exact_rxnorm
27827,73044,4385,repaglinide,IN,direct_anchor_exact_rxnorm
27829,2531544,2890,lacticaseibacillus rhamnosus / limosilactobacillus reuteri,MIN,direct_anchor_exact_rxnorm
27843,35373,4387,reproterol,IN,direct_anchor_exact_rxnorm
27844,35373,4387,reproterol,IN,direct_anchor_exact_rxnorm
27850,9259,4388,rescinnamine,IN,direct_anchor_exact_rxnorm
27853,9260,4389,reserpine,IN,direct_anchor_exact_rxnorm
27863,1746889,4390,reslizumab,IN,direct_anchor_exact_rxnorm
27864,2677894,4391,resmetirom,IN,direct_anchor_exact_rxnorm
27876,35382,4392,resorcinol,IN,direct_anchor_exact_rxnorm
27877,2106739,4393,resorcinol monoacetate,IN,direct_anchor_exact_rxnorm
27887,3008,1469,cyclosporine,IN,direct_anchor_exact_rxnorm
27889,1000492,4394,resveratrol,IN,direct_anchor_exact_rxnorm
27903,642274,4395,retapamulin,IN,direct_anchor_exact_rxnorm
27905,2722410,4396,retatrutide,IN,direct_anchor_exact_rxnorm
27907,76895,4397,reteplase,IN,direct_anchor_exact_rxnorm
27908,2370147,4577,selpercatinib,IN,direct_anchor_exact_rxnorm
27911,2632981,4398,retifanlimab,IN,direct_anchor_exact_rxnorm
27920,11413,5437,zidovudine,IN,direct_anchor_exact_rxnorm
27927,2708830,4399,revakinagene taroretcel,IN,direct_anchor_exact_rxnorm
27932,2102775,4400,revefenacin,IN,direct_anchor_exact_rxnorm
27940,75960,4401,reviparin,IN,direct_anchor_exact_rxnorm
27945,2698325,4402,revumenib,IN,direct_anchor_exact_rxnorm
27946,2698325,4402,revumenib,IN,direct_anchor_exact_rxnorm
27951,1309940,2101,fallopia multiflora root extract,IN,unique_convergent_term_evidence
27952,2639155,4403,rezafungin,IN,direct_anchor_exact_rxnorm
27953,2639155,4403,rezafungin,IN,direct_anchor_exact_rxnorm
27982,1872246,4404,rhamnose,IN,direct_anchor_exact_rxnorm
27998,35465,4405,rho(d) immune globulin,IN,direct_anchor_exact_rxnorm
28001,1362930,4406,rhodamine b,IN,direct_anchor_exact_rxnorm
28005,35465,4405,rho(d) immune globulin,IN,direct_anchor_exact_rxnorm
28007,10528,5021,thrombin,IN,unique_convergent_term_evidence
28010,1098274,4647,smooth sumac pollen extract,IN,unique_convergent_term_evidence
28014,9344,4409,ribavirin,IN,direct_anchor_exact_rxnorm
28020,1873916,4410,ribociclib,IN,direct_anchor_exact_rxnorm
28024,9346,4411,riboflavin,IN,direct_anchor_exact_rxnorm
28025,1925821,4412,riboflavin 5'-phosphate,IN,direct_anchor_exact_rxnorm
28026,9346,4411,riboflavin,IN,direct_anchor_exact_rxnorm
28033,1314858,4414,ribose,IN,direct_anchor_exact_rxnorm
28044,1356151,4416,rice bran,IN,direct_anchor_exact_rxnorm
28045,1309223,4417,rice bran oil,IN,direct_anchor_exact_rxnorm
28047,618482,4418,ricinoleate,IN,direct_anchor_exact_rxnorm
28052,55672,4419,rifabutin,IN,direct_anchor_exact_rxnorm
28054,9384,4420,rifampin,IN,unique_convergent_term_evidence
28055,35616,4421,rifamycin sv,IN,unique_convergent_term_evidence
28056,9385,4422,rifamycins,IN,direct_anchor_exact_rxnorm
28057,35617,4423,rifapentine,IN,direct_anchor_exact_rxnorm
28060,35619,4424,rifaximin,IN,direct_anchor_exact_rxnorm
28074,55679,4425,rilmenidine,IN,direct_anchor_exact_rxnorm
28075,763450,4426,rilonacept,IN,direct_anchor_exact_rxnorm
28080,1102270,4427,rilpivirine,IN,direct_anchor_exact_rxnorm
28081,1102270,4427,rilpivirine,IN,direct_anchor_exact_rxnorm
28085,35623,4428,riluzole,IN,direct_anchor_exact_rxnorm
28086,2722398,4429,rilzabrutinib,IN,direct_anchor_exact_rxnorm
28088,9386,4430,rimantadine,IN,direct_anchor_exact_rxnorm
28094,2282307,4431,rimegepant,IN,direct_anchor_exact_rxnorm
28095,2282307,4431,rimegepant,IN,direct_anchor_exact_rxnorm
28097,55681,4432,rimexolone,IN,direct_anchor_exact_rxnorm
28102,9388,4433,rimiterol,IN,direct_anchor_exact_rxnorm
28103,9388,4433,rimiterol,IN,direct_anchor_exact_rxnorm
28115,1439816,4434,riociguat,IN,direct_anchor_exact_rxnorm
28123,2166040,4436,risankizumab,IN,direct_anchor_exact_rxnorm
28124,2390935,4437,risdiplam,IN,direct_anchor_exact_rxnorm
28126,73056,4438,risedronate,IN,direct_anchor_exact_rxnorm
28135,35636,4440,risperidone,IN,direct_anchor_exact_rxnorm
28147,2641595,4441,ritlecitinib,IN,direct_anchor_exact_rxnorm
28149,9392,4442,ritodrine,IN,direct_anchor_exact_rxnorm
28150,9392,4442,ritodrine,IN,direct_anchor_exact_rxnorm
28152,85762,4443,ritonavir,IN,direct_anchor_exact_rxnorm
28154,1927884,2570,hyaluronidase / rituximab,MIN,direct_anchor_exact_rxnorm
28163,1114195,4445,rivaroxaban,IN,direct_anchor_exact_rxnorm
28165,183379,4446,rivastigmine,IN,direct_anchor_exact_rxnorm
28174,88014,4448,rizatriptan,IN,direct_anchor_exact_rxnorm
28181,9394,4449,rna,IN,direct_anchor_exact_rxnorm
28207,1250203,4450,robenacoxib,IN,direct_anchor_exact_rxnorm
28208,1311554,4451,robenidine,IN,direct_anchor_exact_rxnorm
28209,1311554,4451,robenidine,IN,direct_anchor_exact_rxnorm
28211,867325,758,black locust pollen extract,IN,unique_convergent_term_evidence
28216,1894,901,calcitriol,IN,direct_anchor_exact_rxnorm
28230,68139,4453,rocuronium,IN,direct_anchor_exact_rxnorm
28231,68139,4453,rocuronium,IN,direct_anchor_exact_rxnorm
28236,232158,4454,rofecoxib,IN,direct_anchor_exact_rxnorm
28239,1091836,4455,roflumilast,IN,direct_anchor_exact_rxnorm
28245,1665496,4456,rolapitant,IN,direct_anchor_exact_rxnorm
28257,9462,4457,rolitetracycline,IN,direct_anchor_exact_rxnorm
28269,1091919,4459,romifidine,IN,direct_anchor_exact_rxnorm
28270,1091919,4459,romifidine,IN,direct_anchor_exact_rxnorm
28272,2123126,4461,romosozumab,IN,direct_anchor_exact_rxnorm
28282,1535498,4462,ronidazole,IN,direct_anchor_exact_rxnorm
28292,72302,4464,ropinirole,IN,direct_anchor_exact_rxnorm
28293,72302,4464,ropinirole,IN,direct_anchor_exact_rxnorm
28296,35780,4465,ropivacaine,IN,direct_anchor_exact_rxnorm
28305,1311501,4466,rosa canina fruit extract,IN,unique_convergent_term_evidence
28306,1305664,4467,rosa centifolia flower oil,IN,direct_anchor_exact_rxnorm
28309,9471,4468,rose bengal,IN,direct_anchor_exact_rxnorm
28315,1322046,4469,rose petal extract,IN,direct_anchor_exact_rxnorm
28317,317702,4474,rosmarinus officinalis preparation,IN,unique_convergent_term_evidence
28318,90945,4470,rosemary oil,IN,direct_anchor_exact_rxnorm
28319,84108,4471,rosiglitazone,IN,direct_anchor_exact_rxnorm
28321,84108,4471,rosiglitazone,IN,direct_anchor_exact_rxnorm
28322,1362931,4472,rosin,IN,direct_anchor_exact_rxnorm
28325,2531312,4473,rosmarinate,IN,direct_anchor_exact_rxnorm
28329,35797,4475,rosoxacin,IN,direct_anchor_exact_rxnorm
28333,301542,4476,rosuvastatin,IN,direct_anchor_exact_rxnorm
28344,1366666,4477,rotenone,IN,direct_anchor_exact_rxnorm
28347,616739,4478,rotigotine,IN,direct_anchor_exact_rxnorm
28366,1314413,4481,roxarsone,IN,direct_anchor_exact_rxnorm
28367,114817,4482,roxatidine,IN,direct_anchor_exact_rxnorm
28368,114817,4482,roxatidine,IN,direct_anchor_exact_rxnorm
28369,114817,4482,roxatidine,IN,direct_anchor_exact_rxnorm
28374,9478,4483,roxithromycin,IN,direct_anchor_exact_rxnorm
28379,35805,4484,royal jelly,IN,direct_anchor_exact_rxnorm
28381,2642274,4485,rozanolixizumab,IN,direct_anchor_exact_rxnorm
28388,2740382,3162,marnetegragene autotemcel,IN,unique_convergent_term_evidence
28427,762817,4486,rubella virus vaccine live (wistar ra 27-3 strain),IN,unique_convergent_term_evidence
28428,1311489,4487,rubidium,IN,direct_anchor_exact_rxnorm
28429,1311489,4487,rubidium,IN,direct_anchor_exact_rxnorm
28436,1862579,4488,rucaparib,IN,direct_anchor_exact_rxnorm
28439,69036,4489,rufinamide,IN,direct_anchor_exact_rxnorm
28448,852213,4603,sheep sorrel pollen extract,IN,unique_convergent_term_evidence
28450,1232604,3789,pale dock pollen extract,IN,unique_convergent_term_evidence
28452,1345677,4490,rumex crispus root extract,IN,direct_anchor_exact_rxnorm
28455,1014739,753,bitter dock pollen extract,IN,unique_convergent_term_evidence
28456,1014743,5390,white (mexican) dock pollen extract,IN,unique_convergent_term_evidence
28467,35890,4491,ruscogenin,IN,direct_anchor_exact_rxnorm
28471,1367425,4494,ruta graveolens flowering top oil,IN,direct_anchor_exact_rxnorm
28474,9500,4495,rutin,IN,direct_anchor_exact_rxnorm
28580,1314278,4498,saccharide isomerate,IN,direct_anchor_exact_rxnorm
28581,9509,4499,saccharin,IN,direct_anchor_exact_rxnorm
28582,9509,4499,saccharin,IN,direct_anchor_exact_rxnorm
28583,9509,4499,saccharin,IN,direct_anchor_exact_rxnorm
28584,9509,4499,saccharin,IN,direct_anchor_exact_rxnorm
28586,9511,4500,saccharomyces cerevisiae,IN,direct_anchor_exact_rxnorm
28588,2360231,4501,sacituzumab,IN,direct_anchor_exact_rxnorm
28590,214817,4502,sacrosidase,IN,direct_anchor_exact_rxnorm
28591,1656328,4503,sacubitril,IN,direct_anchor_exact_rxnorm
28592,1860608,4504,sacubitrilat,IN,direct_anchor_exact_rxnorm
28594,901195,4506,safflower seed allergenic extract,IN,unique_convergent_term_evidence
28595,9515,4505,safflower oil,IN,direct_anchor_exact_rxnorm
28598,1922448,4507,safinamide,IN,direct_anchor_exact_rxnorm
28599,1922448,4507,safinamide,IN,direct_anchor_exact_rxnorm
28606,2383532,4508,safrole,IN,direct_anchor_exact_rxnorm
28609,1011627,4509,sage leaf allergenic extract,IN,unique_convergent_term_evidence
28610,1305661,4510,sage oil,IN,direct_anchor_exact_rxnorm
28612,2263158,4511,sakuranetin,IN,direct_anchor_exact_rxnorm
28621,435,193,albuterol,IN,unique_convergent_term_evidence
28622,2200638,4512,salcaprozate,IN,direct_anchor_exact_rxnorm
28630,1363054,4513,salicyl alcohol,IN,direct_anchor_exact_rxnorm
28631,9518,4514,salicylamide,IN,direct_anchor_exact_rxnorm
28636,9525,4515,salicylic acid,IN,direct_anchor_exact_rxnorm
28639,1311566,4517,salinomycin,IN,direct_anchor_exact_rxnorm
28644,1305659,4518,salix alba bark volatile oil,IN,direct_anchor_exact_rxnorm
28645,852174,4285,pussy willow pollen extract,IN,unique_convergent_term_evidence
28646,852170,451,arroyo willow pollen extract,IN,unique_convergent_term_evidence
28647,1014755,5380,western black willow pollen extract,IN,unique_convergent_term_evidence
28651,36117,4519,salmeterol,IN,direct_anchor_exact_rxnorm
28652,36117,4519,salmeterol,IN,direct_anchor_exact_rxnorm
28653,36118,4521,salmon calcitonin,IN,direct_anchor_exact_rxnorm
28669,36108,4525,salsalate,IN,direct_anchor_exact_rxnorm
28670,852158,4493,russian thistle pollen extract,IN,unique_convergent_term_evidence
28675,1307580,4529,salvia miltiorrhiza root extract,IN,unique_convergent_term_evidence
28680,9549,4530,samarium,IN,direct_anchor_exact_rxnorm
28684,1307698,4532,sambucus nigra flowering top,IN,direct_anchor_exact_rxnorm
28687,2559612,4533,samidorphan,IN,direct_anchor_exact_rxnorm
28688,2559612,4533,samidorphan,IN,direct_anchor_exact_rxnorm
28714,1311390,4535,santonin,IN,direct_anchor_exact_rxnorm
28718,2395271,4536,sapanisertib,IN,direct_anchor_exact_rxnorm
28725,753340,4537,sapropterin,IN,direct_anchor_exact_rxnorm
28727,83395,4538,saquinavir,IN,direct_anchor_exact_rxnorm
28740,9556,4539,saralasin,IN,direct_anchor_exact_rxnorm
28741,9556,4539,saralasin,IN,direct_anchor_exact_rxnorm
28742,852152,2467,greasewood pollen extract,IN,unique_convergent_term_evidence
28745,1362906,4540,sarcosine,IN,direct_anchor_exact_rxnorm
28746,2059018,4542,sarecycline,IN,direct_anchor_exact_rxnorm
28749,1923319,4544,sarilumab,IN,direct_anchor_exact_rxnorm
28755,905070,143,acremonium strictum allergenic extract,IN,unique_convergent_term_evidence
28757,1740360,4545,sarolaner,IN,direct_anchor_exact_rxnorm
28788,2391541,4546,satralizumab,IN,direct_anchor_exact_rxnorm
28790,1733681,4547,satraplatin,IN,direct_anchor_exact_rxnorm
28794,1599538,1835,edoxaban,IN,direct_anchor_exact_rxnorm
28802,857974,4550,saxagliptin,IN,direct_anchor_exact_rxnorm
28803,857974,4550,saxagliptin,IN,direct_anchor_exact_rxnorm
28844,1538275,4553,schizochytrium dha oil,IN,direct_anchor_exact_rxnorm
28850,1119986,1101,centruroides (scorpion) immune f(ab')2 (equine),IN,unique_convergent_term_evidence
28853,1307750,4557,scutellaria baicalensis root extract,IN,unique_convergent_term_evidence
28863,1311499,4558,sea salt,IN,direct_anchor_exact_rxnorm
28867,1427069,4559,sebacate,IN,direct_anchor_exact_rxnorm
28868,1726975,4560,sebelipase alfa,IN,direct_anchor_exact_rxnorm
28869,2717944,4561,sebetralstat,IN,direct_anchor_exact_rxnorm
28872,1014774,1435,cultivated rye grass pollen extract,IN,unique_convergent_term_evidence
28876,36314,4562,secnidazole,IN,direct_anchor_exact_rxnorm
28878,9624,4563,secobarbital,IN,direct_anchor_exact_rxnorm
28879,9624,4563,secobarbital,IN,direct_anchor_exact_rxnorm
28884,9627,4564,secretin,IN,unique_convergent_term_evidence
28886,1599788,4565,secukinumab,IN,direct_anchor_exact_rxnorm
28896,2055978,4566,segesterone,IN,direct_anchor_exact_rxnorm
28897,2055926,2009,ethinyl estradiol / segesterone,MIN,direct_anchor_exact_rxnorm
28905,2690869,4567,seladelpar,IN,direct_anchor_exact_rxnorm
28906,2690869,4567,seladelpar,IN,direct_anchor_exact_rxnorm
28907,1044269,4568,selamectin,IN,direct_anchor_exact_rxnorm
28922,9639,4569,selegiline,IN,direct_anchor_exact_rxnorm
28925,36344,4570,selenious acid,IN,direct_anchor_exact_rxnorm
28926,9641,4571,selenium,IN,direct_anchor_exact_rxnorm
28928,36345,4572,selenium sulfide,IN,direct_anchor_exact_rxnorm
28930,1549332,4573,selenocysteine,IN,direct_anchor_exact_rxnorm
28932,9644,4574,selenomethionine,IN,direct_anchor_exact_rxnorm
28933,9644,4574,selenomethionine,IN,unique_convergent_term_evidence
28939,1729002,4575,selexipag,IN,direct_anchor_exact_rxnorm
28958,1991302,4579,semaglutide,IN,direct_anchor_exact_rxnorm
28964,1314385,4580,semduramicin,IN,direct_anchor_exact_rxnorm
28970,2368733,4581,semuloparin,IN,direct_anchor_exact_rxnorm
28979,36387,4582,"sennosides, usp",IN,direct_anchor_exact_rxnorm
28980,1008340,1750,"docusate / sennosides, usp",MIN,direct_anchor_exact_rxnorm
28995,2723056,4583,sepiapterin,IN,direct_anchor_exact_rxnorm
29017,1014707,4370,redwood pollen extract,IN,unique_convergent_term_evidence
29021,1999800,4584,seractide,IN,direct_anchor_exact_rxnorm
29022,1999800,4584,seractide,IN,direct_anchor_exact_rxnorm
29032,2562176,4585,serdexmethylphenidate,IN,direct_anchor_exact_rxnorm
29033,2562176,4585,serdexmethylphenidate,IN,direct_anchor_exact_rxnorm
29042,9671,4587,serine,IN,direct_anchor_exact_rxnorm
29046,894961,954,canary feather extract,IN,unique_convergent_term_evidence
29050,56188,4588,sermorelin,IN,direct_anchor_exact_rxnorm
29051,56188,4588,sermorelin,IN,direct_anchor_exact_rxnorm
29052,1311214,4589,serotonin,IN,direct_anchor_exact_rxnorm
29058,36434,4590,serratiopeptidase,IN,unique_convergent_term_evidence
29059,36435,4591,sertaconazole,IN,direct_anchor_exact_rxnorm
29060,41996,4592,sertindole,IN,direct_anchor_exact_rxnorm
29061,36437,4593,sertraline,IN,direct_anchor_exact_rxnorm
29067,1309247,4594,sesame oil,IN,direct_anchor_exact_rxnorm
29079,2469247,4595,setmelanotide,IN,direct_anchor_exact_rxnorm
29090,214824,4596,sevelamer,IN,direct_anchor_exact_rxnorm
29091,214824,4596,sevelamer,IN,direct_anchor_exact_rxnorm
29096,36453,4597,sevoflurane,IN,direct_anchor_exact_rxnorm
29115,91472,4600,shark liver oil,IN,direct_anchor_exact_rxnorm
29116,1310571,4601,shea butter,IN,direct_anchor_exact_rxnorm
29117,1305658,4602,sheanut oil,IN,direct_anchor_exact_rxnorm
29140,892592,4606,shrimp allergenic extract,IN,unique_convergent_term_evidence
29154,36514,4610,sibutramine,IN,direct_anchor_exact_rxnorm
29155,36514,4610,sibutramine,IN,direct_anchor_exact_rxnorm
29174,5552,2614,hydroxyurea,IN,direct_anchor_exact_rxnorm
29175,2611455,4611,silandrone,IN,direct_anchor_exact_rxnorm
29176,1601667,4612,silanol,IN,direct_anchor_exact_rxnorm
29178,136411,4613,sildenafil,IN,direct_anchor_exact_rxnorm
29182,1426646,4614,silica dimethyl silylate,IN,direct_anchor_exact_rxnorm
29183,9771,4616,silicon dioxide,IN,direct_anchor_exact_rxnorm
29184,9774,4615,silicon,IN,direct_anchor_exact_rxnorm
29185,9771,4616,silicon dioxide,IN,direct_anchor_exact_rxnorm
29191,1652102,4619,silk sericin,IN,direct_anchor_exact_rxnorm
29194,720825,4620,silodosin,IN,direct_anchor_exact_rxnorm
29195,1373351,4621,silodrate,IN,direct_anchor_exact_rxnorm
29200,1535218,4622,siltuximab,IN,direct_anchor_exact_rxnorm
29201,2606543,4623,silver,IN,direct_anchor_exact_rxnorm
29202,1358876,4624,silver cation,IN,direct_anchor_exact_rxnorm
29203,1306066,4625,silver citrate,IN,direct_anchor_exact_rxnorm
29204,9789,4626,silver nitrate,IN,direct_anchor_exact_rxnorm
29205,1368701,1736,disilver oxide,IN,unique_convergent_term_evidence
29207,9793,4628,silver sulfadiazine,IN,direct_anchor_exact_rxnorm
29208,9794,4629,silymarin,IN,direct_anchor_exact_rxnorm
29213,1482790,4631,simeprevir,IN,direct_anchor_exact_rxnorm
29214,9796,4632,simethicone,IN,direct_anchor_exact_rxnorm
29222,4257,2097,factor viii,IN,direct_anchor_exact_rxnorm
29233,36567,4633,simvastatin,IN,direct_anchor_exact_rxnorm
29236,1440288,4634,sinapultide,IN,direct_anchor_exact_rxnorm
29240,9800,4635,sincalide,IN,direct_anchor_exact_rxnorm
29243,753346,4636,sinecatechins,IN,direct_anchor_exact_rxnorm
29245,103990,1001,carbidopa / levodopa,MIN,direct_anchor_exact_rxnorm
29264,2121085,4637,siponimod,IN,direct_anchor_exact_rxnorm
29282,9806,4640,sisomicin,IN,direct_anchor_exact_rxnorm
29283,9806,4640,sisomicin,IN,direct_anchor_exact_rxnorm
29291,593411,4641,sitagliptin,IN,direct_anchor_exact_rxnorm
29293,729717,3263,metformin / sitagliptin,MIN,direct_anchor_exact_rxnorm
29319,1311386,4642,skatole,IN,direct_anchor_exact_rxnorm
29325,1310587,4643,skim milk,IN,direct_anchor_exact_rxnorm
29350,1492300,5280,vaccinia virus strain new york city board of health live antigen,IN,unique_convergent_term_evidence
29386,36669,4648,sobrerol,IN,direct_anchor_exact_rxnorm
29394,56443,4649,sodium acetate,IN,direct_anchor_exact_rxnorm
29395,1362917,287,aluminum silicate,IN,unique_convergent_term_evidence
29399,267366,4650,sodium ascorbate,IN,direct_anchor_exact_rxnorm
29400,1370605,469,ascorbyl phosphate,IN,direct_anchor_exact_rxnorm
29401,42547,519,aurothiomalate,IN,unique_convergent_term_evidence
29403,36676,4651,sodium bicarbonate,IN,direct_anchor_exact_rxnorm
29409,1367207,4652,sodium bisulfate,IN,direct_anchor_exact_rxnorm
29411,36679,4653,sodium bisulfite,IN,direct_anchor_exact_rxnorm
29412,1700,774,boric acid,IN,direct_anchor_exact_rxnorm
29413,1311138,4654,sodium bromide,IN,direct_anchor_exact_rxnorm
29416,20178,3647,octanoic acid,IN,direct_anchor_exact_rxnorm
29417,36685,4655,sodium carbonate,IN,direct_anchor_exact_rxnorm
29418,36685,4655,sodium carbonate,IN,direct_anchor_exact_rxnorm
29419,1364429,4656,sodium cation,IN,direct_anchor_exact_rxnorm
29420,2221,1096,cellulose,IN,unique_convergent_term_evidence
29421,1370628,1124,cetostearyl sulfate,IN,direct_anchor_exact_rxnorm
29422,9863,4657,sodium chloride,IN,direct_anchor_exact_rxnorm
29424,992920,4658,sodium chlorite,IN,direct_anchor_exact_rxnorm
29427,56466,4659,sodium citrate,IN,direct_anchor_exact_rxnorm
29428,20852,1171,chlorophyllin,IN,direct_anchor_exact_rxnorm
29430,2969,1449,cyclamate,IN,direct_anchor_exact_rxnorm
29431,1547632,4660,sodium diacetate,IN,direct_anchor_exact_rxnorm
29432,402565,1622,dibunate,IN,direct_anchor_exact_rxnorm
29433,3347,1627,dichloroacetate,IN,direct_anchor_exact_rxnorm
29435,2056673,4661,sodium dithionite,IN,direct_anchor_exact_rxnorm
29438,4103,1987,estrone,IN,direct_anchor_exact_rxnorm
29439,105673,4669,sodium ironedetate,IN,unique_convergent_term_evidence
29440,9873,4663,sodium fluoride,IN,direct_anchor_exact_rxnorm
29442,1592295,2280,formaldehyde sulfoxylate,IN,direct_anchor_exact_rxnorm
29443,2053265,4664,sodium gentisate,IN,direct_anchor_exact_rxnorm
29444,56476,4665,sodium gluconate,IN,direct_anchor_exact_rxnorm
29445,1423803,2430,glyceryl phosphate,IN,direct_anchor_exact_rxnorm
29446,70603,2439,glycolate,IN,direct_anchor_exact_rxnorm
29447,2667891,4666,sodium gualenate,IN,direct_anchor_exact_rxnorm
29448,62372,2567,hyaluronate,IN,unique_convergent_term_evidence
29449,9880,4667,sodium hydroxide,IN,direct_anchor_exact_rxnorm
29455,114202,2888,lactate,IN,direct_anchor_exact_rxnorm
29456,1310570,2932,laureth-3,IN,direct_anchor_exact_rxnorm
29457,1007810,1754,dodecyl sulfate / oxyquinoline,MIN,unique_convergent_term_evidence
29458,314832,4670,sodium lauryl sulfoacetate,IN,direct_anchor_exact_rxnorm
29460,36696,4671,sodium metabisulfite,IN,direct_anchor_exact_rxnorm
29462,36699,4672,sodium molybdate(vi),IN,unique_convergent_term_evidence
29464,36700,4673,sodium nitrate,IN,direct_anchor_exact_rxnorm
29466,1441660,3728,oxalate,IN,direct_anchor_exact_rxnorm
29467,2393796,923,calcium oxybate / magnesium oxybate / potassium oxybate / sodium oxybate,MIN,direct_anchor_exact_rxnorm
29471,1008811,655,benzoate / phenylacetate,MIN,direct_anchor_exact_rxnorm
29472,36709,4674,sodium phosphate,IN,direct_anchor_exact_rxnorm
29473,36710,5154,tribasic sodium phosphate,IN,unique_convergent_term_evidence
29474,236719,4675,"sodium phosphate, dibasic",IN,direct_anchor_exact_rxnorm
29475,236719,4675,"sodium phosphate, dibasic",IN,direct_anchor_exact_rxnorm
29476,236719,4675,"sodium phosphate, dibasic",IN,direct_anchor_exact_rxnorm
29478,235496,4676,"sodium phosphate, monobasic",IN,direct_anchor_exact_rxnorm
29479,235496,4676,"sodium phosphate, monobasic",IN,direct_anchor_exact_rxnorm
29483,36710,5154,tribasic sodium phosphate,IN,direct_anchor_exact_rxnorm
29489,1364922,4110,polymetaphosphate,IN,direct_anchor_exact_rxnorm
29490,56512,4677,sodium polystyrene sulfonate,IN,direct_anchor_exact_rxnorm
29491,155060,4297,pyroglutamate,IN,direct_anchor_exact_rxnorm
29492,1364533,4298,pyrophosphate,IN,direct_anchor_exact_rxnorm
29495,1368706,4736,stearate,IN,direct_anchor_exact_rxnorm
29496,1370626,4738,stearyl fumarate,IN,direct_anchor_exact_rxnorm
29498,8010,4678,sodium stibogluconate,IN,direct_anchor_exact_rxnorm
29499,1311370,4679,sodium succinate,IN,direct_anchor_exact_rxnorm
29500,1307106,4792,succinate,IN,direct_anchor_exact_rxnorm
29501,36721,4680,sodium sulfate,IN,direct_anchor_exact_rxnorm
29503,1293719,4681,sodium sulfide,IN,direct_anchor_exact_rxnorm
29504,56524,4682,sodium tartrate,IN,direct_anchor_exact_rxnorm
29505,9913,4683,sodium tetradecyl sulfate,IN,direct_anchor_exact_rxnorm
29506,1370627,5002,thioglycolate,IN,direct_anchor_exact_rxnorm
29507,91099,5009,thiosalicylate,IN,direct_anchor_exact_rxnorm
29510,1487534,5204,triphosphate,IN,unique_convergent_term_evidence
29511,2047628,4684,sodium zirconium cyclosilicate,IN,direct_anchor_exact_rxnorm
29519,1484911,4685,sofosbuvir,IN,direct_anchor_exact_rxnorm
29520,2689322,4686,sofpironium,IN,direct_anchor_exact_rxnorm
29528,1551455,4687,solasulfone,IN,direct_anchor_exact_rxnorm
29536,867341,4364,red imported fire ant allergenic extract,IN,unique_convergent_term_evidence
29537,995738,757,black imported fire ant allergenic extract,IN,unique_convergent_term_evidence
29538,995743,950,canada goldenrod pollen extract,IN,unique_convergent_term_evidence
29539,322167,4688,solifenacin,IN,direct_anchor_exact_rxnorm
29540,322167,4688,solifenacin,IN,direct_anchor_exact_rxnorm
29549,2121751,4689,solriamfetol,IN,direct_anchor_exact_rxnorm
29550,2121751,4689,solriamfetol,IN,direct_anchor_exact_rxnorm
29569,2557373,4690,somapacitan,IN,direct_anchor_exact_rxnorm
29571,236901,4691,somatorelin,IN,direct_anchor_exact_rxnorm
29573,9939,4692,somatostatin,IN,direct_anchor_exact_rxnorm
29576,2644503,4694,somatrogon,IN,direct_anchor_exact_rxnorm
29587,1427014,4696,sometribove,IN,direct_anchor_exact_rxnorm
29598,1659191,4697,sonidegib,IN,direct_anchor_exact_rxnorm
29620,1367146,4699,sorbitan,IN,direct_anchor_exact_rxnorm
29621,9945,4700,sorbitol,IN,direct_anchor_exact_rxnorm
29624,1311406,4701,sorghum bicolor pollen extract,IN,unique_convergent_term_evidence
29625,1098455,4801,sudan grass pollen extract,IN,unique_convergent_term_evidence
29626,852136,2841,johnson grass pollen extract,IN,unique_convergent_term_evidence
29632,2638675,4702,sotagliflozin,IN,direct_anchor_exact_rxnorm
29633,9947,4703,sotalol,IN,direct_anchor_exact_rxnorm
29634,2678930,4704,sotatercept,IN,direct_anchor_exact_rxnorm
29644,6064,2821,isotretinoin,IN,direct_anchor_exact_rxnorm
29645,2550731,4706,sotrovimab,IN,direct_anchor_exact_rxnorm
29654,1363446,4709,soy sterol,IN,direct_anchor_exact_rxnorm
29656,9949,4710,soybean oil,IN,direct_anchor_exact_rxnorm
29670,18469,4712,sparfloxacin,IN,direct_anchor_exact_rxnorm
29673,2630535,4713,sparsentan,IN,direct_anchor_exact_rxnorm
29682,270,4714,spectinomycin,IN,direct_anchor_exact_rxnorm
29683,270,4714,spectinomycin,IN,direct_anchor_exact_rxnorm
29687,9968,4715,spermaceti,IN,direct_anchor_exact_rxnorm
29688,1483262,4716,spermidine,IN,direct_anchor_exact_rxnorm
29689,1483263,4717,spermine,IN,direct_anchor_exact_rxnorm
29690,2610417,4718,spesolimab,IN,direct_anchor_exact_rxnorm
29701,299081,4719,spinosad,IN,direct_anchor_exact_rxnorm
29706,36908,4722,spirapril,IN,direct_anchor_exact_rxnorm
29712,69120,5066,tiotropium,IN,direct_anchor_exact_rxnorm
29717,9997,4723,spironolactone,IN,direct_anchor_exact_rxnorm
29741,1363644,4725,squalane,IN,direct_anchor_exact_rxnorm
29742,10014,4726,squalene,IN,direct_anchor_exact_rxnorm
29778,1310069,2625,hypoxis hemerocallidea root extract,IN,unique_convergent_term_evidence
29792,37032,4728,stannous chloride,IN,direct_anchor_exact_rxnorm
29793,10030,4729,stannous fluoride,IN,direct_anchor_exact_rxnorm
29797,10032,4730,stanozolol,IN,direct_anchor_exact_rxnorm
29803,10046,4731,starch,IN,direct_anchor_exact_rxnorm
29804,1039062,1388,corn starch,IN,unique_convergent_term_evidence
29806,1367117,4732,"starch, rice",IN,direct_anchor_exact_rxnorm
29807,2619252,4733,"starch, tapioca",IN,direct_anchor_exact_rxnorm
29808,1367109,4734,"starch, wheat",IN,direct_anchor_exact_rxnorm
29818,59763,4735,stavudine,IN,direct_anchor_exact_rxnorm
29820,1368706,4736,stearate,IN,direct_anchor_exact_rxnorm
29821,37071,4737,stearyl alcohol,IN,direct_anchor_exact_rxnorm
29825,2373652,4739,stem bromelain,IN,direct_anchor_exact_rxnorm
29832,2375829,4740,stepronin,IN,direct_anchor_exact_rxnorm
29845,37106,4741,stevioside,IN,direct_anchor_exact_rxnorm
29859,338036,3859,pegfilgrastim,IN,direct_anchor_exact_rxnorm
29872,580119,4742,stinging nettle extract,IN,direct_anchor_exact_rxnorm
29873,2054968,4743,stiripentol,IN,direct_anchor_exact_rxnorm
29914,854930,4760,streptococcus pneumoniae type 1 capsular polysaccharide antigen,IN,direct_anchor_exact_rxnorm
29915,901620,4744,streptococcus pneumoniae serotype 1 capsular antigen diphtheria crm197 protein conjugate vaccine,IN,unique_convergent_term_evidence
29916,854932,4761,streptococcus pneumoniae type 10a capsular polysaccharide antigen,IN,direct_anchor_exact_rxnorm
29918,854934,4762,streptococcus pneumoniae type 11a capsular polysaccharide antigen,IN,direct_anchor_exact_rxnorm
29920,854936,4763,streptococcus pneumoniae type 12f capsular polysaccharide antigen,IN,direct_anchor_exact_rxnorm
29922,854938,4764,streptococcus pneumoniae type 14 capsular polysaccharide antigen,IN,direct_anchor_exact_rxnorm
29923,798220,4746,streptococcus pneumoniae serotype 14 capsular antigen diphtheria crm197 protein conjugate vaccine,IN,unique_convergent_term_evidence
29924,854940,4765,streptococcus pneumoniae type 15b capsular polysaccharide antigen,IN,direct_anchor_exact_rxnorm
29926,854942,4766,streptococcus pneumoniae type 17f capsular polysaccharide antigen,IN,direct_anchor_exact_rxnorm
29927,854944,4767,streptococcus pneumoniae type 18c capsular polysaccharide antigen,IN,direct_anchor_exact_rxnorm
29928,798222,4747,streptococcus pneumoniae serotype 18c capsular antigen diphtheria crm197 protein conjugate vaccine,IN,unique_convergent_term_evidence
29929,854946,4768,streptococcus pneumoniae type 19a capsular polysaccharide antigen,IN,direct_anchor_exact_rxnorm
29930,901624,4748,streptococcus pneumoniae serotype 19a capsular antigen diphtheria crm197 protein conjugate vaccine,IN,unique_convergent_term_evidence
29931,854948,4769,streptococcus pneumoniae type 19f capsular polysaccharide antigen,IN,direct_anchor_exact_rxnorm
29932,798224,4749,streptococcus pneumoniae serotype 19f capsular antigen diphtheria crm197 protein conjugate vaccine,IN,unique_convergent_term_evidence
29933,854950,4770,streptococcus pneumoniae type 2 capsular polysaccharide antigen,IN,direct_anchor_exact_rxnorm
29934,854952,4771,streptococcus pneumoniae type 20 capsular polysaccharide antigen,IN,direct_anchor_exact_rxnorm
29935,854954,4772,streptococcus pneumoniae type 22f capsular polysaccharide antigen,IN,direct_anchor_exact_rxnorm
29936,2566297,4750,streptococcus pneumoniae serotype 22f capsular antigen diphtheria crm197 protein conjugate vaccine,IN,unique_convergent_term_evidence
29937,854956,4773,streptococcus pneumoniae type 23f capsular polysaccharide antigen,IN,direct_anchor_exact_rxnorm
29938,798226,4751,streptococcus pneumoniae serotype 23f capsular antigen diphtheria crm197 protein conjugate vaccine,IN,unique_convergent_term_evidence
29939,854958,4774,streptococcus pneumoniae type 3 capsular polysaccharide antigen,IN,direct_anchor_exact_rxnorm
29940,901628,4752,streptococcus pneumoniae serotype 3 capsular antigen diphtheria crm197 protein conjugate vaccine,IN,unique_convergent_term_evidence
29941,854960,4775,streptococcus pneumoniae type 33f capsular polysaccharide antigen,IN,direct_anchor_exact_rxnorm
29942,2566296,4753,streptococcus pneumoniae serotype 33f capsular antigen diphtheria crm197 protein conjugate vaccine,IN,unique_convergent_term_evidence
29943,854962,4776,streptococcus pneumoniae type 4 capsular polysaccharide antigen,IN,direct_anchor_exact_rxnorm
29944,798228,4754,streptococcus pneumoniae serotype 4 capsular antigen diphtheria crm197 protein conjugate vaccine,IN,unique_convergent_term_evidence
29945,854964,4777,streptococcus pneumoniae type 5 capsular polysaccharide antigen,IN,direct_anchor_exact_rxnorm
29946,901631,4755,streptococcus pneumoniae serotype 5 capsular antigen diphtheria crm197 protein conjugate vaccine,IN,unique_convergent_term_evidence
29948,901633,4756,streptococcus pneumoniae serotype 6a capsular antigen diphtheria crm197 protein conjugate vaccine,IN,unique_convergent_term_evidence
29949,854966,4778,streptococcus pneumoniae type 6b capsular polysaccharide antigen,IN,direct_anchor_exact_rxnorm
29950,798230,4757,streptococcus pneumoniae serotype 6b capsular antigen diphtheria crm197 protein conjugate vaccine,IN,unique_convergent_term_evidence
29951,854968,4779,streptococcus pneumoniae type 7f capsular polysaccharide antigen,IN,direct_anchor_exact_rxnorm
29952,901636,4758,streptococcus pneumoniae serotype 7f capsular antigen diphtheria crm197 protein conjugate vaccine,IN,unique_convergent_term_evidence
29953,854970,4780,streptococcus pneumoniae type 8 capsular polysaccharide antigen,IN,direct_anchor_exact_rxnorm
29955,854972,4781,streptococcus pneumoniae type 9n capsular polysaccharide antigen,IN,direct_anchor_exact_rxnorm
29956,854974,4782,streptococcus pneumoniae type 9v capsular polysaccharide antigen,IN,direct_anchor_exact_rxnorm
29957,798232,4759,streptococcus pneumoniae serotype 9v capsular antigen diphtheria crm197 protein conjugate vaccine,IN,unique_convergent_term_evidence
29958,2593692,4783,streptococcus thermophilus,IN,direct_anchor_exact_rxnorm
29959,10106,4784,streptokinase,IN,direct_anchor_exact_rxnorm
29962,10109,4785,streptomycin,IN,direct_anchor_exact_rxnorm
29966,10114,4786,streptozocin,IN,direct_anchor_exact_rxnorm
29974,37175,4788,strontium chloride,IN,direct_anchor_exact_rxnorm
29975,37175,4788,strontium chloride,IN,direct_anchor_exact_rxnorm
29982,66422,4789,strychnine,IN,direct_anchor_exact_rxnorm
29989,89818,4790,styramate,IN,direct_anchor_exact_rxnorm
29995,852106,225,alkali blite pollen extract,IN,unique_convergent_term_evidence
30003,3446,4791,succimer,IN,direct_anchor_exact_rxnorm
30010,56790,4794,succinylated gelatin,IN,direct_anchor_exact_rxnorm
30011,10154,4795,succinylcholine,IN,direct_anchor_exact_rxnorm
30012,37289,4796,succinylsulfathiazole,IN,direct_anchor_exact_rxnorm
30015,10156,4797,sucralfate,IN,direct_anchor_exact_rxnorm
30016,1439115,4798,sucralose,IN,direct_anchor_exact_rxnorm
30017,10159,4800,sucrose,IN,direct_anchor_exact_rxnorm
30025,56795,4802,sufentanil,IN,direct_anchor_exact_rxnorm
30026,56795,4802,sufentanil,IN,direct_anchor_exact_rxnorm
30032,1726988,4803,sugammadex,IN,direct_anchor_exact_rxnorm
30040,10167,4806,sulbactam,IN,direct_anchor_exact_rxnorm
30041,10167,4806,sulbactam,IN,unique_convergent_term_evidence
30042,10167,4806,sulbactam,IN,direct_anchor_exact_rxnorm
30043,10168,4807,sulbenicillin,IN,direct_anchor_exact_rxnorm
30046,37317,4808,sulbutiamine,IN,direct_anchor_exact_rxnorm
30048,37319,4809,sulconazole,IN,direct_anchor_exact_rxnorm
30051,37320,4810,sulfabenzamide,IN,direct_anchor_exact_rxnorm
30055,10169,4811,sulfacetamide,IN,direct_anchor_exact_rxnorm
30056,2476008,4812,sulfachlorpyridazine,IN,direct_anchor_exact_rxnorm
30057,236832,4813,sulfachrysoidine,IN,direct_anchor_exact_rxnorm
30061,78902,4814,sulfacytine,IN,direct_anchor_exact_rxnorm
30062,10171,4815,sulfadiazine,IN,direct_anchor_exact_rxnorm
30063,10171,4815,sulfadiazine,IN,direct_anchor_exact_rxnorm
30065,10172,4816,sulfadimethoxine,IN,direct_anchor_exact_rxnorm
30066,10172,4816,sulfadimethoxine,IN,direct_anchor_exact_rxnorm
30067,10173,4817,sulfadoxine,IN,direct_anchor_exact_rxnorm
30068,37324,4818,sulfaethidole,IN,direct_anchor_exact_rxnorm
30071,10174,4819,sulfaguanidine,IN,direct_anchor_exact_rxnorm
30073,10206,4836,sulfisomidine,IN,unique_convergent_term_evidence
30078,10176,4821,sulfamerazine,IN,direct_anchor_exact_rxnorm
30079,10176,4821,sulfamerazine,IN,direct_anchor_exact_rxnorm
30082,10178,4822,sulfamethazine,IN,direct_anchor_exact_rxnorm
30084,10178,4822,sulfamethazine,IN,direct_anchor_exact_rxnorm
30085,10179,4823,sulfamethizole,IN,direct_anchor_exact_rxnorm
30087,10181,4826,sulfamethoxypyridazine,IN,direct_anchor_exact_rxnorm
30090,10175,4820,sulfalene,IN,unique_convergent_term_evidence
30091,10180,4824,sulfamethoxazole,IN,unique_convergent_term_evidence
30092,37328,4827,sulfametrole,IN,direct_anchor_exact_rxnorm
30096,10183,4828,sulfamoxole,IN,direct_anchor_exact_rxnorm
30097,10184,4829,sulfanilamide,IN,direct_anchor_exact_rxnorm
30104,10188,4830,sulfapyridine,IN,direct_anchor_exact_rxnorm
30106,1306111,4831,sulfaquinoxaline,IN,direct_anchor_exact_rxnorm
30108,9524,4832,sulfasalazine,IN,direct_anchor_exact_rxnorm
30113,1426598,4833,sulfate ion,IN,direct_anchor_exact_rxnorm
30115,10193,4834,sulfathiazole,IN,direct_anchor_exact_rxnorm
30129,10205,4835,sulfinpyrazone,IN,direct_anchor_exact_rxnorm
30130,10207,4837,sulfisoxazole,IN,direct_anchor_exact_rxnorm
30131,10207,4837,sulfisoxazole,IN,direct_anchor_exact_rxnorm
30132,10212,4838,sulfobromophthalein,IN,direct_anchor_exact_rxnorm
30133,1426609,1456,cyclodextrins,IN,direct_anchor_exact_rxnorm
30154,1362879,4839,sulfur dioxide,IN,direct_anchor_exact_rxnorm
30155,1599276,4840,sulfur hexafluoride,IN,direct_anchor_exact_rxnorm
30156,10231,4841,sulfuric acid,IN,direct_anchor_exact_rxnorm
30158,2266498,4842,sulfurous acid,IN,direct_anchor_exact_rxnorm
30162,10237,4843,sulindac,IN,direct_anchor_exact_rxnorm
30165,1311567,4844,sulisobenzone,IN,direct_anchor_exact_rxnorm
30174,2717833,4845,sulopenem,IN,direct_anchor_exact_rxnorm
30187,10239,4846,sulpiride,IN,direct_anchor_exact_rxnorm
30195,10240,4847,sulthiame,IN,direct_anchor_exact_rxnorm
30198,37416,4848,sultopride,IN,direct_anchor_exact_rxnorm
30214,37418,4849,sumatriptan,IN,direct_anchor_exact_rxnorm
30226,37422,4850,sunflower oil,IN,direct_anchor_exact_rxnorm
30230,357977,4852,sunitinib,IN,direct_anchor_exact_rxnorm
30237,2719226,4853,sunvozertinib,IN,direct_anchor_exact_rxnorm
30256,10255,4854,suprofen,IN,direct_anchor_exact_rxnorm
30261,10256,4855,suramin,IN,direct_anchor_exact_rxnorm
30282,852839,2553,hog skin extract,IN,unique_convergent_term_evidence
30292,2591404,4856,sutimlimab,IN,direct_anchor_exact_rxnorm
30301,1547099,4857,suvorexant,IN,direct_anchor_exact_rxnorm
30304,10154,4795,succinylcholine,IN,direct_anchor_exact_rxnorm
30311,2704819,4858,suzetrigine,IN,direct_anchor_exact_rxnorm
30315,1370776,4861,swertia japonica extract,IN,unique_convergent_term_evidence
30321,867353,4312,queen palm pollen extract,IN,unique_convergent_term_evidence
30327,2375531,4862,symclosene,IN,direct_anchor_exact_rxnorm
30331,1996260,1337,cobicistat / darunavir / emtricitabine / tenofovir alafenamide,MIN,direct_anchor_exact_rxnorm
30345,10288,4863,synephrine,IN,direct_anchor_exact_rxnorm
30355,1371994,4864,synthetic camphor,IN,direct_anchor_exact_rxnorm
30356,618365,4866,"synthetic conjugated estrogens, b",IN,direct_anchor_exact_rxnorm
30365,10798,5175,trientine,IN,direct_anchor_exact_rxnorm
30374,1362739,54,2-tert-butylhydroquinone,IN,unique_convergent_term_evidence
30399,291204,4868,tacalcitol,IN,direct_anchor_exact_rxnorm
30405,389190,2181,fibrinogen / thrombin,MIN,direct_anchor_exact_rxnorm
30409,10318,4869,tacrine,IN,direct_anchor_exact_rxnorm
30410,10318,4869,tacrine,IN,direct_anchor_exact_rxnorm
30412,358263,4871,tadalafil,IN,direct_anchor_exact_rxnorm
30417,1545063,4872,tafamidis,IN,direct_anchor_exact_rxnorm
30418,2054023,4874,tafenoquine,IN,direct_anchor_exact_rxnorm
30422,1244607,4875,tafluprost,IN,direct_anchor_exact_rxnorm
30447,2604577,5364,vonoprazan,IN,unique_convergent_term_evidence
30451,1425933,2897,lactoferrin,IN,direct_anchor_exact_rxnorm
30456,10322,4878,talampicillin,IN,direct_anchor_exact_rxnorm
30462,2099704,4879,talazoparib,IN,direct_anchor_exact_rxnorm
30463,89810,4880,talbutal,IN,direct_anchor_exact_rxnorm
30464,10323,4881,talc,IN,direct_anchor_exact_rxnorm
30468,2716919,4882,taletrectinib,IN,direct_anchor_exact_rxnorm
30470,1291609,4883,taliglucerase alfa,IN,direct_anchor_exact_rxnorm
30472,2670341,4884,talinexomer,IN,direct_anchor_exact_rxnorm
30473,37546,4885,talinolol,IN,direct_anchor_exact_rxnorm
30483,236770,4887,talniflumate,IN,direct_anchor_exact_rxnorm
30491,2644447,4888,talquetamab,IN,direct_anchor_exact_rxnorm
30501,852806,4526,salt cedar pollen extract,IN,unique_convergent_term_evidence
30517,77492,4891,tamsulosin,IN,direct_anchor_exact_rxnorm
30530,2682551,4892,tangeretin,IN,direct_anchor_exact_rxnorm
30537,10328,4893,tannic acid,IN,direct_anchor_exact_rxnorm
30541,1311490,4894,tantalum,IN,direct_anchor_exact_rxnorm
30546,787390,4895,tapentadol,IN,direct_anchor_exact_rxnorm
30547,2602286,4896,tapinarof,IN,direct_anchor_exact_rxnorm
30559,852079,1504,dandelion pollen extract,IN,unique_convergent_term_evidence
30570,2682954,4898,tarlatamab,IN,direct_anchor_exact_rxnorm
30571,2682954,4898,tarlatamab,IN,direct_anchor_exact_rxnorm
30584,1490468,4901,tasimelteon,IN,direct_anchor_exact_rxnorm
30590,283746,4902,tasonermin,IN,direct_anchor_exact_rxnorm
30596,10337,4903,taurine,IN,direct_anchor_exact_rxnorm
30600,2670453,4904,taurolidine,IN,direct_anchor_exact_rxnorm
30603,2613950,4905,taurursodiol,IN,unique_convergent_term_evidence
30605,1543173,4906,tavaborole,IN,direct_anchor_exact_rxnorm
30606,2044896,2299,fostamatinib,IN,direct_anchor_exact_rxnorm
30612,2578,1274,clemastine,IN,direct_anchor_exact_rxnorm
30623,2700758,4907,taxifolin,IN,direct_anchor_exact_rxnorm
30626,995747,572,bald cypress pollen extract,IN,unique_convergent_term_evidence
30635,83947,4908,tazarotene,IN,direct_anchor_exact_rxnorm
30637,2274378,4909,tazemetostat,IN,direct_anchor_exact_rxnorm
30642,37617,4910,tazobactam,IN,direct_anchor_exact_rxnorm
30662,966696,3701,orange pekoe tea allergenic extract,IN,unique_convergent_term_evidence
30663,69627,4911,tea tree oil,IN,direct_anchor_exact_rxnorm
30697,2571856,4913,technetium,IN,unique_convergent_term_evidence
30701,2571856,4913,technetium,IN,unique_convergent_term_evidence
30707,2571856,4913,technetium,IN,unique_convergent_term_evidence
30713,2571856,4913,technetium,IN,unique_convergent_term_evidence
30727,2571856,4913,technetium,IN,unique_convergent_term_evidence
30729,2571856,4913,technetium,IN,direct_anchor_exact_rxnorm
30730,2571856,4913,technetium,IN,direct_anchor_exact_rxnorm
30731,2571856,4913,technetium,IN,unique_convergent_term_evidence
30735,2571856,4913,technetium,IN,direct_anchor_exact_rxnorm
30738,2571856,4913,technetium,IN,unique_convergent_term_evidence
30743,2619426,4914,teclistamab,IN,direct_anchor_exact_rxnorm
30752,2055104,4915,tecovirimat,IN,direct_anchor_exact_rxnorm
30759,1540825,4916,tedizolid,IN,direct_anchor_exact_rxnorm
30760,1540825,4916,tedizolid,IN,direct_anchor_exact_rxnorm
30762,1364468,4917,teduglutide,IN,direct_anchor_exact_rxnorm
30773,139778,4919,tegaserod,IN,direct_anchor_exact_rxnorm
30774,139778,4919,tegaserod,IN,direct_anchor_exact_rxnorm
30784,57021,4920,teicoplanin,IN,direct_anchor_exact_rxnorm
30794,1102261,4921,telaprevir,IN,direct_anchor_exact_rxnorm
30798,473837,4922,telavancin,IN,direct_anchor_exact_rxnorm
30799,473837,4922,telavancin,IN,direct_anchor_exact_rxnorm
30802,474128,4923,telbivudine,IN,direct_anchor_exact_rxnorm
30808,2714237,4924,telisotuzumab,IN,direct_anchor_exact_rxnorm
30809,2714237,4924,telisotuzumab,IN,direct_anchor_exact_rxnorm
30811,274786,4925,telithromycin,IN,direct_anchor_exact_rxnorm
30813,85929,4926,telmesteine,IN,direct_anchor_exact_rxnorm
30814,73494,4927,telmisartan,IN,direct_anchor_exact_rxnorm
30821,1872382,4928,telotristat,IN,direct_anchor_exact_rxnorm
30825,37771,4930,temafloxacin,IN,direct_anchor_exact_rxnorm
30826,37771,4930,temafloxacin,IN,direct_anchor_exact_rxnorm
30831,10355,4931,temazepam,IN,direct_anchor_exact_rxnorm
30842,37775,4932,temocillin,IN,direct_anchor_exact_rxnorm
30843,37776,4934,temozolomide,IN,unique_convergent_term_evidence
30847,115243,4933,temoporfin,IN,direct_anchor_exact_rxnorm
30854,2675620,4935,temsavir,IN,direct_anchor_exact_rxnorm
30855,657797,4936,temsirolimus,IN,direct_anchor_exact_rxnorm
30862,2199674,4937,tenapanor,IN,direct_anchor_exact_rxnorm
30863,2199674,4937,tenapanor,IN,direct_anchor_exact_rxnorm
30864,259280,4938,tenecteplase,IN,direct_anchor_exact_rxnorm
30873,10362,4939,teniposide,IN,direct_anchor_exact_rxnorm
30877,117466,4940,tenofovir,IN,direct_anchor_exact_rxnorm
30878,1721603,4941,tenofovir alafenamide,IN,direct_anchor_exact_rxnorm
30880,300195,4942,tenofovir disoproxil,IN,direct_anchor_exact_rxnorm
30881,300195,4942,tenofovir disoproxil,IN,unique_convergent_term_evidence
30883,236186,4943,tenonitrozole,IN,direct_anchor_exact_rxnorm
30884,151195,493,atenolol / chlorthalidone,MIN,direct_anchor_exact_rxnorm
30887,37790,4944,tenoxicam,IN,direct_anchor_exact_rxnorm
30893,10473,5013,thiotepa,IN,direct_anchor_exact_rxnorm
30898,2621880,4945,teplizumab,IN,direct_anchor_exact_rxnorm
30899,2477103,4946,tepotinib,IN,direct_anchor_exact_rxnorm
30900,2477103,4946,tepotinib,IN,direct_anchor_exact_rxnorm
30904,1362746,2369,geranylgeranylacetone,IN,unique_convergent_term_evidence
30905,2274803,4947,teprotumumab,IN,direct_anchor_exact_rxnorm
30909,37798,4948,terazosin,IN,direct_anchor_exact_rxnorm
30910,37798,4948,terazosin,IN,direct_anchor_exact_rxnorm
30912,37801,4949,terbinafine,IN,direct_anchor_exact_rxnorm
30917,10368,4950,terbutaline,IN,direct_anchor_exact_rxnorm
30918,10368,4950,terbutaline,IN,direct_anchor_exact_rxnorm
30920,37806,4951,terconazole,IN,direct_anchor_exact_rxnorm
30925,42330,4952,terfenadine,IN,direct_anchor_exact_rxnorm
30929,1310520,4953,teriflunomide,IN,direct_anchor_exact_rxnorm
30931,32915,4954,teriparatide,IN,direct_anchor_exact_rxnorm
30932,57047,4955,terizidone,IN,direct_anchor_exact_rxnorm
30934,57048,4956,terlipressin,IN,direct_anchor_exact_rxnorm
30938,37815,4957,terodiline,IN,direct_anchor_exact_rxnorm
30939,37815,4957,terodiline,IN,direct_anchor_exact_rxnorm
30947,89916,4958,terpin hydrate,IN,direct_anchor_exact_rxnorm
30949,1368180,4959,terpineol,IN,direct_anchor_exact_rxnorm
30950,1312739,4960,terpinyl acetate,IN,direct_anchor_exact_rxnorm
30952,1363061,4961,tert-butyl alcohol,IN,unique_convergent_term_evidence
30961,37840,4962,tertatolol,IN,direct_anchor_exact_rxnorm
30964,1044584,4963,tesamorelin,IN,direct_anchor_exact_rxnorm
30976,10378,4964,testolactone,IN,direct_anchor_exact_rxnorm
30978,10379,4965,testosterone,IN,direct_anchor_exact_rxnorm
30980,10379,4965,testosterone,IN,direct_anchor_exact_rxnorm
30984,214553,1980,estradiol / testosterone,MIN,direct_anchor_exact_rxnorm
30986,10379,4965,testosterone,IN,direct_anchor_exact_rxnorm
30989,1727875,4966,tetanus immune globulin,IN,direct_anchor_exact_rxnorm
30990,1735049,4967,tetanus toxin,IN,direct_anchor_exact_rxnorm
30996,10390,4969,tetrabenazine,IN,direct_anchor_exact_rxnorm
31000,10391,4970,tetracaine,IN,direct_anchor_exact_rxnorm
31001,10391,4970,tetracaine,IN,unique_convergent_term_evidence
31005,2890,1395,cosyntropin,IN,unique_convergent_term_evidence
31011,10395,4971,tetracycline,IN,direct_anchor_exact_rxnorm
31013,10395,4971,tetracycline,IN,direct_anchor_exact_rxnorm
31015,1370424,4972,tetradecyl hydrogen sulfate (ester),IN,direct_anchor_exact_rxnorm
31019,1594675,2146,ferric citrate,IN,unique_convergent_term_evidence
31034,37935,4973,tetrahydrozoline,IN,unique_convergent_term_evidence
31039,1363713,4974,tetramethylthiuram monosulfide,IN,direct_anchor_exact_rxnorm
31048,2260905,4975,tetraxetan,IN,direct_anchor_exact_rxnorm
31049,37985,4976,tetrazepam,IN,direct_anchor_exact_rxnorm
31054,1311569,4977,tetrofosmin,IN,direct_anchor_exact_rxnorm
31058,37999,4978,tetroxoprim,IN,direct_anchor_exact_rxnorm
31059,37935,4973,tetrahydrozoline,IN,unique_convergent_term_evidence
31067,2677426,5078,tislelizumab,IN,direct_anchor_exact_rxnorm
31073,1999382,4979,tezacaftor,IN,direct_anchor_exact_rxnorm
31079,2587789,4980,tezepelumab,IN,direct_anchor_exact_rxnorm
31108,1311633,4982,thallium,IN,direct_anchor_exact_rxnorm
31113,38021,4983,theaflavin,IN,direct_anchor_exact_rxnorm
31114,38022,4984,theanine,IN,direct_anchor_exact_rxnorm
31119,38025,4985,thenyldiamine,IN,direct_anchor_exact_rxnorm
31122,10437,4986,theobromine,IN,direct_anchor_exact_rxnorm
31123,31958,4987,theodrenaline,IN,direct_anchor_exact_rxnorm
31124,236713,4988,theofibrate,IN,direct_anchor_exact_rxnorm
31125,10438,4989,theophylline,IN,direct_anchor_exact_rxnorm
31128,76469,600,"bcg, live, connaught strain",IN,unique_convergent_term_evidence
31157,1306060,4990,thermus thermophilus lysate,IN,direct_anchor_exact_rxnorm
31158,10450,4991,thiabendazole,IN,direct_anchor_exact_rxnorm
31165,10454,4992,thiamine,IN,direct_anchor_exact_rxnorm
31166,10454,4992,thiamine,IN,direct_anchor_exact_rxnorm
31171,10463,4993,thiamphenicol,IN,direct_anchor_exact_rxnorm
31172,10464,4994,thiamylal,IN,direct_anchor_exact_rxnorm
31173,10464,4994,thiamylal,IN,direct_anchor_exact_rxnorm
31187,10471,4995,thiethylperazine,IN,direct_anchor_exact_rxnorm
31194,10472,4996,thimerosal,IN,direct_anchor_exact_rxnorm
31199,38077,4997,thiobutabarbital,IN,direct_anchor_exact_rxnorm
31200,38077,4997,thiobutabarbital,IN,direct_anchor_exact_rxnorm
31205,38085,4998,thiocolchicoside,IN,direct_anchor_exact_rxnorm
31207,1597391,5000,thioctic acid amide,IN,unique_convergent_term_evidence
31213,1306886,3470,n-cyclohexyl-2-benzothiazosulfenamide,IN,unique_convergent_term_evidence
31217,10493,5004,thiopental,IN,direct_anchor_exact_rxnorm
31218,10493,5004,thiopental,IN,direct_anchor_exact_rxnorm
31220,38133,5005,thiopropazate,IN,direct_anchor_exact_rxnorm
31221,10498,5006,thioproperazine,IN,direct_anchor_exact_rxnorm
31224,1314275,5007,thioredoxin,IN,direct_anchor_exact_rxnorm
31225,10502,5008,thioridazine,IN,direct_anchor_exact_rxnorm
31228,322165,5010,thiosalicylic acid,IN,direct_anchor_exact_rxnorm
31229,1365970,5011,thiostrepton,IN,direct_anchor_exact_rxnorm
31232,10510,5014,thiothixene,IN,direct_anchor_exact_rxnorm
31233,10510,5014,thiothixene,IN,direct_anchor_exact_rxnorm
31236,38150,5015,thiphenamil,IN,direct_anchor_exact_rxnorm
31240,10517,5016,thiram,IN,direct_anchor_exact_rxnorm
31243,237058,5017,thonzonium,IN,direct_anchor_exact_rxnorm
31244,1360721,5018,thonzylamine,IN,direct_anchor_exact_rxnorm
31250,10524,5020,threonine,IN,direct_anchor_exact_rxnorm
31254,10528,5021,thrombin,IN,direct_anchor_exact_rxnorm
31255,10528,5021,thrombin,IN,direct_anchor_exact_rxnorm
31265,1307585,5022,thuja occidentalis bark extract,IN,direct_anchor_exact_rxnorm
31266,38221,5023,thymalfasin,IN,direct_anchor_exact_rxnorm
31269,90950,5024,thyme oil,IN,direct_anchor_exact_rxnorm
31283,1368871,5025,thymine,IN,direct_anchor_exact_rxnorm
31286,10553,5026,thymol,IN,direct_anchor_exact_rxnorm
31287,89717,5027,thymol iodide,IN,direct_anchor_exact_rxnorm
31288,40230,5028,thymopentin,IN,direct_anchor_exact_rxnorm
31295,235479,5031,"thyroid, porcine",IN,direct_anchor_exact_rxnorm
31298,10579,5032,thyrotropin,IN,direct_anchor_exact_rxnorm
31299,4952,5033,thyrotropin alfa,IN,direct_anchor_exact_rxnorm
31306,38248,5035,tiadenol,IN,direct_anchor_exact_rxnorm
31308,31914,5036,tiagabine,IN,direct_anchor_exact_rxnorm
31313,1546410,5037,tiamulin,IN,direct_anchor_exact_rxnorm
31314,1314589,5038,tiamulin fumarate,IN,direct_anchor_exact_rxnorm
31316,38252,5039,tianeptine,IN,direct_anchor_exact_rxnorm
31319,10588,5040,tiapride,IN,direct_anchor_exact_rxnorm
31320,618442,5041,tiaprofenate,IN,direct_anchor_exact_rxnorm
31331,237141,5042,tibezonium iodide,IN,direct_anchor_exact_rxnorm
31334,38260,5043,tibolone,IN,direct_anchor_exact_rxnorm
31345,10591,5045,ticarcillin,IN,direct_anchor_exact_rxnorm
31346,10591,5045,ticarcillin,IN,direct_anchor_exact_rxnorm
31349,10594,5046,ticlopidine,IN,unique_convergent_term_evidence
31350,10594,5046,ticlopidine,IN,direct_anchor_exact_rxnorm
31358,236188,5047,tiemonium,IN,direct_anchor_exact_rxnorm
31373,38685,5196,trimethobenzamide,IN,direct_anchor_exact_rxnorm
31376,384455,5048,tigecycline,IN,direct_anchor_exact_rxnorm
31378,2478456,5049,tigilanol tiglate,IN,direct_anchor_exact_rxnorm
31381,2698199,5050,tigolaner,IN,direct_anchor_exact_rxnorm
31391,41397,2887,lactase,IN,unique_convergent_term_evidence
31395,166718,5051,tilbroquinol,IN,direct_anchor_exact_rxnorm
31397,1306059,5052,tildipirosin,IN,direct_anchor_exact_rxnorm
31398,2053436,5053,tildrakizumab,IN,direct_anchor_exact_rxnorm
31399,1535217,5054,tiletamine,IN,direct_anchor_exact_rxnorm
31400,1535217,5054,tiletamine,IN,direct_anchor_exact_rxnorm
31401,995754,308,american basswood pollen extract,IN,unique_convergent_term_evidence
31402,852070,3013,linden pollen extract,IN,unique_convergent_term_evidence
31403,10597,5055,tilidine,IN,direct_anchor_exact_rxnorm
31404,10597,5055,tilidine,IN,direct_anchor_exact_rxnorm
31411,38278,5056,tilmicosin,IN,direct_anchor_exact_rxnorm
31412,38278,5056,tilmicosin,IN,direct_anchor_exact_rxnorm
31426,57230,5057,tiludronate,IN,direct_anchor_exact_rxnorm
31427,11476,5058,tiludronic acid,IN,direct_anchor_exact_rxnorm
31444,10600,5059,timolol,IN,direct_anchor_exact_rxnorm
31445,812786,315,amiloride / hydrochlorothiazide / timolol,MIN,direct_anchor_exact_rxnorm
31458,10612,5061,tinidazole,IN,direct_anchor_exact_rxnorm
31467,69646,5062,tinzaparin,IN,direct_anchor_exact_rxnorm
31469,163426,5063,tioclomarol,IN,direct_anchor_exact_rxnorm
31470,38298,5064,tioconazole,IN,direct_anchor_exact_rxnorm
31479,6765,5065,tiopronin,IN,direct_anchor_exact_rxnorm
31484,69120,5066,tiotropium,IN,direct_anchor_exact_rxnorm
31485,69120,5066,tiotropium,IN,direct_anchor_exact_rxnorm
31490,2059173,5067,tioxolone,IN,direct_anchor_exact_rxnorm
31500,1670304,5068,tipiracil,IN,direct_anchor_exact_rxnorm
31501,1670304,5068,tipiracil,IN,direct_anchor_exact_rxnorm
31504,190548,5070,tipranavir,IN,direct_anchor_exact_rxnorm
31523,13982,5071,tiratricol,IN,direct_anchor_exact_rxnorm
31524,2471078,5072,tirbanibulin,IN,direct_anchor_exact_rxnorm
31527,72467,5073,tirilazad,IN,direct_anchor_exact_rxnorm
31529,73137,5074,tirofiban,IN,direct_anchor_exact_rxnorm
31530,38315,5075,tiropramide,IN,direct_anchor_exact_rxnorm
31532,2601723,5076,tirzepatide,IN,direct_anchor_exact_rxnorm
31536,38136,5079,tisopurine,IN,direct_anchor_exact_rxnorm
31538,2571095,5080,tisotumab,IN,direct_anchor_exact_rxnorm
31540,1305547,5081,titanium,IN,direct_anchor_exact_rxnorm
31541,38323,5082,titanium dioxide,IN,direct_anchor_exact_rxnorm
31547,2740012,5083,tividenofusp alfa,IN,direct_anchor_exact_rxnorm
31549,5781,2694,indomethacin,IN,direct_anchor_exact_rxnorm
31551,2587300,5085,tixagevimab,IN,direct_anchor_exact_rxnorm
31553,57257,5086,tixocortol,IN,direct_anchor_exact_rxnorm
31554,57257,5086,tixocortol,IN,direct_anchor_exact_rxnorm
31556,57258,5087,tizanidine,IN,direct_anchor_exact_rxnorm
31557,57258,5087,tizanidine,IN,direct_anchor_exact_rxnorm
31605,10627,5088,tobramycin,IN,direct_anchor_exact_rxnorm
31607,42359,5089,tocainide,IN,direct_anchor_exact_rxnorm
31609,60906,5090,tocamphyl,IN,direct_anchor_exact_rxnorm
31610,1145945,5091,toceranib,IN,direct_anchor_exact_rxnorm
31611,1145945,5091,toceranib,IN,direct_anchor_exact_rxnorm
31614,159151,5094,tocophersolan,IN,unique_convergent_term_evidence
31616,1236136,5093,tocopherol,IN,direct_anchor_exact_rxnorm
31618,1376149,262,alpha-tocopherylquinone,IN,unique_convergent_term_evidence
31621,1357536,5096,tofacitinib,IN,direct_anchor_exact_rxnorm
31624,2634995,5097,tofersen,IN,direct_anchor_exact_rxnorm
31629,38365,5098,tofisopam,IN,direct_anchor_exact_rxnorm
31636,10633,5099,tolazamide,IN,direct_anchor_exact_rxnorm
31637,10634,5100,tolazoline,IN,direct_anchor_exact_rxnorm
31638,10634,5100,tolazoline,IN,direct_anchor_exact_rxnorm
31640,10635,5101,tolbutamide,IN,direct_anchor_exact_rxnorm
31641,10635,5101,tolbutamide,IN,direct_anchor_exact_rxnorm
31642,72937,5102,tolcapone,IN,direct_anchor_exact_rxnorm
31643,38372,5103,tolciclate,IN,direct_anchor_exact_rxnorm
31645,2001181,5104,toldimfos,IN,direct_anchor_exact_rxnorm
31647,1546437,4123,polystyrene sulfonate,IN,unique_convergent_term_evidence
31650,38377,5105,tolfenamic acid,IN,direct_anchor_exact_rxnorm
31663,10636,5106,tolmetin,IN,direct_anchor_exact_rxnorm
31664,10636,5106,tolmetin,IN,direct_anchor_exact_rxnorm
31669,38382,5108,toloxatone,IN,direct_anchor_exact_rxnorm
31673,10639,5109,tolperisone,IN,direct_anchor_exact_rxnorm
31679,38386,5110,tolrestat,IN,direct_anchor_exact_rxnorm
31680,119565,5111,tolterodine,IN,direct_anchor_exact_rxnorm
31681,1535930,5112,toltrazuril,IN,direct_anchor_exact_rxnorm
31682,1116238,5113,tolu balsam,IN,direct_anchor_exact_rxnorm
31685,1311381,5114,toluene,IN,direct_anchor_exact_rxnorm
31688,358257,5115,tolvaptan,IN,direct_anchor_exact_rxnorm
31742,38404,5116,topiramate,IN,direct_anchor_exact_rxnorm
31771,38413,5120,torsemide,IN,unique_convergent_term_evidence
31777,38409,5118,toremifene,IN,direct_anchor_exact_rxnorm
31828,1716278,5123,trabectedin,IN,direct_anchor_exact_rxnorm
31834,2739506,5124,tradipitant,IN,direct_anchor_exact_rxnorm
31836,1368197,5125,tragacanth,IN,direct_anchor_exact_rxnorm
31840,2589225,5127,tralokinumab,IN,direct_anchor_exact_rxnorm
31842,10689,5128,tramadol,IN,direct_anchor_exact_rxnorm
31843,10689,5128,tramadol,IN,unique_convergent_term_evidence
31844,38453,5129,tramazoline,IN,direct_anchor_exact_rxnorm
31847,1374845,5131,tramiprosate,IN,direct_anchor_exact_rxnorm
31851,38454,5132,trandolapril,IN,direct_anchor_exact_rxnorm
31852,1546379,5134,trandolaprilat,IN,direct_anchor_exact_rxnorm
31853,57330,5136,tranilast,IN,direct_anchor_exact_rxnorm
31883,10734,5137,tranylcypromine,IN,direct_anchor_exact_rxnorm
31885,10735,5138,trapidil,IN,direct_anchor_exact_rxnorm
31892,224905,5139,trastuzumab,IN,direct_anchor_exact_rxnorm
31898,283809,5140,travoprost,IN,direct_anchor_exact_rxnorm
31906,10737,5141,trazodone,IN,direct_anchor_exact_rxnorm
31907,10737,5141,trazodone,IN,direct_anchor_exact_rxnorm
31925,1311373,5142,trehalose,IN,direct_anchor_exact_rxnorm
31926,1311373,5142,trehalose,IN,direct_anchor_exact_rxnorm
31939,1484278,5144,trenbolone,IN,direct_anchor_exact_rxnorm
31940,1549461,1981,estradiol / trenbolone,MIN,direct_anchor_exact_rxnorm
31945,44532,5146,trepibutone,IN,direct_anchor_exact_rxnorm
31949,343048,5147,treprostinil,IN,direct_anchor_exact_rxnorm
31950,343048,5147,treprostinil,IN,direct_anchor_exact_rxnorm
31965,10756,5149,triacetin,IN,direct_anchor_exact_rxnorm
31973,10759,5150,triamcinolone,IN,direct_anchor_exact_rxnorm
31979,10763,5151,triamterene,IN,direct_anchor_exact_rxnorm
31984,10767,5152,triazolam,IN,direct_anchor_exact_rxnorm
31990,38557,5155,tribenoside,IN,direct_anchor_exact_rxnorm
31994,1423345,5156,tribulus,IN,unique_convergent_term_evidence
31995,1311579,5157,tribulus terrestris fruit extract,IN,unique_convergent_term_evidence
31996,1306058,5158,tribulus terrestris root extract,IN,unique_convergent_term_evidence
32000,1370418,5159,tricaine,IN,direct_anchor_exact_rxnorm
32001,1314419,5160,tricaprin,IN,direct_anchor_exact_rxnorm
32002,1314420,5161,tricaprylin,IN,direct_anchor_exact_rxnorm
32007,1994358,5162,tricetin,IN,direct_anchor_exact_rxnorm
32008,10772,5164,trichlormethiazide,IN,direct_anchor_exact_rxnorm
32010,38574,5165,trichloroacetaldehyde,IN,direct_anchor_exact_rxnorm
32011,618564,5166,trichloroacetate,IN,direct_anchor_exact_rxnorm
32012,2534464,5167,trichloroethylene,IN,direct_anchor_exact_rxnorm
32016,465118,5168,trichophyton antigen,IN,direct_anchor_exact_rxnorm
32021,1310905,5169,trichophyton verrucosum,IN,direct_anchor_exact_rxnorm
32027,2118525,5170,triclabendazole,IN,direct_anchor_exact_rxnorm
32033,38610,5172,triclofos,IN,direct_anchor_exact_rxnorm
32034,38610,5172,triclofos,IN,direct_anchor_exact_rxnorm
32037,10795,5173,triclosan,IN,direct_anchor_exact_rxnorm
32046,38617,5174,tridihexethyl,IN,direct_anchor_exact_rxnorm
32047,38617,5174,tridihexethyl,IN,direct_anchor_exact_rxnorm
32050,10798,5175,trientine,IN,direct_anchor_exact_rxnorm
32051,1363986,5177,triethanolamine lauryl sulfate,IN,direct_anchor_exact_rxnorm
32052,1310586,3657,octyltriethoxysilane,IN,unique_convergent_term_evidence
32053,1310554,5178,triethyl citrate,IN,direct_anchor_exact_rxnorm
32055,1368702,5179,triethylene glycol,IN,direct_anchor_exact_rxnorm
32057,10798,5175,trientine,IN,unique_convergent_term_evidence
32058,1368189,5180,triethylhexanoin,IN,direct_anchor_exact_rxnorm
32059,2205637,5181,trifarotene,IN,direct_anchor_exact_rxnorm
32067,10800,5182,trifluoperazine,IN,direct_anchor_exact_rxnorm
32076,10804,5183,trifluperidol,IN,direct_anchor_exact_rxnorm
32077,10805,5184,triflupromazine,IN,direct_anchor_exact_rxnorm
32078,10803,5185,trifluridine,IN,direct_anchor_exact_rxnorm
32079,38655,5186,triflusal,IN,direct_anchor_exact_rxnorm
32090,1313234,5187,triheptanoin,IN,direct_anchor_exact_rxnorm
32092,10811,5188,trihexyphenidyl,IN,direct_anchor_exact_rxnorm
32093,10811,5188,trihexyphenidyl,IN,direct_anchor_exact_rxnorm
32094,2479690,5189,trilaciclib,IN,direct_anchor_exact_rxnorm
32096,38668,5190,trilostane,IN,direct_anchor_exact_rxnorm
32102,10819,5191,trimebutine,IN,direct_anchor_exact_rxnorm
32112,1008055,4191,prednisolone / trimeprazine,MIN,direct_anchor_exact_rxnorm
32123,10826,5193,trimetazidine,IN,direct_anchor_exact_rxnorm
32124,10827,5194,trimethadione,IN,direct_anchor_exact_rxnorm
32125,10828,5195,trimethaphan,IN,direct_anchor_exact_rxnorm
32126,10828,5195,trimethaphan,IN,direct_anchor_exact_rxnorm
32128,38685,5196,trimethobenzamide,IN,direct_anchor_exact_rxnorm
32129,10829,5197,trimethoprim,IN,direct_anchor_exact_rxnorm
32130,10829,5197,trimethoprim,IN,direct_anchor_exact_rxnorm
32152,10834,5199,trimipramine,IN,direct_anchor_exact_rxnorm
32153,10834,5199,trimipramine,IN,direct_anchor_exact_rxnorm
32154,1007810,1754,dodecyl sulfate / oxyquinoline,MIN,direct_anchor_exact_rxnorm
32171,1368882,5200,trimyristin,IN,direct_anchor_exact_rxnorm
32177,10844,5202,trioxsalen,IN,direct_anchor_exact_rxnorm
32180,10847,5203,tripelennamine,IN,direct_anchor_exact_rxnorm
32181,10847,5203,tripelennamine,IN,direct_anchor_exact_rxnorm
32182,690847,1721,diphenhydramine / tripelennamine,MIN,direct_anchor_exact_rxnorm
32186,1364529,5205,triphosphoric acid,IN,direct_anchor_exact_rxnorm
32189,10849,5206,triprolidine,IN,direct_anchor_exact_rxnorm
32193,38782,5207,triptorelin,IN,direct_anchor_exact_rxnorm
32201,1364568,3463,n-(hydroxyethyl)ethylenediaminetriacetic acid,IN,direct_anchor_exact_rxnorm
32204,1368872,5208,tristearin,IN,direct_anchor_exact_rxnorm
32212,867361,5389,wheat pollen extract,IN,unique_convergent_term_evidence
32213,38810,5209,tritoqualine,IN,direct_anchor_exact_rxnorm
32216,1546887,75,abacavir / dolutegravir / lamivudine,MIN,direct_anchor_exact_rxnorm
32223,284620,77,abacavir / lamivudine / zidovudine,MIN,direct_anchor_exact_rxnorm
32237,1537576,5210,troclosene,IN,direct_anchor_exact_rxnorm
32240,2632852,5211,trofinetide,IN,direct_anchor_exact_rxnorm
32241,38865,5212,trofosfamide,IN,direct_anchor_exact_rxnorm
32242,72610,5213,troglitazone,IN,direct_anchor_exact_rxnorm
32243,38623,5176,triethanolamine,IN,unique_convergent_term_evidence
32245,38866,5214,trolamine salicylate,IN,direct_anchor_exact_rxnorm
32246,10864,5215,troleandomycin,IN,direct_anchor_exact_rxnorm
32250,38868,5216,tromantadine,IN,direct_anchor_exact_rxnorm
32251,38868,5216,tromantadine,IN,direct_anchor_exact_rxnorm
32253,10865,5217,tromethamine,IN,direct_anchor_exact_rxnorm
32260,38876,5218,tropatepine,IN,direct_anchor_exact_rxnorm
32262,10869,5219,tropicamide,IN,direct_anchor_exact_rxnorm
32269,27392,5220,tropisetron,IN,direct_anchor_exact_rxnorm
32276,236778,5221,trospium,IN,direct_anchor_exact_rxnorm
32277,2694836,5222,trospium / xanomeline,MIN,direct_anchor_exact_rxnorm
32280,115552,5223,trovafloxacin,IN,direct_anchor_exact_rxnorm
32281,115552,5223,trovafloxacin,IN,direct_anchor_exact_rxnorm
32285,38893,5224,troxerutin,IN,direct_anchor_exact_rxnorm
32296,1008145,1890,emtricitabine / tenofovir disoproxil,MIN,direct_anchor_exact_rxnorm
32304,1726081,5225,trypan blue free acid,IN,direct_anchor_exact_rxnorm
32307,10890,5226,trypsin,IN,direct_anchor_exact_rxnorm
32309,10898,5227,tryptophan,IN,direct_anchor_exact_rxnorm
32338,8948,4284,purified protein derivative of tuberculin,IN,unique_convergent_term_evidence
32339,10908,5228,tuberculin,IN,direct_anchor_exact_rxnorm
32340,8948,4284,purified protein derivative of tuberculin,IN,unique_convergent_term_evidence
32342,10917,5229,tubocurarine,IN,direct_anchor_exact_rxnorm
32343,10917,5229,tubocurarine,IN,direct_anchor_exact_rxnorm
32351,2361285,5230,tucatinib,IN,direct_anchor_exact_rxnorm
32352,89821,5401,witch hazel,IN,direct_anchor_exact_rxnorm
32355,1437806,5232,tulathromycin a,IN,direct_anchor_exact_rxnorm
32358,38967,5233,tulobuterol,IN,direct_anchor_exact_rxnorm
32373,892503,5234,tuna allergenic extract,IN,unique_convergent_term_evidence
32380,1373037,5236,turmeric oil,IN,direct_anchor_exact_rxnorm
32383,4257,2097,factor viii,IN,direct_anchor_exact_rxnorm
32386,10938,5239,turpentine,IN,direct_anchor_exact_rxnorm
32403,62178,5240,tybamate,IN,direct_anchor_exact_rxnorm
32405,817579,109,acetaminophen / codeine,MIN,direct_anchor_exact_rxnorm
32406,995505,5241,tylosin,IN,direct_anchor_exact_rxnorm
32407,1363719,5242,tylosin phosphate,IN,direct_anchor_exact_rxnorm
32408,995505,5241,tylosin,IN,direct_anchor_exact_rxnorm
32409,38998,5243,tyloxapol,IN,direct_anchor_exact_rxnorm
32410,1368469,5244,tylvalosin,IN,direct_anchor_exact_rxnorm
32411,1368469,5244,tylvalosin,IN,direct_anchor_exact_rxnorm
32415,1232637,808,broadleaf cattail pollen extract,IN,unique_convergent_term_evidence
32418,807219,5245,"typhoid vi polysaccharide vaccine, s typhi ty2 strain",IN,unique_convergent_term_evidence
32420,10958,5246,tyramine,IN,direct_anchor_exact_rxnorm
32432,10968,5248,tyrothricin,IN,direct_anchor_exact_rxnorm
32454,21406,5249,ubidecarenone,IN,direct_anchor_exact_rxnorm
32456,39085,5250,ubiquinol,IN,direct_anchor_exact_rxnorm
32458,1423925,5251,ubiquinone q2,IN,direct_anchor_exact_rxnorm
32461,2626349,5252,ublituximab,IN,direct_anchor_exact_rxnorm
32462,2268216,5253,ubrogepant,IN,direct_anchor_exact_rxnorm
32490,2478439,5256,umbralisib,IN,unique_convergent_term_evidence
32505,1005921,5254,ulipristal,IN,direct_anchor_exact_rxnorm
32509,852054,310,american elm pollen extract,IN,unique_convergent_term_evidence
32510,1014191,1054,cedar elm pollen extract,IN,unique_convergent_term_evidence
32511,852844,1145,chinese elm pollen extract,IN,unique_convergent_term_evidence
32512,1299981,4607,siberian elm pollen extract,IN,unique_convergent_term_evidence
32514,41208,2497,halobetasol,IN,unique_convergent_term_evidence
32525,352362,112,acetaminophen / tramadol,MIN,direct_anchor_exact_rxnorm
32532,1338620,5255,ulva lactuca extract,IN,direct_anchor_exact_rxnorm
32536,1487514,5257,umeclidinium,IN,direct_anchor_exact_rxnorm
32542,1942479,5258,umirolimus,IN,direct_anchor_exact_rxnorm
32554,314881,5259,undecylenate,IN,unique_convergent_term_evidence
32560,5992,2788,iron-dextran complex,IN,direct_anchor_exact_rxnorm
32570,10991,5260,unithiol,IN,direct_anchor_exact_rxnorm
32574,1546408,5261,unoprostone,IN,direct_anchor_exact_rxnorm
32580,2196092,5262,upadacitinib,IN,direct_anchor_exact_rxnorm
32600,39230,5265,urapidil,IN,direct_anchor_exact_rxnorm
32601,11002,5266,urea,IN,direct_anchor_exact_rxnorm
32610,1420982,5267,urethane,IN,direct_anchor_exact_rxnorm
32612,1427088,5268,uric acid,IN,direct_anchor_exact_rxnorm
32614,11017,5269,uridine,IN,direct_anchor_exact_rxnorm
32619,1665222,5270,uridine triacetate,IN,direct_anchor_exact_rxnorm
32634,894750,3820,para grass pollen extract,IN,unique_convergent_term_evidence
32637,134404,5271,urofollitropin,IN,direct_anchor_exact_rxnorm
32638,11055,5272,urokinase,IN,direct_anchor_exact_rxnorm
32646,2045735,5273,ursadiol,IN,direct_anchor_exact_rxnorm
32647,62427,5274,ursodeoxycholate,IN,unique_convergent_term_evidence
32648,1370661,5275,ursolate,IN,direct_anchor_exact_rxnorm
32650,852046,3537,nettle pollen extract,IN,unique_convergent_term_evidence
32661,847083,5276,ustekinumab,IN,direct_anchor_exact_rxnorm
32662,349978,3637,oat smut allergenic extract,IN,unique_convergent_term_evidence
32664,314488,1387,corn smut allergenic extract,IN,unique_convergent_term_evidence
32705,1945217,3245,meropenem / vaborbactam,MIN,direct_anchor_exact_rxnorm
32706,1945213,5278,vaborbactam,IN,direct_anchor_exact_rxnorm
32725,2679296,5281,vadadustat,IN,direct_anchor_exact_rxnorm
32737,73645,5282,valacyclovir,IN,direct_anchor_exact_rxnorm
32741,1918219,5283,valbenazine,IN,direct_anchor_exact_rxnorm
32742,1918219,5283,valbenazine,IN,direct_anchor_exact_rxnorm
32746,275891,5285,valganciclovir,IN,direct_anchor_exact_rxnorm
32747,278567,5284,valdecoxib,IN,direct_anchor_exact_rxnorm
32756,275891,5285,valganciclovir,IN,direct_anchor_exact_rxnorm
32763,2604036,5288,valnemulin,IN,direct_anchor_exact_rxnorm
32764,2604036,5288,valnemulin,IN,direct_anchor_exact_rxnorm
32767,2641610,5289,valoctocogene roxaparvovec,IN,direct_anchor_exact_rxnorm
32775,40254,5290,valproate,IN,direct_anchor_exact_rxnorm
32776,324003,739,bismuth dipropylacetate,IN,unique_convergent_term_evidence
32781,31435,5291,valrubicin,IN,direct_anchor_exact_rxnorm
32782,31435,5291,valrubicin,IN,direct_anchor_exact_rxnorm
32783,69749,5292,valsartan,IN,direct_anchor_exact_rxnorm
32788,73645,5282,valacyclovir,IN,direct_anchor_exact_rxnorm
32796,2669799,5293,vamorolone,IN,direct_anchor_exact_rxnorm
32798,11121,5294,vanadium,IN,direct_anchor_exact_rxnorm
32800,11124,5295,vancomycin,IN,direct_anchor_exact_rxnorm
32801,11124,5295,vancomycin,IN,direct_anchor_exact_rxnorm
32808,901291,5297,vanilla bean allergenic extract,IN,unique_convergent_term_evidence
32810,1368176,5298,vanillin,IN,direct_anchor_exact_rxnorm
32812,1313189,5299,vanillyl butyl ether,IN,direct_anchor_exact_rxnorm
32820,2701431,5300,vanzacaftor,IN,direct_anchor_exact_rxnorm
32828,2274413,2519,"hepatitis a virus strain cr 326f antigen, inactivated",IN,direct_anchor_exact_rxnorm
32829,306674,5301,vardenafil,IN,direct_anchor_exact_rxnorm
32831,591622,5302,varenicline,IN,direct_anchor_exact_rxnorm
32839,1986821,5303,varicella zoster virus glycoprotein e,IN,unique_convergent_term_evidence
32854,214536,1892,enalapril / hydrochlorothiazide,MIN,direct_anchor_exact_rxnorm
32855,1942960,5305,vasoactive intestinal peptide,IN,direct_anchor_exact_rxnorm
32864,2601584,5306,vatinoxan,IN,direct_anchor_exact_rxnorm
32865,2601586,3188,medetomidine / vatinoxan,MIN,direct_anchor_exact_rxnorm
32895,71535,5307,vecuronium,IN,direct_anchor_exact_rxnorm
32898,1538097,5308,vedolizumab,IN,direct_anchor_exact_rxnorm
32911,1317116,5309,velafermin,IN,direct_anchor_exact_rxnorm
32912,901805,5310,velaglucerase alfa,IN,direct_anchor_exact_rxnorm
32921,2630725,5311,velmanase alfa,IN,direct_anchor_exact_rxnorm
32923,1799206,5312,velpatasvir,IN,direct_anchor_exact_rxnorm
32932,1147220,5314,vemurafenib,IN,direct_anchor_exact_rxnorm
32934,1747556,5315,venetoclax,IN,direct_anchor_exact_rxnorm
32938,39786,5316,venlafaxine,IN,direct_anchor_exact_rxnorm
32944,2743350,5317,vepdegestrant,IN,direct_anchor_exact_rxnorm
32953,39468,5318,veralipride,IN,direct_anchor_exact_rxnorm
32954,11170,5319,verapamil,IN,direct_anchor_exact_rxnorm
32962,2539289,5320,verdinexor,IN,direct_anchor_exact_rxnorm
32965,2475830,5321,vericiguat,IN,direct_anchor_exact_rxnorm
32969,8638,4189,prednisolone,IN,direct_anchor_exact_rxnorm
32979,118886,5322,verteporfin,IN,direct_anchor_exact_rxnorm
32996,1297531,2371,german wasp venom protein,IN,unique_convergent_term_evidence
32998,1297535,5387,western yellow jacket venom protein,IN,unique_convergent_term_evidence
33003,1989819,5323,vestronidase alfa,IN,direct_anchor_exact_rxnorm
33008,121243,5368,voriconazole,IN,direct_anchor_exact_rxnorm
33018,2472254,5324,vibegron,IN,direct_anchor_exact_rxnorm
33023,1812935,5325,vibrio cholerae cvd 103-hgr strain live antigen,IN,direct_anchor_exact_rxnorm
33035,11194,5326,vidarabine,IN,direct_anchor_exact_rxnorm
33036,11194,5326,vidarabine,IN,direct_anchor_exact_rxnorm
33042,14851,5327,vigabatrin,IN,direct_anchor_exact_rxnorm
33044,1424884,5328,vilanterol,IN,direct_anchor_exact_rxnorm
33045,1424884,5328,vilanterol,IN,direct_anchor_exact_rxnorm
33047,1086769,5329,vilazodone,IN,direct_anchor_exact_rxnorm
33048,596554,5330,vildagliptin,IN,direct_anchor_exact_rxnorm
33049,2639620,5331,vilobelimab,IN,direct_anchor_exact_rxnorm
33050,11196,5332,viloxazine,IN,direct_anchor_exact_rxnorm
33051,11196,5332,viloxazine,IN,direct_anchor_exact_rxnorm
33052,2389840,5333,viltolarsen,IN,direct_anchor_exact_rxnorm
33058,2705378,5334,vimseltinib,IN,direct_anchor_exact_rxnorm
33059,89811,5335,vinbarbital,IN,direct_anchor_exact_rxnorm
33063,57954,5337,vinburnine,IN,direct_anchor_exact_rxnorm
33066,11201,5338,vincamine,IN,direct_anchor_exact_rxnorm
33079,11202,5339,vincristine,IN,unique_convergent_term_evidence
33094,24506,5342,vinpocetine,IN,direct_anchor_exact_rxnorm
33119,2597054,5343,vipivotide tetraxetan,IN,direct_anchor_exact_rxnorm
33123,39580,5344,viquidil,IN,direct_anchor_exact_rxnorm
33135,11232,5345,virginiamycin,IN,direct_anchor_exact_rxnorm
33161,11246,5347,vitamin a,IN,direct_anchor_exact_rxnorm
33171,2276893,5357,vitamin k7,IN,direct_anchor_exact_rxnorm
33177,2684982,5358,vitexin,IN,direct_anchor_exact_rxnorm
33201,2475166,5360,voclosporin,IN,direct_anchor_exact_rxnorm
33210,2637345,5361,volanesorsen,IN,direct_anchor_exact_rxnorm
33231,226623,2098,factor viii / von willebrand factor,MIN,unique_convergent_term_evidence
33236,1812589,5363,vonicog alfa,IN,direct_anchor_exact_rxnorm
33242,1537034,5365,vorapaxar,IN,direct_anchor_exact_rxnorm
33243,2690647,5366,vorasidenib,IN,direct_anchor_exact_rxnorm
33244,2690647,5366,vorasidenib,IN,direct_anchor_exact_rxnorm
33247,1995537,5367,voretigene neparvovec,IN,direct_anchor_exact_rxnorm
33248,121243,5368,voriconazole,IN,direct_anchor_exact_rxnorm
33252,194337,5369,vorinostat,IN,direct_anchor_exact_rxnorm
33263,1455099,5370,vortioxetine,IN,direct_anchor_exact_rxnorm
33271,2586354,5371,vosoritide,IN,direct_anchor_exact_rxnorm
33274,1939323,5373,voxilaprevir,IN,direct_anchor_exact_rxnorm
33300,2604578,5374,vutrisiran,IN,direct_anchor_exact_rxnorm
33307,484211,2090,ezetimibe / simvastatin,MIN,direct_anchor_exact_rxnorm
33316,11289,5375,warfarin,IN,direct_anchor_exact_rxnorm
33322,11295,5376,water,IN,direct_anchor_exact_rxnorm
33341,901299,5398,whole wheat allergenic extract,IN,unique_convergent_term_evidence
33343,72385,5388,wheat germ oil,IN,direct_anchor_exact_rxnorm
33347,901265,5393,white fish allergenic extract,IN,unique_convergent_term_evidence
33368,89821,5401,witch hazel,IN,direct_anchor_exact_rxnorm
33377,2915,1405,creosote,IN,unique_convergent_term_evidence
33379,1309324,5402,wormwood extract,IN,unique_convergent_term_evidence
33426,39801,5404,xamoterol,IN,direct_anchor_exact_rxnorm
33427,39801,5404,xamoterol,IN,direct_anchor_exact_rxnorm
33429,596,265,alprazolam,IN,direct_anchor_exact_rxnorm
33430,2694828,5405,xanomeline,IN,direct_anchor_exact_rxnorm
33431,2694828,5405,xanomeline,IN,direct_anchor_exact_rxnorm
33435,1307815,5406,xanthan gum,IN,direct_anchor_exact_rxnorm
33436,1311085,5407,xanthine,IN,direct_anchor_exact_rxnorm
33438,89795,5408,xanthinol,IN,direct_anchor_exact_rxnorm
33439,89795,5408,xanthinol,IN,direct_anchor_exact_rxnorm
33442,902215,1370,common cocklebur pollen extract,IN,unique_convergent_term_evidence
33457,1357536,5096,tofacitinib,IN,direct_anchor_exact_rxnorm
33458,5666,2673,immunoglobulin g,IN,direct_anchor_exact_rxnorm
33469,11363,5409,xenon,IN,direct_anchor_exact_rxnorm
33472,11363,5409,xenon,IN,direct_anchor_exact_rxnorm
33480,1872441,4929,telotristat ethyl,IN,direct_anchor_exact_rxnorm
33488,39823,5410,xibornol,IN,direct_anchor_exact_rxnorm
33501,11371,5411,xipamide,IN,direct_anchor_exact_rxnorm
33531,5552,2614,hydroxyurea,IN,direct_anchor_exact_rxnorm
33539,1099660,5412,xylazine,IN,direct_anchor_exact_rxnorm
33540,1099660,5412,xylazine,IN,direct_anchor_exact_rxnorm
33541,11377,5413,xylitol,IN,direct_anchor_exact_rxnorm
33542,11377,5413,xylitol,IN,direct_anchor_exact_rxnorm
33544,39841,5414,xylometazoline,IN,direct_anchor_exact_rxnorm
33545,39841,5414,xylometazoline,IN,direct_anchor_exact_rxnorm
33546,11378,5415,xylose,IN,direct_anchor_exact_rxnorm
33567,804187,5417,yellow fever virus strain 17d-204 live antigen,IN,unique_convergent_term_evidence
33584,220982,5423,yohimbine,IN,direct_anchor_exact_rxnorm
33585,220982,5423,yohimbine,IN,direct_anchor_exact_rxnorm
33615,114970,5424,zafirlukast,IN,direct_anchor_exact_rxnorm
33620,3363,5425,zalcitabine,IN,direct_anchor_exact_rxnorm
33622,74667,5426,zaleplon,IN,direct_anchor_exact_rxnorm
33634,1232150,172,aflibercept,IN,direct_anchor_exact_rxnorm
33649,69722,5427,zanamivir,IN,direct_anchor_exact_rxnorm
33654,2698198,5428,zanidatamab,IN,direct_anchor_exact_rxnorm
33686,2637955,5430,zavegepant,IN,direct_anchor_exact_rxnorm
33687,2637955,5430,zavegepant,IN,direct_anchor_exact_rxnorm
33693,852015,1386,corn pollen extract,IN,unique_convergent_term_evidence
33694,1440227,5431,zeatin,IN,direct_anchor_exact_rxnorm
33695,39918,5432,zeaxanthin,IN,direct_anchor_exact_rxnorm
33726,2699588,5433,zenocutuzumab,IN,direct_anchor_exact_rxnorm
33730,1734635,1862,elbasvir / grazoprevir,MIN,direct_anchor_exact_rxnorm
33733,1368476,5434,zeranol,IN,direct_anchor_exact_rxnorm
33734,1597614,1091,ceftolozane / tazobactam,MIN,direct_anchor_exact_rxnorm
33748,214317,750,bisoprolol / hydrochlorothiazide,MIN,direct_anchor_exact_rxnorm
33751,68503,5435,ziconotide,IN,direct_anchor_exact_rxnorm
33755,2744813,5436,zidebactam,IN,direct_anchor_exact_rxnorm
33765,2725985,5438,ziftomenib,IN,direct_anchor_exact_rxnorm
33772,40575,5439,zileuton,IN,direct_anchor_exact_rxnorm
33777,1727538,5440,zilpaterol,IN,direct_anchor_exact_rxnorm
33778,2672489,5441,zilucoplan,IN,direct_anchor_exact_rxnorm
33786,11416,5442,zinc,IN,direct_anchor_exact_rxnorm
33787,58295,5443,zinc acetate,IN,direct_anchor_exact_rxnorm
33789,1549114,5444,zinc ascorbate,IN,direct_anchor_exact_rxnorm
33790,236142,5445,zinc aspartate,IN,direct_anchor_exact_rxnorm
33791,39935,5446,zinc carbonate,IN,direct_anchor_exact_rxnorm
33792,1546264,5447,zinc cation,IN,direct_anchor_exact_rxnorm
33793,39937,5448,zinc chloride,IN,direct_anchor_exact_rxnorm
33796,236911,5449,zinc citrate,IN,direct_anchor_exact_rxnorm
33797,1426943,1625,dibutyldithiocarbamate,IN,direct_anchor_exact_rxnorm
33801,58300,5450,zinc gluconate,IN,direct_anchor_exact_rxnorm
33802,1306063,5451,zinc glycinate,IN,direct_anchor_exact_rxnorm
33803,1306063,5451,zinc glycinate,IN,direct_anchor_exact_rxnorm
33804,1921759,5452,zinc iodide,IN,direct_anchor_exact_rxnorm
33807,11422,5453,zinc orotate,IN,direct_anchor_exact_rxnorm
33808,11423,5454,zinc oxide,IN,direct_anchor_exact_rxnorm
33811,1651702,3948,phenolsulfonate,IN,direct_anchor_exact_rxnorm
33812,58301,5455,zinc picolinate,IN,direct_anchor_exact_rxnorm
33814,39952,5456,zinc pyrithione,IN,direct_anchor_exact_rxnorm
33815,1368706,4736,stearate,IN,direct_anchor_exact_rxnorm
33817,39954,5457,zinc sulfate,IN,direct_anchor_exact_rxnorm
33820,1733817,5458,zinc sulfide,IN,direct_anchor_exact_rxnorm
33826,2199325,5461,zingerone,IN,direct_anchor_exact_rxnorm
33836,39969,5462,zipeprol,IN,direct_anchor_exact_rxnorm
33837,115698,5463,ziprasidone,IN,direct_anchor_exact_rxnorm
33838,115698,5463,ziprasidone,IN,direct_anchor_exact_rxnorm
33839,115698,5463,ziprasidone,IN,direct_anchor_exact_rxnorm
33842,39972,5464,zirconium oxide,IN,unique_convergent_term_evidence
33857,1487907,1707,dinitolmide,IN,unique_convergent_term_evidence
33864,39990,5465,zofenopril,IN,direct_anchor_exact_rxnorm
33865,39990,5465,zofenopril,IN,direct_anchor_exact_rxnorm
33875,1535252,5466,zolazepam,IN,direct_anchor_exact_rxnorm
33876,1535252,5466,zolazepam,IN,direct_anchor_exact_rxnorm
33877,2695869,5467,zolbetuximab,IN,direct_anchor_exact_rxnorm
33883,77655,5468,zoledronic acid,IN,direct_anchor_exact_rxnorm
33888,2734122,5469,zoliflodacin,IN,direct_anchor_exact_rxnorm
33893,135775,5470,zolmitriptan,IN,direct_anchor_exact_rxnorm
33895,39993,5471,zolpidem,IN,direct_anchor_exact_rxnorm
33903,39994,5472,zomepirac,IN,direct_anchor_exact_rxnorm
33904,39994,5472,zomepirac,IN,direct_anchor_exact_rxnorm
33912,2721604,5473,zongertinib,IN,direct_anchor_exact_rxnorm
33916,39998,5474,zonisamide,IN,direct_anchor_exact_rxnorm
33917,1537034,5365,vorapaxar,IN,direct_anchor_exact_rxnorm
33920,40001,5475,zopiclone,IN,direct_anchor_exact_rxnorm
33938,40003,5476,zotepine,IN,direct_anchor_exact_rxnorm
33950,114176,5477,zuclopenthixol,IN,direct_anchor_exact_rxnorm
33951,114176,5477,zuclopenthixol,IN,direct_anchor_exact_rxnorm
33952,114176,5477,zuclopenthixol,IN,direct_anchor_exact_rxnorm
33953,114176,5477,zuclopenthixol,IN,direct_anchor_exact_rxnorm
33957,2669905,5478,zuranolone,IN,direct_anchor_exact_rxnorm
33977,20610,1123,cetirizine,IN,direct_anchor_exact_rxnorm
