legacy_anchor_drug_id,canonical_rxcui,canonical_name,canonical_tty,default_rule
359,2169961,(4-(trifluoromethoxy)phenyl)urea,IN,direct_anchor_exact_rxnorm
379,28730,limonene,IN,unique_convergent_term_evidence
606,1487139,"1,1,2,2-tetrafluoroethane",IN,direct_anchor_exact_rxnorm
607,1872047,o-phenanthroline,IN,unique_convergent_term_evidence
615,1362577,"1,2,6-hexanetriol",IN,direct_anchor_exact_rxnorm
619,1367191,"1,2-dibromo-3-chloropropane",IN,direct_anchor_exact_rxnorm
629,1426933,"1,2-distearoyllecithin",IN,direct_anchor_exact_rxnorm
631,1549115,"1,2-docosahexanoyl-sn-glycero-3-phosphoserine",IN,direct_anchor_exact_rxnorm
633,1362584,"1,2-hexanediol",IN,direct_anchor_exact_rxnorm
634,1549117,"1,2-icosapentoyl-sn-glycero-3-phosphoserine",IN,direct_anchor_exact_rxnorm
643,2385341,"1,3-bis((1-methylethyl)amino)propan-2-ol",IN,direct_anchor_exact_rxnorm
646,2548035,"1,3-butadiene",IN,direct_anchor_exact_rxnorm
654,1363030,"1,3-propanediol",IN,direct_anchor_exact_rxnorm
656,319868,"1,4-benzoquinone",IN,direct_anchor_exact_rxnorm
660,2383534,dioxane,IN,unique_convergent_term_evidence
729,1591920,1-(c14-c18 esteroyl)-2-docosahexanoyl-sn-glycero-3-phosphocholine,IN,direct_anchor_exact_rxnorm
730,1591921,1-(c14-c18 esteroyl)-2-docosahexanoyl-sn-glycero-3-phosphoethanolamine,IN,direct_anchor_exact_rxnorm
799,2469243,1-chloro-2-methyl-1-propene,IN,direct_anchor_exact_rxnorm
814,1362875,dodecanol,IN,unique_convergent_term_evidence
852,1440971,1-palmitoyl-2-oleoyl-sn-glycero-3-(phospho-rac-(1-glycerol)),IN,direct_anchor_exact_rxnorm
958,2642189,2'-deoxyadenosine,IN,direct_anchor_exact_rxnorm
963,2642210,2'-deoxyguanosine,IN,direct_anchor_exact_rxnorm
975,1733688,2'-fucosyllactose,IN,direct_anchor_exact_rxnorm
985,1306112,"2,2'-dithiobisbenzothiazole",IN,unique_convergent_term_evidence
990,2267021,"2,2-bis(4-hydroxy-3-tert-butylphenyl)propane",IN,direct_anchor_exact_rxnorm
1005,2288812,"2,3-dichloro-5,6-dicyanobenzoquinone",IN,direct_anchor_exact_rxnorm
1012,1546352,"2,3-dimercapto-1-propanesulfonic acid",IN,direct_anchor_exact_rxnorm
1167,1428832,2-(l-menthoxy)ethanol,IN,direct_anchor_exact_rxnorm
1170,2360130,2-(n-morpholino)ethanesulfonic acid,IN,direct_anchor_exact_rxnorm
1289,1665683,2-amino-5-nitrothiazole,IN,direct_anchor_exact_rxnorm
1308,1740241,2-aminophenol,IN,direct_anchor_exact_rxnorm
1328,2286250,"2-chloro-4,5-dimethylphenol",IN,direct_anchor_exact_rxnorm
1359,1733674,2-deoxyglucose,IN,direct_anchor_exact_rxnorm
1361,1314365,2-ethoxyethanol,IN,direct_anchor_exact_rxnorm
1363,1546353,2-ethylhexyl 4-phenylbenzophenone-2'-carboxylate,IN,direct_anchor_exact_rxnorm
1364,1313732,2-ethylhexyl benzoate,IN,direct_anchor_exact_rxnorm
1391,1362692,2-hydroxyethyl methacrylate,IN,direct_anchor_exact_rxnorm
1404,1358845,2-mercaptobenzothiazole,IN,direct_anchor_exact_rxnorm
1423,2372437,2-nitropropane,IN,direct_anchor_exact_rxnorm
1431,2533837,2-octyl cyanoacrylate,IN,direct_anchor_exact_rxnorm
1482,1894,calcitriol,IN,direct_anchor_exact_rxnorm
1514,1603521,"3,3'-diindolylmethane",IN,direct_anchor_exact_rxnorm
2097,15027,4-dimethylaminophenol,IN,direct_anchor_exact_rxnorm
2120,1649527,4-hydroxybenzoic acid,IN,direct_anchor_exact_rxnorm
2298,2692023,4-methyl-5-thiazoleethanol,IN,unique_convergent_term_evidence
2473,15850,5-methyl-8-hydroxyquinoline,IN,direct_anchor_exact_rxnorm
2480,1313966,5-methyltetrahydrofolic acid,IN,direct_anchor_exact_rxnorm
2675,1990418,7-aminodesacetoxycephalosporanic acid,IN,direct_anchor_exact_rxnorm
2731,,,,ambiguous_legacy_anchor_evidence
2733,1722234,8-epi-cyanocobalamin,IN,direct_anchor_exact_rxnorm
2744,10122,strontium,IN,direct_anchor_exact_rxnorm
2909,190521,abacavir,IN,direct_anchor_exact_rxnorm
2916,1921069,abaloparatide,IN,direct_anchor_exact_rxnorm
2918,2475532,abametapir,IN,direct_anchor_exact_rxnorm
2921,301739,abarelix,IN,direct_anchor_exact_rxnorm
2922,614391,abatacept,IN,direct_anchor_exact_rxnorm
2931,83929,abciximab,IN,direct_anchor_exact_rxnorm
2934,2536430,idecabtagene vicleucel,IN,direct_anchor_exact_rxnorm
2939,1946825,abemaciclib,IN,direct_anchor_exact_rxnorm
2945,1311600,abetimus,IN,direct_anchor_exact_rxnorm
2946,1311600,abetimus,IN,direct_anchor_exact_rxnorm
2951,1540882,glycolide,IN,unique_convergent_term_evidence
2953,89013,aripiprazole,IN,direct_anchor_exact_rxnorm
2964,1100072,abiraterone,IN,direct_anchor_exact_rxnorm
2982,56946,paclitaxel,IN,direct_anchor_exact_rxnorm
2986,2591476,abrocitinib,IN,direct_anchor_exact_rxnorm
2993,6064,isotretinoin,IN,direct_anchor_exact_rxnorm
3019,905301,arabic gum allergenic extract,IN,unique_convergent_term_evidence
3020,895353,cootamundra wattle pollen extract,IN,unique_convergent_term_evidence
3025,1986808,acalabrutinib,IN,direct_anchor_exact_rxnorm
3027,82819,acamprosate,IN,direct_anchor_exact_rxnorm
3028,82819,acamprosate,IN,direct_anchor_exact_rxnorm
3031,16681,acarbose,IN,direct_anchor_exact_rxnorm
3042,149,acebutolol,IN,direct_anchor_exact_rxnorm
3043,149,acebutolol,IN,direct_anchor_exact_rxnorm
3046,16688,acecarbromal,IN,direct_anchor_exact_rxnorm
3047,2721766,aceclidine,IN,direct_anchor_exact_rxnorm
3048,2721766,aceclidine,IN,direct_anchor_exact_rxnorm
3050,16689,aceclofenac,IN,direct_anchor_exact_rxnorm
3060,1426379,aceglutamide,IN,direct_anchor_exact_rxnorm
3061,1426379,aceglutamide,IN,direct_anchor_exact_rxnorm
3063,1426875,acemannan,IN,direct_anchor_exact_rxnorm
3064,16695,acemetacin,IN,direct_anchor_exact_rxnorm
3065,2613559,aceneuramate,IN,direct_anchor_exact_rxnorm
3066,154,acenocoumarol,IN,direct_anchor_exact_rxnorm
3068,54552,perindopril,IN,direct_anchor_exact_rxnorm
3071,155,acepromazine,IN,direct_anchor_exact_rxnorm
3072,155,acepromazine,IN,direct_anchor_exact_rxnorm
3073,161203,aceprometazine,IN,direct_anchor_exact_rxnorm
3075,851736,coast maple pollen extract,IN,unique_convergent_term_evidence
3076,851740,box elder maple pollen extract,IN,unique_convergent_term_evidence
3079,851874,hard maple pollen extract,IN,unique_convergent_term_evidence
3082,1310546,acesulfame,IN,direct_anchor_exact_rxnorm
3083,1310546,acesulfame,IN,direct_anchor_exact_rxnorm
3084,1311137,acetaldehyde,IN,direct_anchor_exact_rxnorm
3085,2475952,acetamide,IN,direct_anchor_exact_rxnorm
3086,161,acetaminophen,IN,direct_anchor_exact_rxnorm
3093,164,acetate,IN,direct_anchor_exact_rxnorm
3095,167,acetazolamide,IN,direct_anchor_exact_rxnorm
3098,236300,acetiamine,IN,direct_anchor_exact_rxnorm
3099,168,acetic acid,IN,direct_anchor_exact_rxnorm
3100,168,acetic acid,IN,direct_anchor_exact_rxnorm
3102,1370450,acetic anhydride,IN,direct_anchor_exact_rxnorm
3107,173,acetohexamide,IN,direct_anchor_exact_rxnorm
3108,16728,acetohydroxamic acid,IN,direct_anchor_exact_rxnorm
3112,178,acetone,IN,direct_anchor_exact_rxnorm
3114,16735,acetophenazine,IN,direct_anchor_exact_rxnorm
3115,16735,acetophenazine,IN,direct_anchor_exact_rxnorm
3116,2467143,acetophenone,IN,direct_anchor_exact_rxnorm
3121,16784,acetoxolone,IN,direct_anchor_exact_rxnorm
3122,16784,acetoxolone,IN,direct_anchor_exact_rxnorm
3126,1490796,acetyl coenzyme a,IN,direct_anchor_exact_rxnorm
3128,1314329,acetyl hexapeptide-8,IN,unique_convergent_term_evidence
3131,10207,sulfisoxazole,IN,direct_anchor_exact_rxnorm
3134,193,acetylcarnitine,IN,direct_anchor_exact_rxnorm
3135,194,acetylcholine,IN,direct_anchor_exact_rxnorm
3136,194,acetylcholine,IN,direct_anchor_exact_rxnorm
3138,197,acetylcysteine,IN,direct_anchor_exact_rxnorm
3139,197,acetylcysteine,IN,direct_anchor_exact_rxnorm
3140,197,acetylcysteine,IN,direct_anchor_exact_rxnorm
3142,197,acetylcysteine,IN,direct_anchor_exact_rxnorm
3143,132871,acetyldigitoxin,IN,direct_anchor_exact_rxnorm
3147,200,acetylene,IN,direct_anchor_exact_rxnorm
3159,1362881,acetyltributyl citrate,IN,direct_anchor_exact_rxnorm
3162,15978,acexamic acid,IN,direct_anchor_exact_rxnorm
3164,973447,cricket allergenic extract,IN,unique_convergent_term_evidence
3171,114979,rabeprazole,IN,direct_anchor_exact_rxnorm
3172,16817,acipimox,IN,direct_anchor_exact_rxnorm
3176,16818,acitretin,IN,direct_anchor_exact_rxnorm
3184,239,aclarubicin,IN,direct_anchor_exact_rxnorm
3187,1303098,aclidinium,IN,direct_anchor_exact_rxnorm
3188,2205093,aclidinium / formoterol,MIN,direct_anchor_exact_rxnorm
3197,2716801,acoltremon,IN,direct_anchor_exact_rxnorm
3200,1441664,aconitine,IN,direct_anchor_exact_rxnorm
3203,2698312,acoramidis,IN,direct_anchor_exact_rxnorm
3204,2698312,acoramidis,IN,direct_anchor_exact_rxnorm
3205,,,,ambiguous_legacy_anchor_evidence
3218,249,acriflavine,IN,direct_anchor_exact_rxnorm
3220,89729,acrisorcin,IN,direct_anchor_exact_rxnorm
3221,19959,acrivastine,IN,direct_anchor_exact_rxnorm
3227,1368125,acrylamide,IN,direct_anchor_exact_rxnorm
3228,1364500,acrylate,IN,direct_anchor_exact_rxnorm
3236,1442132,macitentan,IN,unique_convergent_term_evidence
3237,612865,tocilizumab,IN,direct_anchor_exact_rxnorm
3242,5882,interferon gamma-1b,IN,direct_anchor_exact_rxnorm
3255,272,activated charcoal,IN,direct_anchor_exact_rxnorm
3261,73056,risedronate,IN,direct_anchor_exact_rxnorm
3267,35827,ketorolac,IN,direct_anchor_exact_rxnorm
3273,281,acyclovir,IN,direct_anchor_exact_rxnorm
3274,281,acyclovir,IN,direct_anchor_exact_rxnorm
3279,3108,dapsone,IN,direct_anchor_exact_rxnorm
3298,2625882,adagrasib,IN,direct_anchor_exact_rxnorm
3299,2262279,crizanlizumab,IN,direct_anchor_exact_rxnorm
3300,327361,adalimumab,IN,direct_anchor_exact_rxnorm
3308,60223,adapalene,IN,direct_anchor_exact_rxnorm
3320,1147320,brentuximab vedotin,IN,direct_anchor_exact_rxnorm
3321,822929,amphetamine aspartate / amphetamine sulfate / dextroamphetamine saccharate / dextroamphetamine sulfate,MIN,direct_anchor_exact_rxnorm
3324,16521,adefovir,IN,direct_anchor_exact_rxnorm
3325,16521,adefovir,IN,direct_anchor_exact_rxnorm
3329,9504,s-adenosylmethionine,IN,unique_convergent_term_evidence
3330,290,adenine,IN,direct_anchor_exact_rxnorm
3331,296,adenosine,IN,direct_anchor_exact_rxnorm
3352,296,adenosine,IN,unique_convergent_term_evidence
3355,318,adenosine triphosphate,IN,direct_anchor_exact_rxnorm
3381,1099937,adenovirus type 7 vaccine live,IN,direct_anchor_exact_rxnorm
3400,333,adiphenine,IN,direct_anchor_exact_rxnorm
3401,333,adiphenine,IN,direct_anchor_exact_rxnorm
3414,,,,ambiguous_legacy_anchor_evidence
3426,45938,adrafinil,IN,direct_anchor_exact_rxnorm
3431,17073,adrenalone,IN,direct_anchor_exact_rxnorm
3432,17073,adrenalone,IN,direct_anchor_exact_rxnorm
3438,,,,ambiguous_legacy_anchor_evidence
3449,4492,fluorouracil,IN,direct_anchor_exact_rxnorm
3451,2644436,nadofaragene firadenovec,IN,direct_anchor_exact_rxnorm
3454,2557217,aducanumab,IN,direct_anchor_exact_rxnorm
3457,42316,tacrolimus,IN,unique_convergent_term_evidence
3463,1358488,danofloxacin,IN,direct_anchor_exact_rxnorm
3468,2670285,"adamts13, recombinant",IN,direct_anchor_exact_rxnorm
3469,974741,mosquito allergenic extract,IN,unique_convergent_term_evidence
3477,,,,ambiguous_legacy_anchor_evidence
3484,2262250,afamelanotide,IN,direct_anchor_exact_rxnorm
3485,2262250,afamelanotide,IN,direct_anchor_exact_rxnorm
3486,2690256,afamitresgene autoleucel,IN,direct_anchor_exact_rxnorm
3489,1430438,afatinib,IN,direct_anchor_exact_rxnorm
3495,2731469,aficamten,IN,direct_anchor_exact_rxnorm
3498,141704,everolimus,IN,direct_anchor_exact_rxnorm
3506,1442093,afoxolaner,IN,direct_anchor_exact_rxnorm
3519,2691830,agalsidase alfa,IN,direct_anchor_exact_rxnorm
3520,338817,agalsidase beta,IN,direct_anchor_exact_rxnorm
3526,1441428,agaric acid,IN,direct_anchor_exact_rxnorm
3528,2108820,agathosma betulina leaf oil,IN,direct_anchor_exact_rxnorm
3529,2665622,agatolimod,IN,direct_anchor_exact_rxnorm
3535,73137,tirofiban,IN,direct_anchor_exact_rxnorm
3539,885183,agkistrodon piscivorus antivenin,IN,direct_anchor_exact_rxnorm
3547,1310102,agrostis gigantea top extract,IN,unique_convergent_term_evidence
3548,1094116,creeping bentgrass pollen extract,IN,unique_convergent_term_evidence
3549,596724,anagrelide,IN,direct_anchor_exact_rxnorm
3571,423,ajmaline,IN,direct_anchor_exact_rxnorm
3577,2671939,eplontersen,IN,unique_convergent_term_evidence
3578,2645240,abiraterone / niraparib,MIN,direct_anchor_exact_rxnorm
3591,6387,lidocaine,IN,direct_anchor_exact_rxnorm
3593,1552342,netupitant / palonosetron,MIN,direct_anchor_exact_rxnorm
3618,426,alanine,IN,direct_anchor_exact_rxnorm
3619,426,alanine,IN,direct_anchor_exact_rxnorm
3621,1359422,alanylglutamine,IN,unique_convergent_term_evidence
3623,141440,alatrofloxacin,IN,direct_anchor_exact_rxnorm
3624,141440,alatrofloxacin,IN,direct_anchor_exact_rxnorm
3628,430,albendazole,IN,direct_anchor_exact_rxnorm
3631,1534763,albiglutide,IN,direct_anchor_exact_rxnorm
3634,317176,"albumin,aggregated",IN,unique_convergent_term_evidence
3636,317177,"albumin,iodinated i-125 serum",IN,unique_convergent_term_evidence
3637,314301,"albumin,iodinated i-131 serum",IN,unique_convergent_term_evidence
3641,435,albuterol,IN,direct_anchor_exact_rxnorm
3642,4249,factor ix,IN,direct_anchor_exact_rxnorm
3648,1000082,alcaftadine,IN,direct_anchor_exact_rxnorm
3649,34905,proparacaine,IN,direct_anchor_exact_rxnorm
3652,108088,alclometasone,IN,direct_anchor_exact_rxnorm
3653,108088,alclometasone,IN,direct_anchor_exact_rxnorm
3654,1305554,alcloxa,IN,direct_anchor_exact_rxnorm
3659,460,alcuronium,IN,direct_anchor_exact_rxnorm
3660,460,alcuronium,IN,direct_anchor_exact_rxnorm
3664,70223,aldesleukin,IN,direct_anchor_exact_rxnorm
3669,23161,aldioxa,IN,direct_anchor_exact_rxnorm
3672,1312358,aldosterone,IN,direct_anchor_exact_rxnorm
3680,1727455,alectinib,IN,direct_anchor_exact_rxnorm
3684,299635,alefacept,IN,direct_anchor_exact_rxnorm
3688,117055,alemtuzumab,IN,direct_anchor_exact_rxnorm
3708,46041,alendronate,IN,direct_anchor_exact_rxnorm
3709,46041,alendronate,IN,direct_anchor_exact_rxnorm
3728,7258,naproxen,IN,direct_anchor_exact_rxnorm
3729,,,,ambiguous_legacy_anchor_evidence
3731,644634,alexitol,IN,direct_anchor_exact_rxnorm
3734,12062,alfacalcidol,IN,direct_anchor_exact_rxnorm
3740,1926478,alfatradiol,IN,direct_anchor_exact_rxnorm
3741,1544577,alfaxalone,IN,direct_anchor_exact_rxnorm
3742,480,alfentanil,IN,direct_anchor_exact_rxnorm
3748,17300,alfuzosin,IN,direct_anchor_exact_rxnorm
3751,595,algestone,IN,direct_anchor_exact_rxnorm
3753,17305,alginic acid,IN,direct_anchor_exact_rxnorm
3754,46049,alglucerase,IN,direct_anchor_exact_rxnorm
3755,629565,alglucosidase alfa,IN,direct_anchor_exact_rxnorm
3757,2708333,concizumab,IN,direct_anchor_exact_rxnorm
3758,236219,alibendol,IN,direct_anchor_exact_rxnorm
3770,10825,trimeprazine,IN,unique_convergent_term_evidence
3771,68446,pemetrexed,IN,direct_anchor_exact_rxnorm
3778,1945077,copanlisib,IN,direct_anchor_exact_rxnorm
3780,1659152,alirocumab,IN,direct_anchor_exact_rxnorm
3783,325646,aliskiren,IN,direct_anchor_exact_rxnorm
3784,325646,aliskiren,IN,direct_anchor_exact_rxnorm
3789,81864,alitretinoin,IN,direct_anchor_exact_rxnorm
3790,17311,alizapride,IN,direct_anchor_exact_rxnorm
3805,6718,melphalan,IN,direct_anchor_exact_rxnorm
3813,10753,tretinoin,IN,unique_convergent_term_evidence
3815,508,allantoin,IN,direct_anchor_exact_rxnorm
3816,87636,fexofenadine,IN,direct_anchor_exact_rxnorm
3819,851894,iodine bush pollen extract,IN,unique_convergent_term_evidence
3820,972689,beef liver allergenic extract,IN,unique_convergent_term_evidence
3823,2729790,allicin,IN,direct_anchor_exact_rxnorm
3828,516,allobarbital,IN,direct_anchor_exact_rxnorm
3870,2626471,allogeneic cultured keratinocytes and dermal fibroblasts in murine collagen,IN,direct_anchor_exact_rxnorm
3887,2626460,allogeneic processed thymus tissue,IN,direct_anchor_exact_rxnorm
3894,2700761,allogenic bone-marrow-derived mesenchymal stem cells,IN,unique_convergent_term_evidence
3899,17354,alloin,IN,direct_anchor_exact_rxnorm
3902,519,allopurinol,IN,direct_anchor_exact_rxnorm
3911,17376,allyl sulfide,IN,direct_anchor_exact_rxnorm
3915,525,allylestrenol,IN,direct_anchor_exact_rxnorm
3918,1318494,allylthiourea,IN,direct_anchor_exact_rxnorm
3929,17387,alminoprofen,IN,direct_anchor_exact_rxnorm
3930,528,almitrine,IN,direct_anchor_exact_rxnorm
3931,528,almitrine,IN,direct_anchor_exact_rxnorm
3935,279645,almotriptan,IN,direct_anchor_exact_rxnorm
3936,279645,almotriptan,IN,direct_anchor_exact_rxnorm
3944,1441543,alnus glutinosa bark extract,IN,unique_convergent_term_evidence
3945,851902,tag alder pollen extract,IN,unique_convergent_term_evidence
3946,851910,white alder pollen extract,IN,unique_convergent_term_evidence
3947,851914,red alder pollen extract,IN,unique_convergent_term_evidence
3950,31563,nedocromil,IN,direct_anchor_exact_rxnorm
3951,1309503,aloe ferox leaf preparation,IN,unique_convergent_term_evidence
3952,1309199,aloe vera flower extract,IN,unique_convergent_term_evidence
3953,1306128,aloe vera leaf extract,IN,unique_convergent_term_evidence
3954,1739980,aloe vera leaf polysaccharides,IN,direct_anchor_exact_rxnorm
3960,1368001,alogliptin,IN,direct_anchor_exact_rxnorm
3961,1368001,alogliptin,IN,direct_anchor_exact_rxnorm
3962,17392,aloglutamol,IN,direct_anchor_exact_rxnorm
3967,519,allopurinol,IN,direct_anchor_exact_rxnorm
3969,85248,alosetron,IN,direct_anchor_exact_rxnorm
3970,85248,alosetron,IN,direct_anchor_exact_rxnorm
3974,70561,palonosetron,IN,unique_convergent_term_evidence
3975,17393,aloxiprin,IN,direct_anchor_exact_rxnorm
3978,2169285,alpelisib,IN,direct_anchor_exact_rxnorm
3985,1952,camphor,IN,direct_anchor_exact_rxnorm
3990,535,alpha 1-antitrypsin,IN,unique_convergent_term_evidence
3994,1311606,amyl cinnamal,IN,unique_convergent_term_evidence
3996,1363429,alpha-arbutin,IN,direct_anchor_exact_rxnorm
4011,1800492,alpha-d-glucopyranose,IN,direct_anchor_exact_rxnorm
4038,595958,linolenate,IN,unique_convergent_term_evidence
4052,2362183,alpha-pinene,IN,direct_anchor_exact_rxnorm
4056,1371307,alpha-terpineol,IN,direct_anchor_exact_rxnorm
4057,11256,vitamin e,IN,unique_convergent_term_evidence
4058,11256,vitamin e,IN,direct_anchor_exact_rxnorm
4059,1995482,alpha-tocopheryloxyacetate,IN,direct_anchor_exact_rxnorm
4062,134615,brimonidine,IN,direct_anchor_exact_rxnorm
4065,226623,factor viii / von willebrand factor,MIN,direct_anchor_exact_rxnorm
4066,4249,factor ix,IN,direct_anchor_exact_rxnorm
4067,594,alphaprodine,IN,direct_anchor_exact_rxnorm
4068,594,alphaprodine,IN,direct_anchor_exact_rxnorm
4069,1546450,radium,IN,unique_convergent_term_evidence
4073,1307832,alpinia officinarum leaf extract,IN,unique_convergent_term_evidence
4077,596,alprazolam,IN,direct_anchor_exact_rxnorm
4078,597,alprenolol,IN,direct_anchor_exact_rxnorm
4079,597,alprenolol,IN,direct_anchor_exact_rxnorm
4081,1535944,coagulation factor ix recombinant immunoglobulin g1 fusion protein,IN,direct_anchor_exact_rxnorm
4082,598,alprostadil,IN,direct_anchor_exact_rxnorm
4102,8410,alteplase,IN,direct_anchor_exact_rxnorm
4105,17599,althiazide,IN,direct_anchor_exact_rxnorm
4110,1314612,altrenogest,IN,direct_anchor_exact_rxnorm
4111,5296,altretamine,IN,direct_anchor_exact_rxnorm
4118,1311504,aluminum,IN,unique_convergent_term_evidence
4122,23162,dihydroxyaluminum aminoacetate,IN,unique_convergent_term_evidence
4125,17618,aluminum phosphate,IN,unique_convergent_term_evidence
4126,46243,aluminum stearate,IN,unique_convergent_term_evidence
4127,17609,aluminum acetate,IN,direct_anchor_exact_rxnorm
4128,1546162,aluminum cation,IN,direct_anchor_exact_rxnorm
4129,46241,aluminum chloride,IN,direct_anchor_exact_rxnorm
4130,17610,aluminum chlorohydrate,IN,direct_anchor_exact_rxnorm
4131,1313224,aluminum chlorohydrex propylene glycol,IN,direct_anchor_exact_rxnorm
4132,618272,flufenamate,IN,direct_anchor_exact_rxnorm
4133,612,aluminum hydroxide,IN,direct_anchor_exact_rxnorm
4136,615,aluminum oxide,IN,direct_anchor_exact_rxnorm
4137,543375,aluminum sesquichlorohydrate,IN,direct_anchor_exact_rxnorm
4138,235461,aluminum subacetate,IN,direct_anchor_exact_rxnorm
4139,17621,aluminum sulfate,IN,direct_anchor_exact_rxnorm
4140,1306096,aluminum zirconium octachlorohydrex gly,IN,direct_anchor_exact_rxnorm
4141,1306097,aluminum zirconium pentachlorohydrate,IN,direct_anchor_exact_rxnorm
4142,1305899,aluminum zirconium pentachlorohydrex gly,IN,direct_anchor_exact_rxnorm
4143,1305896,aluminum zirconium tetrachlorohydrex gly,IN,direct_anchor_exact_rxnorm
4144,1370425,aluminum zirconium trichlorohydrex gly,IN,direct_anchor_exact_rxnorm
4146,1921217,brigatinib,IN,direct_anchor_exact_rxnorm
4156,17627,alverine,IN,direct_anchor_exact_rxnorm
4157,17627,alverine,IN,direct_anchor_exact_rxnorm
4161,480639,alvimopan,IN,direct_anchor_exact_rxnorm
4165,253337,bevacizumab,IN,direct_anchor_exact_rxnorm
4171,620,amantadine,IN,direct_anchor_exact_rxnorm
4174,1363561,amaranthus hybridus pollen extract,IN,unique_convergent_term_evidence
4175,851926,careless weed pollen extract,IN,unique_convergent_term_evidence
4178,895919,spiny pigweed pollen extract,IN,unique_convergent_term_evidence
4179,851934,western waterhemp pollen extract,IN,unique_convergent_term_evidence
4186,623,ambenonium,IN,direct_anchor_exact_rxnorm
4187,623,ambenonium,IN,direct_anchor_exact_rxnorm
4190,1311393,amber,IN,direct_anchor_exact_rxnorm
4192,358274,ambrisentan,IN,direct_anchor_exact_rxnorm
4193,851938,false ragweed pollen extract,IN,unique_convergent_term_evidence
4194,851942,canyon ragweed pollen extract,IN,unique_convergent_term_evidence
4195,896135,short ragweed pollen extract,IN,unique_convergent_term_evidence
4196,885750,southern ragweed pollen extract,IN,unique_convergent_term_evidence
4197,851955,sandbur ragweed pollen extract,IN,unique_convergent_term_evidence
4198,1117083,weakleaf bur ragweed pollen extract,IN,unique_convergent_term_evidence
4199,851969,rabbit bush pollen extract,IN,unique_convergent_term_evidence
4200,851981,desert ragweed pollen extract,IN,unique_convergent_term_evidence
4201,851985,western ragweed pollen extract,IN,unique_convergent_term_evidence
4202,851990,slender ragweed pollen extract,IN,unique_convergent_term_evidence
4203,851998,giant ragweed pollen extract,IN,unique_convergent_term_evidence
4204,625,ambroxol,IN,direct_anchor_exact_rxnorm
4205,625,ambroxol,IN,direct_anchor_exact_rxnorm
4206,625,ambroxol,IN,direct_anchor_exact_rxnorm
4216,17652,amcinonide,IN,direct_anchor_exact_rxnorm
4219,626,amdinocillin,IN,direct_anchor_exact_rxnorm
4259,99,6-aminocaproic acid,IN,direct_anchor_exact_rxnorm
4267,2106338,amifampridine,IN,direct_anchor_exact_rxnorm
4268,2106338,amifampridine,IN,direct_anchor_exact_rxnorm
4273,4126,amifostine,IN,direct_anchor_exact_rxnorm
4275,641,amikacin,IN,direct_anchor_exact_rxnorm
4280,644,amiloride,IN,direct_anchor_exact_rxnorm
4282,1426854,amiloxate,IN,direct_anchor_exact_rxnorm
4283,645,aminacrine,IN,direct_anchor_exact_rxnorm
4284,645,aminacrine,IN,direct_anchor_exact_rxnorm
4287,46276,aminaphthone,IN,direct_anchor_exact_rxnorm
4292,1311153,amino methacrylate copolymer,IN,direct_anchor_exact_rxnorm
4294,,,,ambiguous_legacy_anchor_evidence
4302,677,aminoglutethimide,IN,direct_anchor_exact_rxnorm
4303,,,,ambiguous_legacy_anchor_evidence
4305,683,aminolevulinic acid,IN,direct_anchor_exact_rxnorm
4310,1440266,aminometradine,IN,direct_anchor_exact_rxnorm
4312,1006397,aminopentamide,IN,direct_anchor_exact_rxnorm
4316,695,aminopyrine,IN,unique_convergent_term_evidence
4319,689,aminophylline,IN,direct_anchor_exact_rxnorm
4320,689,aminophylline,IN,direct_anchor_exact_rxnorm
4321,2462496,aminopromazine,IN,direct_anchor_exact_rxnorm
4323,1440268,aminopropazine fumarate,IN,direct_anchor_exact_rxnorm
4324,1440264,aminopterin,IN,direct_anchor_exact_rxnorm
4326,17747,aminoquinuride,IN,direct_anchor_exact_rxnorm
4329,7833,aminosalicylic acid,IN,direct_anchor_exact_rxnorm
4333,703,amiodarone,IN,direct_anchor_exact_rxnorm
4344,46303,amisulpride,IN,direct_anchor_exact_rxnorm
4350,17763,amitraz,IN,direct_anchor_exact_rxnorm
4351,704,amitriptyline,IN,direct_anchor_exact_rxnorm
4354,2549199,amivantamab,IN,direct_anchor_exact_rxnorm
4356,10691,tranexamic acid,IN,unique_convergent_term_evidence
4360,46307,amlexanox,IN,direct_anchor_exact_rxnorm
4365,17767,amlodipine,IN,direct_anchor_exact_rxnorm
4367,,,,ambiguous_legacy_anchor_evidence
4368,1299884,ammonia,IN,direct_anchor_exact_rxnorm
4369,1299884,ammonia,IN,direct_anchor_exact_rxnorm
4370,1424665,ammonio methacrylate copolymer type a,IN,direct_anchor_exact_rxnorm
4371,1312540,ammonium benzoate,IN,direct_anchor_exact_rxnorm
4373,1313309,ammonium bromide,IN,direct_anchor_exact_rxnorm
4375,1310190,ammonium carbonate,IN,direct_anchor_exact_rxnorm
4376,712,ammonium chloride,IN,direct_anchor_exact_rxnorm
4378,1007266,lactate / pramoxine,MIN,direct_anchor_exact_rxnorm
4379,7024,molybdenum,IN,direct_anchor_exact_rxnorm
4380,236220,ammonium salicylate,IN,direct_anchor_exact_rxnorm
4383,1441545,ammonium valerate,IN,direct_anchor_exact_rxnorm
4388,719,amobarbital,IN,direct_anchor_exact_rxnorm
4389,719,amobarbital,IN,direct_anchor_exact_rxnorm
4391,720,amodiaquine,IN,direct_anchor_exact_rxnorm
4392,720,amodiaquine,IN,direct_anchor_exact_rxnorm
4396,1440270,amonafide,IN,direct_anchor_exact_rxnorm
4397,1440271,amoproxan,IN,direct_anchor_exact_rxnorm
4399,17804,amorolfine,IN,direct_anchor_exact_rxnorm
4400,17804,amorolfine,IN,direct_anchor_exact_rxnorm
4404,2667256,amosulalol,IN,direct_anchor_exact_rxnorm
4407,722,amoxapine,IN,direct_anchor_exact_rxnorm
4411,723,amoxicillin,IN,direct_anchor_exact_rxnorm
4422,725,amphetamine,IN,direct_anchor_exact_rxnorm
4424,822929,amphetamine aspartate / amphetamine sulfate / dextroamphetamine saccharate / dextroamphetamine sulfate,MIN,direct_anchor_exact_rxnorm
4426,1094193,broomweed pollen extract,IN,unique_convergent_term_evidence
4430,732,amphotericin b,IN,direct_anchor_exact_rxnorm
4431,733,ampicillin,IN,direct_anchor_exact_rxnorm
4432,733,ampicillin,IN,direct_anchor_exact_rxnorm
4433,733,ampicillin,IN,direct_anchor_exact_rxnorm
4437,228656,amprenavir,IN,direct_anchor_exact_rxnorm
4438,1006654,amprolium,IN,direct_anchor_exact_rxnorm
4445,738,inamrinone,IN,unique_convergent_term_evidence
4448,739,amsacrine,IN,direct_anchor_exact_rxnorm
4456,2675860,lifileucel,IN,direct_anchor_exact_rxnorm
4467,1371051,amygdalin,IN,direct_anchor_exact_rxnorm
4468,1370452,amyl acetate,IN,direct_anchor_exact_rxnorm
4469,742,amyl nitrite,IN,direct_anchor_exact_rxnorm
4471,236248,amylmetacresol,IN,direct_anchor_exact_rxnorm
4472,40660,amylocaine,IN,direct_anchor_exact_rxnorm
4473,40660,amylocaine,IN,direct_anchor_exact_rxnorm
4474,1368128,amylopectin,IN,direct_anchor_exact_rxnorm
4475,1368128,amylopectin,IN,direct_anchor_exact_rxnorm
4485,2626723,anacaulase,IN,direct_anchor_exact_rxnorm
4487,2597,clomipramine,IN,direct_anchor_exact_rxnorm
4491,72435,anakinra,IN,direct_anchor_exact_rxnorm
4498,892851,duck feather extract,IN,unique_convergent_term_evidence
4503,84857,anastrozole,IN,direct_anchor_exact_rxnorm
4512,140502,ancestim,IN,direct_anchor_exact_rxnorm
4517,772,ancrod,IN,direct_anchor_exact_rxnorm
4520,2045114,andexanet alfa,IN,direct_anchor_exact_rxnorm
4524,3014,cyproterone,IN,unique_convergent_term_evidence
4546,784,androstenedione,IN,direct_anchor_exact_rxnorm
4550,10154,succinylcholine,IN,direct_anchor_exact_rxnorm
4554,17881,anethole,IN,direct_anchor_exact_rxnorm
4555,820,anethole trithione,IN,direct_anchor_exact_rxnorm
4561,1309828,angelica archangelica root extract,IN,unique_convergent_term_evidence
4562,1306167,angelica dahurica root extract,IN,unique_convergent_term_evidence
4563,1307866,angelica sinensis root extract,IN,unique_convergent_term_evidence
4566,60819,bivalirudin,IN,direct_anchor_exact_rxnorm
4568,1999003,angiotensin ii,IN,direct_anchor_exact_rxnorm
4573,6211,lactose,IN,direct_anchor_exact_rxnorm
4575,2669473,anhydrovitamin a,IN,direct_anchor_exact_rxnorm
4577,341018,anidulafungin,IN,direct_anchor_exact_rxnorm
4578,2565265,anifrolumab,IN,direct_anchor_exact_rxnorm
4580,17933,anileridine,IN,direct_anchor_exact_rxnorm
4581,17933,anileridine,IN,direct_anchor_exact_rxnorm
4583,1441546,aniline,IN,direct_anchor_exact_rxnorm
4588,17939,aniracetam,IN,direct_anchor_exact_rxnorm
4590,90926,anise oil,IN,direct_anchor_exact_rxnorm
4591,17941,anisindione,IN,direct_anchor_exact_rxnorm
4595,89780,anisotropine,IN,direct_anchor_exact_rxnorm
4598,40028,anistreplase,IN,direct_anchor_exact_rxnorm
4605,2682678,nogapendekin alfa inbakicept,IN,direct_anchor_exact_rxnorm
4619,894783,goose feather extract,IN,unique_convergent_term_evidence
4624,2472152,ansuvimab,IN,direct_anchor_exact_rxnorm
4626,865,antazoline,IN,direct_anchor_exact_rxnorm
4627,865,antazoline,IN,direct_anchor_exact_rxnorm
4629,865,antazoline,IN,direct_anchor_exact_rxnorm
4630,865,antazoline,IN,direct_anchor_exact_rxnorm
4639,851898,sweet vernal grass pollen extract,IN,unique_convergent_term_evidence
4643,873,anthralin,IN,direct_anchor_exact_rxnorm
4646,1368371,bacillus anthracis strain v770-np1-r antigens,IN,unique_convergent_term_evidence
5084,314504,anti-inhibitor coagulant complex,IN,direct_anchor_exact_rxnorm
5340,6851,methotrexate,IN,unique_convergent_term_evidence
5346,2055655,damoctocog alfa pegol,IN,unique_convergent_term_evidence
5347,4257,factor viii,IN,direct_anchor_exact_rxnorm
5351,1011,"lymphocyte immune globulin, anti-thymocyte globulin",IN,unique_convergent_term_evidence
5355,1311407,antimony,IN,direct_anchor_exact_rxnorm
5356,1337969,antimony pentasulfide,IN,direct_anchor_exact_rxnorm
5357,981,antimony potassium tartrate,IN,direct_anchor_exact_rxnorm
5358,1423913,antimony triiodide,IN,direct_anchor_exact_rxnorm
5359,1316091,antimony trisulfide,IN,direct_anchor_exact_rxnorm
5378,1001,antipyrine,IN,direct_anchor_exact_rxnorm
5381,1009,antithrombin iii,IN,direct_anchor_exact_rxnorm
5383,1009,antithrombin iii,IN,direct_anchor_exact_rxnorm
5384,1011,"lymphocyte immune globulin, anti-thymocyte globulin",IN,unique_convergent_term_evidence
5406,68091,dolasetron,IN,direct_anchor_exact_rxnorm
5420,2670285,"adamts13, recombinant",IN,unique_convergent_term_evidence
5426,1999574,apalutamide,IN,direct_anchor_exact_rxnorm
5442,2664896,motixafortide,IN,direct_anchor_exact_rxnorm
5448,1368130,apigenin,IN,direct_anchor_exact_rxnorm
5457,1364430,apixaban,IN,direct_anchor_exact_rxnorm
5470,1043,apomorphine,IN,direct_anchor_exact_rxnorm
5474,1043,apomorphine,IN,direct_anchor_exact_rxnorm
5478,358255,aprepitant,IN,direct_anchor_exact_rxnorm
5490,360262,apple cider vinegar,IN,direct_anchor_exact_rxnorm
5491,1485785,apple fruit oil,IN,direct_anchor_exact_rxnorm
5492,283540,apple pectin,IN,direct_anchor_exact_rxnorm
5496,14845,apraclonidine,IN,direct_anchor_exact_rxnorm
5497,14845,apraclonidine,IN,direct_anchor_exact_rxnorm
5503,1492727,apremilast,IN,direct_anchor_exact_rxnorm
5507,1318515,apricot kernel oil,IN,direct_anchor_exact_rxnorm
5510,1054,aprindine,IN,direct_anchor_exact_rxnorm
5511,1054,aprindine,IN,direct_anchor_exact_rxnorm
5512,2634355,aprinocarsen,IN,direct_anchor_exact_rxnorm
5513,17381,aprobarbital,IN,direct_anchor_exact_rxnorm
5514,2679059,aprocitentan,IN,direct_anchor_exact_rxnorm
5527,190548,tipranavir,IN,direct_anchor_exact_rxnorm
5535,8091,petrolatum,IN,direct_anchor_exact_rxnorm
5544,,,,ambiguous_legacy_anchor_evidence
5551,1716332,arachidate,IN,direct_anchor_exact_rxnorm
5552,1368625,arachidonate,IN,direct_anchor_exact_rxnorm
5558,2054023,tafenoquine,IN,direct_anchor_exact_rxnorm
5561,283838,darbepoetin alfa,IN,direct_anchor_exact_rxnorm
5572,26397,arbekacin,IN,direct_anchor_exact_rxnorm
5575,61609,arbutamine,IN,direct_anchor_exact_rxnorm
5576,61609,arbutamine,IN,direct_anchor_exact_rxnorm
5577,1367175,arbutin,IN,direct_anchor_exact_rxnorm
5590,87866,ardeparin,IN,direct_anchor_exact_rxnorm
5593,11473,pamidronate,IN,unique_convergent_term_evidence
5596,2743197,influenza a virus (h5n8) antigen,IN,direct_anchor_exact_rxnorm
5599,304962,arformoterol,IN,direct_anchor_exact_rxnorm
5600,304962,arformoterol,IN,direct_anchor_exact_rxnorm
5603,1305642,argan oil,IN,direct_anchor_exact_rxnorm
5604,15202,argatroban,IN,direct_anchor_exact_rxnorm
5608,1091,arginine,IN,direct_anchor_exact_rxnorm
5609,1091,arginine,IN,direct_anchor_exact_rxnorm
5610,114464,arginine glutamate,IN,direct_anchor_exact_rxnorm
5611,1482633,arginine pyroglutamate,IN,unique_convergent_term_evidence
5620,2694283,arimoclomol,IN,direct_anchor_exact_rxnorm
5621,2694283,arimoclomol,IN,direct_anchor_exact_rxnorm
5623,1673265,aripiprazole lauroxil,IN,direct_anchor_exact_rxnorm
5625,321208,fondaparinux,IN,direct_anchor_exact_rxnorm
5630,641465,armodafinil,IN,direct_anchor_exact_rxnorm
5632,10572,thyroid (usp),IN,direct_anchor_exact_rxnorm
5635,285208,arnica montana extract,IN,direct_anchor_exact_rxnorm
5636,,,,ambiguous_legacy_anchor_evidence
5643,258494,exemestane,IN,direct_anchor_exact_rxnorm
5659,274771,nelarabine,IN,direct_anchor_exact_rxnorm
5660,1006506,tall oat grass pollen extract,IN,unique_convergent_term_evidence
5664,18330,arsenic trioxide,IN,direct_anchor_exact_rxnorm
5666,1546382,arsenite ion,IN,direct_anchor_exact_rxnorm
5675,18343,artemether,IN,direct_anchor_exact_rxnorm
5678,852007,wormwood sage pollen extract,IN,unique_convergent_term_evidence
5680,1656306,artemisia annua leaf extract,IN,unique_convergent_term_evidence
5681,896213,common wormwood pollen extract,IN,unique_convergent_term_evidence
5682,852011,coast sage pollen extract,IN,unique_convergent_term_evidence
5683,892734,california mugwort pollen extract,IN,unique_convergent_term_evidence
5684,1006495,indian wormwood sage pollen extract,IN,unique_convergent_term_evidence
5685,867142,prairie sagebrush pollen extract,IN,unique_convergent_term_evidence
5686,896246,dark leaved mugwort pollen extract,IN,unique_convergent_term_evidence
5687,852020,common sagebrush pollen extract,IN,unique_convergent_term_evidence
5688,852029,mugwort sage pollen extract,IN,unique_convergent_term_evidence
5689,1341384,artemisia vulgaris root extract,IN,unique_convergent_term_evidence
5690,2367409,artemisinin,IN,direct_anchor_exact_rxnorm
5696,18346,artesunate,IN,direct_anchor_exact_rxnorm
5698,592464,articaine,IN,direct_anchor_exact_rxnorm
5705,389190,fibrinogen / thrombin,MIN,direct_anchor_exact_rxnorm
5719,712566,ofatumumab,IN,direct_anchor_exact_rxnorm
5740,2584304,asciminib,IN,direct_anchor_exact_rxnorm
5743,1311127,ascophyllum nodosum extract,IN,unique_convergent_term_evidence
5744,1151,ascorbic acid,IN,direct_anchor_exact_rxnorm
5747,1306933,ascorbyl glucoside,IN,direct_anchor_exact_rxnorm
5749,1370605,ascorbyl phosphate,IN,direct_anchor_exact_rxnorm
5753,784649,asenapine,IN,direct_anchor_exact_rxnorm
5754,784649,asenapine,IN,direct_anchor_exact_rxnorm
5756,1720259,asfotase alfa,IN,direct_anchor_exact_rxnorm
5757,1551574,asiatic acid,IN,direct_anchor_exact_rxnorm
5758,18405,asiaticoside,IN,direct_anchor_exact_rxnorm
5782,1156,asparaginase,IN,direct_anchor_exact_rxnorm
5786,1157,asparagine,IN,direct_anchor_exact_rxnorm
5788,1157,asparagine,IN,direct_anchor_exact_rxnorm
5791,2121416,calaspargase pegol,IN,direct_anchor_exact_rxnorm
5792,1311524,aspartame,IN,direct_anchor_exact_rxnorm
5807,1182,aspergillus fumigatus,IN,direct_anchor_exact_rxnorm
5810,1329940,aspergillus flavus var. oryzae,IN,unique_convergent_term_evidence
5813,1191,aspirin,IN,direct_anchor_exact_rxnorm
5834,18451,astaxanthin,IN,direct_anchor_exact_rxnorm
5836,42328,astemizole,IN,direct_anchor_exact_rxnorm
5840,2532931,astragalus propinquus root polysaccharides,IN,unique_convergent_term_evidence
5848,1652103,asunaprevir,IN,direct_anchor_exact_rxnorm
5853,1862951,grapiprant,IN,unique_convergent_term_evidence
5865,2747209,atacicept,IN,direct_anchor_exact_rxnorm
5873,5553,hydroxyzine,IN,unique_convergent_term_evidence
5875,343047,atazanavir,IN,direct_anchor_exact_rxnorm
5876,343047,atazanavir,IN,direct_anchor_exact_rxnorm
5883,1202,atenolol,IN,direct_anchor_exact_rxnorm
5888,1792776,atezolizumab,IN,direct_anchor_exact_rxnorm
5895,1011,"lymphocyte immune globulin, anti-thymocyte globulin",IN,direct_anchor_exact_rxnorm
5896,11289,warfarin,IN,unique_convergent_term_evidence
5901,2677916,atidarsagene autotemcel,IN,direct_anchor_exact_rxnorm
5904,2737481,atinvicitinib,IN,direct_anchor_exact_rxnorm
5905,18475,atipamezole,IN,direct_anchor_exact_rxnorm
5906,18475,atipamezole,IN,direct_anchor_exact_rxnorm
5913,6470,lorazepam,IN,direct_anchor_exact_rxnorm
5921,2174524,atlantic halibut preparation,IN,unique_convergent_term_evidence
5922,889591,mackerel allergenic extract,IN,unique_convergent_term_evidence
5936,2571813,atogepant,IN,direct_anchor_exact_rxnorm
5938,2461338,atoltivimab,IN,direct_anchor_exact_rxnorm
5940,38400,atomoxetine,IN,direct_anchor_exact_rxnorm
5944,83367,atorvastatin,IN,direct_anchor_exact_rxnorm
5945,83367,atorvastatin,IN,direct_anchor_exact_rxnorm
5947,59639,atosiban,IN,direct_anchor_exact_rxnorm
5948,59639,atosiban,IN,direct_anchor_exact_rxnorm
5950,60212,atovaquone,IN,direct_anchor_exact_rxnorm
5951,318,adenosine triphosphate,IN,unique_convergent_term_evidence
5959,1307719,atractylodes lancea root extract,IN,unique_convergent_term_evidence
5960,1305643,atractylodes japonica root oil,IN,direct_anchor_exact_rxnorm
5963,1218,atracurium,IN,direct_anchor_exact_rxnorm
5964,1218,atracurium,IN,direct_anchor_exact_rxnorm
5965,2710449,atrasentan,IN,direct_anchor_exact_rxnorm
5971,1007761,efavirenz / emtricitabine / tenofovir disoproxil,MIN,direct_anchor_exact_rxnorm
5972,852074,wing scale pollen extract,IN,unique_convergent_term_evidence
5973,852087,shad scale pollen extract,IN,unique_convergent_term_evidence
5974,852096,lens scale pollen extract,IN,unique_convergent_term_evidence
5975,897304,allscale pollen extract,IN,unique_convergent_term_evidence
5976,897316,saltbush pollen extract,IN,unique_convergent_term_evidence
5978,1223,atropine,IN,direct_anchor_exact_rxnorm
5982,7213,ipratropium,IN,direct_anchor_exact_rxnorm
5983,1009,antithrombin iii,IN,direct_anchor_exact_rxnorm
5985,18516,attapulgite,IN,direct_anchor_exact_rxnorm
5999,2670644,repotrectinib,IN,direct_anchor_exact_rxnorm
6004,1227,auranofin,IN,direct_anchor_exact_rxnorm
6016,4980,aurothioglucose,IN,direct_anchor_exact_rxnorm
6218,1606218,daclatasvir,IN,unique_convergent_term_evidence
6223,2645108,avacincaptad pegol,IN,direct_anchor_exact_rxnorm
6224,2645108,avacincaptad pegol,IN,direct_anchor_exact_rxnorm
6225,2572100,avacopan,IN,direct_anchor_exact_rxnorm
6229,2565814,avalglucosidase alfa,IN,direct_anchor_exact_rxnorm
6231,1291301,avanafil,IN,direct_anchor_exact_rxnorm
6234,2272107,avapritinib,IN,direct_anchor_exact_rxnorm
6238,253337,bevacizumab,IN,direct_anchor_exact_rxnorm
6240,2045726,avatrombopag,IN,direct_anchor_exact_rxnorm
6241,2045726,avatrombopag,IN,direct_anchor_exact_rxnorm
6248,1875534,avelumab,IN,direct_anchor_exact_rxnorm
6249,1309702,avena sativa flowering top extract,IN,unique_convergent_term_evidence
6250,852114,cultivated oat pollen extract,IN,unique_convergent_term_evidence
6263,1603834,avibactam,IN,direct_anchor_exact_rxnorm
6264,1603834,avibactam,IN,direct_anchor_exact_rxnorm
6270,1661561,avilamycin,IN,direct_anchor_exact_rxnorm
6273,2591797,aviscumine,IN,direct_anchor_exact_rxnorm
6281,45045,avobenzone,IN,direct_anchor_exact_rxnorm
6282,1311611,avocado oil,IN,unique_convergent_term_evidence
6283,228790,dutasteride,IN,direct_anchor_exact_rxnorm
6290,1427086,avotermin,IN,direct_anchor_exact_rxnorm
6300,2714515,avutometinib,IN,direct_anchor_exact_rxnorm
6301,2714515,avutometinib,IN,direct_anchor_exact_rxnorm
6305,1603839,avibactam / ceftazidime,MIN,direct_anchor_exact_rxnorm
6309,2691526,axatilimab,IN,direct_anchor_exact_rxnorm
6313,1987398,axicabtagene ciloleucel,IN,direct_anchor_exact_rxnorm
6317,1242999,axitinib,IN,direct_anchor_exact_rxnorm
6339,1251,azacitidine,IN,unique_convergent_term_evidence
6349,1307952,azadirachta indica flower extract,IN,direct_anchor_exact_rxnorm
6350,1307640,azadirachta indica leaf extract,IN,unique_convergent_term_evidence
6366,2601502,azaperone,IN,direct_anchor_exact_rxnorm
6372,1029,apazone,IN,unique_convergent_term_evidence
6381,18600,azatadine,IN,direct_anchor_exact_rxnorm
6382,214265,azatadine / pseudoephedrine,MIN,direct_anchor_exact_rxnorm
6383,1256,azathioprine,IN,direct_anchor_exact_rxnorm
6430,14448,3-iodobenzylguanidine,IN,direct_anchor_exact_rxnorm
6432,618278,azelate,IN,unique_convergent_term_evidence
6434,18603,azelastine,IN,direct_anchor_exact_rxnorm
6435,1291859,azelastine / fluticasone,MIN,direct_anchor_exact_rxnorm
6447,1114112,azficel-t,IN,direct_anchor_exact_rxnorm
6449,18609,azidocillin,IN,direct_anchor_exact_rxnorm
6451,1091643,azilsartan,IN,direct_anchor_exact_rxnorm
6452,1235143,azilsartan / chlorthalidone,MIN,direct_anchor_exact_rxnorm
6457,402580,azintamide,IN,direct_anchor_exact_rxnorm
6462,18631,azithromycin,IN,direct_anchor_exact_rxnorm
6463,18631,azithromycin,IN,direct_anchor_exact_rxnorm
6464,18631,azithromycin,IN,direct_anchor_exact_rxnorm
6465,18631,azithromycin,IN,direct_anchor_exact_rxnorm
6466,1266,azlocillin,IN,direct_anchor_exact_rxnorm
6467,1266,azlocillin,IN,direct_anchor_exact_rxnorm
6471,1009015,amlodipine / olmesartan,MIN,direct_anchor_exact_rxnorm
6472,18651,azosemide,IN,direct_anchor_exact_rxnorm
6477,1272,aztreonam,IN,direct_anchor_exact_rxnorm
6500,18687,bacampicillin,IN,direct_anchor_exact_rxnorm
6501,18687,bacampicillin,IN,direct_anchor_exact_rxnorm
6502,897332,groundsel pollen extract,IN,unique_convergent_term_evidence
6506,2359256,bacillus amyloliquefaciens,IN,direct_anchor_exact_rxnorm
6511,221050,"bcg, live, tice strain",IN,unique_convergent_term_evidence
6513,2600050,bacillus clausii,IN,direct_anchor_exact_rxnorm
6514,1311119,bacillus subtilis,IN,direct_anchor_exact_rxnorm
6516,1291,bacitracin,IN,direct_anchor_exact_rxnorm
6517,1363718,bacitracin methylene disalicylate,IN,direct_anchor_exact_rxnorm
6519,1292,baclofen,IN,direct_anchor_exact_rxnorm
6562,10831,sulfamethoxazole / trimethoprim,MIN,direct_anchor_exact_rxnorm
6579,1592893,baicalein,IN,direct_anchor_exact_rxnorm
6587,1368134,bakuchiol,IN,direct_anchor_exact_rxnorm
6598,1484957,factor ix / factor vii / factor x / protein c / protein s / prothrombin,MIN,direct_anchor_exact_rxnorm
6609,2197842,baloxavir,IN,direct_anchor_exact_rxnorm
6610,2099995,baloxavir marboxil,IN,direct_anchor_exact_rxnorm
6611,18747,balsalazide,IN,direct_anchor_exact_rxnorm
6612,18747,balsalazide,IN,direct_anchor_exact_rxnorm
6613,,,,ambiguous_legacy_anchor_evidence
6617,2123125,erdafitinib,IN,direct_anchor_exact_rxnorm
6621,1367176,bambermycins,IN,direct_anchor_exact_rxnorm
6623,,,,ambiguous_legacy_anchor_evidence
6624,18751,bambuterol,IN,direct_anchor_exact_rxnorm
6626,1321,bamethan,IN,direct_anchor_exact_rxnorm
6627,1321,bamethan,IN,direct_anchor_exact_rxnorm
6628,18752,bamifylline,IN,direct_anchor_exact_rxnorm
6629,18752,bamifylline,IN,direct_anchor_exact_rxnorm
6631,18753,bamipine,IN,direct_anchor_exact_rxnorm
6633,18753,bamipine,IN,direct_anchor_exact_rxnorm
6636,2463114,bamlanivimab,IN,direct_anchor_exact_rxnorm
6654,46795,barbexaclone,IN,direct_anchor_exact_rxnorm
6655,1325,barbital,IN,direct_anchor_exact_rxnorm
6656,1325,barbital,IN,direct_anchor_exact_rxnorm
6660,2047232,baricitinib,IN,direct_anchor_exact_rxnorm
6661,1311067,barium,IN,direct_anchor_exact_rxnorm
6662,1331,barium sulfate,IN,direct_anchor_exact_rxnorm
6665,1006510,barley malt allergenic extract,IN,unique_convergent_term_evidence
6666,1306883,barley malt syrup,IN,direct_anchor_exact_rxnorm
6668,39879,mepirodipine,IN,unique_convergent_term_evidence
6679,196102,basiliximab,IN,direct_anchor_exact_rxnorm
6685,852124,fivehorn smotherweed pollen extract,IN,unique_convergent_term_evidence
6686,852593,burning bush pollen extract,IN,unique_convergent_term_evidence
6695,1306190,batilol,IN,direct_anchor_exact_rxnorm
6709,2743398,baxdrostat,IN,direct_anchor_exact_rxnorm
6715,1441386,bazedoxifene,IN,direct_anchor_exact_rxnorm
6716,1441386,bazedoxifene,IN,direct_anchor_exact_rxnorm
6740,221050,"bcg, live, tice strain",IN,unique_convergent_term_evidence
6780,2592360,bebtelovimab,IN,direct_anchor_exact_rxnorm
6784,115238,becaplermin,IN,direct_anchor_exact_rxnorm
6790,18846,beclamide,IN,direct_anchor_exact_rxnorm
6794,1347,beclomethasone,IN,direct_anchor_exact_rxnorm
6795,2747290,beclomethasone / formoterol / glycopyrronium,MIN,direct_anchor_exact_rxnorm
6796,1347,beclomethasone,IN,direct_anchor_exact_rxnorm
6802,1364504,bedaquiline,IN,direct_anchor_exact_rxnorm
6803,1364504,bedaquiline,IN,direct_anchor_exact_rxnorm
6807,253157,bee pollen,IN,direct_anchor_exact_rxnorm
6810,1356,beeswax,IN,direct_anchor_exact_rxnorm
6811,899359,sugar beet allergenic extract,IN,unique_convergent_term_evidence
6823,1307569,beheneth-10,IN,direct_anchor_exact_rxnorm
6824,1368204,behenate,IN,direct_anchor_exact_rxnorm
6832,2387834,belantamab mafodotin,IN,direct_anchor_exact_rxnorm
6836,1112973,belatacept,IN,direct_anchor_exact_rxnorm
6838,1543543,belinostat,IN,direct_anchor_exact_rxnorm
6841,1092437,belimumab,IN,direct_anchor_exact_rxnorm
6846,1306193,bellis perennis flower extract,IN,direct_anchor_exact_rxnorm
6853,134547,bendamustine,IN,direct_anchor_exact_rxnorm
6856,2564025,belumosudil,IN,direct_anchor_exact_rxnorm
6859,2567226,belzutifan,IN,direct_anchor_exact_rxnorm
6871,280611,bemiparin,IN,direct_anchor_exact_rxnorm
6875,1306115,bemotrizinol,IN,direct_anchor_exact_rxnorm
6876,2282403,bempedoic acid,IN,direct_anchor_exact_rxnorm
6878,1361,benactyzine,IN,direct_anchor_exact_rxnorm
6879,1361,benactyzine,IN,direct_anchor_exact_rxnorm
6880,3498,diphenhydramine,IN,direct_anchor_exact_rxnorm
6888,18867,benazepril,IN,direct_anchor_exact_rxnorm
6889,18867,benazepril,IN,direct_anchor_exact_rxnorm
6894,1367,bencyclane,IN,direct_anchor_exact_rxnorm
6895,1367,bencyclane,IN,direct_anchor_exact_rxnorm
6906,1369,bendroflumethiazide,IN,direct_anchor_exact_rxnorm
6908,4249,factor ix,IN,direct_anchor_exact_rxnorm
6911,18880,benfluorex,IN,direct_anchor_exact_rxnorm
6914,18891,benphothiamine,IN,unique_convergent_term_evidence
6918,321064,olmesartan,IN,direct_anchor_exact_rxnorm
6924,1372,benorilate,IN,direct_anchor_exact_rxnorm
6927,690060,benoxinate / fluorescein,MIN,direct_anchor_exact_rxnorm
6928,1373,benperidol,IN,direct_anchor_exact_rxnorm
6929,236749,benproperine,IN,direct_anchor_exact_rxnorm
6930,1989100,benralizumab,IN,direct_anchor_exact_rxnorm
6933,1374,benserazide,IN,direct_anchor_exact_rxnorm
6934,1374,benserazide,IN,direct_anchor_exact_rxnorm
6941,18896,bentiromide,IN,direct_anchor_exact_rxnorm
6943,1375,bentonite,IN,direct_anchor_exact_rxnorm
6944,134568,bentoquatam,IN,direct_anchor_exact_rxnorm
6948,1378,benzalkonium,IN,direct_anchor_exact_rxnorm
6951,18923,benzarone,IN,direct_anchor_exact_rxnorm
6952,1424,benztropine,IN,unique_convergent_term_evidence
6953,1385,benzbromarone,IN,direct_anchor_exact_rxnorm
6955,2637735,benzenesulfinic acid,IN,direct_anchor_exact_rxnorm
6958,1390,benzethonium,IN,direct_anchor_exact_rxnorm
6962,2690627,benzgalantamine,IN,direct_anchor_exact_rxnorm
6963,2001352,benzhydrocodone,IN,direct_anchor_exact_rxnorm
6964,2001352,benzhydrocodone,IN,direct_anchor_exact_rxnorm
6971,1362885,benzimidazole,IN,direct_anchor_exact_rxnorm
6976,18994,benznidazole,IN,direct_anchor_exact_rxnorm
6982,1399,benzocaine,IN,direct_anchor_exact_rxnorm
6983,1399,benzocaine,IN,direct_anchor_exact_rxnorm
6989,1311593,dimethyldodecylbenzylammonium,IN,direct_anchor_exact_rxnorm
6990,1311593,dimethyldodecylbenzylammonium,IN,direct_anchor_exact_rxnorm
6995,1406,benzoin resin,IN,direct_anchor_exact_rxnorm
6997,18993,benzonatate,IN,direct_anchor_exact_rxnorm
6998,18997,benzophenone,IN,direct_anchor_exact_rxnorm
7004,314521,benzoxiquine,IN,direct_anchor_exact_rxnorm
7005,236962,benzoxonium,IN,direct_anchor_exact_rxnorm
7006,236962,benzoxonium,IN,direct_anchor_exact_rxnorm
7007,1418,benzoyl peroxide,IN,direct_anchor_exact_rxnorm
7014,1422,benzphetamine,IN,direct_anchor_exact_rxnorm
7015,1422,benzphetamine,IN,direct_anchor_exact_rxnorm
7019,117896,benzquercin,IN,direct_anchor_exact_rxnorm
7020,19041,benzquinamide,IN,direct_anchor_exact_rxnorm
7021,19041,benzquinamide,IN,direct_anchor_exact_rxnorm
7022,19008,benzthiazide,IN,direct_anchor_exact_rxnorm
7023,1425,benzydamine,IN,direct_anchor_exact_rxnorm
7026,1426,benzyl alcohol,IN,direct_anchor_exact_rxnorm
7027,19044,benzyl benzoate,IN,direct_anchor_exact_rxnorm
7028,1311516,benzyl chloride,IN,direct_anchor_exact_rxnorm
7033,7393,niacin,IN,unique_convergent_term_evidence
7034,2374339,benzylamine,IN,direct_anchor_exact_rxnorm
7038,19075,benzylparaben,IN,direct_anchor_exact_rxnorm
7039,7980,penicillin g,IN,unique_convergent_term_evidence
7040,19079,benzylpenicilloyl polylysine,IN,direct_anchor_exact_rxnorm
7043,19084,benzylthiouracil,IN,direct_anchor_exact_rxnorm
7052,863035,bepotastine,IN,direct_anchor_exact_rxnorm
7054,863035,bepotastine,IN,direct_anchor_exact_rxnorm
7055,1436,bepridil,IN,direct_anchor_exact_rxnorm
7056,46967,beractant,IN,direct_anchor_exact_rxnorm
7057,2723752,berahyaluronidase alfa,IN,direct_anchor_exact_rxnorm
7062,1437,berberine,IN,direct_anchor_exact_rxnorm
7065,2710434,berdazimer,IN,direct_anchor_exact_rxnorm
7068,2637758,beremagene geperpavec,IN,direct_anchor_exact_rxnorm
7069,1305651,bergamot oil,IN,direct_anchor_exact_rxnorm
7070,15842,5-methoxypsoralen,IN,unique_convergent_term_evidence
7081,2467540,berotralstat,IN,direct_anchor_exact_rxnorm
7082,2467540,berotralstat,IN,direct_anchor_exact_rxnorm
7094,1310252,beryllium,IN,direct_anchor_exact_rxnorm
7096,1310252,beryllium,IN,direct_anchor_exact_rxnorm
7105,819911,besifloxacin,IN,direct_anchor_exact_rxnorm
7111,819911,besifloxacin,IN,direct_anchor_exact_rxnorm
7113,1942950,inotuzumab ozogamicin,IN,direct_anchor_exact_rxnorm
7114,2587059,ropeginterferon alfa-2b,IN,direct_anchor_exact_rxnorm
7129,19143,beta carotene,IN,direct_anchor_exact_rxnorm
7131,852132,sugar beet pollen extract,IN,unique_convergent_term_evidence
7138,61,beta-alanine,IN,direct_anchor_exact_rxnorm
7156,4850,glucose,IN,unique_convergent_term_evidence
7163,1476,beta-escin,IN,direct_anchor_exact_rxnorm
7182,1923811,beta-pinene,IN,direct_anchor_exact_rxnorm
7186,1362685,betadex,IN,direct_anchor_exact_rxnorm
7188,1511,betahistine,IN,direct_anchor_exact_rxnorm
7190,1512,betaine,IN,direct_anchor_exact_rxnorm
7203,2358,chlorhexidine,IN,direct_anchor_exact_rxnorm
7204,1368136,betasizofiran,IN,direct_anchor_exact_rxnorm
7206,1520,betaxolol,IN,direct_anchor_exact_rxnorm
7207,1520,betaxolol,IN,direct_anchor_exact_rxnorm
7209,19257,bethanechol,IN,direct_anchor_exact_rxnorm
7210,1523,bethanidine,IN,direct_anchor_exact_rxnorm
7211,1523,bethanidine,IN,direct_anchor_exact_rxnorm
7214,2610349,betibeglogene autotemcel,IN,direct_anchor_exact_rxnorm
7219,1927851,betrixaban,IN,direct_anchor_exact_rxnorm
7220,899550,yellow birch pollen extract,IN,unique_convergent_term_evidence
7221,852144,cherry birch pollen extract,IN,unique_convergent_term_evidence
7223,852148,river birch pollen extract,IN,unique_convergent_term_evidence
7224,852166,water birch pollen extract,IN,unique_convergent_term_evidence
7225,899576,paper birch pollen extract,IN,unique_convergent_term_evidence
7227,1310070,betula pendula tar oil,IN,direct_anchor_exact_rxnorm
7228,852178,gray birch pollen extract,IN,unique_convergent_term_evidence
7229,2467840,betulin,IN,direct_anchor_exact_rxnorm
7233,253337,bevacizumab,IN,direct_anchor_exact_rxnorm
7235,253337,bevacizumab,IN,direct_anchor_exact_rxnorm
7254,2627044,bexagliflozin,IN,direct_anchor_exact_rxnorm
7255,233272,bexarotene,IN,direct_anchor_exact_rxnorm
7263,263010,tositumomab,IN,unique_convergent_term_evidence
7265,1525,bezafibrate,IN,direct_anchor_exact_rxnorm
7270,1855048,bezlotoxumab,IN,direct_anchor_exact_rxnorm
7303,21212,clarithromycin,IN,direct_anchor_exact_rxnorm
7311,83008,bicalutamide,IN,direct_anchor_exact_rxnorm
7316,466553,penicillin g benzathine / penicillin g procaine,MIN,direct_anchor_exact_rxnorm
7318,1306100,bicisate,IN,direct_anchor_exact_rxnorm
7322,236268,biclotymol,IN,direct_anchor_exact_rxnorm
7323,2105,carmustine,IN,direct_anchor_exact_rxnorm
7325,1999660,bictegravir,IN,direct_anchor_exact_rxnorm
7326,1999660,bictegravir,IN,direct_anchor_exact_rxnorm
7328,1926480,fumagillin,IN,direct_anchor_exact_rxnorm
7338,47111,bifemelane,IN,direct_anchor_exact_rxnorm
7339,2475177,bifenthrin,IN,direct_anchor_exact_rxnorm
7347,285148,bifidobacterium bifidum,IN,direct_anchor_exact_rxnorm
7348,2110011,bifidobacterium breve,IN,direct_anchor_exact_rxnorm
7350,100213,bifidobacterium infantis,IN,unique_convergent_term_evidence
7356,19295,bifonazole,IN,direct_anchor_exact_rxnorm
7363,1918319,biguanide,IN,direct_anchor_exact_rxnorm
7367,1996259,bictegravir / emtricitabine / tenofovir alafenamide,MIN,direct_anchor_exact_rxnorm
7376,283810,bimatoprost,IN,direct_anchor_exact_rxnorm
7378,283810,bimatoprost,IN,direct_anchor_exact_rxnorm
7380,2668041,bimekizumab,IN,direct_anchor_exact_rxnorm
7391,5891,interleukin-4,IN,direct_anchor_exact_rxnorm
7394,2049122,binimetinib,IN,direct_anchor_exact_rxnorm
7400,46041,alendronate,IN,direct_anchor_exact_rxnorm
7407,19338,bioallethrin,IN,direct_anchor_exact_rxnorm
7430,723,amoxicillin,IN,direct_anchor_exact_rxnorm
7444,1588,biotin,IN,direct_anchor_exact_rxnorm
7458,1589,biperiden,IN,direct_anchor_exact_rxnorm
7459,1589,biperiden,IN,direct_anchor_exact_rxnorm
7460,1589,biperiden,IN,direct_anchor_exact_rxnorm
7470,2675583,birch triterpenes,IN,unique_convergent_term_evidence
7471,2675583,birch triterpenes,IN,direct_anchor_exact_rxnorm
7472,1370777,bird pepper extract,IN,unique_convergent_term_evidence
7495,1596,bisacodyl,IN,direct_anchor_exact_rxnorm
7502,19464,bisdequalinium,IN,direct_anchor_exact_rxnorm
7503,19464,bisdequalinium,IN,direct_anchor_exact_rxnorm
7504,1811860,bisdisulizole,IN,direct_anchor_exact_rxnorm
7505,1811860,bisdisulizole,IN,direct_anchor_exact_rxnorm
7517,40762,bismuth aluminate,IN,direct_anchor_exact_rxnorm
7518,1546284,bismuth cation,IN,direct_anchor_exact_rxnorm
7520,19472,bismuth oxide,IN,direct_anchor_exact_rxnorm
7522,19475,bismuth subcarbonate,IN,direct_anchor_exact_rxnorm
7524,47181,bismuth subcitrate,IN,direct_anchor_exact_rxnorm
7525,47181,bismuth subcitrate,IN,direct_anchor_exact_rxnorm
7526,19476,bismuth subgallate,IN,direct_anchor_exact_rxnorm
7527,19477,bismuth subnitrate,IN,direct_anchor_exact_rxnorm
7528,19478,bismuth subsalicylate,IN,direct_anchor_exact_rxnorm
7529,47180,bismuth tribromophenate,IN,direct_anchor_exact_rxnorm
7534,1310510,bisoctrizole,IN,direct_anchor_exact_rxnorm
7535,19484,bisoprolol,IN,direct_anchor_exact_rxnorm
7544,1433347,bisphenol a,IN,direct_anchor_exact_rxnorm
7545,1368138,"2,2-bis(4-glycidyloxyphenyl)propane",IN,unique_convergent_term_evidence
7557,19499,bitolterol,IN,direct_anchor_exact_rxnorm
7558,19499,bitolterol,IN,direct_anchor_exact_rxnorm
7563,60819,bivalirudin,IN,direct_anchor_exact_rxnorm
7582,89887,latrodectus mactans antivenin,IN,unique_convergent_term_evidence
7584,1372002,blackberry flavor,IN,unique_convergent_term_evidence
7591,905276,german cockroach allergenic extract,IN,unique_convergent_term_evidence
7594,1622,bleomycin,IN,unique_convergent_term_evidence
7603,1597258,blinatumomab,IN,direct_anchor_exact_rxnorm
7615,1315126,blue crab preparation,IN,unique_convergent_term_evidence
7616,899382,blueberry allergenic extract,IN,unique_convergent_term_evidence
7683,1102129,boceprevir,IN,direct_anchor_exact_rxnorm
7696,2289408,boldenone,IN,direct_anchor_exact_rxnorm
7697,2289408,boldenone,IN,direct_anchor_exact_rxnorm
7699,1310049,peumus boldus leaf extract,IN,unique_convergent_term_evidence
7705,314455,silk allergenic extract,IN,unique_convergent_term_evidence
7715,115264,ibandronate,IN,unique_convergent_term_evidence
7721,115264,ibandronate,IN,direct_anchor_exact_rxnorm
7725,19605,bopindolol,IN,direct_anchor_exact_rxnorm
7727,68905,borage oil,IN,direct_anchor_exact_rxnorm
7728,1424875,borate ion,IN,direct_anchor_exact_rxnorm
7750,1700,boric acid,IN,direct_anchor_exact_rxnorm
7751,19610,bornaprine,IN,direct_anchor_exact_rxnorm
7753,1368202,borneol,IN,direct_anchor_exact_rxnorm
7754,1491978,bornyl acetate,IN,direct_anchor_exact_rxnorm
7759,1705,boron,IN,direct_anchor_exact_rxnorm
7765,358258,bortezomib,IN,direct_anchor_exact_rxnorm
7772,1737793,bos taurus gallstone preparation,IN,unique_convergent_term_evidence
7774,852256,domestic cow skin extract,IN,unique_convergent_term_evidence
7778,1735163,boscalid,IN,direct_anchor_exact_rxnorm
7780,75207,bosentan,IN,direct_anchor_exact_rxnorm
7783,1307619,bosutinib,IN,direct_anchor_exact_rxnorm
7797,1712,botulinum toxin type a,IN,direct_anchor_exact_rxnorm
7806,2167673,botulinum toxin type b,IN,direct_anchor_exact_rxnorm
7844,852197,grama grass pollen extract,IN,unique_convergent_term_evidence
7849,1426856,collagen type i,IN,unique_convergent_term_evidence
7872,2049106,encorafenib,IN,direct_anchor_exact_rxnorm
7881,852205,mustard pollen extract,IN,unique_convergent_term_evidence
7895,2176312,bremelanotide,IN,direct_anchor_exact_rxnorm
7896,2176312,bremelanotide,IN,direct_anchor_exact_rxnorm
7899,2721880,brensocatib,IN,direct_anchor_exact_rxnorm
7905,19685,bretylium,IN,direct_anchor_exact_rxnorm
7906,19685,bretylium,IN,direct_anchor_exact_rxnorm
7908,49737,esmolol,IN,direct_anchor_exact_rxnorm
7909,6847,methohexital,IN,direct_anchor_exact_rxnorm
7910,2121777,brexanolone,IN,direct_anchor_exact_rxnorm
7911,1658314,brexpiprazole,IN,direct_anchor_exact_rxnorm
7912,2387277,brexucabtagene autoleucel,IN,direct_anchor_exact_rxnorm
7913,2479136,lisocabtagene maraleucel,IN,direct_anchor_exact_rxnorm
7919,1726988,sugammadex,IN,direct_anchor_exact_rxnorm
7928,1116632,ticagrelor,IN,direct_anchor_exact_rxnorm
7929,1998867,brilliant blue g,IN,direct_anchor_exact_rxnorm
7930,19698,brilliant green,IN,direct_anchor_exact_rxnorm
7932,134615,brimonidine,IN,direct_anchor_exact_rxnorm
7936,2599518,brincidofovir,IN,direct_anchor_exact_rxnorm
7939,194881,brinzolamide,IN,direct_anchor_exact_rxnorm
7945,2626349,ublituximab,IN,direct_anchor_exact_rxnorm
7948,1739745,brivaracetam,IN,direct_anchor_exact_rxnorm
7951,59161,brivudine,IN,direct_anchor_exact_rxnorm
7957,1668220,broccoli sprout extract,IN,direct_anchor_exact_rxnorm
7963,1872251,brodalumab,IN,direct_anchor_exact_rxnorm
7964,19727,brodimoprim,IN,direct_anchor_exact_rxnorm
7972,2204915,brolucizumab,IN,direct_anchor_exact_rxnorm
7979,1749,bromazepam,IN,direct_anchor_exact_rxnorm
7982,1752,bromelains,IN,direct_anchor_exact_rxnorm
7986,19737,bromfenac,IN,direct_anchor_exact_rxnorm
7987,19737,bromfenac,IN,direct_anchor_exact_rxnorm
7988,1753,bromhexine,IN,direct_anchor_exact_rxnorm
7989,1753,bromhexine,IN,direct_anchor_exact_rxnorm
7996,1760,bromocriptine,IN,direct_anchor_exact_rxnorm
7997,1760,bromocriptine,IN,direct_anchor_exact_rxnorm
7999,19759,bromodiphenhydramine,IN,direct_anchor_exact_rxnorm
8000,214323,bromodiphenhydramine / codeine,MIN,direct_anchor_exact_rxnorm
8005,19768,bromopride,IN,direct_anchor_exact_rxnorm
8007,1307044,methyldibromo glutaronitrile,IN,unique_convergent_term_evidence
8008,1546386,bromotheophylline,IN,direct_anchor_exact_rxnorm
8010,19777,bromperidol,IN,direct_anchor_exact_rxnorm
8011,19777,bromperidol,IN,direct_anchor_exact_rxnorm
8012,1767,brompheniramine,IN,direct_anchor_exact_rxnorm
8015,852217,smooth brome pollen extract,IN,unique_convergent_term_evidence
8016,852225,cheat grass pollen extract,IN,unique_convergent_term_evidence
8019,1114345,bronopol,IN,direct_anchor_exact_rxnorm
8020,214442,codeine / guaifenesin,MIN,direct_anchor_exact_rxnorm
8030,19790,brotizolam,IN,direct_anchor_exact_rxnorm
8031,899593,mulberry pollen extract,IN,unique_convergent_term_evidence
8032,19791,brovanexine,IN,direct_anchor_exact_rxnorm
8033,19791,brovanexine,IN,direct_anchor_exact_rxnorm
8035,1306946,brown iron oxide,IN,direct_anchor_exact_rxnorm
8041,2693987,bruceantin,IN,direct_anchor_exact_rxnorm
8042,2181419,brucine,IN,direct_anchor_exact_rxnorm
8043,2181419,brucine,IN,direct_anchor_exact_rxnorm
8044,2262435,zanubrutinib,IN,direct_anchor_exact_rxnorm
8090,59636,buclizine,IN,direct_anchor_exact_rxnorm
8091,59636,buclizine,IN,direct_anchor_exact_rxnorm
8100,19831,budesonide,IN,direct_anchor_exact_rxnorm
8101,19831,budesonide,IN,direct_anchor_exact_rxnorm
8106,19832,budipine,IN,direct_anchor_exact_rxnorm
8116,1796,bufexamac,IN,direct_anchor_exact_rxnorm
8119,1191,aspirin,IN,direct_anchor_exact_rxnorm
8120,19836,buflomedil,IN,direct_anchor_exact_rxnorm
8129,2743603,bulevirtide,IN,direct_anchor_exact_rxnorm
8132,19847,bumadizone,IN,direct_anchor_exact_rxnorm
8135,1808,bumetanide,IN,direct_anchor_exact_rxnorm
8137,1808,bumetanide,IN,direct_anchor_exact_rxnorm
8143,19850,bunazosin,IN,direct_anchor_exact_rxnorm
8144,19850,bunazosin,IN,direct_anchor_exact_rxnorm
8155,1815,bupivacaine,IN,direct_anchor_exact_rxnorm
8156,1817,bupranolol,IN,direct_anchor_exact_rxnorm
8157,1819,buprenorphine,IN,direct_anchor_exact_rxnorm
8158,1819,buprenorphine,IN,direct_anchor_exact_rxnorm
8161,42347,bupropion,IN,direct_anchor_exact_rxnorm
8171,2043855,burosumab,IN,direct_anchor_exact_rxnorm
8172,1085787,butylscopolamine,IN,direct_anchor_exact_rxnorm
8173,1825,buserelin,IN,direct_anchor_exact_rxnorm
8178,1827,buspirone,IN,direct_anchor_exact_rxnorm
8179,1827,buspirone,IN,direct_anchor_exact_rxnorm
8180,1828,busulfan,IN,direct_anchor_exact_rxnorm
8182,477631,butabarbital,IN,direct_anchor_exact_rxnorm
8183,477631,butabarbital,IN,direct_anchor_exact_rxnorm
8184,1829,butacaine,IN,direct_anchor_exact_rxnorm
8185,1829,butacaine,IN,direct_anchor_exact_rxnorm
8191,819929,butafosfan,IN,direct_anchor_exact_rxnorm
8192,180806,butalamine,IN,direct_anchor_exact_rxnorm
8193,19860,butalbital,IN,direct_anchor_exact_rxnorm
8194,19861,butamben,IN,direct_anchor_exact_rxnorm
8195,19861,butamben,IN,direct_anchor_exact_rxnorm
8196,19862,butamirate,IN,direct_anchor_exact_rxnorm
8197,19862,butamirate,IN,direct_anchor_exact_rxnorm
8201,1310550,butane,IN,direct_anchor_exact_rxnorm
8212,1370573,butedronate,IN,direct_anchor_exact_rxnorm
8214,47461,butenafine,IN,direct_anchor_exact_rxnorm
8215,47461,butenafine,IN,direct_anchor_exact_rxnorm
8218,235942,butetamate,IN,direct_anchor_exact_rxnorm
8223,19882,buthiazide,IN,direct_anchor_exact_rxnorm
8225,19880,butibufen,IN,direct_anchor_exact_rxnorm
8226,2390760,butidrine,IN,direct_anchor_exact_rxnorm
8232,19874,butobarbital,IN,direct_anchor_exact_rxnorm
8235,19884,butoconazole,IN,direct_anchor_exact_rxnorm
8236,19884,butoconazole,IN,direct_anchor_exact_rxnorm
8247,1841,butorphanol,IN,direct_anchor_exact_rxnorm
8248,1841,butorphanol,IN,direct_anchor_exact_rxnorm
8250,19895,butriptyline,IN,direct_anchor_exact_rxnorm
8251,19895,butriptyline,IN,direct_anchor_exact_rxnorm
8254,1310579,butyl alcohol,IN,direct_anchor_exact_rxnorm
8255,19900,butyl chloride,IN,direct_anchor_exact_rxnorm
8256,1363628,butyl stearate,IN,direct_anchor_exact_rxnorm
8258,1362900,butylated hydroxyanisole,IN,direct_anchor_exact_rxnorm
8259,1848,butylated hydroxytoluene,IN,direct_anchor_exact_rxnorm
8260,1310542,"1,3-butylene glycol",IN,unique_convergent_term_evidence
8262,1306937,butylparaben,IN,direct_anchor_exact_rxnorm
8265,1484499,3-n-butylphthalide,IN,unique_convergent_term_evidence
8266,1085787,butylscopolamine,IN,direct_anchor_exact_rxnorm
8270,596718,butyrate,IN,direct_anchor_exact_rxnorm
8273,19943,buzepide metiodide,IN,direct_anchor_exact_rxnorm
8300,1609072,c11-12 isoparaffin,IN,direct_anchor_exact_rxnorm
8311,996051,cabazitaxel,IN,direct_anchor_exact_rxnorm
8314,47579,cabergoline,IN,direct_anchor_exact_rxnorm
8318,2110605,caplacizumab,IN,direct_anchor_exact_rxnorm
8319,1363268,cabozantinib,IN,direct_anchor_exact_rxnorm
8320,2475077,cabotegravir,IN,direct_anchor_exact_rxnorm
8321,2475077,cabotegravir,IN,direct_anchor_exact_rxnorm
8334,20012,cadexomer iodine,IN,direct_anchor_exact_rxnorm
8337,1362694,cadmium,IN,direct_anchor_exact_rxnorm
8338,1362694,cadmium,IN,direct_anchor_exact_rxnorm
8342,1368145,cadmium sulfate,IN,direct_anchor_exact_rxnorm
8343,1368199,cadmium sulfide,IN,direct_anchor_exact_rxnorm
8350,47589,cafedrine,IN,direct_anchor_exact_rxnorm
8352,1311397,caffeic acid,IN,direct_anchor_exact_rxnorm
8353,1886,caffeine,IN,direct_anchor_exact_rxnorm
8354,1886,caffeine,IN,direct_anchor_exact_rxnorm
8362,1309211,cajuput oil,IN,direct_anchor_exact_rxnorm
8365,1889,calcifediol,IN,direct_anchor_exact_rxnorm
8369,29365,calcipotriene,IN,unique_convergent_term_evidence
8373,1894,calcitriol,IN,direct_anchor_exact_rxnorm
8374,1895,calcium,IN,direct_anchor_exact_rxnorm
8375,214342,calcium acetate,IN,direct_anchor_exact_rxnorm
8376,47610,calcium alginate,IN,direct_anchor_exact_rxnorm
8378,142407,calcium ascorbate,IN,direct_anchor_exact_rxnorm
8379,287637,calcium aspartate,IN,direct_anchor_exact_rxnorm
8381,1902,calcium carbimide,IN,direct_anchor_exact_rxnorm
8382,1897,calcium carbonate,IN,direct_anchor_exact_rxnorm
8384,1901,calcium chloride,IN,direct_anchor_exact_rxnorm
8386,47613,calcium citrate,IN,direct_anchor_exact_rxnorm
8388,2969,cyclamate,IN,direct_anchor_exact_rxnorm
8390,235935,dobesilic acid,IN,direct_anchor_exact_rxnorm
8391,1905,calcium fluoride,IN,direct_anchor_exact_rxnorm
8394,25806,calcium glubionate,IN,direct_anchor_exact_rxnorm
8396,47618,calcium gluceptate,IN,unique_convergent_term_evidence
8397,1908,calcium gluconate,IN,direct_anchor_exact_rxnorm
8398,1909,calcium glycerophosphate,IN,direct_anchor_exact_rxnorm
8401,1910,calcium hydroxide,IN,direct_anchor_exact_rxnorm
8403,1424671,calcium hypophosphite,IN,direct_anchor_exact_rxnorm
8404,47622,calcium lactate,IN,direct_anchor_exact_rxnorm
8408,235784,calcium lactobionate,IN,direct_anchor_exact_rxnorm
8411,47624,calcium levulinate,IN,direct_anchor_exact_rxnorm
8415,28728,calcium oxide,IN,direct_anchor_exact_rxnorm
8416,646818,pangamate,IN,direct_anchor_exact_rxnorm
8417,1919,calcium phosphate,IN,direct_anchor_exact_rxnorm
8420,20063,calcium polycarbophil,IN,direct_anchor_exact_rxnorm
8421,1362901,calcium pyrophosphate,IN,direct_anchor_exact_rxnorm
8423,236693,calcium saccharate,IN,direct_anchor_exact_rxnorm
8425,1311526,calcium silicate,IN,direct_anchor_exact_rxnorm
8426,1925,calcium sulfate,IN,direct_anchor_exact_rxnorm
8427,90521,calcium sulfide,IN,direct_anchor_exact_rxnorm
8429,273888,calcium threonate,IN,direct_anchor_exact_rxnorm
8430,314881,undecylenate,IN,direct_anchor_exact_rxnorm
8439,,,,ambiguous_legacy_anchor_evidence
8441,1428027,calendula officinalis whole extract,IN,unique_convergent_term_evidence
8444,232539,calfactant,IN,direct_anchor_exact_rxnorm
8449,852233,bottlebrush pollen extract,IN,unique_convergent_term_evidence
8455,1424676,calteridol,IN,direct_anchor_exact_rxnorm
8456,1424676,calteridol,IN,direct_anchor_exact_rxnorm
8466,1951,cambendazole,IN,direct_anchor_exact_rxnorm
8467,3355,diclofenac,IN,direct_anchor_exact_rxnorm
8469,42375,leuprolide,IN,direct_anchor_exact_rxnorm
8470,1306161,camellia japonica seed oil,IN,direct_anchor_exact_rxnorm
8486,2395761,camphene,IN,direct_anchor_exact_rxnorm
8487,1952,camphor,IN,direct_anchor_exact_rxnorm
8488,1306163,camphor leaf oil,IN,direct_anchor_exact_rxnorm
8492,2264361,"camphoric acid, (+)-",IN,direct_anchor_exact_rxnorm
8499,51499,irinotecan,IN,direct_anchor_exact_rxnorm
8508,1373458,canagliflozin,IN,direct_anchor_exact_rxnorm
8509,853491,canakinumab,IN,direct_anchor_exact_rxnorm
8517,140108,caspofungin,IN,direct_anchor_exact_rxnorm
8518,214354,candesartan,IN,direct_anchor_exact_rxnorm
8519,284628,candesartan / hydrochlorothiazide,MIN,direct_anchor_exact_rxnorm
8521,1963,candida albicans,IN,direct_anchor_exact_rxnorm
8532,1656052,cangrelor,IN,direct_anchor_exact_rxnorm
8534,,,,ambiguous_legacy_anchor_evidence
8538,2585216,cannabichromene,IN,direct_anchor_exact_rxnorm
8539,2045371,cannabidiol,IN,direct_anchor_exact_rxnorm
8542,2464938,cannabigerol,IN,direct_anchor_exact_rxnorm
8547,1484855,cannabis sativa subsp. flowering top extract,IN,direct_anchor_exact_rxnorm
8552,618970,canrenoate,IN,direct_anchor_exact_rxnorm
8553,81971,canrenoic acid,IN,direct_anchor_exact_rxnorm
8554,1982,canrenone,IN,direct_anchor_exact_rxnorm
8556,1984,cantharidin,IN,direct_anchor_exact_rxnorm
8557,42348,canthaxanthin,IN,direct_anchor_exact_rxnorm
8566,194000,capecitabine,IN,direct_anchor_exact_rxnorm
8570,2669967,capivasertib,IN,direct_anchor_exact_rxnorm
8572,2362165,capmatinib,IN,direct_anchor_exact_rxnorm
8578,895503,domestic goat hair extract,IN,unique_convergent_term_evidence
8579,852252,domestic goat skin extract,IN,unique_convergent_term_evidence
8581,1098413,vandetanib,IN,direct_anchor_exact_rxnorm
8582,78903,capreomycin,IN,direct_anchor_exact_rxnorm
8584,78903,capreomycin,IN,direct_anchor_exact_rxnorm
8585,22380,decanoic acid,IN,unique_convergent_term_evidence
8586,1494854,decylamine oxide,IN,unique_convergent_term_evidence
8589,136300,capromab pendetide,IN,direct_anchor_exact_rxnorm
8590,1986787,capromorelin,IN,direct_anchor_exact_rxnorm
8591,1986787,capromorelin,IN,direct_anchor_exact_rxnorm
8594,2584845,caprylamidopropyl betaine,IN,direct_anchor_exact_rxnorm
8595,1307145,caprylhydroxamic acid,IN,direct_anchor_exact_rxnorm
8596,20178,octanoic acid,IN,unique_convergent_term_evidence
8597,1487826,1-octanol,IN,unique_convergent_term_evidence
8598,1363571,"1,2-octanediol",IN,unique_convergent_term_evidence
8599,1992,capsaicin,IN,direct_anchor_exact_rxnorm
8603,319780,capsicum extract,IN,unique_convergent_term_evidence
8604,1314843,capsicum annuum whole extract,IN,unique_convergent_term_evidence
8605,235787,capsicum oleoresin,IN,direct_anchor_exact_rxnorm
8612,1998,captopril,IN,direct_anchor_exact_rxnorm
8617,4492,fluorouracil,IN,direct_anchor_exact_rxnorm
8621,20191,caramiphen,IN,direct_anchor_exact_rxnorm
8622,20191,caramiphen,IN,direct_anchor_exact_rxnorm
8625,20192,carazolol,IN,direct_anchor_exact_rxnorm
8627,1999,carbachol,IN,direct_anchor_exact_rxnorm
8628,1314339,carbadox,IN,direct_anchor_exact_rxnorm
8630,2002,carbamazepine,IN,direct_anchor_exact_rxnorm
8633,47686,carbamide peroxide,IN,direct_anchor_exact_rxnorm
8634,1546387,carbamoylcholine,IN,direct_anchor_exact_rxnorm
8639,20206,carbarson,IN,unique_convergent_term_evidence
8640,9724,carbaryl,IN,direct_anchor_exact_rxnorm
8644,2011,carbazochrome,IN,direct_anchor_exact_rxnorm
8646,2011,carbazochrome,IN,direct_anchor_exact_rxnorm
8652,2015,carbenicillin,IN,direct_anchor_exact_rxnorm
8653,2015,carbenicillin,IN,direct_anchor_exact_rxnorm
8654,2015,carbenicillin,IN,direct_anchor_exact_rxnorm
8656,2017,carbenoxolone,IN,direct_anchor_exact_rxnorm
8657,2017,carbenoxolone,IN,direct_anchor_exact_rxnorm
8659,605496,carbetapentane / guaifenesin,MIN,direct_anchor_exact_rxnorm
8662,2019,carbidopa,IN,direct_anchor_exact_rxnorm
8664,2020,carbimazole,IN,direct_anchor_exact_rxnorm
8665,20220,carbinoxamine,IN,direct_anchor_exact_rxnorm
8671,6759,mepivacaine,IN,direct_anchor_exact_rxnorm
8674,2508,chromonar,IN,unique_convergent_term_evidence
8675,2023,carbocysteine,IN,direct_anchor_exact_rxnorm
8681,235535,carbomer,IN,direct_anchor_exact_rxnorm
8684,1732380,carbomer homopolymer type b (allyl pentaerythritol or allyl sucrose crosslinked),IN,direct_anchor_exact_rxnorm
8685,1305738,carbomer homopolymer type c,IN,direct_anchor_exact_rxnorm
8688,2032,carbon black,IN,direct_anchor_exact_rxnorm
8721,2034,carbon dioxide,IN,direct_anchor_exact_rxnorm
8722,2037,carbon monoxide,IN,direct_anchor_exact_rxnorm
8724,2383337,carbon tetrachloride,IN,direct_anchor_exact_rxnorm
8725,1544139,carbonate ion,IN,direct_anchor_exact_rxnorm
8729,40048,carboplatin,IN,direct_anchor_exact_rxnorm
8731,1363568,carbomer-974p,IN,unique_convergent_term_evidence
8732,2051,carboprost,IN,direct_anchor_exact_rxnorm
8734,2051,carboprost,IN,direct_anchor_exact_rxnorm
8749,2062,carboxymethylcellulose,IN,direct_anchor_exact_rxnorm
8750,2062,carboxymethylcellulose,IN,direct_anchor_exact_rxnorm
8755,2067,carbromal,IN,direct_anchor_exact_rxnorm
8758,2068,carbutamide,IN,direct_anchor_exact_rxnorm
8766,1314587,cardamom extract,IN,unique_convergent_term_evidence
8776,42736,dexrazoxane,IN,unique_convergent_term_evidence
8778,3443,diltiazem,IN,direct_anchor_exact_rxnorm
8787,1302966,carfilzomib,IN,unique_convergent_term_evidence
8790,401713,carglumic acid,IN,direct_anchor_exact_rxnorm
8796,1667655,cariprazine,IN,direct_anchor_exact_rxnorm
8797,1667655,cariprazine,IN,direct_anchor_exact_rxnorm
8799,2101,carisoprodol,IN,direct_anchor_exact_rxnorm
8812,1362697,carnosine,IN,direct_anchor_exact_rxnorm
8830,899611,blue beech pollen extract,IN,unique_convergent_term_evidence
8831,20342,carpipramine,IN,direct_anchor_exact_rxnorm
8832,20342,carpipramine,IN,direct_anchor_exact_rxnorm
8836,20343,carprofen,IN,direct_anchor_exact_rxnorm
8852,2116,carteolol,IN,direct_anchor_exact_rxnorm
8853,1376213,carthamus tinctorius flower bud extract,IN,unique_convergent_term_evidence
8854,1007618,camphor / capsaicin / menthol,MIN,direct_anchor_exact_rxnorm
8860,1998840,carvacrol,IN,direct_anchor_exact_rxnorm
8862,20352,carvedilol,IN,direct_anchor_exact_rxnorm
8863,20352,carvedilol,IN,direct_anchor_exact_rxnorm
8867,2594775,ciltacabtagene autoleucel,IN,direct_anchor_exact_rxnorm
8868,899645,bitternut hickory pollen extract,IN,unique_convergent_term_evidence
8869,899650,pignut hickory pollen extract,IN,unique_convergent_term_evidence
8870,852272,pecan pollen extract,IN,unique_convergent_term_evidence
8872,852221,shagbark hickory pollen extract,IN,unique_convergent_term_evidence
8873,852193,white hickory pollen extract,IN,unique_convergent_term_evidence
8874,1368148,caryophyllene,IN,direct_anchor_exact_rxnorm
8875,20355,carzenide,IN,direct_anchor_exact_rxnorm
8878,862460,casein allergenic extract,IN,unique_convergent_term_evidence
8880,2671667,exagamglogene autotemcel,IN,direct_anchor_exact_rxnorm
8881,892526,cashew nut allergenic extract,IN,unique_convergent_term_evidence
8882,1358956,anacardium occidentale fruit extract,IN,unique_convergent_term_evidence
8883,2480096,casimersen,IN,direct_anchor_exact_rxnorm
8885,2465242,casirivimab,IN,direct_anchor_exact_rxnorm
8889,140108,caspofungin,IN,direct_anchor_exact_rxnorm
8894,1307589,cassia fistula fruit extract,IN,unique_convergent_term_evidence
8897,2129,castor oil,IN,direct_anchor_exact_rxnorm
8898,852229,australian pine pollen extract,IN,unique_convergent_term_evidence
8902,2599,clonidine,IN,direct_anchor_exact_rxnorm
8910,32022,cathine,IN,direct_anchor_exact_rxnorm
8916,4271,factor xiii,IN,unique_convergent_term_evidence
8920,2166593,guinea pig dander,IN,unique_convergent_term_evidence
8922,852298,guinea pig skin extract,IN,unique_convergent_term_evidence
8923,1425214,caviar preparation,IN,unique_convergent_term_evidence
9049,1309217,cedar leaf oil,IN,direct_anchor_exact_rxnorm
9050,2384449,cedazuridine,IN,direct_anchor_exact_rxnorm
9056,6466,lomustine,IN,unique_convergent_term_evidence
9058,2177,cefadroxil,IN,direct_anchor_exact_rxnorm
9061,2233,cephaloridine,IN,unique_convergent_term_evidence
9063,2179,cefatrizine,IN,direct_anchor_exact_rxnorm
9072,83682,cefditoren,IN,direct_anchor_exact_rxnorm
9075,20482,cefetamet,IN,direct_anchor_exact_rxnorm
9079,2265702,cefiderocol,IN,direct_anchor_exact_rxnorm
9080,2265702,cefiderocol,IN,direct_anchor_exact_rxnorm
9083,25033,cefixime,IN,direct_anchor_exact_rxnorm
9091,2182,cefmetazole,IN,direct_anchor_exact_rxnorm
9092,2182,cefmetazole,IN,direct_anchor_exact_rxnorm
9094,20485,cefodizime,IN,direct_anchor_exact_rxnorm
9095,2183,cefonicid,IN,direct_anchor_exact_rxnorm
9097,20486,ceforanide,IN,direct_anchor_exact_rxnorm
9099,2188,cefotiam,IN,direct_anchor_exact_rxnorm
9100,2188,cefotiam,IN,direct_anchor_exact_rxnorm
9101,1591901,cefovecin,IN,direct_anchor_exact_rxnorm
9102,1591901,cefovecin,IN,direct_anchor_exact_rxnorm
9109,27130,cefpirome,IN,direct_anchor_exact_rxnorm
9110,27130,cefpirome,IN,direct_anchor_exact_rxnorm
9115,2190,cefsulodin,IN,direct_anchor_exact_rxnorm
9117,1040004,ceftaroline fosamil,IN,direct_anchor_exact_rxnorm
9118,1040004,ceftaroline fosamil,IN,direct_anchor_exact_rxnorm
9122,1311521,ceftiofur,IN,direct_anchor_exact_rxnorm
9123,1311521,ceftiofur,IN,direct_anchor_exact_rxnorm
9124,1311521,ceftiofur,IN,direct_anchor_exact_rxnorm
9127,2691333,ceftobiprole,IN,direct_anchor_exact_rxnorm
9128,2691333,ceftobiprole,IN,unique_convergent_term_evidence
9129,1597609,ceftolozane,IN,direct_anchor_exact_rxnorm
9130,1597609,ceftolozane,IN,direct_anchor_exact_rxnorm
9138,140587,celecoxib,IN,direct_anchor_exact_rxnorm
9139,140587,celecoxib,IN,direct_anchor_exact_rxnorm
9144,20498,celiprolol,IN,direct_anchor_exact_rxnorm
9145,20498,celiprolol,IN,direct_anchor_exact_rxnorm
9153,68149,mycophenolate mofetil,IN,direct_anchor_exact_rxnorm
9162,852324,hackberry pollen extract,IN,unique_convergent_term_evidence
9168,2058826,cemiplimab,IN,direct_anchor_exact_rxnorm
9173,2104332,cenegermin,IN,direct_anchor_exact_rxnorm
9180,2265690,cenobamate,IN,direct_anchor_exact_rxnorm
9186,,,,ambiguous_legacy_anchor_evidence
9198,1399,benzocaine,IN,direct_anchor_exact_rxnorm
9206,,,,ambiguous_legacy_anchor_evidence
9208,2238,cephapirin,IN,direct_anchor_exact_rxnorm
9215,8834,protein c,IN,direct_anchor_exact_rxnorm
9220,1314307,ceramide 6 ii,IN,unique_convergent_term_evidence
9222,1426448,ceramide 2,IN,unique_convergent_term_evidence
9223,1362741,ceramide 3,IN,unique_convergent_term_evidence
9234,72236,fosphenytoin,IN,direct_anchor_exact_rxnorm
9235,715869,maropitant,IN,direct_anchor_exact_rxnorm
9240,1535457,ceritinib,IN,direct_anchor_exact_rxnorm
9242,1673068,ceric oxide,IN,unique_convergent_term_evidence
9243,314546,cerium oxalate,IN,direct_anchor_exact_rxnorm
9244,596723,cerivastatin,IN,direct_anchor_exact_rxnorm
9247,1922437,cerliponase,IN,direct_anchor_exact_rxnorm
9250,709271,certolizumab pegol,IN,direct_anchor_exact_rxnorm
9251,152610,certoparin,IN,direct_anchor_exact_rxnorm
9252,152610,certoparin,IN,direct_anchor_exact_rxnorm
9253,,,,ambiguous_legacy_anchor_evidence
9257,31447,nabilone,IN,direct_anchor_exact_rxnorm
9258,1310121,cesium,IN,direct_anchor_exact_rxnorm
9265,47907,cetalkonium chloride,IN,direct_anchor_exact_rxnorm
9268,1311623,ceteareth-30,IN,direct_anchor_exact_rxnorm
9270,1314341,ceteth-10,IN,direct_anchor_exact_rxnorm
9271,1310709,ceteth-20,IN,direct_anchor_exact_rxnorm
9274,20609,cetiedil,IN,direct_anchor_exact_rxnorm
9275,20609,cetiedil,IN,direct_anchor_exact_rxnorm
9277,20610,cetirizine,IN,direct_anchor_exact_rxnorm
9286,288088,cetrimide,IN,direct_anchor_exact_rxnorm
9287,20614,cetrimonium,IN,direct_anchor_exact_rxnorm
9288,20614,cetrimonium,IN,direct_anchor_exact_rxnorm
9289,20614,cetrimonium,IN,direct_anchor_exact_rxnorm
9291,68147,cetrorelix,IN,direct_anchor_exact_rxnorm
9293,318341,cetuximab,IN,direct_anchor_exact_rxnorm
9297,20615,cetyl alcohol,IN,direct_anchor_exact_rxnorm
9298,1306178,cetyl ethylhexanoate,IN,direct_anchor_exact_rxnorm
9299,1311485,cetyl palmitate,IN,direct_anchor_exact_rxnorm
9300,2286,cetylpyridinium,IN,direct_anchor_exact_rxnorm
9301,2286,cetylpyridinium,IN,direct_anchor_exact_rxnorm
9304,2286,cetylpyridinium,IN,direct_anchor_exact_rxnorm
9310,44281,cevimeline,IN,direct_anchor_exact_rxnorm
9337,1305633,chamaecyparis obtusa wood oil,IN,direct_anchor_exact_rxnorm
9338,1306194,chamaemelum nobile flower extract,IN,unique_convergent_term_evidence
9340,,,,ambiguous_legacy_anchor_evidence
9356,42588,chenodeoxycholate,IN,direct_anchor_exact_rxnorm
9357,852237,lambs quarters pollen extract,IN,unique_convergent_term_evidence
9358,897391,mexican tea pollen extract,IN,unique_convergent_term_evidence
9359,1014766,jerusalem oak pollen extract,IN,unique_convergent_term_evidence
9372,2001615,chicory leaf extract,IN,unique_convergent_term_evidence
9379,1305720,chinese cinnamon extract,IN,unique_convergent_term_evidence
9389,59038,chitosan,IN,direct_anchor_exact_rxnorm
9396,2400,chlorpheniramine,IN,direct_anchor_exact_rxnorm
9398,89808,chloral betaine,IN,direct_anchor_exact_rxnorm
9399,38574,trichloroacetaldehyde,IN,direct_anchor_exact_rxnorm
9402,2346,chlorambucil,IN,direct_anchor_exact_rxnorm
9404,20762,chloramine-t,IN,direct_anchor_exact_rxnorm
9405,20762,chloramine-t,IN,direct_anchor_exact_rxnorm
9406,2348,chloramphenicol,IN,direct_anchor_exact_rxnorm
9407,2348,chloramphenicol,IN,direct_anchor_exact_rxnorm
9409,2348,chloramphenicol,IN,direct_anchor_exact_rxnorm
9410,2348,chloramphenicol,IN,direct_anchor_exact_rxnorm
9411,484139,chlorhexidine / isopropyl alcohol,MIN,direct_anchor_exact_rxnorm
9416,2354,chlorcyclizine,IN,direct_anchor_exact_rxnorm
9419,2356,chlordiazepoxide,IN,direct_anchor_exact_rxnorm
9420,611854,chlordiazepoxide / clidinium,MIN,direct_anchor_exact_rxnorm
9426,2358,chlorhexidine,IN,direct_anchor_exact_rxnorm
9428,645081,chlorhexidine / tolnaftate,MIN,direct_anchor_exact_rxnorm
9430,1546391,chloric acid,IN,direct_anchor_exact_rxnorm
9431,153974,chloride ion,IN,direct_anchor_exact_rxnorm
9434,1310122,chlorine,IN,direct_anchor_exact_rxnorm
9435,20799,chlorine dioxide,IN,direct_anchor_exact_rxnorm
9438,78904,chlormadinone,IN,direct_anchor_exact_rxnorm
9441,2373,chlormezanone,IN,direct_anchor_exact_rxnorm
9445,2378,chlorobutanol,IN,direct_anchor_exact_rxnorm
9446,2378,chlorobutanol,IN,direct_anchor_exact_rxnorm
9448,20823,chlorocresol,IN,direct_anchor_exact_rxnorm
9449,1362698,chloroform,IN,direct_anchor_exact_rxnorm
9450,1311387,chlorogenic acid,IN,direct_anchor_exact_rxnorm
9451,1312362,chloromethyl methyl ether,IN,direct_anchor_exact_rxnorm
9461,20859,chloroprocaine,IN,direct_anchor_exact_rxnorm
9462,20861,chloropyramine,IN,direct_anchor_exact_rxnorm
9463,20861,chloropyramine,IN,direct_anchor_exact_rxnorm
9464,2393,chloroquine,IN,direct_anchor_exact_rxnorm
9465,2393,chloroquine,IN,direct_anchor_exact_rxnorm
9466,2393,chloroquine,IN,direct_anchor_exact_rxnorm
9468,59695,chlorothen,IN,direct_anchor_exact_rxnorm
9470,2396,chlorothiazide,IN,direct_anchor_exact_rxnorm
9471,2396,chlorothiazide,IN,direct_anchor_exact_rxnorm
9472,1363702,chlorothymol,IN,direct_anchor_exact_rxnorm
9475,2397,chlorotrianisene,IN,direct_anchor_exact_rxnorm
9476,20875,chloroxine,IN,direct_anchor_exact_rxnorm
9477,20877,chloroxylenol,IN,direct_anchor_exact_rxnorm
9478,1362886,chlorozotocin,IN,direct_anchor_exact_rxnorm
9479,2399,chlorphenesin,IN,direct_anchor_exact_rxnorm
9480,2399,chlorphenesin,IN,direct_anchor_exact_rxnorm
9481,2400,chlorpheniramine,IN,direct_anchor_exact_rxnorm
9487,20881,chlorphenoxamine,IN,direct_anchor_exact_rxnorm
9488,20881,chlorphenoxamine,IN,direct_anchor_exact_rxnorm
9491,59860,chlorproethazine,IN,direct_anchor_exact_rxnorm
9492,59860,chlorproethazine,IN,direct_anchor_exact_rxnorm
9495,2403,chlorpromazine,IN,direct_anchor_exact_rxnorm
9496,2404,chlorpropamide,IN,direct_anchor_exact_rxnorm
9497,2406,chlorprothixene,IN,direct_anchor_exact_rxnorm
9500,2407,chlorquinaldol,IN,direct_anchor_exact_rxnorm
9502,2408,chlortetracycline,IN,direct_anchor_exact_rxnorm
9504,2408,chlortetracycline,IN,direct_anchor_exact_rxnorm
9505,2408,chlortetracycline,IN,direct_anchor_exact_rxnorm
9506,2409,chlorthalidone,IN,direct_anchor_exact_rxnorm
9508,2410,chlorzoxazone,IN,direct_anchor_exact_rxnorm
9512,1426483,cholate,IN,direct_anchor_exact_rxnorm
9513,2418,cholecalciferol,IN,direct_anchor_exact_rxnorm
9515,2420,cholecystokinin,IN,direct_anchor_exact_rxnorm
9517,2438,cholesterol,IN,direct_anchor_exact_rxnorm
9519,1606197,cholesteryl chloride,IN,direct_anchor_exact_rxnorm
9521,2447,cholestyramine resin,IN,unique_convergent_term_evidence
9522,1440856,cholic acid,IN,direct_anchor_exact_rxnorm
9525,2449,choline,IN,direct_anchor_exact_rxnorm
9527,2449,choline,IN,direct_anchor_exact_rxnorm
9529,2449,choline,IN,direct_anchor_exact_rxnorm
9530,2449,choline,IN,direct_anchor_exact_rxnorm
9531,1433887,choline fenofibrate,IN,direct_anchor_exact_rxnorm
9533,215799,choline magnesium trisalicylate,IN,direct_anchor_exact_rxnorm
9536,2473,chondroitin sulfates,IN,unique_convergent_term_evidence
9539,4986,chorionic gonadotropin,IN,direct_anchor_exact_rxnorm
9540,4986,chorionic gonadotropin,IN,unique_convergent_term_evidence
9544,1546418,chromic cation,IN,direct_anchor_exact_rxnorm
9545,21009,chromic chloride,IN,direct_anchor_exact_rxnorm
9546,2496,chromium,IN,direct_anchor_exact_rxnorm
9550,90402,chromic sulfate,IN,direct_anchor_exact_rxnorm
9551,2496,chromium,IN,direct_anchor_exact_rxnorm
9552,2496,chromium,IN,direct_anchor_exact_rxnorm
9554,1311292,chromium gluconate,IN,direct_anchor_exact_rxnorm
9558,59308,chromium picolinate,IN,direct_anchor_exact_rxnorm
9559,1539810,chromium trioxide,IN,direct_anchor_exact_rxnorm
9563,2508,chromonar,IN,direct_anchor_exact_rxnorm
9574,1362888,chrysin,IN,direct_anchor_exact_rxnorm
9580,2525,chymopapain,IN,direct_anchor_exact_rxnorm
9582,2530,chymotrypsin,IN,direct_anchor_exact_rxnorm
9597,1367177,catechin,IN,unique_convergent_term_evidence
9601,21099,cifenline,IN,unique_convergent_term_evidence
9612,274964,ciclesonide,IN,direct_anchor_exact_rxnorm
9613,21914,cicletanine,IN,direct_anchor_exact_rxnorm
9614,21914,cicletanine,IN,direct_anchor_exact_rxnorm
9617,3002,cyclophosphamide,IN,unique_convergent_term_evidence
9621,21090,ciclopirox,IN,direct_anchor_exact_rxnorm
9622,21090,ciclopirox,IN,direct_anchor_exact_rxnorm
9631,21095,cicloxilic acid,IN,direct_anchor_exact_rxnorm
9638,83171,cidofovir,IN,direct_anchor_exact_rxnorm
9644,2477852,cifostodine,IN,direct_anchor_exact_rxnorm
9653,2540,cilastatin,IN,direct_anchor_exact_rxnorm
9654,2540,cilastatin,IN,direct_anchor_exact_rxnorm
9655,21102,cilazapril,IN,direct_anchor_exact_rxnorm
9658,2587306,cilgavimab,IN,direct_anchor_exact_rxnorm
9668,21107,cilostazol,IN,direct_anchor_exact_rxnorm
9676,2541,cimetidine,IN,direct_anchor_exact_rxnorm
9677,2541,cimetidine,IN,direct_anchor_exact_rxnorm
9682,407990,cinacalcet,IN,direct_anchor_exact_rxnorm
9683,407990,cinacalcet,IN,direct_anchor_exact_rxnorm
9686,21113,cinametic acid,IN,direct_anchor_exact_rxnorm
9693,3339,dibucaine,IN,unique_convergent_term_evidence
9710,21125,cinitapride,IN,direct_anchor_exact_rxnorm
9715,21130,cinnamedrine,IN,direct_anchor_exact_rxnorm
9716,21130,cinnamedrine,IN,direct_anchor_exact_rxnorm
9717,1368650,cinnamate,IN,direct_anchor_exact_rxnorm
9721,1309229,cinnamon oil,IN,direct_anchor_exact_rxnorm
9722,1362889,cinnamyl alcohol,IN,direct_anchor_exact_rxnorm
9723,2549,cinnarizine,IN,direct_anchor_exact_rxnorm
9730,2550,cinoxacin,IN,direct_anchor_exact_rxnorm
9731,288262,cinoxate,IN,direct_anchor_exact_rxnorm
9746,2667433,cipaglucosidase alfa,IN,direct_anchor_exact_rxnorm
9760,2551,ciprofloxacin,IN,direct_anchor_exact_rxnorm
9762,21149,ciprofibrate,IN,direct_anchor_exact_rxnorm
9763,2551,ciprofloxacin,IN,direct_anchor_exact_rxnorm
9795,35255,cisapride,IN,direct_anchor_exact_rxnorm
9796,35255,cisapride,IN,direct_anchor_exact_rxnorm
9797,319864,cisatracurium,IN,direct_anchor_exact_rxnorm
9798,319864,cisatracurium,IN,direct_anchor_exact_rxnorm
9807,2555,cisplatin,IN,direct_anchor_exact_rxnorm
9819,2556,citalopram,IN,direct_anchor_exact_rxnorm
9821,8686,prilocaine,IN,direct_anchor_exact_rxnorm
9831,997602,citicoline,IN,direct_anchor_exact_rxnorm
9832,997602,citicoline,IN,direct_anchor_exact_rxnorm
9833,21171,citiolone,IN,direct_anchor_exact_rxnorm
9839,1435288,citraconate,IN,direct_anchor_exact_rxnorm
9840,114200,citrate,IN,direct_anchor_exact_rxnorm
9841,21183,citric acid,IN,direct_anchor_exact_rxnorm
9843,1309376,citronella oil,IN,direct_anchor_exact_rxnorm
9844,2567,citrulline,IN,direct_anchor_exact_rxnorm
9845,1311573,citrus aurantium fruit extract,IN,unique_convergent_term_evidence
9846,5281,hesperidin,IN,unique_convergent_term_evidence
9847,1366324,citrus junos fruit extract,IN,unique_convergent_term_evidence
9848,581398,citrus pectin,IN,direct_anchor_exact_rxnorm
9849,897403,orange pollen extract,IN,unique_convergent_term_evidence
9864,44157,cladribine,IN,direct_anchor_exact_rxnorm
9880,2474340,clascoterone,IN,direct_anchor_exact_rxnorm
9884,48203,clavulanate,IN,direct_anchor_exact_rxnorm
9885,48203,clavulanate,IN,direct_anchor_exact_rxnorm
9893,21224,clebopride,IN,direct_anchor_exact_rxnorm
9898,2578,clemastine,IN,direct_anchor_exact_rxnorm
9899,1355831,clematis vitalba flower extract,IN,direct_anchor_exact_rxnorm
9906,21226,clemizolpenicillin,IN,direct_anchor_exact_rxnorm
9907,2580,clenbuterol,IN,direct_anchor_exact_rxnorm
9908,2580,clenbuterol,IN,direct_anchor_exact_rxnorm
9917,233603,clevidipine,IN,direct_anchor_exact_rxnorm
9918,233603,clevidipine,IN,direct_anchor_exact_rxnorm
9925,21232,clidinium,IN,direct_anchor_exact_rxnorm
9926,611854,chlordiazepoxide / clidinium,MIN,direct_anchor_exact_rxnorm
9932,191566,climbazole,IN,direct_anchor_exact_rxnorm
9936,2582,clindamycin,IN,direct_anchor_exact_rxnorm
9938,2582,clindamycin,IN,direct_anchor_exact_rxnorm
9945,5942,clioquinol,IN,direct_anchor_exact_rxnorm
9953,21241,clobazam,IN,direct_anchor_exact_rxnorm
9956,21244,clobenzorex,IN,direct_anchor_exact_rxnorm
9958,2590,clobetasol,IN,direct_anchor_exact_rxnorm
9959,2590,clobetasol,IN,direct_anchor_exact_rxnorm
9960,108074,clobetasone,IN,direct_anchor_exact_rxnorm
9961,108074,clobetasone,IN,direct_anchor_exact_rxnorm
9962,21247,clobutinol,IN,direct_anchor_exact_rxnorm
9967,402583,clocinizine,IN,direct_anchor_exact_rxnorm
9968,402583,clocinizine,IN,direct_anchor_exact_rxnorm
9969,21249,clocortolone,IN,direct_anchor_exact_rxnorm
9972,21249,clocortolone,IN,direct_anchor_exact_rxnorm
9984,3350,clodronic acid,IN,unique_convergent_term_evidence
9987,44151,clofarabine,IN,direct_anchor_exact_rxnorm
9988,2592,clofazimine,IN,direct_anchor_exact_rxnorm
9989,21254,chlophedianol,IN,unique_convergent_term_evidence
9998,21255,clofexamide,IN,direct_anchor_exact_rxnorm
10000,2594,clofibrate,IN,direct_anchor_exact_rxnorm
10007,21264,clofoctol,IN,direct_anchor_exact_rxnorm
10023,2596,clomiphene,IN,unique_convergent_term_evidence
10026,2597,clomipramine,IN,direct_anchor_exact_rxnorm
10027,21272,clomocycline,IN,direct_anchor_exact_rxnorm
10029,2598,clonazepam,IN,direct_anchor_exact_rxnorm
10033,2599,clonidine,IN,direct_anchor_exact_rxnorm
10036,2372697,clonitrate,IN,direct_anchor_exact_rxnorm
10038,2601,clonixin,IN,direct_anchor_exact_rxnorm
10042,2603,clopamide,IN,direct_anchor_exact_rxnorm
10044,2104180,cloperastine,IN,direct_anchor_exact_rxnorm
10045,2104180,cloperastine,IN,direct_anchor_exact_rxnorm
10049,32968,clopidogrel,IN,direct_anchor_exact_rxnorm
10050,1367179,clopidol,IN,direct_anchor_exact_rxnorm
10058,21285,cloprednol,IN,direct_anchor_exact_rxnorm
10059,2606,cloprostenol,IN,direct_anchor_exact_rxnorm
10060,2606,cloprostenol,IN,direct_anchor_exact_rxnorm
10066,2353,clorazepate,IN,direct_anchor_exact_rxnorm
10068,2353,clorazepate,IN,direct_anchor_exact_rxnorm
10082,21290,clorophene,IN,direct_anchor_exact_rxnorm
10088,28303,clorsulon,IN,direct_anchor_exact_rxnorm
10095,61686,clostebol,IN,direct_anchor_exact_rxnorm
10096,61686,clostebol,IN,direct_anchor_exact_rxnorm
10097,1811178,clostridium botulinum,IN,direct_anchor_exact_rxnorm
10107,798306,"tetanus toxoid vaccine, inactivated",IN,unique_convergent_term_evidence
10110,2620,clothiapine,IN,direct_anchor_exact_rxnorm
10113,2622,clotiazepam,IN,direct_anchor_exact_rxnorm
10119,899724,clove allergenic extract,IN,unique_convergent_term_evidence
10120,7624,clove oil,IN,direct_anchor_exact_rxnorm
10123,2625,cloxacillin,IN,direct_anchor_exact_rxnorm
10124,2625,cloxacillin,IN,direct_anchor_exact_rxnorm
10125,2625,cloxacillin,IN,direct_anchor_exact_rxnorm
10127,21311,cloxazolam,IN,direct_anchor_exact_rxnorm
10133,2626,clozapine,IN,direct_anchor_exact_rxnorm
10151,2697463,cnidium monnieri fruit extract,IN,unique_convergent_term_evidence
10169,4262,factor x,IN,direct_anchor_exact_rxnorm
10171,4254,factor vii,IN,unique_convergent_term_evidence
10175,2635,coal tar,IN,direct_anchor_exact_rxnorm
10179,1310300,cobalt,IN,direct_anchor_exact_rxnorm
10180,1426884,cobaltous chloride,IN,unique_convergent_term_evidence
10183,1546419,cobaltous cation,IN,direct_anchor_exact_rxnorm
10186,1362742,cobalt sulfate,IN,unique_convergent_term_evidence
10187,21373,cobamamide,IN,direct_anchor_exact_rxnorm
10189,1306284,cobicistat,IN,direct_anchor_exact_rxnorm
10190,1722365,cobimetinib,IN,direct_anchor_exact_rxnorm
10191,1722365,cobimetinib,IN,direct_anchor_exact_rxnorm
10202,2653,cocaine,IN,direct_anchor_exact_rxnorm
10203,2653,cocaine,IN,direct_anchor_exact_rxnorm
10204,1311576,cocamidopropyl betaine,IN,direct_anchor_exact_rxnorm
10205,10454,thiamine,IN,unique_convergent_term_evidence
10206,1549330,coccidioides immitis spherule,IN,direct_anchor_exact_rxnorm
10211,,,,ambiguous_legacy_anchor_evidence
10212,21389,cocoa butter,IN,direct_anchor_exact_rxnorm
10214,1309239,coconut oil,IN,direct_anchor_exact_rxnorm
10216,2669,cod liver oil,IN,direct_anchor_exact_rxnorm
10217,,,,ambiguous_legacy_anchor_evidence
10220,2670,codeine,IN,direct_anchor_exact_rxnorm
10229,1314344,coenzyme a,IN,direct_anchor_exact_rxnorm
10232,1546354,2-mercaptoethanesulfonic acid,IN,unique_convergent_term_evidence
10246,1541732,coix lacryma-jobi var. ma-yuen seed oil,IN,direct_anchor_exact_rxnorm
10251,82003,docusate,IN,direct_anchor_exact_rxnorm
10252,2174385,colchiceine,IN,direct_anchor_exact_rxnorm
10253,2683,colchicine,IN,direct_anchor_exact_rxnorm
10254,2683,colchicine,IN,direct_anchor_exact_rxnorm
10256,141626,colesevelam,IN,direct_anchor_exact_rxnorm
10258,2685,colestipol,IN,direct_anchor_exact_rxnorm
10263,107784,colfosceril,IN,direct_anchor_exact_rxnorm
10266,,,,ambiguous_legacy_anchor_evidence
10267,2709,colistin,IN,direct_anchor_exact_rxnorm
10268,2709,colistin,IN,direct_anchor_exact_rxnorm
10269,2709,colistin,IN,direct_anchor_exact_rxnorm
10280,898492,collagenase clostridium histolyticum,IN,direct_anchor_exact_rxnorm
10282,1339883,collinsonia extract,IN,direct_anchor_exact_rxnorm
10284,221082,colloidal oatmeal,IN,direct_anchor_exact_rxnorm
10293,2639782,glofitamab,IN,direct_anchor_exact_rxnorm
10302,214199,albuterol / ipratropium,MIN,direct_anchor_exact_rxnorm
10315,8704,prochlorperazine,IN,direct_anchor_exact_rxnorm
10319,1145801,emtricitabine / rilpivirine / tenofovir disoproxil,MIN,direct_anchor_exact_rxnorm
10328,8704,prochlorperazine,IN,direct_anchor_exact_rxnorm
10335,2708333,concizumab,IN,direct_anchor_exact_rxnorm
10337,1546420,condoliase,IN,direct_anchor_exact_rxnorm
10340,1599832,c1 esterase inhibitor,IN,unique_convergent_term_evidence
10342,1313334,coniine,IN,direct_anchor_exact_rxnorm
10345,302285,conivaptan,IN,direct_anchor_exact_rxnorm
10346,302285,conivaptan,IN,direct_anchor_exact_rxnorm
10361,1551467,bupropion / naltrexone,MIN,direct_anchor_exact_rxnorm
10366,2058509,duvelisib,IN,direct_anchor_exact_rxnorm
10369,2837,copper,IN,direct_anchor_exact_rxnorm
10392,2837,copper,IN,direct_anchor_exact_rxnorm
10393,2839,copper gluconate,IN,direct_anchor_exact_rxnorm
10394,2396443,dodatate,IN,direct_anchor_exact_rxnorm
10406,979384,north american coral snake antivenin,IN,unique_convergent_term_evidence
10411,1989289,cordycepin,IN,direct_anchor_exact_rxnorm
10414,4271,factor xiii,IN,direct_anchor_exact_rxnorm
10418,1649480,ivabradine,IN,direct_anchor_exact_rxnorm
10419,24853,fenoldopam,IN,direct_anchor_exact_rxnorm
10433,5492,hydrocortisone,IN,direct_anchor_exact_rxnorm
10436,214461,corticotropin-releasing hormone,IN,unique_convergent_term_evidence
10437,214461,corticotropin-releasing hormone,IN,direct_anchor_exact_rxnorm
10442,376,corticotropin,IN,direct_anchor_exact_rxnorm
10451,2878,cortisone,IN,direct_anchor_exact_rxnorm
10452,217627,hydrocortisone / neomycin / polymyxin b,MIN,direct_anchor_exact_rxnorm
10455,21660,cortivazol,IN,direct_anchor_exact_rxnorm
10457,41289,ibutilide,IN,direct_anchor_exact_rxnorm
10458,1376214,corydalis ambigua tuber extract,IN,unique_convergent_term_evidence
10459,852281,hazelnut pollen extract,IN,unique_convergent_term_evidence
10467,798304,"diphtheria toxoid vaccine, inactivated",IN,unique_convergent_term_evidence
10475,2717511,cosibelimab,IN,direct_anchor_exact_rxnorm
10478,3100,dactinomycin,IN,direct_anchor_exact_rxnorm
10522,1309243,cottonseed oil,IN,direct_anchor_exact_rxnorm
10523,11289,warfarin,IN,direct_anchor_exact_rxnorm
10525,2745582,coumaphos,IN,direct_anchor_exact_rxnorm
10526,2898,coumarin,IN,direct_anchor_exact_rxnorm
10543,892665,cow milk allergenic extract,IN,unique_convergent_term_evidence
10612,2907,creatine,IN,direct_anchor_exact_rxnorm
10613,2907,creatine,IN,direct_anchor_exact_rxnorm
10614,2913,creatinine,IN,direct_anchor_exact_rxnorm
10622,21732,cresatin,IN,direct_anchor_exact_rxnorm
10623,1608322,isavuconazonium,IN,direct_anchor_exact_rxnorm
10625,62130,cresol,IN,direct_anchor_exact_rxnorm
10628,301542,rosuvastatin,IN,direct_anchor_exact_rxnorm
10633,2701386,crinecerfont,IN,direct_anchor_exact_rxnorm
10635,1865953,crisaborole,IN,direct_anchor_exact_rxnorm
10642,1148495,crizotinib,IN,direct_anchor_exact_rxnorm
10648,2262278,crocin,IN,direct_anchor_exact_rxnorm
10649,21753,croconazole,IN,direct_anchor_exact_rxnorm
10650,1008507,agkistrodon piscivorus antivenin / crotalus adamanteus antivenin / crotalus atrox antivenin / crotalus scutulatus antivenin,MIN,direct_anchor_exact_rxnorm
10651,1364449,crofelemer,IN,direct_anchor_exact_rxnorm
10658,,,,ambiguous_legacy_anchor_evidence
10659,812238,cromolyn / xylometazoline,MIN,direct_anchor_exact_rxnorm
10663,1310574,croscarmellose,IN,direct_anchor_exact_rxnorm
10665,885185,crotalus adamanteus antivenin,IN,direct_anchor_exact_rxnorm
10666,885187,crotalus atrox antivenin,IN,direct_anchor_exact_rxnorm
10667,885189,crotalus scutulatus antivenin,IN,direct_anchor_exact_rxnorm
10668,21766,crotamiton,IN,direct_anchor_exact_rxnorm
10671,1309665,croton oil,IN,direct_anchor_exact_rxnorm
10674,2686619,crovalimab,IN,direct_anchor_exact_rxnorm
10688,42618,cryptenamine,IN,direct_anchor_exact_rxnorm
10689,1307710,crypthecodinium cohnii dha oil,IN,direct_anchor_exact_rxnorm
10719,886637,dog flea allergenic extract,IN,unique_convergent_term_evidence
10720,886638,cat flea allergenic extract,IN,unique_convergent_term_evidence
10740,1345679,culex pipiens preparation,IN,unique_convergent_term_evidence
10742,,,,ambiguous_legacy_anchor_evidence
10749,852814,arizona cypress pollen extract,IN,unique_convergent_term_evidence
10751,1427198,cupric cation,IN,direct_anchor_exact_rxnorm
10752,21833,cupric chloride,IN,direct_anchor_exact_rxnorm
10753,1428217,cupric glycinate,IN,direct_anchor_exact_rxnorm
10754,21837,cupric oxide,IN,direct_anchor_exact_rxnorm
10755,21579,copper sulfate,IN,unique_convergent_term_evidence
10757,1423796,cuprous chloride,IN,direct_anchor_exact_rxnorm
10763,1482794,curcuma aromatica root oil,IN,direct_anchor_exact_rxnorm
10764,1306094,curcuma xanthorrhiza oil,IN,direct_anchor_exact_rxnorm
10766,2955,curcumin,IN,direct_anchor_exact_rxnorm
10774,999438,curvularia inequalis allergenic extract,IN,unique_convergent_term_evidence
10807,21877,cyamemazine,IN,direct_anchor_exact_rxnorm
10811,11248,vitamin b12,IN,unique_convergent_term_evidence
10822,852551,burweed marshelder pollen extract,IN,unique_convergent_term_evidence
10823,2968,cyclacillin,IN,direct_anchor_exact_rxnorm
10826,2970,cyclandelate,IN,direct_anchor_exact_rxnorm
10832,1314330,cyclic amp,IN,unique_convergent_term_evidence
10841,2977,cyclizine,IN,direct_anchor_exact_rxnorm
10842,2977,cyclizine,IN,direct_anchor_exact_rxnorm
10843,2977,cyclizine,IN,direct_anchor_exact_rxnorm
10848,2978,cyclobarbital,IN,direct_anchor_exact_rxnorm
10850,21949,cyclobenzaprine,IN,direct_anchor_exact_rxnorm
10851,21949,cyclobenzaprine,IN,direct_anchor_exact_rxnorm
10856,21954,cyclobutyrol,IN,direct_anchor_exact_rxnorm
10861,2983,cyclofenil,IN,direct_anchor_exact_rxnorm
10867,2099711,cyclohexanol,IN,direct_anchor_exact_rxnorm
10868,2362166,cyclohexanone,IN,direct_anchor_exact_rxnorm
10879,1307080,cyclomethicone,IN,direct_anchor_exact_rxnorm
10880,1305744,cyclomethicone 5,IN,direct_anchor_exact_rxnorm
10881,21990,cyclomethycaine,IN,direct_anchor_exact_rxnorm
10886,59094,cyclopentamine,IN,direct_anchor_exact_rxnorm
10887,59094,cyclopentamine,IN,direct_anchor_exact_rxnorm
10890,3000,cyclopenthiazide,IN,direct_anchor_exact_rxnorm
10891,3001,cyclopentolate,IN,direct_anchor_exact_rxnorm
10892,690312,cyclopentolate / phenylephrine,MIN,direct_anchor_exact_rxnorm
10904,3007,cycloserine,IN,direct_anchor_exact_rxnorm
10905,3008,cyclosporine,IN,direct_anchor_exact_rxnorm
10909,22033,cyclothiazide,IN,direct_anchor_exact_rxnorm
10918,22037,cycrimine,IN,direct_anchor_exact_rxnorm
10919,22037,cycrimine,IN,direct_anchor_exact_rxnorm
10932,72625,duloxetine,IN,direct_anchor_exact_rxnorm
10938,851906,bermuda grass pollen extract,IN,unique_convergent_term_evidence
10947,2590266,cypermethrin,IN,direct_anchor_exact_rxnorm
10952,22051,cyprodenate,IN,direct_anchor_exact_rxnorm
10953,3013,cyproheptadine,IN,direct_anchor_exact_rxnorm
10954,3013,cyproheptadine,IN,direct_anchor_exact_rxnorm
10959,1535922,ramucirumab,IN,direct_anchor_exact_rxnorm
10962,1426401,cystamine,IN,direct_anchor_exact_rxnorm
10964,3022,cysteamine,IN,direct_anchor_exact_rxnorm
10965,3022,cysteamine,IN,direct_anchor_exact_rxnorm
10966,3022,cysteamine,IN,direct_anchor_exact_rxnorm
10968,3024,cysteine,IN,direct_anchor_exact_rxnorm
10969,3024,cysteine,IN,direct_anchor_exact_rxnorm
10974,3036,cystine,IN,direct_anchor_exact_rxnorm
10978,2017575,cytarabine / daunorubicin,MIN,unique_convergent_term_evidence
10994,1723152,cytisine,IN,direct_anchor_exact_rxnorm
11004,22178,cytomegalovirus immune globulin,IN,direct_anchor_exact_rxnorm
11021,689841,citric acid / potassium citrate / sodium citrate,MIN,direct_anchor_exact_rxnorm
11035,11256,vitamin e,IN,unique_convergent_term_evidence
11040,2530132,"borneol, (+)-",IN,unique_convergent_term_evidence
11041,2267019,"chiro-inositol, (+)-",IN,unique_convergent_term_evidence
11054,4850,glucose,IN,unique_convergent_term_evidence
11055,1428878,d-glutamic acid,IN,direct_anchor_exact_rxnorm
11085,9671,serine,IN,unique_convergent_term_evidence
11101,1546356,dabigatran,IN,direct_anchor_exact_rxnorm
11104,1424911,dabrafenib,IN,direct_anchor_exact_rxnorm
11109,3098,dacarbazine,IN,direct_anchor_exact_rxnorm
11117,190353,daclizumab,IN,direct_anchor_exact_rxnorm
11120,15657,decitabine,IN,direct_anchor_exact_rxnorm
11121,2058849,dacomitinib,IN,direct_anchor_exact_rxnorm
11124,32592,oxaliplatin,IN,unique_convergent_term_evidence
11128,851878,orchard grass pollen extract,IN,unique_convergent_term_evidence
11145,1539239,dalbavancin,IN,direct_anchor_exact_rxnorm
11152,897018,dalfampridine,IN,direct_anchor_exact_rxnorm
11153,229369,dalfopristin,IN,direct_anchor_exact_rxnorm
11159,1432293,dalotuzumab,IN,direct_anchor_exact_rxnorm
11163,67109,dalteparin,IN,direct_anchor_exact_rxnorm
11171,2055655,damoctocog alfa pegol,IN,direct_anchor_exact_rxnorm
11173,78484,danaparoid,IN,direct_anchor_exact_rxnorm
11178,3102,danazol,IN,direct_anchor_exact_rxnorm
11181,2678952,danicopan,IN,direct_anchor_exact_rxnorm
11188,1358488,danofloxacin,IN,direct_anchor_exact_rxnorm
11197,3105,dantrolene,IN,direct_anchor_exact_rxnorm
11198,3105,dantrolene,IN,direct_anchor_exact_rxnorm
11199,22293,danthron,IN,unique_convergent_term_evidence
11206,2474039,naxitamab,IN,direct_anchor_exact_rxnorm
11209,1488564,dapagliflozin,IN,direct_anchor_exact_rxnorm
11210,1488564,dapagliflozin,IN,direct_anchor_exact_rxnorm
11214,22298,dapiprazole,IN,direct_anchor_exact_rxnorm
11215,22298,dapiprazole,IN,direct_anchor_exact_rxnorm
11223,2628210,daprodustat,IN,direct_anchor_exact_rxnorm
11224,3108,dapsone,IN,direct_anchor_exact_rxnorm
11226,22299,daptomycin,IN,direct_anchor_exact_rxnorm
11229,1721947,daratumumab,IN,direct_anchor_exact_rxnorm
11230,2372199,daratumumab / hyaluronidase,MIN,unique_convergent_term_evidence
11242,2591497,daridorexant,IN,direct_anchor_exact_rxnorm
11243,2591497,daridorexant,IN,direct_anchor_exact_rxnorm
11244,136198,darifenacin,IN,direct_anchor_exact_rxnorm
11245,136198,darifenacin,IN,direct_anchor_exact_rxnorm
11251,2180325,darolutamide,IN,direct_anchor_exact_rxnorm
11256,460132,darunavir,IN,direct_anchor_exact_rxnorm
11265,1597381,dasabuvir,IN,direct_anchor_exact_rxnorm
11267,475342,dasatinib,IN,direct_anchor_exact_rxnorm
11269,2535233,dasiglucagon,IN,direct_anchor_exact_rxnorm
11279,2703033,datopotamab deruxtecan,IN,direct_anchor_exact_rxnorm
11283,3109,daunorubicin,IN,direct_anchor_exact_rxnorm
11285,2105845,glasdegib,IN,direct_anchor_exact_rxnorm
11336,3251,desmopressin,IN,direct_anchor_exact_rxnorm
11348,1872905,deacetylbisacodyl,IN,direct_anchor_exact_rxnorm
11350,3116,deanol,IN,direct_anchor_exact_rxnorm
11352,3116,deanol,IN,direct_anchor_exact_rxnorm
11359,3118,debrisoquin,IN,unique_convergent_term_evidence
11379,38782,triptorelin,IN,unique_convergent_term_evidence
11395,2384456,cedazuridine / decitabine,MIN,unique_convergent_term_evidence
11409,1314345,decoquinate,IN,direct_anchor_exact_rxnorm
11429,2714502,defactinib,IN,direct_anchor_exact_rxnorm
11430,614373,deferasirox,IN,direct_anchor_exact_rxnorm
11431,11645,deferiprone,IN,direct_anchor_exact_rxnorm
11435,3131,deferoxamine,IN,direct_anchor_exact_rxnorm
11436,1311089,defibrotide,IN,direct_anchor_exact_rxnorm
11438,1311089,defibrotide,IN,direct_anchor_exact_rxnorm
11441,22396,deflazacort,IN,direct_anchor_exact_rxnorm
11446,475230,degarelix,IN,direct_anchor_exact_rxnorm
11455,42625,dehydrocholate,IN,direct_anchor_exact_rxnorm
11457,3142,dehydroemetine,IN,direct_anchor_exact_rxnorm
11458,3142,dehydroemetine,IN,direct_anchor_exact_rxnorm
11466,1927663,delafloxacin,IN,direct_anchor_exact_rxnorm
11467,1927663,delafloxacin,IN,direct_anchor_exact_rxnorm
11469,2641675,delandistrogene moxeparvovec,IN,direct_anchor_exact_rxnorm
11473,83816,delavirdine,IN,direct_anchor_exact_rxnorm
11491,2721163,delgocitinib,IN,direct_anchor_exact_rxnorm
11510,2055808,doravirine / lamivudine / tenofovir disoproxil,MIN,direct_anchor_exact_rxnorm
11525,22374,decamethrin,IN,unique_convergent_term_evidence
11538,107771,demecarium,IN,direct_anchor_exact_rxnorm
11539,107771,demecarium,IN,direct_anchor_exact_rxnorm
11540,3154,demeclocycline,IN,direct_anchor_exact_rxnorm
11543,22483,demegestone,IN,direct_anchor_exact_rxnorm
11545,236795,demelverin,IN,direct_anchor_exact_rxnorm
11546,6754,meperidine,IN,direct_anchor_exact_rxnorm
11559,1546417,denatonium,IN,direct_anchor_exact_rxnorm
11560,1313232,denatonium benzoate,IN,direct_anchor_exact_rxnorm
11561,22503,denaverine,IN,direct_anchor_exact_rxnorm
11562,22503,denaverine,IN,direct_anchor_exact_rxnorm
11583,214470,denileukin diftitox,IN,direct_anchor_exact_rxnorm
11589,993449,denosumab,IN,direct_anchor_exact_rxnorm
11601,42627,deoxycholate,IN,direct_anchor_exact_rxnorm
11620,40254,valproate,IN,direct_anchor_exact_rxnorm
11628,6691,medroxyprogesterone,IN,direct_anchor_exact_rxnorm
11638,3226,dequalinium,IN,direct_anchor_exact_rxnorm
11640,3226,dequalinium,IN,direct_anchor_exact_rxnorm
11641,356834,deracoxib,IN,direct_anchor_exact_rxnorm
11650,5293,hexachlorophene,IN,unique_convergent_term_evidence
11675,1727491,emtricitabine / tenofovir alafenamide,MIN,direct_anchor_exact_rxnorm
11676,62174,deserpidine,IN,direct_anchor_exact_rxnorm
11678,27340,desflurane,IN,direct_anchor_exact_rxnorm
11680,3247,desipramine,IN,direct_anchor_exact_rxnorm
11681,114934,desirudin,IN,direct_anchor_exact_rxnorm
11682,3248,deslanoside,IN,direct_anchor_exact_rxnorm
11683,275635,desloratadine,IN,direct_anchor_exact_rxnorm
11684,1311744,deslorelin,IN,direct_anchor_exact_rxnorm
11685,1738095,desmeninol,IN,direct_anchor_exact_rxnorm
11695,22656,desogestrel,IN,direct_anchor_exact_rxnorm
11699,3254,desonide,IN,direct_anchor_exact_rxnorm
11701,3255,desoximetasone,IN,direct_anchor_exact_rxnorm
11702,3256,desoxycorticosterone,IN,direct_anchor_exact_rxnorm
11703,3256,desoxycorticosterone,IN,direct_anchor_exact_rxnorm
11704,3256,desoxycorticosterone,IN,unique_convergent_term_evidence
11709,734064,desvenlafaxine,IN,direct_anchor_exact_rxnorm
11710,734064,desvenlafaxine,IN,direct_anchor_exact_rxnorm
11711,236784,detajmium bitartrate,IN,direct_anchor_exact_rxnorm
11724,22672,detomidine,IN,direct_anchor_exact_rxnorm
11725,22672,detomidine,IN,direct_anchor_exact_rxnorm
11730,119565,tolterodine,IN,direct_anchor_exact_rxnorm
11733,2612087,deucravacitinib,IN,direct_anchor_exact_rxnorm
11735,2569466,deudextromethorphan,IN,direct_anchor_exact_rxnorm
11736,2569466,deudextromethorphan,IN,direct_anchor_exact_rxnorm
11743,2716558,deuruxolitinib,IN,direct_anchor_exact_rxnorm
11744,2716558,deuruxolitinib,IN,direct_anchor_exact_rxnorm
11750,1876905,deutetrabenazine,IN,direct_anchor_exact_rxnorm
11751,2701430,deutivacaftor,IN,direct_anchor_exact_rxnorm
11820,3264,dexamethasone,IN,direct_anchor_exact_rxnorm
11822,3264,dexamethasone,IN,direct_anchor_exact_rxnorm
11826,3264,dexamethasone,IN,direct_anchor_exact_rxnorm
11870,22696,dexbrompheniramine,IN,direct_anchor_exact_rxnorm
11873,22697,dexchlorpheniramine,IN,direct_anchor_exact_rxnorm
11877,3288,dextroamphetamine,IN,direct_anchor_exact_rxnorm
11881,3267,dexetimide,IN,direct_anchor_exact_rxnorm
11884,3268,dexfenfluramine,IN,direct_anchor_exact_rxnorm
11885,3268,dexfenfluramine,IN,direct_anchor_exact_rxnorm
11886,5992,iron-dextran complex,IN,unique_convergent_term_evidence
11898,237162,dexketoprofen,IN,direct_anchor_exact_rxnorm
11899,816346,dexlansoprazole,IN,direct_anchor_exact_rxnorm
11904,48937,dexmedetomidine,IN,direct_anchor_exact_rxnorm
11910,352372,dexmethylphenidate,IN,direct_anchor_exact_rxnorm
11911,352372,dexmethylphenidate,IN,direct_anchor_exact_rxnorm
11921,22701,dexpanthenol,IN,direct_anchor_exact_rxnorm
11943,42635,dextran,IN,direct_anchor_exact_rxnorm
11944,214485,dextran 1,IN,direct_anchor_exact_rxnorm
11946,3272,dextran 40,IN,direct_anchor_exact_rxnorm
11947,3274,dextran 70,IN,direct_anchor_exact_rxnorm
11948,3275,dextran 75,IN,direct_anchor_exact_rxnorm
11950,22708,dextranomer,IN,direct_anchor_exact_rxnorm
11952,1426816,dextrates,IN,direct_anchor_exact_rxnorm
11955,3288,dextroamphetamine,IN,direct_anchor_exact_rxnorm
11957,822929,amphetamine aspartate / amphetamine sulfate / dextroamphetamine saccharate / dextroamphetamine sulfate,MIN,direct_anchor_exact_rxnorm
11960,3289,dextromethorphan,IN,direct_anchor_exact_rxnorm
11964,3290,dextromoramide,IN,direct_anchor_exact_rxnorm
11965,3290,dextromoramide,IN,direct_anchor_exact_rxnorm
11966,8785,propoxyphene,IN,unique_convergent_term_evidence
11969,216544,glucose / potassium chloride,MIN,direct_anchor_exact_rxnorm
11970,4850,glucose,IN,unique_convergent_term_evidence
11971,3292,dextrothyroxine,IN,direct_anchor_exact_rxnorm
11972,3292,dextrothyroxine,IN,direct_anchor_exact_rxnorm
11979,22713,dezocine,IN,direct_anchor_exact_rxnorm
12000,1426391,diacetyl benzoyl lathyrol,IN,direct_anchor_exact_rxnorm
12012,1659205,diaminohydroxypropanetetraacetic acid,IN,unique_convergent_term_evidence
12016,3304,heroin,IN,unique_convergent_term_evidence
12017,167,acetazolamide,IN,unique_convergent_term_evidence
12028,3319,diatrizoate,IN,direct_anchor_exact_rxnorm
12029,3319,diatrizoate,IN,direct_anchor_exact_rxnorm
12033,3322,diazepam,IN,direct_anchor_exact_rxnorm
12038,1310602,diazolidinylurea,IN,direct_anchor_exact_rxnorm
12040,3327,diazoxide,IN,direct_anchor_exact_rxnorm
12041,3328,dibekacin,IN,direct_anchor_exact_rxnorm
12045,3332,dibenzepin,IN,direct_anchor_exact_rxnorm
12046,3332,dibenzepin,IN,direct_anchor_exact_rxnorm
12053,8149,phenoxybenzamine,IN,direct_anchor_exact_rxnorm
12060,22865,dibrompropamidine,IN,direct_anchor_exact_rxnorm
12063,3339,dibucaine,IN,direct_anchor_exact_rxnorm
12064,402565,dibunate,IN,direct_anchor_exact_rxnorm
12070,1363700,dibutyl sebacate,IN,direct_anchor_exact_rxnorm
12071,1362873,dibutyl phthalate,IN,unique_convergent_term_evidence
12076,22892,dichloralphenazone,IN,direct_anchor_exact_rxnorm
12079,3347,dichloroacetate,IN,direct_anchor_exact_rxnorm
12080,89548,dichlorobenzene,IN,direct_anchor_exact_rxnorm
12081,22906,dichlorobenzyl alcohol,IN,direct_anchor_exact_rxnorm
12084,3351,dichlorophen,IN,direct_anchor_exact_rxnorm
12090,1313336,dichromate ion,IN,unique_convergent_term_evidence
12094,1368201,diclazuril,IN,direct_anchor_exact_rxnorm
12095,3355,diclofenac,IN,direct_anchor_exact_rxnorm
12096,3355,diclofenac,IN,direct_anchor_exact_rxnorm
12097,3355,diclofenac,IN,direct_anchor_exact_rxnorm
12099,3355,diclofenac,IN,unique_convergent_term_evidence
12101,3353,dichlorphenamide,IN,unique_convergent_term_evidence
12108,3356,dicloxacillin,IN,direct_anchor_exact_rxnorm
12109,3356,dicloxacillin,IN,direct_anchor_exact_rxnorm
12110,288331,dicobalt edetate,IN,direct_anchor_exact_rxnorm
12112,852306,silver ragweed pollen extract,IN,unique_convergent_term_evidence
12115,1598,dicumarol,IN,unique_convergent_term_evidence
12118,3361,dicyclomine,IN,direct_anchor_exact_rxnorm
12119,3364,didanosine,IN,direct_anchor_exact_rxnorm
12121,1425983,didecyldimethylammonium,IN,direct_anchor_exact_rxnorm
12128,3368,dienestrol,IN,direct_anchor_exact_rxnorm
12130,22968,dienogest,IN,direct_anchor_exact_rxnorm
12146,1428867,diethadione,IN,direct_anchor_exact_rxnorm
12147,1362911,diethanolamine,IN,direct_anchor_exact_rxnorm
12156,1362921,diethyl phthalate,IN,direct_anchor_exact_rxnorm
12159,1428869,diethyl sulfate,IN,direct_anchor_exact_rxnorm
12160,1426392,diethylamino hydroxybenzoyl hexyl benzoate,IN,direct_anchor_exact_rxnorm
12161,3384,diethylcarbamazine,IN,direct_anchor_exact_rxnorm
12162,3384,diethylcarbamazine,IN,direct_anchor_exact_rxnorm
12163,1435108,diethylene glycol diethyl ether,IN,direct_anchor_exact_rxnorm
12164,2398515,diethylene glycol ethyl methyl ether,IN,direct_anchor_exact_rxnorm
12168,3389,diethylpropion,IN,direct_anchor_exact_rxnorm
12169,3389,diethylpropion,IN,direct_anchor_exact_rxnorm
12170,3390,diethylstilbestrol,IN,direct_anchor_exact_rxnorm
12173,3129,diethyltoluamide,IN,direct_anchor_exact_rxnorm
12176,2737149,difamilast,IN,direct_anchor_exact_rxnorm
12177,23020,difebarbamate,IN,direct_anchor_exact_rxnorm
12178,2569089,difelikefalin,IN,direct_anchor_exact_rxnorm
12179,163406,difemerine,IN,direct_anchor_exact_rxnorm
12180,163406,difemerine,IN,direct_anchor_exact_rxnorm
12187,23024,difenoxin,IN,direct_anchor_exact_rxnorm
12188,214261,atropine / difenoxin,MIN,direct_anchor_exact_rxnorm
12190,402587,difetarsone,IN,direct_anchor_exact_rxnorm
12193,91311,diflorasone,IN,direct_anchor_exact_rxnorm
12194,91311,diflorasone,IN,direct_anchor_exact_rxnorm
12199,4450,fluconazole,IN,direct_anchor_exact_rxnorm
12202,3393,diflunisal,IN,direct_anchor_exact_rxnorm
12203,3392,diflucortolone,IN,unique_convergent_term_evidence
12207,23043,difluprednate,IN,direct_anchor_exact_rxnorm
12214,1923401,digitalin,IN,direct_anchor_exact_rxnorm
12218,3403,digitoxin,IN,direct_anchor_exact_rxnorm
12220,1363597,diglycol stearate,IN,direct_anchor_exact_rxnorm
12224,3407,digoxin,IN,direct_anchor_exact_rxnorm
12225,203223,digoxin antibodies fab fragments,IN,unique_convergent_term_evidence
12227,236209,dihexyverine,IN,direct_anchor_exact_rxnorm
12228,236209,dihexyverine,IN,direct_anchor_exact_rxnorm
12230,3409,dihydralazine,IN,direct_anchor_exact_rxnorm
12233,3409,dihydralazine,IN,direct_anchor_exact_rxnorm
12237,91170,dihydro-alpha-ergocryptine,IN,direct_anchor_exact_rxnorm
12238,91170,dihydro-alpha-ergocryptine,IN,direct_anchor_exact_rxnorm
12239,91171,dihydro-beta-ergocryptine,IN,direct_anchor_exact_rxnorm
12241,2166037,dihydrocapsaicin,IN,direct_anchor_exact_rxnorm
12243,23088,dihydrocodeine,IN,direct_anchor_exact_rxnorm
12245,3415,dihydroergocornine,IN,direct_anchor_exact_rxnorm
12246,3415,dihydroergocornine,IN,direct_anchor_exact_rxnorm
12247,3416,dihydroergocristine,IN,direct_anchor_exact_rxnorm
12249,3417,dihydroergocryptine,IN,direct_anchor_exact_rxnorm
12250,3418,dihydroergotamine,IN,direct_anchor_exact_rxnorm
12251,3418,dihydroergotamine,IN,direct_anchor_exact_rxnorm
12252,3419,dihydroergotoxine,IN,direct_anchor_exact_rxnorm
12254,2267573,dihydrofolic acid,IN,direct_anchor_exact_rxnorm
12263,1549540,dihydrostreptomycin,IN,direct_anchor_exact_rxnorm
12264,1549540,dihydrostreptomycin,IN,direct_anchor_exact_rxnorm
12265,3429,dihydrotachysterol,IN,direct_anchor_exact_rxnorm
12269,3430,dihydroxyacetone,IN,direct_anchor_exact_rxnorm
12271,23162,dihydroxyaluminum aminoacetate,IN,direct_anchor_exact_rxnorm
12272,23163,dihydroxyaluminum sodium carbonate,IN,direct_anchor_exact_rxnorm
12276,3435,iodoquinol,IN,unique_convergent_term_evidence
12277,236206,diisopromine,IN,direct_anchor_exact_rxnorm
12279,1362922,diisopropanolamine,IN,direct_anchor_exact_rxnorm
12280,1363600,diisopropyl adipate,IN,direct_anchor_exact_rxnorm
12283,8183,phenytoin,IN,direct_anchor_exact_rxnorm
12284,3423,hydromorphone,IN,direct_anchor_exact_rxnorm
12294,67182,diloxanide,IN,direct_anchor_exact_rxnorm
12295,67182,diloxanide,IN,direct_anchor_exact_rxnorm
12297,3443,diltiazem,IN,direct_anchor_exact_rxnorm
12298,3443,diltiazem,IN,direct_anchor_exact_rxnorm
12311,3444,dimenhydrinate,IN,direct_anchor_exact_rxnorm
12318,3445,dimercaprol,IN,direct_anchor_exact_rxnorm
12319,2475951,dimercaptosuccinic acid,IN,direct_anchor_exact_rxnorm
12328,324072,dimethicone,IN,direct_anchor_exact_rxnorm
12329,9796,simethicone,IN,direct_anchor_exact_rxnorm
12338,121069,dimethoxanate,IN,direct_anchor_exact_rxnorm
12339,121069,dimethoxanate,IN,direct_anchor_exact_rxnorm
12344,1373478,dimethyl fumarate,IN,direct_anchor_exact_rxnorm
12345,6057,isosorbide,IN,direct_anchor_exact_rxnorm
12347,2205404,dimethyl sulfate,IN,direct_anchor_exact_rxnorm
12348,23247,methylsulfonylmethane,IN,unique_convergent_term_evidence
12349,3455,dimethyl sulfoxide,IN,direct_anchor_exact_rxnorm
12352,1368874,dimethylacetamide,IN,direct_anchor_exact_rxnorm
12368,3449,dimethindene,IN,unique_convergent_term_evidence
12373,1600136,dimetridazole,IN,direct_anchor_exact_rxnorm
12390,3477,dinoprost,IN,direct_anchor_exact_rxnorm
12391,3478,dinoprostone,IN,direct_anchor_exact_rxnorm
12394,1606274,dinutuximab,IN,direct_anchor_exact_rxnorm
12395,2382593,dioctyldimonium,IN,direct_anchor_exact_rxnorm
12399,1314347,diosmetin,IN,direct_anchor_exact_rxnorm
12400,3489,diosmin,IN,direct_anchor_exact_rxnorm
12411,23350,dioxybenzone,IN,direct_anchor_exact_rxnorm
12415,1426773,dipentamethylenethiuram disulfide,IN,direct_anchor_exact_rxnorm
12416,32385,olsalazine,IN,direct_anchor_exact_rxnorm
12417,59247,diperodon,IN,direct_anchor_exact_rxnorm
12419,59247,diperodon,IN,direct_anchor_exact_rxnorm
12420,89782,diphemanil,IN,direct_anchor_exact_rxnorm
12421,89782,diphemanil,IN,direct_anchor_exact_rxnorm
12425,3498,diphenhydramine,IN,direct_anchor_exact_rxnorm
12429,23370,diphenidol,IN,direct_anchor_exact_rxnorm
12431,3500,diphenoxylate,IN,direct_anchor_exact_rxnorm
12434,1368170,diphenylguanidine,IN,direct_anchor_exact_rxnorm
12436,23386,diphenylpyraline,IN,direct_anchor_exact_rxnorm
12437,23386,diphenylpyraline,IN,direct_anchor_exact_rxnorm
12443,23405,dipipanone,IN,direct_anchor_exact_rxnorm
12447,23410,dipivefrin,IN,direct_anchor_exact_rxnorm
12448,23410,dipivefrin,IN,direct_anchor_exact_rxnorm
12449,55018,dibasic potassium phosphate,IN,unique_convergent_term_evidence
12458,1368869,dipropylene glycol,IN,direct_anchor_exact_rxnorm
12463,3521,dipyridamole,IN,direct_anchor_exact_rxnorm
12464,1362743,dipyrithione,IN,direct_anchor_exact_rxnorm
12476,23437,dirithromycin,IN,direct_anchor_exact_rxnorm
12478,1592684,dirlotapide,IN,direct_anchor_exact_rxnorm
12480,2261783,diroximel fumarate,IN,direct_anchor_exact_rxnorm
12496,6813,methadone,IN,direct_anchor_exact_rxnorm
12502,3541,disopyramide,IN,direct_anchor_exact_rxnorm
12503,3541,disopyramide,IN,direct_anchor_exact_rxnorm
12506,1368171,disperse blue 106,IN,direct_anchor_exact_rxnorm
12515,1311550,distearyldimonium,IN,direct_anchor_exact_rxnorm
12516,852329,salt grass pollen extract,IN,unique_convergent_term_evidence
12517,3551,distigmine,IN,direct_anchor_exact_rxnorm
12523,3554,disulfiram,IN,direct_anchor_exact_rxnorm
12535,1427193,diethyldithiocarbamate,IN,unique_convergent_term_evidence
12540,32675,oxybutynin,IN,direct_anchor_exact_rxnorm
12548,1788842,divinylbenzene,IN,direct_anchor_exact_rxnorm
12555,11256,vitamin e,IN,unique_convergent_term_evidence
12556,1362902,dimyristoylphosphatidylcholine,IN,unique_convergent_term_evidence
12557,1427048,dimyristoylphosphatidylglycerol,IN,unique_convergent_term_evidence
12558,1311545,n-methylephedrine,IN,unique_convergent_term_evidence
12586,235935,dobesilic acid,IN,direct_anchor_exact_rxnorm
12590,3616,dobutamine,IN,direct_anchor_exact_rxnorm
12596,72962,docetaxel,IN,unique_convergent_term_evidence
12615,1006469,doconexent,IN,direct_anchor_exact_rxnorm
12617,594680,docosanol,IN,direct_anchor_exact_rxnorm
12627,82003,docusate,IN,direct_anchor_exact_rxnorm
12628,82003,docusate,IN,direct_anchor_exact_rxnorm
12629,82003,docusate,IN,direct_anchor_exact_rxnorm
12634,1362927,dodecyl sulfate,IN,direct_anchor_exact_rxnorm
12637,1364388,lauramine oxide,IN,unique_convergent_term_evidence
12638,1427083,laurtrimonium,IN,unique_convergent_term_evidence
12642,49247,dofetilide,IN,direct_anchor_exact_rxnorm
12646,1297537,yellow hornet venom protein,IN,unique_convergent_term_evidence
12647,1297525,bald-faced hornet venom protein,IN,unique_convergent_term_evidence
12652,1433868,dolutegravir,IN,direct_anchor_exact_rxnorm
12653,1433868,dolutegravir,IN,direct_anchor_exact_rxnorm
12658,705058,aluminum sulfate / calcium acetate,MIN,direct_anchor_exact_rxnorm
12660,23623,domiphen,IN,direct_anchor_exact_rxnorm
12667,3626,domperidone,IN,direct_anchor_exact_rxnorm
12670,2687966,donanemab,IN,direct_anchor_exact_rxnorm
12672,135447,donepezil,IN,direct_anchor_exact_rxnorm
12675,2724361,donidalorsen,IN,direct_anchor_exact_rxnorm
12676,2724361,donidalorsen,IN,direct_anchor_exact_rxnorm
12677,2642217,donislecel,IN,direct_anchor_exact_rxnorm
12685,3628,dopamine,IN,direct_anchor_exact_rxnorm
12690,23638,dopexamine,IN,direct_anchor_exact_rxnorm
12691,23638,dopexamine,IN,direct_anchor_exact_rxnorm
12692,3637,doxapram,IN,direct_anchor_exact_rxnorm
12696,73455,doramectin,IN,direct_anchor_exact_rxnorm
12700,2055755,doravirine,IN,direct_anchor_exact_rxnorm
12701,2721194,dordaviprone,IN,direct_anchor_exact_rxnorm
12702,2721194,dordaviprone,IN,direct_anchor_exact_rxnorm
12705,119771,doripenem,IN,direct_anchor_exact_rxnorm
12707,337623,dornase alfa,IN,direct_anchor_exact_rxnorm
12712,60207,dorzolamide,IN,direct_anchor_exact_rxnorm
12716,2539967,dostarlimab,IN,direct_anchor_exact_rxnorm
12717,3634,dothiepin,IN,unique_convergent_term_evidence
12721,1797118,dotatate,IN,direct_anchor_exact_rxnorm
12722,1797118,dotatate,IN,direct_anchor_exact_rxnorm
12726,3634,dothiepin,IN,direct_anchor_exact_rxnorm
12732,2122518,dolutegravir / lamivudine,MIN,direct_anchor_exact_rxnorm
12735,23651,doxacurium,IN,direct_anchor_exact_rxnorm
12736,23651,doxacurium,IN,direct_anchor_exact_rxnorm
12738,3637,doxapram,IN,direct_anchor_exact_rxnorm
12740,49276,doxazosin,IN,direct_anchor_exact_rxnorm
12744,3638,doxepin,IN,direct_anchor_exact_rxnorm
12745,11516,doxercalciferol,IN,direct_anchor_exact_rxnorm
12772,3640,doxycycline,IN,direct_anchor_exact_rxnorm
12775,3640,doxycycline,IN,direct_anchor_exact_rxnorm
12777,3642,doxylamine,IN,direct_anchor_exact_rxnorm
12821,1426903,drometrizole,IN,direct_anchor_exact_rxnorm
12822,1992874,drometrizole trisiloxane,IN,direct_anchor_exact_rxnorm
12823,10402,dronabinol,IN,direct_anchor_exact_rxnorm
12828,233698,dronedarone,IN,direct_anchor_exact_rxnorm
12829,233698,dronedarone,IN,direct_anchor_exact_rxnorm
12830,1008306,praziquantel / pyrantel,MIN,direct_anchor_exact_rxnorm
12832,3648,droperidol,IN,direct_anchor_exact_rxnorm
12835,11636,drospirenone,IN,direct_anchor_exact_rxnorm
12837,23678,dromostanolone,IN,unique_convergent_term_evidence
12838,23684,drotaverin,IN,unique_convergent_term_evidence
12839,23684,drotaverin,IN,direct_anchor_exact_rxnorm
12841,352374,drotrecogin alfa,IN,direct_anchor_exact_rxnorm
12845,5552,hydroxyurea,IN,direct_anchor_exact_rxnorm
12847,23687,droxicam,IN,direct_anchor_exact_rxnorm
12848,1489913,droxidopa,IN,direct_anchor_exact_rxnorm
12875,1441391,"bazedoxifene / estrogens, conjugated (usp)",MIN,direct_anchor_exact_rxnorm
12883,1551291,dulaglutide,IN,direct_anchor_exact_rxnorm
12889,72625,duloxetine,IN,direct_anchor_exact_rxnorm
12901,1876376,dupilumab,IN,direct_anchor_exact_rxnorm
12903,7052,morphine,IN,direct_anchor_exact_rxnorm
12907,2639089,durlobactam,IN,direct_anchor_exact_rxnorm
12908,2639089,durlobactam,IN,direct_anchor_exact_rxnorm
12912,1919503,durvalumab,IN,direct_anchor_exact_rxnorm
12930,23744,dyclonine,IN,direct_anchor_exact_rxnorm
12931,3706,dydrogesterone,IN,direct_anchor_exact_rxnorm
12932,2274100,dymanthine,IN,direct_anchor_exact_rxnorm
12940,3714,dyphylline,IN,direct_anchor_exact_rxnorm
12965,23796,ebastine,IN,direct_anchor_exact_rxnorm
12986,658708,ecallantide,IN,direct_anchor_exact_rxnorm
12987,1544124,ecamsule,IN,direct_anchor_exact_rxnorm
12993,259415,echinacea angustifolia root extract,IN,unique_convergent_term_evidence
12995,260025,echinacea purpurea extract,IN,unique_convergent_term_evidence
12996,477531,echinacea purpurea aerial parts extract,IN,unique_convergent_term_evidence
12999,89778,ecothiopate,IN,unique_convergent_term_evidence
13000,89778,ecothiopate,IN,direct_anchor_exact_rxnorm
13011,3743,econazole,IN,direct_anchor_exact_rxnorm
13026,1426644,ectoine,IN,direct_anchor_exact_rxnorm
13030,591781,eculizumab,IN,direct_anchor_exact_rxnorm
13035,1921877,edaravone,IN,direct_anchor_exact_rxnorm
13043,1368950,edetate calcium,IN,direct_anchor_exact_rxnorm
13045,3755,edetic acid,IN,direct_anchor_exact_rxnorm
13046,3755,edetic acid,IN,unique_convergent_term_evidence
13050,3755,edetic acid,IN,direct_anchor_exact_rxnorm
13051,1314349,edetol,IN,direct_anchor_exact_rxnorm
13066,1309680,interleukin-12,IN,direct_anchor_exact_rxnorm
13073,2199392,edotreotride,IN,direct_anchor_exact_rxnorm
13075,1599538,edoxaban,IN,direct_anchor_exact_rxnorm
13076,49428,edoxudine,IN,direct_anchor_exact_rxnorm
13079,80726,edrecolomab,IN,direct_anchor_exact_rxnorm
13081,3752,edrophonium,IN,direct_anchor_exact_rxnorm
13082,214262,atropine / edrophonium,MIN,direct_anchor_exact_rxnorm
13089,356988,efalizumab,IN,direct_anchor_exact_rxnorm
13090,2631084,"antihemophilic factor (recombinant), fc-vwf-xten fusion protein",IN,unique_convergent_term_evidence
13096,195085,efavirenz,IN,direct_anchor_exact_rxnorm
13098,2670630,efbemalenograstim alfa,IN,direct_anchor_exact_rxnorm
13099,2670630,efbemalenograstim alfa,IN,direct_anchor_exact_rxnorm
13106,2691105,efetozole,IN,direct_anchor_exact_rxnorm
13109,613391,prasugrel,IN,direct_anchor_exact_rxnorm
13110,2587717,efgartigimod alfa,IN,direct_anchor_exact_rxnorm
13112,1539753,efinaconazole,IN,direct_anchor_exact_rxnorm
13117,2612526,eflapegrastim,IN,direct_anchor_exact_rxnorm
13118,2612526,eflapegrastim,IN,direct_anchor_exact_rxnorm
13124,569,eflornithine,IN,direct_anchor_exact_rxnorm
13126,23852,efloxate,IN,direct_anchor_exact_rxnorm
13131,1543095,efmoroctocog alfa,IN,direct_anchor_exact_rxnorm
13196,,,,ambiguous_legacy_anchor_evidence
13197,892616,egg white (chicken) allergenic extract,IN,unique_convergent_term_evidence
13207,1742992,egtazic acid,IN,direct_anchor_exact_rxnorm
13226,2628469,elacestrant,IN,direct_anchor_exact_rxnorm
13230,2698762,eladocagene exuparvovec,IN,direct_anchor_exact_rxnorm
13231,852367,russian olive pollen extract,IN,unique_convergent_term_evidence
13232,2684941,elafibranor,IN,direct_anchor_exact_rxnorm
13234,2049846,elagolix,IN,direct_anchor_exact_rxnorm
13235,2049846,elagolix,IN,direct_anchor_exact_rxnorm
13236,2621548,mirvetuximab soravtansine,IN,direct_anchor_exact_rxnorm
13239,2725600,elamipretide,IN,direct_anchor_exact_rxnorm
13240,2725600,elamipretide,IN,direct_anchor_exact_rxnorm
13244,2059219,elapegademase,IN,direct_anchor_exact_rxnorm
13250,1734628,elbasvir,IN,direct_anchor_exact_rxnorm
13255,,,,ambiguous_legacy_anchor_evidence
13268,231049,eletriptan,IN,direct_anchor_exact_rxnorm
13269,231049,eletriptan,IN,direct_anchor_exact_rxnorm
13270,,,,ambiguous_legacy_anchor_evidence
13271,2256951,elexacaftor,IN,direct_anchor_exact_rxnorm
13277,1547220,eliglustat,IN,direct_anchor_exact_rxnorm
13282,2725511,elinzanetant,IN,direct_anchor_exact_rxnorm
13287,283821,rasburicase,IN,direct_anchor_exact_rxnorm
13288,2612527,elivaldogene autotemcel,IN,direct_anchor_exact_rxnorm
13290,1043181,ellagic acid,IN,direct_anchor_exact_rxnorm
13293,3995,epirubicin,IN,direct_anchor_exact_rxnorm
13305,1489914,elosulfase alfa,IN,direct_anchor_exact_rxnorm
13306,1726104,elotuzumab,IN,direct_anchor_exact_rxnorm
13310,2644880,elranatamab,IN,direct_anchor_exact_rxnorm
13324,711942,eltrombopag,IN,direct_anchor_exact_rxnorm
13329,2670179,fruquintinib,IN,unique_convergent_term_evidence
13332,1653781,eluxadoline,IN,direct_anchor_exact_rxnorm
13335,1306286,elvitegravir,IN,direct_anchor_exact_rxnorm
13338,852343,quackgrass pollen extract,IN,unique_convergent_term_evidence
13339,140587,celecoxib,IN,direct_anchor_exact_rxnorm
13344,2109055,tagraxofusp,IN,direct_anchor_exact_rxnorm
13349,2104604,emapalumab,IN,direct_anchor_exact_rxnorm
13363,2464539,embutramide,IN,direct_anchor_exact_rxnorm
13364,4089,estramustine,IN,direct_anchor_exact_rxnorm
13365,28144,emedastine,IN,direct_anchor_exact_rxnorm
13366,28144,emedastine,IN,direct_anchor_exact_rxnorm
13368,3816,emepronium,IN,direct_anchor_exact_rxnorm
13369,3816,emepronium,IN,direct_anchor_exact_rxnorm
13375,3820,emetine,IN,direct_anchor_exact_rxnorm
13376,3820,emetine,IN,direct_anchor_exact_rxnorm
13384,1989794,emicizumab,IN,direct_anchor_exact_rxnorm
13400,354606,emodepside,IN,direct_anchor_exact_rxnorm
13401,2745448,emodin,IN,direct_anchor_exact_rxnorm
13408,1545653,empagliflozin,IN,direct_anchor_exact_rxnorm
13415,9639,selegiline,IN,direct_anchor_exact_rxnorm
13418,276237,emtricitabine,IN,direct_anchor_exact_rxnorm
13431,3827,enalapril,IN,direct_anchor_exact_rxnorm
13432,3829,enalaprilat,IN,direct_anchor_exact_rxnorm
13439,1940332,enasidenib,IN,direct_anchor_exact_rxnorm
13447,42368,encainide,IN,direct_anchor_exact_rxnorm
13448,42368,encainide,IN,direct_anchor_exact_rxnorm
13467,4885,glutamine,IN,direct_anchor_exact_rxnorm
13474,8727,progesterone,IN,direct_anchor_exact_rxnorm
13502,3920,enflurane,IN,direct_anchor_exact_rxnorm
13503,2268307,enfortumab,IN,direct_anchor_exact_rxnorm
13504,2268307,enfortumab,IN,direct_anchor_exact_rxnorm
13505,139896,enfuvirtide,IN,direct_anchor_exact_rxnorm
13509,797752,hepatitis b surface antigen vaccine,IN,direct_anchor_exact_rxnorm
13524,224905,trastuzumab,IN,direct_anchor_exact_rxnorm
13528,1442172,enilconazole,IN,direct_anchor_exact_rxnorm
13536,2591404,sutimlimab,IN,direct_anchor_exact_rxnorm
13544,2675985,enmetazobactam,IN,direct_anchor_exact_rxnorm
13546,2168587,enobosarm,IN,direct_anchor_exact_rxnorm
13553,3925,enoxacin,IN,direct_anchor_exact_rxnorm
13555,67108,enoxaparin,IN,direct_anchor_exact_rxnorm
13556,49626,enoximone,IN,direct_anchor_exact_rxnorm
13572,24192,enrofloxacin,IN,direct_anchor_exact_rxnorm
13574,2712546,ensartinib,IN,direct_anchor_exact_rxnorm
13576,2712546,ensartinib,IN,direct_anchor_exact_rxnorm
13577,2712546,ensartinib,IN,direct_anchor_exact_rxnorm
13579,2687215,ensifentrine,IN,direct_anchor_exact_rxnorm
13580,2745988,ensitrelvir,IN,direct_anchor_exact_rxnorm
13585,13714,ensulizole,IN,direct_anchor_exact_rxnorm
13586,60307,entacapone,IN,direct_anchor_exact_rxnorm
13589,306266,entecavir,IN,direct_anchor_exact_rxnorm
13591,1943794,enterococcus faecium,IN,direct_anchor_exact_rxnorm
13598,2197862,entrectinib,IN,direct_anchor_exact_rxnorm
13600,1366957,entsufon,IN,direct_anchor_exact_rxnorm
13610,1311507,enzacamene,IN,direct_anchor_exact_rxnorm
13611,1307298,enzalutamide,IN,direct_anchor_exact_rxnorm
13619,1310593,eosine yellowish,IN,unique_convergent_term_evidence
13637,2637392,epcoritamab,IN,direct_anchor_exact_rxnorm
13653,3966,ephedrine,IN,direct_anchor_exact_rxnorm
13663,2641822,epicatechin,IN,direct_anchor_exact_rxnorm
13669,1546422,epicriptine,IN,direct_anchor_exact_rxnorm
13681,24246,epigallocatechin gallate,IN,direct_anchor_exact_rxnorm
13685,1311044,epimedium grandiflorum top extract,IN,unique_convergent_term_evidence
13687,39684,epinastine,IN,direct_anchor_exact_rxnorm
13688,39684,epinastine,IN,direct_anchor_exact_rxnorm
13689,3992,epinephrine,IN,direct_anchor_exact_rxnorm
13691,284622,articaine / epinephrine,MIN,direct_anchor_exact_rxnorm
13692,3992,epinephrine,IN,direct_anchor_exact_rxnorm
13693,3992,epinephrine,IN,direct_anchor_exact_rxnorm
13703,40254,valproate,IN,unique_convergent_term_evidence
13704,68244,lamivudine,IN,direct_anchor_exact_rxnorm
13707,298869,eplerenone,IN,direct_anchor_exact_rxnorm
13710,2671939,eplontersen,IN,direct_anchor_exact_rxnorm
13713,105694,epoetin alfa,IN,direct_anchor_exact_rxnorm
13721,24263,epomediol,IN,direct_anchor_exact_rxnorm
13723,8814,epoprostenol,IN,direct_anchor_exact_rxnorm
13724,8814,epoprostenol,IN,direct_anchor_exact_rxnorm
13730,337523,ixabepilone,IN,unique_convergent_term_evidence
13737,24272,eprazinone,IN,direct_anchor_exact_rxnorm
13740,1006619,eprinomectin,IN,direct_anchor_exact_rxnorm
13748,83515,eprosartan,IN,direct_anchor_exact_rxnorm
13749,83515,eprosartan,IN,direct_anchor_exact_rxnorm
13753,24274,eprozinol,IN,direct_anchor_exact_rxnorm
13756,24285,epsiprantel,IN,direct_anchor_exact_rxnorm
13767,75635,eptifibatide,IN,direct_anchor_exact_rxnorm
13768,2282660,eptinezumab,IN,direct_anchor_exact_rxnorm
13771,614534,abacavir / lamivudine,MIN,direct_anchor_exact_rxnorm
13777,1722718,botulinum neurotoxin a immune fab2 / botulinum neurotoxin b immune fab2 / botulinum neurotoxin c immune fab2 / botulinum neurotoxin d immune fab2 / botulinum neurotoxin e immune fab2 / botulinum neurotoxin f immune fab2 / botulinum neurotoxin g immune fab2,MIN,unique_convergent_term_evidence
13778,1722718,botulinum neurotoxin a immune fab2 / botulinum neurotoxin b immune fab2 / botulinum neurotoxin c immune fab2 / botulinum neurotoxin d immune fab2 / botulinum neurotoxin e immune fab2 / botulinum neurotoxin f immune fab2 / botulinum neurotoxin g immune fab2,MIN,unique_convergent_term_evidence
13779,1722718,botulinum neurotoxin a immune fab2 / botulinum neurotoxin b immune fab2 / botulinum neurotoxin c immune fab2 / botulinum neurotoxin d immune fab2 / botulinum neurotoxin e immune fab2 / botulinum neurotoxin f immune fab2 / botulinum neurotoxin g immune fab2,MIN,unique_convergent_term_evidence
13780,1722718,botulinum neurotoxin a immune fab2 / botulinum neurotoxin b immune fab2 / botulinum neurotoxin c immune fab2 / botulinum neurotoxin d immune fab2 / botulinum neurotoxin e immune fab2 / botulinum neurotoxin f immune fab2 / botulinum neurotoxin g immune fab2,MIN,unique_convergent_term_evidence
13781,1722718,botulinum neurotoxin a immune fab2 / botulinum neurotoxin b immune fab2 / botulinum neurotoxin c immune fab2 / botulinum neurotoxin d immune fab2 / botulinum neurotoxin e immune fab2 / botulinum neurotoxin f immune fab2 / botulinum neurotoxin g immune fab2,MIN,unique_convergent_term_evidence
13782,1722718,botulinum neurotoxin a immune fab2 / botulinum neurotoxin b immune fab2 / botulinum neurotoxin c immune fab2 / botulinum neurotoxin d immune fab2 / botulinum neurotoxin e immune fab2 / botulinum neurotoxin f immune fab2 / botulinum neurotoxin g immune fab2,MIN,unique_convergent_term_evidence
13783,1722718,botulinum neurotoxin a immune fab2 / botulinum neurotoxin b immune fab2 / botulinum neurotoxin c immune fab2 / botulinum neurotoxin d immune fab2 / botulinum neurotoxin e immune fab2 / botulinum neurotoxin f immune fab2 / botulinum neurotoxin g immune fab2,MIN,unique_convergent_term_evidence
13786,1306235,equisetum arvense top extract,IN,unique_convergent_term_evidence
13787,1332872,equisetum hyemale extract,IN,direct_anchor_exact_rxnorm
13790,895515,horse hair extract,IN,unique_convergent_term_evidence
13800,2055906,eravacycline,IN,direct_anchor_exact_rxnorm
13801,2055906,eravacycline,IN,direct_anchor_exact_rxnorm
13814,24305,erdosteine,IN,direct_anchor_exact_rxnorm
13815,2045613,erenumab,IN,direct_anchor_exact_rxnorm
13819,,,,ambiguous_legacy_anchor_evidence
13821,4018,ergocalciferol,IN,direct_anchor_exact_rxnorm
13823,4025,ergotamine,IN,direct_anchor_exact_rxnorm
13824,4021,ergonovine,IN,unique_convergent_term_evidence
13825,4021,ergonovine,IN,direct_anchor_exact_rxnorm
13827,4025,ergotamine,IN,direct_anchor_exact_rxnorm
13828,1314350,ergothioneine,IN,direct_anchor_exact_rxnorm
13830,1045453,eribulin,IN,direct_anchor_exact_rxnorm
13838,1242987,vismodegib,IN,direct_anchor_exact_rxnorm
13855,337525,erlotinib,IN,direct_anchor_exact_rxnorm
13864,1311285,ersofermin,IN,direct_anchor_exact_rxnorm
13865,36435,sertaconazole,IN,direct_anchor_exact_rxnorm
13866,325642,ertapenem,IN,direct_anchor_exact_rxnorm
13867,325642,ertapenem,IN,direct_anchor_exact_rxnorm
13870,1992672,ertugliflozin,IN,direct_anchor_exact_rxnorm
13874,4053,erythromycin,IN,direct_anchor_exact_rxnorm
13879,4053,erythromycin,IN,direct_anchor_exact_rxnorm
13881,1369563,erythritol,IN,direct_anchor_exact_rxnorm
13882,4040,erythrityl tetranitrate,IN,direct_anchor_exact_rxnorm
13883,4053,erythromycin,IN,direct_anchor_exact_rxnorm
13884,4053,erythromycin,IN,direct_anchor_exact_rxnorm
13888,4053,erythromycin,IN,direct_anchor_exact_rxnorm
13890,4053,erythromycin,IN,direct_anchor_exact_rxnorm
13892,4053,erythromycin,IN,direct_anchor_exact_rxnorm
13894,4053,erythromycin,IN,direct_anchor_exact_rxnorm
13897,4053,erythromycin,IN,direct_anchor_exact_rxnorm
13901,1609189,erythroxylum catuaba bark extract,IN,unique_convergent_term_evidence
13905,2636785,esafoxolaner,IN,direct_anchor_exact_rxnorm
13911,350202,escherichia coli,IN,direct_anchor_exact_rxnorm
13914,4065,escin,IN,direct_anchor_exact_rxnorm
13915,321988,escitalopram,IN,direct_anchor_exact_rxnorm
13918,1314351,esculin,IN,direct_anchor_exact_rxnorm
13923,2119365,esketamine,IN,direct_anchor_exact_rxnorm
13924,2119365,esketamine,IN,direct_anchor_exact_rxnorm
13925,1482502,eslicarbazepine,IN,direct_anchor_exact_rxnorm
13926,1482502,eslicarbazepine,IN,direct_anchor_exact_rxnorm
13931,49737,esmolol,IN,direct_anchor_exact_rxnorm
13933,283742,esomeprazole,IN,direct_anchor_exact_rxnorm
13934,283742,esomeprazole,IN,direct_anchor_exact_rxnorm
13936,283742,esomeprazole,IN,direct_anchor_exact_rxnorm
13937,283742,esomeprazole,IN,direct_anchor_exact_rxnorm
13953,4077,estazolam,IN,direct_anchor_exact_rxnorm
13954,2539031,estetrol,IN,direct_anchor_exact_rxnorm
13955,2539031,estetrol,IN,direct_anchor_exact_rxnorm
13958,4083,estradiol,IN,direct_anchor_exact_rxnorm
13963,4083,estradiol,IN,direct_anchor_exact_rxnorm
13972,4089,estramustine,IN,direct_anchor_exact_rxnorm
13978,4094,estriol,IN,direct_anchor_exact_rxnorm
13984,4100,estrogens,IN,direct_anchor_exact_rxnorm
13987,33747,estropipate,IN,direct_anchor_exact_rxnorm
13993,461016,eszopiclone,IN,direct_anchor_exact_rxnorm
13999,62349,ethacrynate,IN,unique_convergent_term_evidence
14009,24453,ethamivan,IN,unique_convergent_term_evidence
14011,4112,ethamsylate,IN,unique_convergent_term_evidence
14013,214555,etanercept,IN,direct_anchor_exact_rxnorm
14034,1876119,etelcalcetide,IN,direct_anchor_exact_rxnorm
14035,1876119,etelcalcetide,IN,direct_anchor_exact_rxnorm
14036,1810569,eteplirsen,IN,direct_anchor_exact_rxnorm
14039,2477854,etesevimab,IN,direct_anchor_exact_rxnorm
14042,4106,ethacridine,IN,direct_anchor_exact_rxnorm
14043,62349,ethacrynate,IN,direct_anchor_exact_rxnorm
14045,4110,ethambutol,IN,direct_anchor_exact_rxnorm
14046,4110,ethambutol,IN,direct_anchor_exact_rxnorm
14048,448,ethanol,IN,direct_anchor_exact_rxnorm
14050,24457,ethanolamine,IN,direct_anchor_exact_rxnorm
14051,24460,ethanolamine oleate,IN,direct_anchor_exact_rxnorm
14053,24464,ethaverine,IN,direct_anchor_exact_rxnorm
14054,24464,ethaverine,IN,direct_anchor_exact_rxnorm
14055,4118,ethchlorvynol,IN,direct_anchor_exact_rxnorm
14058,24468,ethenzamide,IN,direct_anchor_exact_rxnorm
14060,24474,ethinamate,IN,direct_anchor_exact_rxnorm
14061,,,,ambiguous_legacy_anchor_evidence
14062,4125,ethiodized oil,IN,direct_anchor_exact_rxnorm
14066,4127,ethionamide,IN,direct_anchor_exact_rxnorm
14067,4129,ethisterone,IN,direct_anchor_exact_rxnorm
14069,24484,ethoheptazine,IN,direct_anchor_exact_rxnorm
14070,24484,ethoheptazine,IN,direct_anchor_exact_rxnorm
14074,1314353,ethopabate,IN,direct_anchor_exact_rxnorm
14075,4134,profenamine,IN,direct_anchor_exact_rxnorm
14076,4135,ethosuximide,IN,direct_anchor_exact_rxnorm
14077,4136,ethotoin,IN,direct_anchor_exact_rxnorm
14078,41078,ethoxazene,IN,direct_anchor_exact_rxnorm
14079,41078,ethoxazene,IN,direct_anchor_exact_rxnorm
14081,1314354,ethoxyquin,IN,direct_anchor_exact_rxnorm
14092,1314355,ethyl acetate,IN,direct_anchor_exact_rxnorm
14096,4141,ethyl chloride,IN,direct_anchor_exact_rxnorm
14103,1420983,ethyl ferulate,IN,direct_anchor_exact_rxnorm
14108,24524,ethyl loflazepate,IN,direct_anchor_exact_rxnorm
14109,1314358,ethyl macadamiate,IN,direct_anchor_exact_rxnorm
14110,1314359,ethyl maltol,IN,direct_anchor_exact_rxnorm
14112,2468050,ethyl methoxycinnamate,IN,direct_anchor_exact_rxnorm
14114,1314360,ethyl nitrate,IN,direct_anchor_exact_rxnorm
14115,1921585,ethyl nitrite,IN,direct_anchor_exact_rxnorm
14116,1314361,ethyl oleate,IN,direct_anchor_exact_rxnorm
14119,1539968,ethyl pyruvate,IN,direct_anchor_exact_rxnorm
14120,1546423,ethyl salicylate,IN,direct_anchor_exact_rxnorm
14121,1311571,ethyl vanillin,IN,direct_anchor_exact_rxnorm
14127,1312575,ethylcellulose (7 mpa.s),IN,direct_anchor_exact_rxnorm
14131,1368154,ethylene oxide,IN,direct_anchor_exact_rxnorm
14134,4158,ethylenediamine,IN,direct_anchor_exact_rxnorm
14136,4162,ethylestrenol,IN,direct_anchor_exact_rxnorm
14137,1311616,ethylhexyl methoxycrylene,IN,direct_anchor_exact_rxnorm
14138,1367134,ethylhexylglycerin,IN,direct_anchor_exact_rxnorm
14139,1546427,ethylmercurithiosalicylic acid,IN,direct_anchor_exact_rxnorm
14141,4166,ethylmorphine,IN,direct_anchor_exact_rxnorm
14142,4166,ethylmorphine,IN,direct_anchor_exact_rxnorm
14144,156240,ethylnorepinephrine,IN,direct_anchor_exact_rxnorm
14145,156240,ethylnorepinephrine,IN,direct_anchor_exact_rxnorm
14146,1362892,ethyl-p-hydroxybenzoate,IN,direct_anchor_exact_rxnorm
14148,214557,ethinyl estradiol / ethynodiol,MIN,direct_anchor_exact_rxnorm
14156,4171,etidocaine,IN,direct_anchor_exact_rxnorm
14157,214545,epinephrine / etidocaine,MIN,direct_anchor_exact_rxnorm
14158,42682,etidronate,IN,direct_anchor_exact_rxnorm
14160,42682,etidronate,IN,direct_anchor_exact_rxnorm
14162,24441,etifoxine,IN,direct_anchor_exact_rxnorm
14165,4169,etilefrine,IN,direct_anchor_exact_rxnorm
14166,4169,etilefrine,IN,direct_anchor_exact_rxnorm
14168,1421444,etilevodopa,IN,direct_anchor_exact_rxnorm
14190,24605,etodolac,IN,direct_anchor_exact_rxnorm
14192,24607,etofamide,IN,direct_anchor_exact_rxnorm
14193,24608,etofenamate,IN,direct_anchor_exact_rxnorm
14194,24609,etofibrate,IN,direct_anchor_exact_rxnorm
14198,24611,etofylline,IN,direct_anchor_exact_rxnorm
14200,4132,ethoglucid,IN,unique_convergent_term_evidence
14201,1362891,ethohexadiol,IN,unique_convergent_term_evidence
14207,4177,etomidate,IN,direct_anchor_exact_rxnorm
14211,14584,etonogestrel,IN,direct_anchor_exact_rxnorm
14216,4179,etoposide,IN,direct_anchor_exact_rxnorm
14224,307296,etoricoxib,IN,direct_anchor_exact_rxnorm
14225,2728549,etorphine,IN,direct_anchor_exact_rxnorm
14226,2728549,etorphine,IN,direct_anchor_exact_rxnorm
14237,2626727,etranacogene dezaparvovec,IN,direct_anchor_exact_rxnorm
14238,2668045,etrasimod,IN,direct_anchor_exact_rxnorm
14239,2668045,etrasimod,IN,direct_anchor_exact_rxnorm
14240,4182,etretinate,IN,direct_anchor_exact_rxnorm
14243,2730302,etripamil,IN,direct_anchor_exact_rxnorm
14248,2747657,etuvetidigene autotemcel,IN,direct_anchor_exact_rxnorm
14250,1358000,ethybenztropine,IN,unique_convergent_term_evidence
14253,24591,ethynodiol,IN,unique_convergent_term_evidence
14258,21116,eucalyptol,IN,direct_anchor_exact_rxnorm
14259,2122439,eucalyptus alba leaf extract,IN,direct_anchor_exact_rxnorm
14260,,,,ambiguous_legacy_anchor_evidence
14263,59087,eucalyptus oil,IN,direct_anchor_exact_rxnorm
14266,1309788,eucommia ulmoides bark extract,IN,unique_convergent_term_evidence
14267,1865953,crisaborole,IN,direct_anchor_exact_rxnorm
14270,4508,flutamide,IN,unique_convergent_term_evidence
14271,4186,eugenol,IN,direct_anchor_exact_rxnorm
14275,867218,dogfennel pollen extract,IN,unique_convergent_term_evidence
14282,974129,sardine allergenic extract,IN,unique_convergent_term_evidence
14294,4191,evans blue,IN,direct_anchor_exact_rxnorm
14303,203219,evening primrose oil,IN,direct_anchor_exact_rxnorm
14306,1337279,everlasting extract,IN,direct_anchor_exact_rxnorm
14315,2478335,evinacumab,IN,direct_anchor_exact_rxnorm
14316,72143,raloxifene,IN,direct_anchor_exact_rxnorm
14323,1665684,evolocumab,IN,direct_anchor_exact_rxnorm
14326,1601653,atazanavir / cobicistat,MIN,direct_anchor_exact_rxnorm
14338,2671667,exagamglogene autotemcel,IN,direct_anchor_exact_rxnorm
14342,62153,exametazime,IN,direct_anchor_exact_rxnorm
14351,466584,acetaminophen / aspirin / caffeine,MIN,direct_anchor_exact_rxnorm
14354,37319,sulconazole,IN,direct_anchor_exact_rxnorm
14355,183379,rivastigmine,IN,direct_anchor_exact_rxnorm
14357,60548,exenatide,IN,direct_anchor_exact_rxnorm
14365,2570736,mobocertinib,IN,direct_anchor_exact_rxnorm
14385,341248,ezetimibe,IN,direct_anchor_exact_rxnorm
14391,1112990,ezogabine,IN,direct_anchor_exact_rxnorm
14400,2671061,iptacopan,IN,direct_anchor_exact_rxnorm
14407,138099,gemifloxacin,IN,direct_anchor_exact_rxnorm
14410,4256,factor viia,IN,unique_convergent_term_evidence
14411,,,,ambiguous_legacy_anchor_evidence
14412,4257,factor viii,IN,unique_convergent_term_evidence
14421,852419,beech pollen extract,IN,unique_convergent_term_evidence
14434,68099,famciclovir,IN,direct_anchor_exact_rxnorm
14440,4278,famotidine,IN,direct_anchor_exact_rxnorm
14455,1314371,fanolesomab,IN,direct_anchor_exact_rxnorm
14466,38409,toremifene,IN,direct_anchor_exact_rxnorm
14469,2591519,faricimab,IN,direct_anchor_exact_rxnorm
14470,1603350,panobinostat,IN,unique_convergent_term_evidence
14480,1362903,farnesol,IN,direct_anchor_exact_rxnorm
14488,1989100,benralizumab,IN,direct_anchor_exact_rxnorm
14496,282357,fulvestrant,IN,direct_anchor_exact_rxnorm
14547,24805,febantel,IN,direct_anchor_exact_rxnorm
14548,24807,febarbamate,IN,direct_anchor_exact_rxnorm
14549,24809,febuprol,IN,direct_anchor_exact_rxnorm
14551,73689,febuxostat,IN,direct_anchor_exact_rxnorm
14552,2636537,"fecal microbiota spores, live",IN,unique_convergent_term_evidence
14554,2391141,feclobuzone,IN,direct_anchor_exact_rxnorm
14561,2197490,fedratinib,IN,direct_anchor_exact_rxnorm
14562,235961,fedrilate,IN,direct_anchor_exact_rxnorm
14565,24812,felbamate,IN,direct_anchor_exact_rxnorm
14566,262307,felbinac,IN,direct_anchor_exact_rxnorm
14570,248123,cat hair extract,IN,unique_convergent_term_evidence
14571,851949,cat skin extract,IN,unique_convergent_term_evidence
14572,4316,felodipine,IN,direct_anchor_exact_rxnorm
14575,4319,felypressin,IN,direct_anchor_exact_rxnorm
14576,72965,letrozole,IN,direct_anchor_exact_rxnorm
14588,1869713,fenamiphos,IN,direct_anchor_exact_rxnorm
14591,4325,fenbendazole,IN,direct_anchor_exact_rxnorm
14593,24830,fenbufen,IN,direct_anchor_exact_rxnorm
14594,158507,fenbutrazate,IN,direct_anchor_exact_rxnorm
14606,4327,fendiline,IN,direct_anchor_exact_rxnorm
14612,24840,fenethylline,IN,direct_anchor_exact_rxnorm
14613,24840,fenethylline,IN,direct_anchor_exact_rxnorm
14616,4328,fenfluramine,IN,direct_anchor_exact_rxnorm
14617,4328,fenfluramine,IN,direct_anchor_exact_rxnorm
14623,24846,fenipentol,IN,direct_anchor_exact_rxnorm
14640,8703,fenofibrate,IN,direct_anchor_exact_rxnorm
14641,8703,fenofibrate,IN,direct_anchor_exact_rxnorm
14642,24853,fenoldopam,IN,direct_anchor_exact_rxnorm
14643,4331,fenoprofen,IN,direct_anchor_exact_rxnorm
14644,4331,fenoprofen,IN,direct_anchor_exact_rxnorm
14646,4333,fenoterol,IN,direct_anchor_exact_rxnorm
14647,4333,fenoterol,IN,direct_anchor_exact_rxnorm
14648,24855,fenoverine,IN,direct_anchor_exact_rxnorm
14650,24856,fenoxazoline,IN,direct_anchor_exact_rxnorm
14651,24856,fenoxazoline,IN,direct_anchor_exact_rxnorm
14654,24860,fenozolone,IN,direct_anchor_exact_rxnorm
14667,24867,fenproporex,IN,direct_anchor_exact_rxnorm
14674,42375,leuprolide,IN,direct_anchor_exact_rxnorm
14675,4335,fenspiride,IN,direct_anchor_exact_rxnorm
14676,4335,fenspiride,IN,direct_anchor_exact_rxnorm
14677,4337,fentanyl,IN,direct_anchor_exact_rxnorm
14680,4337,fentanyl,IN,direct_anchor_exact_rxnorm
14686,24876,fenticonazole,IN,direct_anchor_exact_rxnorm
14687,24876,fenticonazole,IN,direct_anchor_exact_rxnorm
14691,4337,fentanyl,IN,direct_anchor_exact_rxnorm
14697,24947,ferrous sulfate,IN,direct_anchor_exact_rxnorm
14701,8673,feprazone,IN,direct_anchor_exact_rxnorm
14706,24947,ferrous sulfate,IN,direct_anchor_exact_rxnorm
14708,473387,ferumoxytol,IN,direct_anchor_exact_rxnorm
14722,24897,ferric ammonium citrate,IN,direct_anchor_exact_rxnorm
14723,1426442,ferric ammonium ferrocyanide,IN,direct_anchor_exact_rxnorm
14725,317229,ferric cacodylate,IN,direct_anchor_exact_rxnorm
14726,1433693,ferric carboxymaltose,IN,direct_anchor_exact_rxnorm
14727,1546357,ferric cation,IN,direct_anchor_exact_rxnorm
14728,24898,ferric chloride,IN,direct_anchor_exact_rxnorm
14730,2274394,ferric derisomaltose,IN,direct_anchor_exact_rxnorm
14732,24942,ferrous gluconate,IN,unique_convergent_term_evidence
14734,1428835,ferric hydroxide,IN,direct_anchor_exact_rxnorm
14736,2539932,ferric maltol,IN,direct_anchor_exact_rxnorm
14737,1310572,ferric oxide,IN,direct_anchor_exact_rxnorm
14739,1607976,ferric pyrophosphate,IN,direct_anchor_exact_rxnorm
14740,1607976,ferric pyrophosphate,IN,direct_anchor_exact_rxnorm
14743,24913,ferric sulfate,IN,direct_anchor_exact_rxnorm
14745,2619162,ferriclate calcium sodium,IN,direct_anchor_exact_rxnorm
14749,261435,sodium ferric gluconate complex,IN,direct_anchor_exact_rxnorm
14757,4356,ferrous ascorbate,IN,direct_anchor_exact_rxnorm
14758,236617,ferrous aspartate,IN,direct_anchor_exact_rxnorm
14759,644718,ferrous asparto glycinate,IN,direct_anchor_exact_rxnorm
14760,1102188,ferrous bisglycinate,IN,direct_anchor_exact_rxnorm
14761,1440290,ferrous carbonate,IN,direct_anchor_exact_rxnorm
14762,1541238,ferrous cation,IN,direct_anchor_exact_rxnorm
14763,24940,ferrous chloride,IN,direct_anchor_exact_rxnorm
14765,1490797,ferrous cysteine glycinate,IN,direct_anchor_exact_rxnorm
14766,24941,ferrous fumarate,IN,direct_anchor_exact_rxnorm
14767,105655,ferrous glycine sulfate,IN,direct_anchor_exact_rxnorm
14768,1311296,ferrous iodide,IN,direct_anchor_exact_rxnorm
14769,136034,ferrous lactate,IN,direct_anchor_exact_rxnorm
14770,24946,ferrous succinate,IN,direct_anchor_exact_rxnorm
14771,24947,ferrous sulfate,IN,direct_anchor_exact_rxnorm
14774,1368648,ferulate,IN,direct_anchor_exact_rxnorm
14776,72901,ferumoxides,IN,direct_anchor_exact_rxnorm
14777,77754,ferumoxsil,IN,direct_anchor_exact_rxnorm
14778,473387,ferumoxytol,IN,direct_anchor_exact_rxnorm
14781,797195,fesoterodine,IN,direct_anchor_exact_rxnorm
14782,797195,fesoterodine,IN,direct_anchor_exact_rxnorm
14783,851918,meadow fescue grass pollen extract,IN,unique_convergent_term_evidence
14793,2564146,fexinidazole,IN,direct_anchor_exact_rxnorm
14794,87636,fexofenadine,IN,direct_anchor_exact_rxnorm
14799,2637134,fezolinetant,IN,direct_anchor_exact_rxnorm
14821,70727,fiber,IN,direct_anchor_exact_rxnorm
14827,,,,ambiguous_legacy_anchor_evidence
14829,353110,fibrinolysis inhibitor,IN,direct_anchor_exact_rxnorm
14830,1591916,fibroblast growth factor-1,IN,direct_anchor_exact_rxnorm
14836,2681011,fidanacogene elaparvovec,IN,direct_anchor_exact_rxnorm
14839,1111103,fidaxomicin,IN,direct_anchor_exact_rxnorm
14860,68442,filgrastim,IN,direct_anchor_exact_rxnorm
14861,68442,filgrastim,IN,direct_anchor_exact_rxnorm
14874,1598641,finafloxacin,IN,direct_anchor_exact_rxnorm
14875,25025,finasteride,IN,direct_anchor_exact_rxnorm
14877,2562811,finerenone,IN,direct_anchor_exact_rxnorm
14878,1012892,fingolimod,IN,direct_anchor_exact_rxnorm
14879,1012892,fingolimod,IN,direct_anchor_exact_rxnorm
14886,214130,acetaminophen / butalbital / caffeine,MIN,direct_anchor_exact_rxnorm
14894,1148138,icatibant,IN,direct_anchor_exact_rxnorm
14898,473298,firocoxib,IN,direct_anchor_exact_rxnorm
14906,2667741,fisetin,IN,direct_anchor_exact_rxnorm
14908,4419,fish oils,IN,unique_convergent_term_evidence
14913,2709439,fitusiran,IN,direct_anchor_exact_rxnorm
14923,6922,metronidazole,IN,direct_anchor_exact_rxnorm
14932,1314412,flavin-adenine dinucleotide,IN,unique_convergent_term_evidence
14933,1925821,riboflavin 5'-phosphate,IN,unique_convergent_term_evidence
14937,25060,flavodic acid,IN,direct_anchor_exact_rxnorm
14940,1536070,flavone,IN,direct_anchor_exact_rxnorm
14942,4440,flavoxate,IN,direct_anchor_exact_rxnorm
14943,4440,flavoxate,IN,direct_anchor_exact_rxnorm
14944,,,,ambiguous_legacy_anchor_evidence
14946,5666,immunoglobulin g,IN,direct_anchor_exact_rxnorm
14947,4441,flecainide,IN,direct_anchor_exact_rxnorm
14950,42322,fleroxacin,IN,direct_anchor_exact_rxnorm
14958,1665509,flibanserin,IN,direct_anchor_exact_rxnorm
14962,4444,floctafenine,IN,direct_anchor_exact_rxnorm
14969,25082,flopropione,IN,direct_anchor_exact_rxnorm
14974,2571857,florbetaben,IN,direct_anchor_exact_rxnorm
14975,1427225,florbetapir,IN,unique_convergent_term_evidence
14978,25086,florfenicol,IN,direct_anchor_exact_rxnorm
14981,4452,fludrocortisone,IN,unique_convergent_term_evidence
14982,2571858,flortaucipir,IN,direct_anchor_exact_rxnorm
14983,2571858,flortaucipir,IN,direct_anchor_exact_rxnorm
14986,25089,flosequinan,IN,direct_anchor_exact_rxnorm
14990,2637947,flotufolastat,IN,direct_anchor_exact_rxnorm
14991,899746,flounder allergenic extract,IN,unique_convergent_term_evidence
14995,4488,floxuridine,IN,direct_anchor_exact_rxnorm
15014,25096,flubendazole,IN,direct_anchor_exact_rxnorm
15021,2571859,fluciclovine,IN,direct_anchor_exact_rxnorm
15022,2571859,fluciclovine,IN,unique_convergent_term_evidence
15025,108091,fluclorolone,IN,direct_anchor_exact_rxnorm
15026,108091,fluclorolone,IN,direct_anchor_exact_rxnorm
15027,4448,floxacillin,IN,unique_convergent_term_evidence
15029,4451,flucytosine,IN,direct_anchor_exact_rxnorm
15032,24698,fludarabine,IN,unique_convergent_term_evidence
15039,4452,fludrocortisone,IN,direct_anchor_exact_rxnorm
15040,4453,flufenamic acid,IN,direct_anchor_exact_rxnorm
15048,50097,fluindione,IN,direct_anchor_exact_rxnorm
15049,9386,rimantadine,IN,direct_anchor_exact_rxnorm
15051,4457,flumazenil,IN,direct_anchor_exact_rxnorm
15055,25112,flumequine,IN,direct_anchor_exact_rxnorm
15057,4458,flumethasone,IN,direct_anchor_exact_rxnorm
15059,89911,flumethiazide,IN,direct_anchor_exact_rxnorm
15067,4459,flunarizine,IN,direct_anchor_exact_rxnorm
15068,4459,flunarizine,IN,direct_anchor_exact_rxnorm
15070,25120,flunisolide,IN,direct_anchor_exact_rxnorm
15072,4460,flunitrazepam,IN,direct_anchor_exact_rxnorm
15073,25121,flunixin,IN,direct_anchor_exact_rxnorm
15074,25121,flunixin,IN,direct_anchor_exact_rxnorm
15077,25126,fluocinolone,IN,direct_anchor_exact_rxnorm
15079,4462,fluocinonide,IN,direct_anchor_exact_rxnorm
15083,4463,fluocortolone,IN,direct_anchor_exact_rxnorm
15084,1006895,fluocortolone caproate / fluocortolone pivalate,MIN,direct_anchor_exact_rxnorm
15085,1006895,fluocortolone caproate / fluocortolone pivalate,MIN,direct_anchor_exact_rxnorm
15088,25138,fluorescein,IN,direct_anchor_exact_rxnorm
15094,196213,fluoride ion,IN,direct_anchor_exact_rxnorm
15095,196213,fluoride ion,IN,direct_anchor_exact_rxnorm
15157,2571852,fluorodopa,IN,unique_convergent_term_evidence
15159,4083,estradiol,IN,direct_anchor_exact_rxnorm
15162,4491,fluorometholone,IN,direct_anchor_exact_rxnorm
15163,4491,fluorometholone,IN,direct_anchor_exact_rxnorm
15180,4493,fluoxetine,IN,direct_anchor_exact_rxnorm
15184,4495,flupenthixol,IN,direct_anchor_exact_rxnorm
15185,4495,flupenthixol,IN,unique_convergent_term_evidence
15190,4496,fluphenazine,IN,direct_anchor_exact_rxnorm
15191,4496,fluphenazine,IN,direct_anchor_exact_rxnorm
15192,4496,fluphenazine,IN,direct_anchor_exact_rxnorm
15193,644529,fluphenazine / nortriptyline,MIN,direct_anchor_exact_rxnorm
15195,25193,flupirtine,IN,direct_anchor_exact_rxnorm
15196,25193,flupirtine,IN,direct_anchor_exact_rxnorm
15199,236650,fluprednidene,IN,direct_anchor_exact_rxnorm
15200,236650,fluprednidene,IN,direct_anchor_exact_rxnorm
15201,4497,fluprednisolone,IN,direct_anchor_exact_rxnorm
15215,1538098,fluralaner,IN,direct_anchor_exact_rxnorm
15216,4500,flurandrenolide,IN,direct_anchor_exact_rxnorm
15219,4501,flurazepam,IN,direct_anchor_exact_rxnorm
15220,4501,flurazepam,IN,direct_anchor_exact_rxnorm
15222,4502,flurbiprofen,IN,direct_anchor_exact_rxnorm
15238,4507,fluspirilene,IN,direct_anchor_exact_rxnorm
15242,1486026,flutemetamol,IN,direct_anchor_exact_rxnorm
15243,1486026,flutemetamol,IN,unique_convergent_term_evidence
15245,41126,fluticasone,IN,direct_anchor_exact_rxnorm
15254,61773,flutrimazole,IN,direct_anchor_exact_rxnorm
15258,41127,fluvastatin,IN,direct_anchor_exact_rxnorm
15259,41127,fluvastatin,IN,direct_anchor_exact_rxnorm
15260,42355,fluvoxamine,IN,direct_anchor_exact_rxnorm
15261,42355,fluvoxamine,IN,direct_anchor_exact_rxnorm
15286,4511,folic acid,IN,direct_anchor_exact_rxnorm
15301,,,,ambiguous_legacy_anchor_evidence
15303,662019,pralatrexate,IN,direct_anchor_exact_rxnorm
15305,15226,fomepizole,IN,direct_anchor_exact_rxnorm
15307,183875,fominoben,IN,direct_anchor_exact_rxnorm
15308,85763,fomivirsen,IN,direct_anchor_exact_rxnorm
15309,85763,fomivirsen,IN,direct_anchor_exact_rxnorm
15312,50138,fonazine,IN,direct_anchor_exact_rxnorm
15313,50138,fonazine,IN,direct_anchor_exact_rxnorm
15323,1427137,"foreskin fibroblast, neonatal",IN,unique_convergent_term_evidence
15324,1427138,"foreskin keratinocyte, neonatal",IN,unique_convergent_term_evidence
15330,4530,formaldehyde,IN,direct_anchor_exact_rxnorm
15334,15070,formestane,IN,direct_anchor_exact_rxnorm
15337,4537,formic acid,IN,direct_anchor_exact_rxnorm
15342,25255,formoterol,IN,direct_anchor_exact_rxnorm
15343,25255,formoterol,IN,unique_convergent_term_evidence
15353,1311590,forsythia suspensa fruit extract,IN,unique_convergent_term_evidence
15355,32915,teriparatide,IN,direct_anchor_exact_rxnorm
15363,46041,alendronate,IN,direct_anchor_exact_rxnorm
15364,358262,fosamprenavir,IN,direct_anchor_exact_rxnorm
15365,358262,fosamprenavir,IN,direct_anchor_exact_rxnorm
15374,103990,carbidopa / levodopa,MIN,direct_anchor_exact_rxnorm
15375,33562,foscarnet,IN,direct_anchor_exact_rxnorm
15376,33562,foscarnet,IN,direct_anchor_exact_rxnorm
15379,1368646,foscolate,IN,direct_anchor_exact_rxnorm
15381,2531288,fosdenopterin,IN,direct_anchor_exact_rxnorm
15382,2531288,fosdenopterin,IN,direct_anchor_exact_rxnorm
15392,4550,fosfomycin,IN,direct_anchor_exact_rxnorm
15396,2119172,fosfructose,IN,direct_anchor_exact_rxnorm
15403,50166,fosinopril,IN,direct_anchor_exact_rxnorm
15404,261415,fosinopril / hydrochlorothiazide,MIN,direct_anchor_exact_rxnorm
15405,1546393,fosinoprilat,IN,direct_anchor_exact_rxnorm
15407,103990,carbidopa / levodopa,MIN,direct_anchor_exact_rxnorm
15414,1552342,netupitant / palonosetron,MIN,direct_anchor_exact_rxnorm
15415,1552337,netupitant,IN,direct_anchor_exact_rxnorm
15418,72236,fosphenytoin,IN,direct_anchor_exact_rxnorm
15420,828682,fospropofol,IN,direct_anchor_exact_rxnorm
15421,828682,fospropofol,IN,direct_anchor_exact_rxnorm
15424,2044896,fostamatinib,IN,direct_anchor_exact_rxnorm
15426,2380373,fostemsavir,IN,direct_anchor_exact_rxnorm
15427,2380373,fostemsavir,IN,direct_anchor_exact_rxnorm
15433,1312592,fosveset,IN,direct_anchor_exact_rxnorm
15435,2534233,tivozanib,IN,direct_anchor_exact_rxnorm
15457,67109,dalteparin,IN,direct_anchor_exact_rxnorm
15460,4556,framycetin,IN,direct_anchor_exact_rxnorm
15461,4556,framycetin,IN,direct_anchor_exact_rxnorm
15462,,,,ambiguous_legacy_anchor_evidence
15463,1311479,frankincense extract,IN,unique_convergent_term_evidence
15465,852450,white ash pollen extract,IN,unique_convergent_term_evidence
15466,900045,oregon ash pollen extract,IN,unique_convergent_term_evidence
15467,852491,green ash pollen extract,IN,unique_convergent_term_evidence
15468,852496,arizona ash pollen extract,IN,unique_convergent_term_evidence
15469,67031,nadroparin,IN,unique_convergent_term_evidence
15476,2056691,fremanezumab,IN,direct_anchor_exact_rxnorm
15490,228783,frovatriptan,IN,direct_anchor_exact_rxnorm
15491,228783,frovatriptan,IN,direct_anchor_exact_rxnorm
15493,259372,fructooligosaccharide,IN,direct_anchor_exact_rxnorm
15496,4570,fructose,IN,direct_anchor_exact_rxnorm
15505,,,,ambiguous_legacy_anchor_evidence
15512,2466731,fucose,IN,direct_anchor_exact_rxnorm
15522,338036,pegfilgrastim,IN,direct_anchor_exact_rxnorm
15527,1926480,fumagillin,IN,direct_anchor_exact_rxnorm
15529,70598,fumarate,IN,direct_anchor_exact_rxnorm
15547,4601,furazolidone,IN,direct_anchor_exact_rxnorm
15566,4603,furosemide,IN,direct_anchor_exact_rxnorm
15573,2643212,furterene,IN,direct_anchor_exact_rxnorm
15583,113608,fusidate,IN,direct_anchor_exact_rxnorm
15584,113608,fusidate,IN,direct_anchor_exact_rxnorm
15586,2628190,futibatinib,IN,direct_anchor_exact_rxnorm
15589,2632642,fuzapladib,IN,direct_anchor_exact_rxnorm
15592,1545063,tafamidis,IN,unique_convergent_term_evidence
15594,35302,sirolimus,IN,direct_anchor_exact_rxnorm
15614,25480,gabapentin,IN,direct_anchor_exact_rxnorm
15615,25480,gabapentin,IN,direct_anchor_exact_rxnorm
15617,31914,tiagabine,IN,direct_anchor_exact_rxnorm
15620,692620,gadobenate,IN,unique_convergent_term_evidence
15621,84990,gadobutrol,IN,direct_anchor_exact_rxnorm
15622,41144,gadodiamide,IN,direct_anchor_exact_rxnorm
15623,1364290,gadofosveset,IN,direct_anchor_exact_rxnorm
15625,1310171,gadolinium,IN,direct_anchor_exact_rxnorm
15626,1546429,gadolinium cation (3+),IN,direct_anchor_exact_rxnorm
15627,1546432,gadopentetate,IN,unique_convergent_term_evidence
15628,2618720,gadopiclenol,IN,direct_anchor_exact_rxnorm
15630,25483,gadoteridol,IN,direct_anchor_exact_rxnorm
15631,228833,gadoversetamide,IN,direct_anchor_exact_rxnorm
15632,802624,gadoxetate,IN,unique_convergent_term_evidence
15634,4626,galactose,IN,direct_anchor_exact_rxnorm
15638,4637,galantamine,IN,direct_anchor_exact_rxnorm
15639,4637,galantamine,IN,direct_anchor_exact_rxnorm
15641,2058846,galcanezumab,IN,direct_anchor_exact_rxnorm
15651,4638,gallamine,IN,direct_anchor_exact_rxnorm
15652,4638,gallamine,IN,direct_anchor_exact_rxnorm
15654,1310124,gallium,IN,direct_anchor_exact_rxnorm
15655,1310124,gallium,IN,direct_anchor_exact_rxnorm
15656,1310124,gallium,IN,unique_convergent_term_evidence
15709,2588949,gozetotide,IN,direct_anchor_exact_rxnorm
15711,1310124,gallium,IN,direct_anchor_exact_rxnorm
15713,2588949,gozetotide,IN,unique_convergent_term_evidence
15715,4648,gallopamil,IN,direct_anchor_exact_rxnorm
15716,4648,gallopamil,IN,direct_anchor_exact_rxnorm
15717,894934,chicken feather extract,IN,unique_convergent_term_evidence
15720,578033,galsulfase,IN,direct_anchor_exact_rxnorm
15728,2104604,emapalumab,IN,direct_anchor_exact_rxnorm
15729,1113697,gamithromycin,IN,direct_anchor_exact_rxnorm
15736,618771,gamma-aminobutyrate,IN,direct_anchor_exact_rxnorm
15744,2387302,oxybate,IN,unique_convergent_term_evidence
15747,5666,immunoglobulin g,IN,direct_anchor_exact_rxnorm
15748,618453,gamma-linolenate,IN,unique_convergent_term_evidence
15749,5666,immunoglobulin g,IN,direct_anchor_exact_rxnorm
15751,2604689,ganaxolone,IN,direct_anchor_exact_rxnorm
15752,4678,ganciclovir,IN,direct_anchor_exact_rxnorm
15769,35825,ganirelix,IN,direct_anchor_exact_rxnorm
15770,35825,ganirelix,IN,direct_anchor_exact_rxnorm
15780,2717169,garadacimab,IN,direct_anchor_exact_rxnorm
15782,1311595,garcinia cambogia fruit extract,IN,unique_convergent_term_evidence
15783,1428846,garden snail mucin preparation,IN,unique_convergent_term_evidence
15797,5920,intrinsic factor,IN,unique_convergent_term_evidence
15800,228476,gatifloxacin,IN,direct_anchor_exact_rxnorm
15808,2394936,pralsetinib,IN,direct_anchor_exact_rxnorm
15810,974779,obinutuzumab,IN,direct_anchor_exact_rxnorm
15839,2591813,coxsackievirus a21,IN,unique_convergent_term_evidence
15851,328134,gefitinib,IN,direct_anchor_exact_rxnorm
15860,4716,gelatin,IN,direct_anchor_exact_rxnorm
15869,12574,gemcitabine,IN,direct_anchor_exact_rxnorm
15873,12449,gemeprost,IN,direct_anchor_exact_rxnorm
15874,4719,gemfibrozil,IN,direct_anchor_exact_rxnorm
15876,138099,gemifloxacin,IN,direct_anchor_exact_rxnorm
15885,1294580,gemtuzumab ozogamicin,IN,direct_anchor_exact_rxnorm
15906,25696,genistein,IN,direct_anchor_exact_rxnorm
15911,1596450,gentamicin,IN,direct_anchor_exact_rxnorm
15915,1596450,gentamicin,IN,direct_anchor_exact_rxnorm
15916,4778,gentian violet,IN,direct_anchor_exact_rxnorm
15918,1368642,gentisate,IN,direct_anchor_exact_rxnorm
15919,1427180,gentisic acid ethanolamide,IN,direct_anchor_exact_rxnorm
15923,1721612,cobicistat / elvitegravir / emtricitabine / tenofovir alafenamide,MIN,direct_anchor_exact_rxnorm
15927,41157,gepefrine,IN,direct_anchor_exact_rxnorm
15928,2672253,gepirone,IN,direct_anchor_exact_rxnorm
15929,2672253,gepirone,IN,direct_anchor_exact_rxnorm
15930,2709212,gepotidacin,IN,direct_anchor_exact_rxnorm
15931,2709212,gepotidacin,IN,direct_anchor_exact_rxnorm
15934,1368875,geraniol,IN,direct_anchor_exact_rxnorm
15935,1372247,geranium extract,IN,direct_anchor_exact_rxnorm
15949,25734,gestodene,IN,direct_anchor_exact_rxnorm
15951,4791,gestonorone caproate,IN,direct_anchor_exact_rxnorm
15952,4792,gestrinone,IN,direct_anchor_exact_rxnorm
15955,1541240,geum urbanum root extract,IN,direct_anchor_exact_rxnorm
15970,1999003,angiotensin ii,IN,direct_anchor_exact_rxnorm
15979,2105806,gilteritinib,IN,direct_anchor_exact_rxnorm
15987,285241,ginger extract,IN,direct_anchor_exact_rxnorm
15990,,,,ambiguous_legacy_anchor_evidence
15997,,,,ambiguous_legacy_anchor_evidence
16005,349656,ginsenoside,IN,unique_convergent_term_evidence
16019,89791,gitalin,IN,direct_anchor_exact_rxnorm
16025,2678889,givinostat,IN,direct_anchor_exact_rxnorm
16027,2265712,givosiran,IN,direct_anchor_exact_rxnorm
16028,2265712,givosiran,IN,direct_anchor_exact_rxnorm
16033,214582,glatiramer,IN,direct_anchor_exact_rxnorm
16036,1940635,glecaprevir,IN,direct_anchor_exact_rxnorm
16038,282388,imatinib,IN,direct_anchor_exact_rxnorm
16047,1855078,gleptoferron,IN,direct_anchor_exact_rxnorm
16050,102846,glibornuride,IN,direct_anchor_exact_rxnorm
16055,4816,gliclazide,IN,direct_anchor_exact_rxnorm
16059,25789,glimepiride,IN,direct_anchor_exact_rxnorm
16065,4821,glipizide,IN,direct_anchor_exact_rxnorm
16066,25793,gliquidone,IN,direct_anchor_exact_rxnorm
16086,4832,glucagon,IN,direct_anchor_exact_rxnorm
16087,4832,glucagon,IN,direct_anchor_exact_rxnorm
16090,25834,glucametacin,IN,direct_anchor_exact_rxnorm
16092,1242127,glucarpidase,IN,direct_anchor_exact_rxnorm
16093,50470,gluceptate,IN,direct_anchor_exact_rxnorm
16098,25842,gluconolactone,IN,direct_anchor_exact_rxnorm
16100,4845,glucosamine,IN,direct_anchor_exact_rxnorm
16107,1427073,glucose oxidase,IN,direct_anchor_exact_rxnorm
16108,1541246,glucose-6-phosphate,IN,direct_anchor_exact_rxnorm
16115,1426907,glucuronate,IN,direct_anchor_exact_rxnorm
16117,1535222,glucuronolactone,IN,direct_anchor_exact_rxnorm
16121,6809,metformin,IN,direct_anchor_exact_rxnorm
16124,70602,glutamate,IN,direct_anchor_exact_rxnorm
16125,70602,glutamate,IN,direct_anchor_exact_rxnorm
16130,4888,glutaral,IN,direct_anchor_exact_rxnorm
16131,1943800,glutarate,IN,direct_anchor_exact_rxnorm
16132,4890,glutathione,IN,direct_anchor_exact_rxnorm
16133,25953,glutathione disulfide,IN,direct_anchor_exact_rxnorm
16145,4903,glutethimide,IN,direct_anchor_exact_rxnorm
16146,4815,glyburide,IN,direct_anchor_exact_rxnorm
16150,4910,glycerin,IN,direct_anchor_exact_rxnorm
16151,4910,glycerin,IN,direct_anchor_exact_rxnorm
16153,1368451,glycerol phenylbutyrate,IN,direct_anchor_exact_rxnorm
16159,,,,ambiguous_legacy_anchor_evidence
16160,1305749,glyceryl behenate,IN,direct_anchor_exact_rxnorm
16161,1366664,glyceryl caprate,IN,direct_anchor_exact_rxnorm
16162,1307152,glyceryl caprylate,IN,direct_anchor_exact_rxnorm
16163,1311690,glyceryl distearate,IN,direct_anchor_exact_rxnorm
16164,1311693,glyceryl laurate,IN,direct_anchor_exact_rxnorm
16165,1655567,glyceryl monobehenate,IN,direct_anchor_exact_rxnorm
16166,1311155,glyceryl stearate,IN,direct_anchor_exact_rxnorm
16167,1426928,glyceryl palmitate,IN,direct_anchor_exact_rxnorm
16168,1364379,glyceryl stearate se,IN,direct_anchor_exact_rxnorm
16170,1368168,triolein,IN,unique_convergent_term_evidence
16174,4919,glycine,IN,direct_anchor_exact_rxnorm
16175,4919,glycine,IN,direct_anchor_exact_rxnorm
16180,1426483,cholate,IN,direct_anchor_exact_rxnorm
16182,1426910,glycogen,IN,direct_anchor_exact_rxnorm
16183,1427079,glycol dimethacrylate,IN,direct_anchor_exact_rxnorm
16184,1367188,glycol distearate,IN,direct_anchor_exact_rxnorm
16186,26051,glycol salicylate,IN,direct_anchor_exact_rxnorm
16187,1426255,glycol stearate,IN,direct_anchor_exact_rxnorm
16188,70603,glycolate,IN,direct_anchor_exact_rxnorm
16191,1546438,glycopyrronium,IN,direct_anchor_exact_rxnorm
16192,1546438,glycopyrronium,IN,direct_anchor_exact_rxnorm
16200,,,,ambiguous_legacy_anchor_evidence
16202,26143,glycyrrhizic acid,IN,direct_anchor_exact_rxnorm
16205,102848,glymidine,IN,direct_anchor_exact_rxnorm
16211,1800093,glyphosate,IN,direct_anchor_exact_rxnorm
16217,1598392,empagliflozin / linagliptin,MIN,direct_anchor_exact_rxnorm
16242,1311190,gold,IN,direct_anchor_exact_rxnorm
16244,2045117,gold cation (1+),IN,direct_anchor_exact_rxnorm
16245,1546411,thiosulfate,IN,direct_anchor_exact_rxnorm
16247,,,,ambiguous_legacy_anchor_evidence
16250,819300,golimumab,IN,direct_anchor_exact_rxnorm
16252,2267207,golodirsen,IN,direct_anchor_exact_rxnorm
16253,2367440,golotimod,IN,direct_anchor_exact_rxnorm
16256,6384,gonadorelin,IN,direct_anchor_exact_rxnorm
16257,6384,gonadorelin,IN,direct_anchor_exact_rxnorm
16258,6384,gonadorelin,IN,direct_anchor_exact_rxnorm
16259,6384,gonadorelin,IN,direct_anchor_exact_rxnorm
16262,1374399,eicosenoic acid,IN,unique_convergent_term_evidence
16267,50610,goserelin,IN,direct_anchor_exact_rxnorm
16299,5011,gramicidin,IN,unique_convergent_term_evidence
16306,26237,granisetron,IN,direct_anchor_exact_rxnorm
16318,,,,ambiguous_legacy_anchor_evidence
16322,1309208,grape seed oil,IN,direct_anchor_exact_rxnorm
16324,1309212,grapefruit oil,IN,direct_anchor_exact_rxnorm
16332,1734630,grazoprevir,IN,direct_anchor_exact_rxnorm
16337,,,,ambiguous_legacy_anchor_evidence
16342,83719,grepafloxacin,IN,direct_anchor_exact_rxnorm
16343,83719,grepafloxacin,IN,direct_anchor_exact_rxnorm
16345,5021,griseofulvin,IN,direct_anchor_exact_rxnorm
16410,5031,guaiacol,IN,direct_anchor_exact_rxnorm
16414,26290,guaiazulene,IN,unique_convergent_term_evidence
16415,236315,guaietolin,IN,direct_anchor_exact_rxnorm
16416,5032,guaifenesin,IN,direct_anchor_exact_rxnorm
16423,5033,guanabenz,IN,direct_anchor_exact_rxnorm
16424,5033,guanabenz,IN,direct_anchor_exact_rxnorm
16427,26296,guanadrel,IN,direct_anchor_exact_rxnorm
16428,26296,guanadrel,IN,direct_anchor_exact_rxnorm
16434,5036,guanethidine,IN,direct_anchor_exact_rxnorm
16435,5036,guanethidine,IN,direct_anchor_exact_rxnorm
16436,5036,guanethidine,IN,direct_anchor_exact_rxnorm
16437,40114,guanfacine,IN,direct_anchor_exact_rxnorm
16438,40114,guanfacine,IN,direct_anchor_exact_rxnorm
16441,1372539,guanine,IN,direct_anchor_exact_rxnorm
16448,1591890,guanosine,IN,direct_anchor_exact_rxnorm
16468,26344,guar gum,IN,direct_anchor_exact_rxnorm
16482,1928588,guselkumab,IN,direct_anchor_exact_rxnorm
16532,50937,haemophilus influenzae type b,IN,direct_anchor_exact_rxnorm
16537,,,,ambiguous_legacy_anchor_evidence
16538,798279,"haemophilus influenzae type b, capsular polysaccharide inactivated tetanus toxoid conjugate vaccine",IN,unique_convergent_term_evidence
16540,26412,halazepam,IN,direct_anchor_exact_rxnorm
16541,59838,halazone,IN,direct_anchor_exact_rxnorm
16542,5084,halcinonide,IN,direct_anchor_exact_rxnorm
16543,5093,haloperidol,IN,direct_anchor_exact_rxnorm
16548,2166088,halobetasol / tazarotene,MIN,direct_anchor_exact_rxnorm
16550,50749,halofantrine,IN,direct_anchor_exact_rxnorm
16551,50749,halofantrine,IN,direct_anchor_exact_rxnorm
16555,26416,halometasone,IN,direct_anchor_exact_rxnorm
16559,5093,haloperidol,IN,direct_anchor_exact_rxnorm
16560,5093,haloperidol,IN,direct_anchor_exact_rxnorm
16564,26422,haloprogin,IN,direct_anchor_exact_rxnorm
16565,5095,halothane,IN,direct_anchor_exact_rxnorm
16577,1368196,hard fat,IN,direct_anchor_exact_rxnorm
16580,1591942,ledipasvir / sofosbuvir,MIN,direct_anchor_exact_rxnorm
16582,798361,hepatitis a vaccine (inactivated) strain hm175,IN,direct_anchor_exact_rxnorm
16583,,,,ambiguous_legacy_anchor_evidence
16604,1309795,hedera helix leaf extract,IN,direct_anchor_exact_rxnorm
16607,852509,sunflower pollen extract,IN,unique_convergent_term_evidence
16609,5140,helium,IN,direct_anchor_exact_rxnorm
16611,4257,factor viii,IN,direct_anchor_exact_rxnorm
16628,1087405,ascorbic acid / biotin / copper sulfate / docusate / folic acid / iron carbonyl / vitamin b12 / vitamin e,MIN,direct_anchor_exact_rxnorm
16629,26506,heme arginate,IN,direct_anchor_exact_rxnorm
16631,978673,heme iron polypeptide,IN,direct_anchor_exact_rxnorm
16634,26514,hemicellulase,IN,direct_anchor_exact_rxnorm
16636,5175,hemin,IN,direct_anchor_exact_rxnorm
16637,1989794,emicizumab,IN,direct_anchor_exact_rxnorm
16649,5164,hematoporphyrin,IN,unique_convergent_term_evidence
16662,5224,heparin,IN,direct_anchor_exact_rxnorm
16666,5224,heparin,IN,direct_anchor_exact_rxnorm
16670,26744,hepatitis b immune globulin,IN,direct_anchor_exact_rxnorm
16671,797752,hepatitis b surface antigen vaccine,IN,unique_convergent_term_evidence
16681,1312611,hydroxyethylpiperazine ethane sulfonic acid,IN,unique_convergent_term_evidence
16688,5254,heptaminol,IN,direct_anchor_exact_rxnorm
16691,991260,heptanoic acid,IN,direct_anchor_exact_rxnorm
16697,2462498,heptyl glucoside,IN,direct_anchor_exact_rxnorm
16698,6718,melphalan,IN,direct_anchor_exact_rxnorm
16719,224905,trastuzumab,IN,direct_anchor_exact_rxnorm
16720,2119713,hyaluronidase / trastuzumab,MIN,direct_anchor_exact_rxnorm
16721,224905,trastuzumab,IN,direct_anchor_exact_rxnorm
16727,3304,heroin,IN,direct_anchor_exact_rxnorm
16737,1314255,hesperetin,IN,direct_anchor_exact_rxnorm
16738,5281,hesperidin,IN,direct_anchor_exact_rxnorm
16739,1009064,diosmin / hesperidin,MIN,direct_anchor_exact_rxnorm
16740,26797,hetacillin,IN,direct_anchor_exact_rxnorm
16741,733,ampicillin,IN,direct_anchor_exact_rxnorm
16746,1372928,heterotheca inuloides flower extract,IN,unique_convergent_term_evidence
16751,1997246,hexacosanoate,IN,direct_anchor_exact_rxnorm
16759,2049630,hexadecanal,IN,direct_anchor_exact_rxnorm
16770,1306181,cetyl octanoate,IN,unique_convergent_term_evidence
16773,26826,hexafluorenium,IN,direct_anchor_exact_rxnorm
16775,26826,hexafluorenium,IN,unique_convergent_term_evidence
16781,1311540,hexamethyldisiloxane,IN,direct_anchor_exact_rxnorm
16784,26849,hexamidine,IN,direct_anchor_exact_rxnorm
16785,1426872,hexyl 5-aminolevulinate,IN,unique_convergent_term_evidence
16793,8302,phytic acid,IN,direct_anchor_exact_rxnorm
16799,5301,hexetidine,IN,direct_anchor_exact_rxnorm
16801,5302,hexobarbital,IN,direct_anchor_exact_rxnorm
16803,5303,hexobendine,IN,direct_anchor_exact_rxnorm
16804,26867,hexocyclium,IN,direct_anchor_exact_rxnorm
16805,26867,hexocyclium,IN,direct_anchor_exact_rxnorm
16806,5307,hexoprenaline,IN,direct_anchor_exact_rxnorm
16807,5307,hexoprenaline,IN,direct_anchor_exact_rxnorm
16812,1367126,hexyl laurate,IN,direct_anchor_exact_rxnorm
16813,26879,hexylcaine,IN,direct_anchor_exact_rxnorm
16814,26879,hexylcaine,IN,direct_anchor_exact_rxnorm
16817,5321,hexylresorcinol,IN,direct_anchor_exact_rxnorm
16837,1310511,high fructose corn syrup,IN,direct_anchor_exact_rxnorm
16843,1923620,hippurate,IN,direct_anchor_exact_rxnorm
16844,6832,methenamine,IN,direct_anchor_exact_rxnorm
16846,5333,histamine,IN,direct_anchor_exact_rxnorm
16851,5340,histidine,IN,direct_anchor_exact_rxnorm
16852,5340,histidine,IN,direct_anchor_exact_rxnorm
16853,5340,histidine,IN,direct_anchor_exact_rxnorm
16857,50975,histrelin,IN,direct_anchor_exact_rxnorm
16888,852514,velvet grass pollen extract,IN,unique_convergent_term_evidence
16894,27084,homatropine,IN,direct_anchor_exact_rxnorm
16895,107610,cocaine / homatropine,MIN,direct_anchor_exact_rxnorm
16896,214614,homatropine / hydrocodone,MIN,direct_anchor_exact_rxnorm
16906,91326,homosalate,IN,direct_anchor_exact_rxnorm
16909,285279,honey preparation,IN,unique_convergent_term_evidence
16920,1098118,cultivated barley pollen extract,IN,unique_convergent_term_evidence
17007,1099937,adenovirus type 7 vaccine live,IN,unique_convergent_term_evidence
17008,1099933,adenovirus type 4 vaccine live,IN,unique_convergent_term_evidence
17009,828529,"albumin human, usp",IN,unique_convergent_term_evidence
17014,544488,botulism immune globulin iv human,IN,unique_convergent_term_evidence
17015,1599832,c1 esterase inhibitor,IN,unique_convergent_term_evidence
17016,235481,human calcitonin,IN,direct_anchor_exact_rxnorm
17020,1307732,human cord blood hematopoietic progenitor cell,IN,direct_anchor_exact_rxnorm
17030,,,,ambiguous_legacy_anchor_evidence
17043,1597093,"l1 protein, human papillomavirus type 11 vaccine / l1 protein, human papillomavirus type 16 vaccine / l1 protein, human papillomavirus type 18 vaccine / l1 protein, human papillomavirus type 31 vaccine / l1 protein, human papillomavirus type 33 vaccine / l1 protein, human papillomavirus type 45 vaccine / l1 protein, human papillomavirus type 52 vaccine / l1 protein, human papillomavirus type 58 vaccine / l1 protein, human papillomavirus type 6 vaccine",MIN,unique_convergent_term_evidence
17053,1007132,"l1 protein, human papillomavirus type 11 vaccine / l1 protein, human papillomavirus type 16 vaccine / l1 protein, human papillomavirus type 18 vaccine / l1 protein, human papillomavirus type 6 vaccine",MIN,unique_convergent_term_evidence
17054,798262,"l1 protein, human papillomavirus type 11 vaccine",IN,unique_convergent_term_evidence
17055,798264,"l1 protein, human papillomavirus type 16 vaccine",IN,unique_convergent_term_evidence
17057,798266,"l1 protein, human papillomavirus type 18 vaccine",IN,unique_convergent_term_evidence
17059,1596930,"l1 protein, human papillomavirus type 31 vaccine",IN,unique_convergent_term_evidence
17060,1596931,"l1 protein, human papillomavirus type 33 vaccine",IN,unique_convergent_term_evidence
17061,1596932,"l1 protein, human papillomavirus type 45 vaccine",IN,unique_convergent_term_evidence
17062,1596933,"l1 protein, human papillomavirus type 52 vaccine",IN,unique_convergent_term_evidence
17063,1596934,"l1 protein, human papillomavirus type 58 vaccine",IN,unique_convergent_term_evidence
17064,798268,"l1 protein, human papillomavirus type 6 vaccine",IN,unique_convergent_term_evidence
17066,1329960,human placenta hydrolysate,IN,direct_anchor_exact_rxnorm
17081,597392,human vaccinia immune globulin,IN,unique_convergent_term_evidence
17082,39385,varicella-zoster immune globulin,IN,unique_convergent_term_evidence
17090,226623,factor viii / von willebrand factor,MIN,direct_anchor_exact_rxnorm
17091,7934,paromomycin,IN,direct_anchor_exact_rxnorm
17096,2267703,huperzine a,IN,direct_anchor_exact_rxnorm
17102,62372,hyaluronate,IN,unique_convergent_term_evidence
17106,5464,hyaluronidase,IN,direct_anchor_exact_rxnorm
17108,5464,hyaluronidase,IN,unique_convergent_term_evidence
17111,57308,topotecan,IN,direct_anchor_exact_rxnorm
17115,214614,homatropine / hydrocodone,MIN,direct_anchor_exact_rxnorm
17119,2673464,hydracrylic acid,IN,direct_anchor_exact_rxnorm
17120,5470,hydralazine,IN,direct_anchor_exact_rxnorm
17134,5486,hydrochloric acid,IN,direct_anchor_exact_rxnorm
17136,5487,hydrochlorothiazide,IN,direct_anchor_exact_rxnorm
17138,5489,hydrocodone,IN,direct_anchor_exact_rxnorm
17139,214392,chlorpheniramine / hydrocodone,MIN,direct_anchor_exact_rxnorm
17143,5492,hydrocortisone,IN,direct_anchor_exact_rxnorm
17144,106990,chlorquinaldol / hydrocortisone,MIN,direct_anchor_exact_rxnorm
17145,5492,hydrocortisone,IN,direct_anchor_exact_rxnorm
17148,5492,hydrocortisone,IN,direct_anchor_exact_rxnorm
17150,5492,hydrocortisone,IN,unique_convergent_term_evidence
17152,5495,hydroflumethiazide,IN,direct_anchor_exact_rxnorm
17154,5497,hydrogen,IN,direct_anchor_exact_rxnorm
17155,5496,hydrofluoric acid,IN,unique_convergent_term_evidence
17157,5499,hydrogen peroxide,IN,direct_anchor_exact_rxnorm
17160,1309218,hydrogenated castor oil,IN,direct_anchor_exact_rxnorm
17161,1307683,hydrogenated coconut oil,IN,direct_anchor_exact_rxnorm
17162,1309360,hydrogenated palm kernel oil,IN,direct_anchor_exact_rxnorm
17163,1426418,hydrogenated soybean lecithin,IN,direct_anchor_exact_rxnorm
17164,1309222,hydrogenated soybean oil,IN,direct_anchor_exact_rxnorm
17168,1721695,hydrolyzed soy protein (enzymatic; 2000 mw),IN,unique_convergent_term_evidence
17173,3423,hydromorphone,IN,direct_anchor_exact_rxnorm
17175,27220,hydroquinidine,IN,direct_anchor_exact_rxnorm
17176,2468435,hydroquinine,IN,direct_anchor_exact_rxnorm
17177,5509,hydroquinone,IN,direct_anchor_exact_rxnorm
17178,27221,hydrotalcite,IN,direct_anchor_exact_rxnorm
17180,1314279,hydroxide ion,IN,direct_anchor_exact_rxnorm
17183,5514,hydroxocobalamin,IN,direct_anchor_exact_rxnorm
17184,5514,hydroxocobalamin,IN,direct_anchor_exact_rxnorm
17190,7839,p-hydroxyamphetamine,IN,unique_convergent_term_evidence
17191,7839,p-hydroxyamphetamine,IN,direct_anchor_exact_rxnorm
17194,5521,hydroxychloroquine,IN,direct_anchor_exact_rxnorm
17195,5521,hydroxychloroquine,IN,direct_anchor_exact_rxnorm
17196,1362893,hydroxycitronellal,IN,direct_anchor_exact_rxnorm
17199,27244,hydroxyethyl cellulose,IN,direct_anchor_exact_rxnorm
17201,27244,hydroxyethyl cellulose,IN,direct_anchor_exact_rxnorm
17202,2204929,"hydroxyethyl cellulose, unspecified",IN,direct_anchor_exact_rxnorm
17203,1722035,hydroxyethyl ethylcellulose,IN,direct_anchor_exact_rxnorm
17204,5531,hetastarch,IN,unique_convergent_term_evidence
17216,1311548,hydroxyproline,IN,direct_anchor_exact_rxnorm
17218,,,,ambiguous_legacy_anchor_evidence
17219,1804020,"hydroxypropyl cellulose, unspecified",IN,direct_anchor_exact_rxnorm
17221,1747475,hydroxypropyl tetrahydropyrantriol,IN,direct_anchor_exact_rxnorm
17228,1314227,hydroxytyrosol,IN,direct_anchor_exact_rxnorm
17229,5553,hydroxyzine,IN,direct_anchor_exact_rxnorm
17230,1426887,hygromycin b,IN,direct_anchor_exact_rxnorm
17231,5556,hymecromone,IN,direct_anchor_exact_rxnorm
17233,852526,burrobrush pollen extract,IN,unique_convergent_term_evidence
17236,153970,hyoscyamine,IN,direct_anchor_exact_rxnorm
17237,153970,hyoscyamine,IN,direct_anchor_exact_rxnorm
17238,153970,hyoscyamine,IN,unique_convergent_term_evidence
17239,314674,hyoscyamus extract,IN,direct_anchor_exact_rxnorm
17244,1546455,hypericin,IN,direct_anchor_exact_rxnorm
17246,1352522,hypericum oil,IN,direct_anchor_exact_rxnorm
17251,1363609,hypnea musciformis extract,IN,direct_anchor_exact_rxnorm
17252,1483317,hypochlorite,IN,direct_anchor_exact_rxnorm
17253,1483317,hypochlorite,IN,direct_anchor_exact_rxnorm
17257,1546440,hypophosphite ion,IN,unique_convergent_term_evidence
17266,27334,hypromellose,IN,direct_anchor_exact_rxnorm
17267,27334,hypromellose,IN,direct_anchor_exact_rxnorm
17268,27334,hypromellose,IN,direct_anchor_exact_rxnorm
17271,1362137,hyssop oil,IN,direct_anchor_exact_rxnorm
17274,9884,sodium iodide,IN,unique_convergent_term_evidence
17282,2043283,ibalizumab,IN,direct_anchor_exact_rxnorm
17292,51253,ibopamine,IN,direct_anchor_exact_rxnorm
17294,1601374,palbociclib,IN,direct_anchor_exact_rxnorm
17295,2560213,ibrexafungerp,IN,direct_anchor_exact_rxnorm
17296,2560213,ibrexafungerp,IN,direct_anchor_exact_rxnorm
17298,262323,ibritumomab tiuxetan,IN,direct_anchor_exact_rxnorm
17302,1442981,ibrutinib,IN,direct_anchor_exact_rxnorm
17307,5640,ibuprofen,IN,direct_anchor_exact_rxnorm
17309,5640,ibuprofen,IN,direct_anchor_exact_rxnorm
17315,1805438,ibutamoren,IN,direct_anchor_exact_rxnorm
17316,1805438,ibutamoren,IN,direct_anchor_exact_rxnorm
17318,41289,ibutilide,IN,direct_anchor_exact_rxnorm
17327,1737729,picaridin,IN,unique_convergent_term_evidence
17328,1788871,icariin,IN,direct_anchor_exact_rxnorm
17330,1148138,icatibant,IN,direct_anchor_exact_rxnorm
17337,5645,ichthammol,IN,direct_anchor_exact_rxnorm
17343,1364347,ponatinib,IN,direct_anchor_exact_rxnorm
17345,140480,icodextrin,IN,direct_anchor_exact_rxnorm
17354,1376156,riboprine,IN,unique_convergent_term_evidence
17355,1304974,icosapent ethyl,IN,direct_anchor_exact_rxnorm
17364,5650,idarubicin,IN,direct_anchor_exact_rxnorm
17368,1716191,idarucizumab,IN,direct_anchor_exact_rxnorm
17376,51296,idebenone,IN,direct_anchor_exact_rxnorm
17377,1544460,idelalisib,IN,direct_anchor_exact_rxnorm
17408,5653,idoxuridine,IN,direct_anchor_exact_rxnorm
17417,19729,idrocilamide,IN,direct_anchor_exact_rxnorm
17423,644101,idursulfase,IN,direct_anchor_exact_rxnorm
17436,27403,ifenprodil,IN,direct_anchor_exact_rxnorm
17440,5657,ifosfamide,IN,direct_anchor_exact_rxnorm
17520,1305743,ilex paraguariensis leaf extract,IN,unique_convergent_term_evidence
17526,2604685,ilodecakin,IN,direct_anchor_exact_rxnorm
17527,1368877,ilomastat,IN,direct_anchor_exact_rxnorm
17529,73178,iloperidone,IN,direct_anchor_exact_rxnorm
17530,40138,iloprost,IN,direct_anchor_exact_rxnorm
17535,2693414,ilunocitinib,IN,direct_anchor_exact_rxnorm
17561,2682954,tarlatamab,IN,direct_anchor_exact_rxnorm
17562,2465249,imdevimab,IN,direct_anchor_exact_rxnorm
17567,2600779,imepitoin,IN,direct_anchor_exact_rxnorm
17568,2685236,imetelstat,IN,direct_anchor_exact_rxnorm
17569,2685236,imetelstat,IN,direct_anchor_exact_rxnorm
17573,2744296,pivekimab sunirine,IN,unique_convergent_term_evidence
17576,1251576,imidacloprid,IN,direct_anchor_exact_rxnorm
17578,60245,imidapril,IN,direct_anchor_exact_rxnorm
17579,60245,imidapril,IN,direct_anchor_exact_rxnorm
17582,2472898,imidazole,IN,direct_anchor_exact_rxnorm
17583,27438,imidazole-2-hydroxybenzoate,IN,unique_convergent_term_evidence
17588,1740237,imidocarb,IN,direct_anchor_exact_rxnorm
17589,1740237,imidocarb,IN,direct_anchor_exact_rxnorm
17593,1368885,imidurea,IN,direct_anchor_exact_rxnorm
17596,84959,imiglucerase,IN,direct_anchor_exact_rxnorm
17601,5690,imipenem,IN,direct_anchor_exact_rxnorm
17602,5691,imipramine,IN,direct_anchor_exact_rxnorm
17604,5691,imipramine,IN,direct_anchor_exact_rxnorm
17606,5691,imipramine,IN,direct_anchor_exact_rxnorm
17607,59943,imiquimod,IN,direct_anchor_exact_rxnorm
17610,2619313,tremelimumab,IN,direct_anchor_exact_rxnorm
17613,2725912,imlunestrant,IN,direct_anchor_exact_rxnorm
17614,2725912,imlunestrant,IN,direct_anchor_exact_rxnorm
17615,1316105,"herpesvirus 1, human",IN,direct_anchor_exact_rxnorm
17650,6468,loperamide,IN,direct_anchor_exact_rxnorm
17653,2367441,impacarzine,IN,direct_anchor_exact_rxnorm
17677,738,inamrinone,IN,direct_anchor_exact_rxnorm
17684,2695422,inavolisib,IN,direct_anchor_exact_rxnorm
17699,2588243,inclisiran,IN,direct_anchor_exact_rxnorm
17701,1487514,umeclidinium,IN,direct_anchor_exact_rxnorm
17703,1114326,indacaterol,IN,direct_anchor_exact_rxnorm
17704,1114326,indacaterol,IN,direct_anchor_exact_rxnorm
17707,27492,indanazoline,IN,direct_anchor_exact_rxnorm
17708,27492,indanazoline,IN,direct_anchor_exact_rxnorm
17713,5764,indapamide,IN,direct_anchor_exact_rxnorm
17719,1311673,indeloxazine,IN,direct_anchor_exact_rxnorm
17720,1311673,indeloxazine,IN,direct_anchor_exact_rxnorm
17728,1426889,indigo,IN,direct_anchor_exact_rxnorm
17729,1607314,indigofera tinctoria leaf extract,IN,unique_convergent_term_evidence
17730,325514,indigotindisulfonate,IN,direct_anchor_exact_rxnorm
17734,114289,indinavir,IN,direct_anchor_exact_rxnorm
17742,1362699,indium,IN,direct_anchor_exact_rxnorm
17743,1362699,indium,IN,direct_anchor_exact_rxnorm
17753,1362699,indium,IN,direct_anchor_exact_rxnorm
17755,1362699,indium,IN,direct_anchor_exact_rxnorm
17757,618371,pentetate,IN,direct_anchor_exact_rxnorm
17758,1362699,indium,IN,direct_anchor_exact_rxnorm
17762,27518,indobufen,IN,direct_anchor_exact_rxnorm
17764,5781,indomethacin,IN,unique_convergent_term_evidence
17766,5775,indocyanine green,IN,direct_anchor_exact_rxnorm
17767,5775,indocyanine green,IN,direct_anchor_exact_rxnorm
17771,1311224,indole,IN,direct_anchor_exact_rxnorm
17773,2598119,indole-3-carbinol,IN,direct_anchor_exact_rxnorm
17781,5781,indomethacin,IN,direct_anchor_exact_rxnorm
17787,5784,indoramin,IN,direct_anchor_exact_rxnorm
17788,5784,indoramin,IN,direct_anchor_exact_rxnorm
17796,2463933,indican,IN,unique_convergent_term_evidence
17804,2373951,inebilizumab,IN,direct_anchor_exact_rxnorm
17814,59744,interferon alfacon-1,IN,unique_convergent_term_evidence
17816,2550729,infigratinib,IN,direct_anchor_exact_rxnorm
17819,191831,infliximab,IN,direct_anchor_exact_rxnorm
17820,1657128,influenza a virus (h1n1) antigen,IN,unique_convergent_term_evidence
17825,1657128,influenza a virus (h1n1) antigen,IN,unique_convergent_term_evidence
17838,1657128,influenza a virus (h1n1) antigen,IN,unique_convergent_term_evidence
17852,1657128,influenza a virus (h1n1) antigen,IN,unique_convergent_term_evidence
17920,1657131,influenza a virus (h3n2) antigen,IN,unique_convergent_term_evidence
17928,1657131,influenza a virus (h3n2) antigen,IN,unique_convergent_term_evidence
17967,1657131,influenza a virus (h3n2) antigen,IN,unique_convergent_term_evidence
18030,1657134,influenza b virus antigen,IN,direct_anchor_exact_rxnorm
18055,1657134,influenza b virus antigen,IN,unique_convergent_term_evidence
18064,1657134,influenza b virus antigen,IN,unique_convergent_term_evidence
18096,1657138,influenza a virus (h1n1) antigen / influenza a virus (h3n2) antigen / influenza b virus antigen,MIN,unique_convergent_term_evidence
18103,1657134,influenza b virus antigen,IN,unique_convergent_term_evidence
18137,1242806,ingenol mebutate,IN,direct_anchor_exact_rxnorm
18177,1311610,inonotus obliquus fruiting body extract,IN,unique_convergent_term_evidence
18179,1483575,inosine,IN,direct_anchor_exact_rxnorm
18182,6048,inosine pranobex,IN,direct_anchor_exact_rxnorm
18183,5832,inosinic acid,IN,direct_anchor_exact_rxnorm
18184,5833,inositol,IN,direct_anchor_exact_rxnorm
18188,1007270,inositol / niacin,MIN,unique_convergent_term_evidence
18190,2099289,inotersen,IN,direct_anchor_exact_rxnorm
18191,2099289,inotersen,IN,direct_anchor_exact_rxnorm
18200,1740938,insulin argine,IN,direct_anchor_exact_rxnorm
18201,51428,"insulin aspart, human",IN,unique_convergent_term_evidence
18206,1670007,insulin degludec,IN,direct_anchor_exact_rxnorm
18207,139825,insulin detemir,IN,direct_anchor_exact_rxnorm
18209,274783,insulin glargine,IN,direct_anchor_exact_rxnorm
18210,400008,"insulin glulisine, human",IN,unique_convergent_term_evidence
18211,631657,"insulin human, rdna origin",IN,unique_convergent_term_evidence
18212,2740394,insulin icodec,IN,direct_anchor_exact_rxnorm
18213,86009,insulin lispro,IN,direct_anchor_exact_rxnorm
18215,221109,"insulin, regular, pork",IN,unique_convergent_term_evidence
18218,1728770,insulin-like growth factor 2,IN,unique_convergent_term_evidence
18228,5879,interferon alfa-2a,IN,direct_anchor_exact_rxnorm
18230,202912,interferon alfa-n1,IN,direct_anchor_exact_rxnorm
18231,612937,interferon alfa-n3,IN,direct_anchor_exact_rxnorm
18236,1314240,interferon gamma-1a,IN,direct_anchor_exact_rxnorm
18251,1311299,interleukin-10,IN,direct_anchor_exact_rxnorm
18252,1309680,interleukin-12,IN,direct_anchor_exact_rxnorm
18261,1367185,interleukin-6,IN,direct_anchor_exact_rxnorm
18262,1367202,interleukin-7,IN,direct_anchor_exact_rxnorm
18284,,,,ambiguous_legacy_anchor_evidence
18285,5924,inulin,IN,direct_anchor_exact_rxnorm
18289,27712,invert sugar,IN,direct_anchor_exact_rxnorm
18297,14448,3-iodobenzylguanidine,IN,unique_convergent_term_evidence
18299,14448,3-iodobenzylguanidine,IN,direct_anchor_exact_rxnorm
18301,14448,3-iodobenzylguanidine,IN,direct_anchor_exact_rxnorm
18304,87639,iobitridol,IN,direct_anchor_exact_rxnorm
18306,183830,iocetamic acid,IN,direct_anchor_exact_rxnorm
18307,5928,iodamide,IN,direct_anchor_exact_rxnorm
18308,1546275,iodide ion,IN,unique_convergent_term_evidence
18309,1546275,iodide ion,IN,unique_convergent_term_evidence
18310,1546275,iodide ion,IN,direct_anchor_exact_rxnorm
18311,,,,ambiguous_legacy_anchor_evidence
18312,5933,iodine,IN,direct_anchor_exact_rxnorm
18335,692863,iodine povacrylex,IN,direct_anchor_exact_rxnorm
18338,5936,iodipamide,IN,direct_anchor_exact_rxnorm
18340,27729,iodixanol,IN,direct_anchor_exact_rxnorm
18347,27748,iodoform,IN,direct_anchor_exact_rxnorm
18351,314691,iodohippurate,IN,unique_convergent_term_evidence
18358,2571854,ioflupane,IN,direct_anchor_exact_rxnorm
18363,5956,iohexol,IN,direct_anchor_exact_rxnorm
18365,2606484,iomeprol,IN,direct_anchor_exact_rxnorm
18371,5966,iopamidol,IN,direct_anchor_exact_rxnorm
18372,5967,iopanoic acid,IN,direct_anchor_exact_rxnorm
18373,27779,iopentol,IN,direct_anchor_exact_rxnorm
18374,5968,iophendylate,IN,direct_anchor_exact_rxnorm
18375,5976,ipodate,IN,unique_convergent_term_evidence
18378,27781,iopromide,IN,direct_anchor_exact_rxnorm
18380,2565488,iota-carrageenan,IN,direct_anchor_exact_rxnorm
18382,1546451,iothalamic acid,IN,direct_anchor_exact_rxnorm
18383,1546451,iothalamic acid,IN,direct_anchor_exact_rxnorm
18386,51474,iotrolan,IN,direct_anchor_exact_rxnorm
18389,27792,ioversol,IN,direct_anchor_exact_rxnorm
18391,5973,ioxaglate,IN,direct_anchor_exact_rxnorm
18392,27793,ioxilan,IN,direct_anchor_exact_rxnorm
18401,5975,ipecac,IN,direct_anchor_exact_rxnorm
18410,1094833,ipilimumab,IN,direct_anchor_exact_rxnorm
18417,7213,ipratropium,IN,direct_anchor_exact_rxnorm
18418,7213,ipratropium,IN,direct_anchor_exact_rxnorm
18420,51486,iprazochrome,IN,direct_anchor_exact_rxnorm
18421,51487,ipriflavone,IN,direct_anchor_exact_rxnorm
18422,5979,iprindole,IN,direct_anchor_exact_rxnorm
18428,5981,iproniazid,IN,direct_anchor_exact_rxnorm
18442,2671061,iptacopan,IN,direct_anchor_exact_rxnorm
18443,2671061,iptacopan,IN,direct_anchor_exact_rxnorm
18454,83818,irbesartan,IN,direct_anchor_exact_rxnorm
18480,17050,adipic acid,IN,unique_convergent_term_evidence
18484,219315,iron polysaccharide,IN,direct_anchor_exact_rxnorm
18485,27823,iron protein succinylate,IN,direct_anchor_exact_rxnorm
18486,90176,iron,IN,unique_convergent_term_evidence
18487,24909,iron sucrose,IN,direct_anchor_exact_rxnorm
18517,2282018,isatuximab,IN,direct_anchor_exact_rxnorm
18518,1720882,isavuconazole,IN,direct_anchor_exact_rxnorm
18519,1608322,isavuconazonium,IN,direct_anchor_exact_rxnorm
18529,2602134,iscotrizinol,IN,direct_anchor_exact_rxnorm
18532,719872,raltegravir,IN,direct_anchor_exact_rxnorm
18540,2741688,islatravir,IN,direct_anchor_exact_rxnorm
18547,27866,isoaminile,IN,direct_anchor_exact_rxnorm
18549,1356146,erythorbate,IN,direct_anchor_exact_rxnorm
18554,1363040,isobutane,IN,direct_anchor_exact_rxnorm
18555,1653517,isobutyramide,IN,direct_anchor_exact_rxnorm
18558,6011,isocarboxazid,IN,direct_anchor_exact_rxnorm
18561,27901,isoconazole,IN,direct_anchor_exact_rxnorm
18562,27901,isoconazole,IN,direct_anchor_exact_rxnorm
18566,6023,isoetharine,IN,direct_anchor_exact_rxnorm
18567,6023,isoetharine,IN,direct_anchor_exact_rxnorm
18568,6023,isoetharine,IN,direct_anchor_exact_rxnorm
18569,1363706,isoeugenol,IN,direct_anchor_exact_rxnorm
18573,1546449,isoflupredone,IN,direct_anchor_exact_rxnorm
18574,1551411,isoflupredone / neomycin / tetracaine,MIN,direct_anchor_exact_rxnorm
18575,6026,isoflurane,IN,direct_anchor_exact_rxnorm
18576,6027,isoflurophate,IN,direct_anchor_exact_rxnorm
18581,6033,isoleucine,IN,direct_anchor_exact_rxnorm
18591,27946,isometheptene,IN,direct_anchor_exact_rxnorm
18594,27946,isometheptene,IN,direct_anchor_exact_rxnorm
18600,6038,isoniazid,IN,direct_anchor_exact_rxnorm
18604,1368703,isopentane,IN,direct_anchor_exact_rxnorm
18612,6054,isoproterenol,IN,unique_convergent_term_evidence
18613,1364275,isoprene,IN,direct_anchor_exact_rxnorm
18617,89784,isopropamide,IN,direct_anchor_exact_rxnorm
18618,89784,isopropamide,IN,direct_anchor_exact_rxnorm
18620,797541,isopropyl alcohol,IN,direct_anchor_exact_rxnorm
18622,27985,isopropyl myristate,IN,direct_anchor_exact_rxnorm
18623,1311179,isopropyl palmitate,IN,direct_anchor_exact_rxnorm
18625,6054,isoproterenol,IN,direct_anchor_exact_rxnorm
18633,6057,isosorbide,IN,direct_anchor_exact_rxnorm
18634,6058,isosorbide dinitrate,IN,direct_anchor_exact_rxnorm
18635,6057,isosorbide,IN,direct_anchor_exact_rxnorm
18636,236303,isospaglumic acid,IN,direct_anchor_exact_rxnorm
18637,1362928,isostearyl alcohol,IN,direct_anchor_exact_rxnorm
18639,1546453,isosulfan blue inner salt,IN,unique_convergent_term_evidence
18643,28012,isothipendyl,IN,direct_anchor_exact_rxnorm
18644,28012,isothipendyl,IN,direct_anchor_exact_rxnorm
18652,1371313,isoxaflutole,IN,direct_anchor_exact_rxnorm
18657,6066,isoxsuprine,IN,direct_anchor_exact_rxnorm
18658,6066,isoxsuprine,IN,direct_anchor_exact_rxnorm
18665,33910,isradipine,IN,direct_anchor_exact_rxnorm
18671,877510,romidepsin,IN,direct_anchor_exact_rxnorm
18672,2199015,istradefylline,IN,direct_anchor_exact_rxnorm
18692,28031,itraconazole,IN,direct_anchor_exact_rxnorm
18702,1098130,narrowleaf marshelder pollen extract,IN,unique_convergent_term_evidence
18703,852532,rough marshelder pollen extract,IN,unique_convergent_term_evidence
18704,852539,poverty weed pollen extract,IN,unique_convergent_term_evidence
18705,1649480,ivabradine,IN,direct_anchor_exact_rxnorm
18706,1243041,ivacaftor,IN,direct_anchor_exact_rxnorm
18713,6069,ivermectin,IN,direct_anchor_exact_rxnorm
18715,2049873,ivosidenib,IN,direct_anchor_exact_rxnorm
18721,1723735,ixazomib,IN,direct_anchor_exact_rxnorm
18722,1745099,ixekizumab,IN,direct_anchor_exact_rxnorm
18752,1193326,ruxolitinib,IN,direct_anchor_exact_rxnorm
18757,11289,warfarin,IN,direct_anchor_exact_rxnorm
18758,593411,sitagliptin,IN,direct_anchor_exact_rxnorm
18760,845525,"japanese encephalitis virus vaccine, inactivated",IN,unique_convergent_term_evidence
18767,2629338,pirtobrutinib,IN,direct_anchor_exact_rxnorm
18775,632,mitomycin,IN,direct_anchor_exact_rxnorm
18806,6084,josamycin,IN,direct_anchor_exact_rxnorm
18807,6084,josamycin,IN,direct_anchor_exact_rxnorm
18814,852561,california black walnut pollen extract,IN,unique_convergent_term_evidence
18815,852569,black walnut pollen extract,IN,unique_convergent_term_evidence
18816,852577,english walnut pollen extract,IN,unique_convergent_term_evidence
18817,1424881,juglans regia shell extract,IN,unique_convergent_term_evidence
18818,1989499,dolutegravir / rilpivirine,MIN,direct_anchor_exact_rxnorm
18820,6086,juniper tar,IN,direct_anchor_exact_rxnorm
18822,852585,california juniper pollen extract,IN,unique_convergent_term_evidence
18824,852589,western juniper pollen extract,IN,unique_convergent_term_evidence
18825,852597,utah juniper pollen extract,IN,unique_convergent_term_evidence
18826,900113,redberry juniper pollen extract,IN,unique_convergent_term_evidence
18827,1310161,juniperus sabina leaf,IN,direct_anchor_exact_rxnorm
18828,852601,rocky mountain juniper pollen extract,IN,unique_convergent_term_evidence
18829,852609,red cedar pollen extract,IN,unique_convergent_term_evidence
18834,1668221,vaccinia virus,IN,direct_anchor_exact_rxnorm
18851,224905,trastuzumab,IN,direct_anchor_exact_rxnorm
18852,1310098,kaempferia galanga root extract,IN,unique_convergent_term_evidence
18853,2743006,kaempferol,IN,direct_anchor_exact_rxnorm
18864,284640,lopinavir / ritonavir,MIN,direct_anchor_exact_rxnorm
18871,6099,kanamycin,IN,direct_anchor_exact_rxnorm
18872,6099,kanamycin,IN,direct_anchor_exact_rxnorm
18874,6099,kanamycin,IN,direct_anchor_exact_rxnorm
18877,6102,kaolin,IN,direct_anchor_exact_rxnorm
18879,6111,karaya gum,IN,direct_anchor_exact_rxnorm
18898,1484957,factor ix / factor vii / factor x / protein c / protein s / prothrombin,MIN,direct_anchor_exact_rxnorm
18906,28198,kebuzone,IN,direct_anchor_exact_rxnorm
18914,1656052,cangrelor,IN,direct_anchor_exact_rxnorm
18917,196319,palifermin,IN,direct_anchor_exact_rxnorm
18918,28165,keracyanin,IN,direct_anchor_exact_rxnorm
18920,712566,ofatumumab,IN,direct_anchor_exact_rxnorm
18921,6130,ketamine,IN,direct_anchor_exact_rxnorm
18923,6131,ketanserin,IN,direct_anchor_exact_rxnorm
18925,28181,ketazolam,IN,direct_anchor_exact_rxnorm
18933,6135,ketoconazole,IN,direct_anchor_exact_rxnorm
18935,6142,ketoprofen,IN,direct_anchor_exact_rxnorm
18937,35827,ketorolac,IN,direct_anchor_exact_rxnorm
18938,6146,ketotifen,IN,direct_anchor_exact_rxnorm
18939,6146,ketotifen,IN,direct_anchor_exact_rxnorm
18941,10432,thalidomide,IN,unique_convergent_term_evidence
18944,1547545,pembrolizumab,IN,direct_anchor_exact_rxnorm
18950,6147,khellin,IN,direct_anchor_exact_rxnorm
18960,2590743,tebentafusp,IN,direct_anchor_exact_rxnorm
18965,16054,kinetin,IN,direct_anchor_exact_rxnorm
18968,1873916,ribociclib,IN,direct_anchor_exact_rxnorm
18972,9991,spiramycin,IN,unique_convergent_term_evidence
18979,2598,clonazepam,IN,direct_anchor_exact_rxnorm
18984,852605,koelers grass pollen extract,IN,unique_convergent_term_evidence
18985,4257,factor viii,IN,direct_anchor_exact_rxnorm
18987,1426451,kojic acid,IN,direct_anchor_exact_rxnorm
18990,11454,glucomannan,IN,unique_convergent_term_evidence
18993,2289380,selumetinib,IN,direct_anchor_exact_rxnorm
19026,852613,winterfat pollen extract,IN,unique_convergent_term_evidence
19028,880350,krill oil,IN,direct_anchor_exact_rxnorm
19047,753340,sapropterin,IN,direct_anchor_exact_rxnorm
19052,1986438,tisagenlecleucel,IN,direct_anchor_exact_rxnorm
19092,2119816,"1,2-dilinoleoyl-sn-glycero-3-phosphocholine",IN,unique_convergent_term_evidence
19098,4885,glutamine,IN,unique_convergent_term_evidence
19126,,,,ambiguous_legacy_anchor_evidence
19128,1547558,threonate,IN,unique_convergent_term_evidence
19139,6185,labetalol,IN,direct_anchor_exact_rxnorm
19146,28381,lachesine,IN,direct_anchor_exact_rxnorm
19147,28382,lacidipine,IN,direct_anchor_exact_rxnorm
19149,623400,lacosamide,IN,direct_anchor_exact_rxnorm
19154,,,,ambiguous_legacy_anchor_evidence
19155,28395,lactitol,IN,direct_anchor_exact_rxnorm
19156,28395,lactitol,IN,direct_anchor_exact_rxnorm
19157,6205,lactobacillus acidophilus,IN,direct_anchor_exact_rxnorm
19165,100272,lactobacillus delbrueckii subsp. bulgaricus,IN,unique_convergent_term_evidence
19169,2462497,lactobacillus gasseri,IN,direct_anchor_exact_rxnorm
19170,1310845,lactobacillus helveticus,IN,direct_anchor_exact_rxnorm
19182,1426414,lactobionate,IN,direct_anchor_exact_rxnorm
19184,1425933,lactoferrin,IN,direct_anchor_exact_rxnorm
19186,6211,lactose,IN,direct_anchor_exact_rxnorm
19187,6211,lactose,IN,direct_anchor_exact_rxnorm
19189,6218,lactulose,IN,direct_anchor_exact_rxnorm
19213,1546426,laidlomycin,IN,direct_anchor_exact_rxnorm
19214,1370570,laidlomycin propionate,IN,direct_anchor_exact_rxnorm
19219,1315120,lamb preparation,IN,unique_convergent_term_evidence
19227,68244,lamivudine,IN,direct_anchor_exact_rxnorm
19228,28439,lamotrigine,IN,direct_anchor_exact_rxnorm
19234,2055641,lanadelumab,IN,direct_anchor_exact_rxnorm
19236,27929,lanatoside c,IN,direct_anchor_exact_rxnorm
19239,2712070,landiolol,IN,direct_anchor_exact_rxnorm
19240,2712070,landiolol,IN,direct_anchor_exact_rxnorm
19252,6227,lanolin,IN,direct_anchor_exact_rxnorm
19253,1426478,lanolin alcohols,IN,direct_anchor_exact_rxnorm
19256,1442199,lanosterol,IN,direct_anchor_exact_rxnorm
19262,68092,lanreotide,IN,direct_anchor_exact_rxnorm
19265,17128,lansoprazole,IN,direct_anchor_exact_rxnorm
19267,234416,lanthanum carbonate,IN,direct_anchor_exact_rxnorm
19268,1546443,lanthanum cation (3+),IN,unique_convergent_term_evidence
19269,10485,thioguanine,IN,unique_convergent_term_evidence
19274,480167,lapatinib,IN,direct_anchor_exact_rxnorm
19281,28456,lapyrium,IN,direct_anchor_exact_rxnorm
19292,900131,tamarack pollen extract,IN,unique_convergent_term_evidence
19293,1314302,larix sibirica wood extract,IN,unique_convergent_term_evidence
19296,392509,laronidase,IN,direct_anchor_exact_rxnorm
19300,2105628,larotrectinib,IN,direct_anchor_exact_rxnorm
19305,1855735,olaratumab,IN,unique_convergent_term_evidence
19308,1364397,lasalocid,IN,direct_anchor_exact_rxnorm
19309,1364397,lasalocid,IN,direct_anchor_exact_rxnorm
19314,2256930,lasmiditan,IN,direct_anchor_exact_rxnorm
19322,7069,moxalactam,IN,unique_convergent_term_evidence
19323,43611,latanoprost,IN,direct_anchor_exact_rxnorm
19324,1988390,latanoprostene bunod,IN,direct_anchor_exact_rxnorm
19337,2533923,lauralkonium,IN,direct_anchor_exact_rxnorm
19341,1367165,laureth-23,IN,direct_anchor_exact_rxnorm
19342,1370594,laurate,IN,direct_anchor_exact_rxnorm
19343,1362932,lauric acid methyl ester,IN,direct_anchor_exact_rxnorm
19346,1603852,laurocapram,IN,direct_anchor_exact_rxnorm
19352,1010879,bay leaf allergenic extract,IN,unique_convergent_term_evidence
19354,1364382,lauryl glucoside,IN,direct_anchor_exact_rxnorm
19359,1307767,lavender extract,IN,direct_anchor_exact_rxnorm
19360,28486,lavender oil,IN,direct_anchor_exact_rxnorm
19373,2691150,lazertinib,IN,direct_anchor_exact_rxnorm
19384,6260,lead,IN,direct_anchor_exact_rxnorm
19391,2693758,lebrikizumab,IN,direct_anchor_exact_rxnorm
19392,2626143,lecanemab,IN,direct_anchor_exact_rxnorm
19394,8214,lecithin,IN,direct_anchor_exact_rxnorm
19410,1591922,ledipasvir,IN,direct_anchor_exact_rxnorm
19416,2198944,lefamulin,IN,direct_anchor_exact_rxnorm
19417,2198944,lefamulin,IN,direct_anchor_exact_rxnorm
19423,27169,leflunomide,IN,direct_anchor_exact_rxnorm
19430,2272403,lemborexant,IN,direct_anchor_exact_rxnorm
19436,117055,alemtuzumab,IN,direct_anchor_exact_rxnorm
19440,2625651,lenacapavir,IN,direct_anchor_exact_rxnorm
19441,2625651,lenacapavir,IN,direct_anchor_exact_rxnorm
19446,342369,lenalidomide,IN,direct_anchor_exact_rxnorm
19453,2633005,leniolisib,IN,direct_anchor_exact_rxnorm
19454,2633005,leniolisib,IN,direct_anchor_exact_rxnorm
19458,70167,lenograstim,IN,direct_anchor_exact_rxnorm
19469,1426921,lentil seed extract,IN,unique_convergent_term_evidence
19471,1603296,lenvatinib,IN,direct_anchor_exact_rxnorm
19479,237057,lepirudin,IN,direct_anchor_exact_rxnorm
19489,1441651,leptin,IN,direct_anchor_exact_rxnorm
19495,135056,lercanidipine,IN,direct_anchor_exact_rxnorm
19496,135056,lercanidipine,IN,direct_anchor_exact_rxnorm
19506,2729426,lerodalcibep,IN,direct_anchor_exact_rxnorm
19514,1731031,lesinurad,IN,direct_anchor_exact_rxnorm
19524,1988648,letermovir,IN,direct_anchor_exact_rxnorm
19526,1712,botulinum toxin type a,IN,direct_anchor_exact_rxnorm
19531,28554,letosteine,IN,direct_anchor_exact_rxnorm
19543,2102006,leucanthemum vulgare pollen,IN,direct_anchor_exact_rxnorm
19546,6308,leucine,IN,direct_anchor_exact_rxnorm
19579,237005,levomethadyl,IN,unique_convergent_term_evidence
19581,237159,levalbuterol,IN,direct_anchor_exact_rxnorm
19583,237159,levalbuterol,IN,direct_anchor_exact_rxnorm
19584,6370,levallorphan,IN,direct_anchor_exact_rxnorm
19585,6370,levallorphan,IN,direct_anchor_exact_rxnorm
19589,6371,levamisole,IN,direct_anchor_exact_rxnorm
19590,2376944,levamlodipine,IN,direct_anchor_exact_rxnorm
19592,2376944,levamlodipine,IN,direct_anchor_exact_rxnorm
19593,82122,levofloxacin,IN,direct_anchor_exact_rxnorm
19597,114477,levetiracetam,IN,direct_anchor_exact_rxnorm
19600,306674,vardenafil,IN,direct_anchor_exact_rxnorm
19604,353497,levobetaxolol,IN,direct_anchor_exact_rxnorm
19605,353497,levobetaxolol,IN,direct_anchor_exact_rxnorm
19606,1813,levobunolol,IN,direct_anchor_exact_rxnorm
19607,259453,levobupivacaine,IN,direct_anchor_exact_rxnorm
19608,259453,levobupivacaine,IN,direct_anchor_exact_rxnorm
19609,28627,levocabastine,IN,direct_anchor_exact_rxnorm
19610,28627,levocabastine,IN,direct_anchor_exact_rxnorm
19611,42955,levocarnitine,IN,direct_anchor_exact_rxnorm
19614,42955,levocarnitine,IN,direct_anchor_exact_rxnorm
19615,356887,levocetirizine,IN,direct_anchor_exact_rxnorm
19616,356887,levocetirizine,IN,direct_anchor_exact_rxnorm
19617,6375,levodopa,IN,direct_anchor_exact_rxnorm
19621,82122,levofloxacin,IN,direct_anchor_exact_rxnorm
19624,1788981,levoglucose,IN,direct_anchor_exact_rxnorm
19625,6135,ketoconazole,IN,direct_anchor_exact_rxnorm
19628,1592257,levomefolate,IN,direct_anchor_exact_rxnorm
19629,19461,bisabolol,IN,unique_convergent_term_evidence
19630,236388,levomenthol,IN,direct_anchor_exact_rxnorm
19632,236913,levomethadone,IN,direct_anchor_exact_rxnorm
19633,237005,levomethadyl,IN,direct_anchor_exact_rxnorm
19636,1433212,levomilnacipran,IN,direct_anchor_exact_rxnorm
19637,1433212,levomilnacipran,IN,direct_anchor_exact_rxnorm
19642,132889,levonordefrin,IN,direct_anchor_exact_rxnorm
19644,6373,levonorgestrel,IN,direct_anchor_exact_rxnorm
19646,7512,norepinephrine,IN,direct_anchor_exact_rxnorm
19649,6377,levopropoxyphene,IN,direct_anchor_exact_rxnorm
19654,6378,levorphanol,IN,direct_anchor_exact_rxnorm
19655,6378,levorphanol,IN,direct_anchor_exact_rxnorm
19656,237159,levalbuterol,IN,unique_convergent_term_evidence
19658,73107,levosimendan,IN,direct_anchor_exact_rxnorm
19660,10582,levothyroxine,IN,direct_anchor_exact_rxnorm
19661,10582,levothyroxine,IN,direct_anchor_exact_rxnorm
19667,155002,aminolevulinate,IN,direct_anchor_exact_rxnorm
19680,900148,giant wild rye pollen extract,IN,unique_convergent_term_evidence
19702,611854,chlordiazepoxide / clidinium,MIN,direct_anchor_exact_rxnorm
19714,28701,lidamidine,IN,direct_anchor_exact_rxnorm
19719,6387,lidocaine,IN,direct_anchor_exact_rxnorm
19724,6390,lidoflazine,IN,direct_anchor_exact_rxnorm
19736,1801820,lifitegrast,IN,direct_anchor_exact_rxnorm
19741,1305579,light green sf yellowish,IN,direct_anchor_exact_rxnorm
19742,577312,"mineral oil, light",IN,unique_convergent_term_evidence
19749,852622,privet pollen extract,IN,unique_convergent_term_evidence
19755,1011060,lime allergenic extract,IN,unique_convergent_term_evidence
19758,1307404,linaclotide,IN,direct_anchor_exact_rxnorm
19760,1100699,linagliptin,IN,direct_anchor_exact_rxnorm
19767,6398,lincomycin,IN,direct_anchor_exact_rxnorm
19768,6398,lincomycin,IN,direct_anchor_exact_rxnorm
19770,1388,lindane,IN,direct_anchor_exact_rxnorm
19773,2665338,linerixibat,IN,direct_anchor_exact_rxnorm
19775,190376,linezolid,IN,direct_anchor_exact_rxnorm
19784,1311070,lanthanum,IN,unique_convergent_term_evidence
19791,6404,linseed oil,IN,direct_anchor_exact_rxnorm
19799,2719416,linvoseltamab,IN,direct_anchor_exact_rxnorm
19800,2621019,linzagolix,IN,direct_anchor_exact_rxnorm
19801,2621019,linzagolix,IN,direct_anchor_exact_rxnorm
19804,10814,liothyronine,IN,direct_anchor_exact_rxnorm
19808,1440046,lipegfilgrastim,IN,direct_anchor_exact_rxnorm
19820,618060,thioctate,IN,unique_convergent_term_evidence
19842,1999473,liprotamase protease,IN,direct_anchor_exact_rxnorm
19846,852627,sweet gum pollen extract,IN,unique_convergent_term_evidence
19847,1313242,liquidambar styraciflua resin,IN,direct_anchor_exact_rxnorm
19850,475968,liraglutide,IN,direct_anchor_exact_rxnorm
19865,700810,lisdexamfetamine,IN,direct_anchor_exact_rxnorm
19866,700810,lisdexamfetamine,IN,direct_anchor_exact_rxnorm
19867,29046,lisinopril,IN,direct_anchor_exact_rxnorm
19870,1491871,listeria monocytogenes,IN,direct_anchor_exact_rxnorm
19873,6446,lisuride,IN,direct_anchor_exact_rxnorm
19876,70589,benzoate,IN,direct_anchor_exact_rxnorm
19877,42351,lithium carbonate,IN,direct_anchor_exact_rxnorm
19878,1546265,lithium cation,IN,direct_anchor_exact_rxnorm
19879,1311533,lithium chloride,IN,direct_anchor_exact_rxnorm
19880,1546376,lithium hydroxide,IN,direct_anchor_exact_rxnorm
19882,28817,lithium succinate,IN,direct_anchor_exact_rxnorm
19900,1440051,lixisenatide,IN,direct_anchor_exact_rxnorm
19927,6464,lobeline,IN,direct_anchor_exact_rxnorm
19931,892561,lobster allergenic extract,IN,unique_convergent_term_evidence
19946,52151,lodoxamide,IN,direct_anchor_exact_rxnorm
19954,6465,lofepramine,IN,direct_anchor_exact_rxnorm
19955,6465,lofepramine,IN,direct_anchor_exact_rxnorm
19956,28863,lofexidine,IN,direct_anchor_exact_rxnorm
19957,28863,lofexidine,IN,direct_anchor_exact_rxnorm
19961,,,,ambiguous_legacy_anchor_evidence
19962,1014340,italian rye grass pollen extract,IN,unique_convergent_term_evidence
19966,28872,lomefloxacin,IN,direct_anchor_exact_rxnorm
19967,28872,lomefloxacin,IN,direct_anchor_exact_rxnorm
19977,7994,pentamidine,IN,unique_convergent_term_evidence
19978,164423,lomifylline,IN,direct_anchor_exact_rxnorm
19979,1364479,lomitapide,IN,direct_anchor_exact_rxnorm
19981,594040,atropine / diphenoxylate,MIN,direct_anchor_exact_rxnorm
19985,2467553,lonafarnib,IN,direct_anchor_exact_rxnorm
19987,2569562,lonapegsomatropin,IN,direct_anchor_exact_rxnorm
19990,28876,lonazolac,IN,direct_anchor_exact_rxnorm
19992,2540964,loncastuximab tesirine,IN,direct_anchor_exact_rxnorm
20011,4257,factor viii,IN,direct_anchor_exact_rxnorm
20014,1670310,tipiracil / trifluridine,MIN,direct_anchor_exact_rxnorm
20017,6468,loperamide,IN,direct_anchor_exact_rxnorm
20020,195088,lopinavir,IN,direct_anchor_exact_rxnorm
20023,38555,triazulenone,IN,unique_convergent_term_evidence
20025,2669406,toripalimab,IN,direct_anchor_exact_rxnorm
20026,28981,loracarbef,IN,direct_anchor_exact_rxnorm
20030,28889,loratadine,IN,direct_anchor_exact_rxnorm
20033,2103164,lorlatinib,IN,direct_anchor_exact_rxnorm
20036,1300701,lorcaserin,IN,direct_anchor_exact_rxnorm
20037,1300701,lorcaserin,IN,direct_anchor_exact_rxnorm
20046,28894,lormetazepam,IN,direct_anchor_exact_rxnorm
20048,20890,lornoxicam,IN,direct_anchor_exact_rxnorm
20059,52175,losartan,IN,direct_anchor_exact_rxnorm
20068,214287,benazepril / hydrochlorothiazide,MIN,direct_anchor_exact_rxnorm
20069,237027,loteprednol,IN,direct_anchor_exact_rxnorm
20070,52177,loteprednol etabonate,IN,direct_anchor_exact_rxnorm
20074,1998841,lotilaner,IN,direct_anchor_exact_rxnorm
20078,214223,amlodipine / benazepril,MIN,direct_anchor_exact_rxnorm
20081,6472,lovastatin,IN,direct_anchor_exact_rxnorm
20082,67108,enoxaparin,IN,direct_anchor_exact_rxnorm
20087,2671958,lovotibeglogene autotemcel,IN,direct_anchor_exact_rxnorm
20095,6475,loxapine,IN,direct_anchor_exact_rxnorm
20096,6475,loxapine,IN,direct_anchor_exact_rxnorm
20097,6475,loxapine,IN,direct_anchor_exact_rxnorm
20100,28908,loxoprofen,IN,direct_anchor_exact_rxnorm
20120,2360331,lubabegron,IN,direct_anchor_exact_rxnorm
20125,623033,lubiprostone,IN,direct_anchor_exact_rxnorm
20138,1293254,lucinactant,IN,direct_anchor_exact_rxnorm
20146,83586,lufenuron,IN,direct_anchor_exact_rxnorm
20149,1482680,luliconazole,IN,direct_anchor_exact_rxnorm
20152,1655922,lumacaftor,IN,direct_anchor_exact_rxnorm
20153,2550714,sotorasib,IN,direct_anchor_exact_rxnorm
20154,2467140,lumasiran,IN,direct_anchor_exact_rxnorm
20155,2275602,lumateperone,IN,direct_anchor_exact_rxnorm
20156,2275602,lumateperone,IN,direct_anchor_exact_rxnorm
20157,847728,lumefantrine,IN,direct_anchor_exact_rxnorm
20168,2099295,moxetumomab pasudotox,IN,direct_anchor_exact_rxnorm
20179,2625122,mosunetuzumab,IN,direct_anchor_exact_rxnorm
20192,2583725,luprostiol,IN,direct_anchor_exact_rxnorm
20193,1040028,lurasidone,IN,direct_anchor_exact_rxnorm
20194,1040028,lurasidone,IN,direct_anchor_exact_rxnorm
20195,2374729,lurbinectedin,IN,direct_anchor_exact_rxnorm
20202,2262544,luspatercept,IN,direct_anchor_exact_rxnorm
20204,2054984,lusutrombopag,IN,direct_anchor_exact_rxnorm
20206,1797118,dotatate,IN,direct_anchor_exact_rxnorm
20207,11359,lutein,IN,direct_anchor_exact_rxnorm
20208,6383,luteinizing hormone,IN,direct_anchor_exact_rxnorm
20220,2597054,vipivotide tetraxetan,IN,direct_anchor_exact_rxnorm
20236,1426636,lutrelin,IN,direct_anchor_exact_rxnorm
20238,388084,lutropin alfa,IN,direct_anchor_exact_rxnorm
20293,29008,lycopene,IN,direct_anchor_exact_rxnorm
20297,6513,lymecycline,IN,direct_anchor_exact_rxnorm
20302,6529,lynestrenol,IN,direct_anchor_exact_rxnorm
20304,1597582,olaparib,IN,direct_anchor_exact_rxnorm
20314,6531,lypressin,IN,direct_anchor_exact_rxnorm
20316,6536,lysine,IN,direct_anchor_exact_rxnorm
20317,6536,lysine,IN,direct_anchor_exact_rxnorm
20321,7004,mitotane,IN,direct_anchor_exact_rxnorm
20326,1426865,lysozyme,IN,direct_anchor_exact_rxnorm
20343,1367170,metacresol,IN,unique_convergent_term_evidence
20365,121191,rituximab,IN,unique_convergent_term_evidence
20369,1307956,macadamia oil,IN,direct_anchor_exact_rxnorm
20370,1429937,macadamia seed oil glycereth-8 esters,IN,direct_anchor_exact_rxnorm
20372,1872381,macelignan,IN,direct_anchor_exact_rxnorm
20373,1999420,macimorelin,IN,direct_anchor_exact_rxnorm
20375,1098189,osage orange pollen extract,IN,unique_convergent_term_evidence
20385,1551573,madecassic acid,IN,direct_anchor_exact_rxnorm
20386,18405,asiaticoside,IN,direct_anchor_exact_rxnorm
20389,6572,mafenide,IN,direct_anchor_exact_rxnorm
20390,6572,mafenide,IN,direct_anchor_exact_rxnorm
20396,2461339,maftivimab,IN,direct_anchor_exact_rxnorm
20398,29151,magaldrate,IN,direct_anchor_exact_rxnorm
20399,29151,magaldrate,IN,direct_anchor_exact_rxnorm
20407,6574,magnesium,IN,direct_anchor_exact_rxnorm
20408,314718,magnesium acetate,IN,direct_anchor_exact_rxnorm
20409,314718,magnesium acetate,IN,direct_anchor_exact_rxnorm
20410,17614,aluminum magnesium silicate,IN,unique_convergent_term_evidence
20411,1311396,magnesium ascorbate,IN,direct_anchor_exact_rxnorm
20412,142131,magnesium aspartate,IN,direct_anchor_exact_rxnorm
20415,29155,magnesium carbonate,IN,direct_anchor_exact_rxnorm
20416,1426853,magnesium cation,IN,direct_anchor_exact_rxnorm
20417,6579,magnesium chloride,IN,direct_anchor_exact_rxnorm
20419,52356,magnesium citrate,IN,direct_anchor_exact_rxnorm
20422,52358,magnesium gluconate,IN,direct_anchor_exact_rxnorm
20423,476818,magnesium glycinate,IN,direct_anchor_exact_rxnorm
20424,6581,magnesium hydroxide,IN,direct_anchor_exact_rxnorm
20426,214688,magnesium lactate,IN,direct_anchor_exact_rxnorm
20428,283578,magnesium malate,IN,direct_anchor_exact_rxnorm
20430,139233,magnesium orotate,IN,direct_anchor_exact_rxnorm
20431,6582,magnesium oxide,IN,direct_anchor_exact_rxnorm
20432,1666106,magnesium peroxide,IN,direct_anchor_exact_rxnorm
20433,29164,magnesium phosphate,IN,direct_anchor_exact_rxnorm
20434,52364,magnesium salicylate,IN,direct_anchor_exact_rxnorm
20435,1310566,magnesium silicate,IN,direct_anchor_exact_rxnorm
20436,1368706,stearate,IN,direct_anchor_exact_rxnorm
20437,6585,magnesium sulfate,IN,direct_anchor_exact_rxnorm
20438,29170,magnesium trisilicate,IN,direct_anchor_exact_rxnorm
20439,40254,valproate,IN,direct_anchor_exact_rxnorm
20449,896038,malachite green,IN,direct_anchor_exact_rxnorm
20453,6606,malathion,IN,direct_anchor_exact_rxnorm
20454,1426331,maleate,IN,direct_anchor_exact_rxnorm
20457,29209,malic acid,IN,direct_anchor_exact_rxnorm
20458,29209,malic acid,IN,direct_anchor_exact_rxnorm
20460,1657018,malondialdehyde,IN,unique_convergent_term_evidence
20472,1363049,maltitol,IN,direct_anchor_exact_rxnorm
20473,1363050,maltodextrin,IN,direct_anchor_exact_rxnorm
20474,1362894,maltol,IN,direct_anchor_exact_rxnorm
20475,1311261,maltose,IN,direct_anchor_exact_rxnorm
20476,1311261,maltose,IN,direct_anchor_exact_rxnorm
20478,2641823,maltotetraose,IN,direct_anchor_exact_rxnorm
20485,29256,mandelic acid,IN,direct_anchor_exact_rxnorm
20488,236987,mangafodipir,IN,direct_anchor_exact_rxnorm
20489,6623,manganese,IN,direct_anchor_exact_rxnorm
20490,1370629,manganese acetate,IN,direct_anchor_exact_rxnorm
20491,29261,manganese chloride,IN,direct_anchor_exact_rxnorm
20493,283767,manganese citrate,IN,direct_anchor_exact_rxnorm
20494,52403,manganese gluconate,IN,direct_anchor_exact_rxnorm
20495,29268,manganese sulfate,IN,direct_anchor_exact_rxnorm
20496,29268,manganese sulfate,IN,direct_anchor_exact_rxnorm
20497,1006371,mango blossom pollen extract,IN,unique_convergent_term_evidence
20499,2619910,mangostin,IN,direct_anchor_exact_rxnorm
20500,29275,manidipine,IN,direct_anchor_exact_rxnorm
20503,6628,mannitol,IN,direct_anchor_exact_rxnorm
20506,6633,mannose,IN,direct_anchor_exact_rxnorm
20522,6646,maprotiline,IN,direct_anchor_exact_rxnorm
20523,6646,maprotiline,IN,direct_anchor_exact_rxnorm
20526,2571074,maralixibat,IN,direct_anchor_exact_rxnorm
20527,2571074,maralixibat,IN,direct_anchor_exact_rxnorm
20528,620216,maraviroc,IN,direct_anchor_exact_rxnorm
20529,69256,marbofloxacin,IN,direct_anchor_exact_rxnorm
20534,1987137,margaric acid,IN,direct_anchor_exact_rxnorm
20535,2473851,margetuximab,IN,direct_anchor_exact_rxnorm
20536,2586068,maribavir,IN,direct_anchor_exact_rxnorm
20542,1368163,"collagen, soluble, fish skin",IN,unique_convergent_term_evidence
20544,1368708,maritime pine extract,IN,direct_anchor_exact_rxnorm
20550,715869,maropitant,IN,direct_anchor_exact_rxnorm
20552,11202,vincristine,IN,direct_anchor_exact_rxnorm
20553,2697133,marstacimab,IN,direct_anchor_exact_rxnorm
20564,227239,masoprocol,IN,direct_anchor_exact_rxnorm
20579,8702,procarbazine,IN,direct_anchor_exact_rxnorm
20581,2600867,mavacamten,IN,direct_anchor_exact_rxnorm
20590,2684021,mavorixafor,IN,direct_anchor_exact_rxnorm
20592,1940702,glecaprevir / pibrentasvir,MIN,direct_anchor_exact_rxnorm
20596,88014,rizatriptan,IN,direct_anchor_exact_rxnorm
20610,2121085,siponimod,IN,direct_anchor_exact_rxnorm
20616,6664,mazindol,IN,direct_anchor_exact_rxnorm
20668,1309256,meadowfoam oil,IN,unique_convergent_term_evidence
20672,804179,"measles virus vaccine live, enders' attenuated edmonston strain",IN,unique_convergent_term_evidence
20675,6672,mebendazole,IN,direct_anchor_exact_rxnorm
20678,29410,mebeverine,IN,direct_anchor_exact_rxnorm
20679,29410,mebeverine,IN,direct_anchor_exact_rxnorm
20685,1311500,mebrofenin,IN,direct_anchor_exact_rxnorm
20690,6673,mecamylamine,IN,direct_anchor_exact_rxnorm
20691,6673,mecamylamine,IN,direct_anchor_exact_rxnorm
20694,274403,mecasermin,IN,direct_anchor_exact_rxnorm
20695,616877,mecasermin rinfabate,IN,direct_anchor_exact_rxnorm
20700,6674,mechlorethamine,IN,direct_anchor_exact_rxnorm
20703,6676,meclizine,IN,direct_anchor_exact_rxnorm
20704,29418,meclocycline,IN,direct_anchor_exact_rxnorm
20705,29418,meclocycline,IN,direct_anchor_exact_rxnorm
20706,588003,meclofenamate,IN,direct_anchor_exact_rxnorm
20707,6678,meclofenamic acid,IN,direct_anchor_exact_rxnorm
20708,2228,meclofenoxate,IN,direct_anchor_exact_rxnorm
20714,29421,mecobalamin,IN,direct_anchor_exact_rxnorm
20716,29426,mecysteine,IN,direct_anchor_exact_rxnorm
20718,6680,medazepam,IN,direct_anchor_exact_rxnorm
20723,52016,medetomidine,IN,direct_anchor_exact_rxnorm
20724,2601586,medetomidine / vatinoxan,MIN,direct_anchor_exact_rxnorm
20736,852634,alfalfa pollen extract,IN,unique_convergent_term_evidence
20738,411,air,IN,unique_convergent_term_evidence
20745,29434,medifoxamine,IN,direct_anchor_exact_rxnorm
20762,6690,medrogestone,IN,direct_anchor_exact_rxnorm
20764,1358207,medronate,IN,direct_anchor_exact_rxnorm
20768,29439,medrysone,IN,direct_anchor_exact_rxnorm
20774,257844,mefenamate,IN,direct_anchor_exact_rxnorm
20777,236421,mefenidramium,IN,direct_anchor_exact_rxnorm
20779,29444,mefenorex,IN,direct_anchor_exact_rxnorm
20780,29444,mefenorex,IN,direct_anchor_exact_rxnorm
20783,6694,mefloquine,IN,direct_anchor_exact_rxnorm
20784,6694,mefloquine,IN,direct_anchor_exact_rxnorm
20785,6696,mefruside,IN,direct_anchor_exact_rxnorm
20789,6703,megestrol,IN,unique_convergent_term_evidence
20802,6704,meglumine,IN,direct_anchor_exact_rxnorm
20803,319866,meglumine antimoniate,IN,direct_anchor_exact_rxnorm
20818,1425099,trametinib,IN,direct_anchor_exact_rxnorm
20825,903913,broad leaved paperbark pollen extract,IN,unique_convergent_term_evidence
20829,1012534,melarsomine,IN,direct_anchor_exact_rxnorm
20830,1012534,melarsomine,IN,direct_anchor_exact_rxnorm
20833,6711,melatonin,IN,direct_anchor_exact_rxnorm
20836,1537799,melengestrol,IN,direct_anchor_exact_rxnorm
20837,1537799,melengestrol,IN,direct_anchor_exact_rxnorm
20841,1014735,white sweet clover pollen extract,IN,unique_convergent_term_evidence
20842,1014447,yellow sweet clover pollen extract,IN,unique_convergent_term_evidence
20844,446248,melitracen,IN,direct_anchor_exact_rxnorm
20849,1192987,parakeet feather allergenic extract,IN,unique_convergent_term_evidence
20850,41493,meloxicam,IN,direct_anchor_exact_rxnorm
20852,2531369,melphalan flufenamide,IN,direct_anchor_exact_rxnorm
20861,6719,memantine,IN,direct_anchor_exact_rxnorm
20862,1430990,donepezil / memantine,MIN,direct_anchor_exact_rxnorm
20867,29491,menadiol,IN,direct_anchor_exact_rxnorm
20868,29491,menadiol,IN,unique_convergent_term_evidence
20870,6728,vitamin k3,IN,unique_convergent_term_evidence
20875,42781,vitamin k2,IN,unique_convergent_term_evidence
20877,29495,menatetrenone,IN,direct_anchor_exact_rxnorm
20878,31575,menfegol,IN,direct_anchor_exact_rxnorm
20882,29501,meningococcal group a polysaccharide,IN,unique_convergent_term_evidence
20883,29503,meningococcal group c polysaccharide,IN,unique_convergent_term_evidence
20884,314724,meningococcal polysaccharide vaccine group w-135,IN,direct_anchor_exact_rxnorm
20885,314725,meningococcal polysaccharide vaccine group y,IN,direct_anchor_exact_rxnorm
20892,1307691,mentha arvensis leaf oil,IN,direct_anchor_exact_rxnorm
20894,6750,menthol,IN,direct_anchor_exact_rxnorm
20896,1368207,menthyl salicylate,IN,direct_anchor_exact_rxnorm
20900,107770,mepenzolate,IN,direct_anchor_exact_rxnorm
20901,107770,mepenzolate,IN,direct_anchor_exact_rxnorm
20907,6755,mephenesin,IN,direct_anchor_exact_rxnorm
20909,6756,mephentermine,IN,direct_anchor_exact_rxnorm
20910,6756,mephentermine,IN,direct_anchor_exact_rxnorm
20911,6757,mephenytoin,IN,direct_anchor_exact_rxnorm
20912,29518,mepindolol,IN,direct_anchor_exact_rxnorm
20915,6759,mepivacaine,IN,direct_anchor_exact_rxnorm
20918,1720597,mepolizumab,IN,direct_anchor_exact_rxnorm
20920,29523,meprednisone,IN,direct_anchor_exact_rxnorm
20924,6760,meprobamate,IN,direct_anchor_exact_rxnorm
20934,6761,meptazinol,IN,direct_anchor_exact_rxnorm
20935,6761,meptazinol,IN,direct_anchor_exact_rxnorm
20936,9009,pyrilamine,IN,unique_convergent_term_evidence
20938,15080,mequinol,IN,direct_anchor_exact_rxnorm
20940,29528,mequitazine,IN,direct_anchor_exact_rxnorm
20942,91324,meradimate,IN,direct_anchor_exact_rxnorm
20948,6762,merbromin,IN,direct_anchor_exact_rxnorm
20953,103,mercaptopurine,IN,direct_anchor_exact_rxnorm
20960,1311634,mercuric chloride,IN,direct_anchor_exact_rxnorm
20961,1426941,mercuric iodide,IN,direct_anchor_exact_rxnorm
20962,1311278,mercuric sulfide,IN,direct_anchor_exact_rxnorm
20974,895070,mongolian gerbil skin allergenic extract,IN,unique_convergent_term_evidence
20975,29561,meropenem,IN,direct_anchor_exact_rxnorm
20978,6774,mersalyl,IN,direct_anchor_exact_rxnorm
20984,52582,mesalamine,IN,unique_convergent_term_evidence
20988,44,mesna,IN,direct_anchor_exact_rxnorm
20993,,,,ambiguous_legacy_anchor_evidence
20996,6779,mesoridazine,IN,direct_anchor_exact_rxnorm
20997,6779,mesoridazine,IN,direct_anchor_exact_rxnorm
21003,6781,mesterolone,IN,direct_anchor_exact_rxnorm
21005,6782,mestranol,IN,direct_anchor_exact_rxnorm
21009,29584,mesulfen,IN,direct_anchor_exact_rxnorm
21020,614654,metaclazepam,IN,direct_anchor_exact_rxnorm
21021,614654,metaclazepam,IN,direct_anchor_exact_rxnorm
21022,6812,methacycline,IN,unique_convergent_term_evidence
21032,6816,methamphetamine,IN,unique_convergent_term_evidence
21033,3523,dipyrone,IN,unique_convergent_term_evidence
21034,3523,dipyrone,IN,direct_anchor_exact_rxnorm
21036,6818,methandrostenolone,IN,unique_convergent_term_evidence
21042,7688,metaproterenol,IN,direct_anchor_exact_rxnorm
21043,6805,metaraminol,IN,direct_anchor_exact_rxnorm
21044,6805,metaraminol,IN,direct_anchor_exact_rxnorm
21049,10122,strontium,IN,unique_convergent_term_evidence
21054,59078,metaxalone,IN,direct_anchor_exact_rxnorm
21063,1349278,metenkefalin,IN,direct_anchor_exact_rxnorm
21064,6833,methenolone,IN,unique_convergent_term_evidence
21065,6834,metergoline,IN,direct_anchor_exact_rxnorm
21072,6809,metformin,IN,direct_anchor_exact_rxnorm
21075,155080,methacholine,IN,direct_anchor_exact_rxnorm
21076,1424906,methacrylate,IN,direct_anchor_exact_rxnorm
21077,1309718,methacrylic acid - ethyl acrylate copolymer (1:1) type a,IN,direct_anchor_exact_rxnorm
21078,1309724,methacrylic acid - methyl methacrylate copolymer (1:2),IN,direct_anchor_exact_rxnorm
21080,6812,methacycline,IN,direct_anchor_exact_rxnorm
21082,6813,methadone,IN,direct_anchor_exact_rxnorm
21083,6814,methadyl acetate,IN,direct_anchor_exact_rxnorm
21088,6817,methandriol,IN,direct_anchor_exact_rxnorm
21089,6817,methandriol,IN,direct_anchor_exact_rxnorm
21090,2598120,methane,IN,direct_anchor_exact_rxnorm
21091,1426388,mesylate,IN,direct_anchor_exact_rxnorm
21094,1310568,methanol,IN,direct_anchor_exact_rxnorm
21095,6821,methantheline,IN,direct_anchor_exact_rxnorm
21096,6821,methantheline,IN,direct_anchor_exact_rxnorm
21100,6822,methapyrilene,IN,direct_anchor_exact_rxnorm
21102,6822,methapyrilene,IN,direct_anchor_exact_rxnorm
21103,6823,methaqualone,IN,direct_anchor_exact_rxnorm
21104,6825,metharbital,IN,direct_anchor_exact_rxnorm
21107,6826,methazolamide,IN,direct_anchor_exact_rxnorm
21109,29648,methdilazine,IN,direct_anchor_exact_rxnorm
21110,29648,methdilazine,IN,direct_anchor_exact_rxnorm
21111,6832,methenamine,IN,direct_anchor_exact_rxnorm
21112,6833,methenolone,IN,direct_anchor_exact_rxnorm
21113,6883,methylergonovine,IN,direct_anchor_exact_rxnorm
21117,2181306,methicillin,IN,direct_anchor_exact_rxnorm
21118,1313720,methicone (20 cst),IN,direct_anchor_exact_rxnorm
21120,6835,methimazole,IN,direct_anchor_exact_rxnorm
21125,6837,methionine,IN,direct_anchor_exact_rxnorm
21130,1722382,"l-methionine-s,r-sulfoximine",IN,unique_convergent_term_evidence
21136,29682,methixene,IN,direct_anchor_exact_rxnorm
21139,6845,methocarbamol,IN,direct_anchor_exact_rxnorm
21142,6847,methohexital,IN,direct_anchor_exact_rxnorm
21150,235829,methoserpidine,IN,direct_anchor_exact_rxnorm
21154,6852,methotrimeprazine,IN,direct_anchor_exact_rxnorm
21156,6853,methoxamine,IN,direct_anchor_exact_rxnorm
21157,6853,methoxamine,IN,direct_anchor_exact_rxnorm
21160,729596,methoxy polyethylene glycol-epoetin beta,IN,direct_anchor_exact_rxnorm
21163,6857,methoxyflurane,IN,direct_anchor_exact_rxnorm
21164,29704,methoxyphenamine,IN,direct_anchor_exact_rxnorm
21165,29704,methoxyphenamine,IN,direct_anchor_exact_rxnorm
21168,89785,methscopolamine,IN,direct_anchor_exact_rxnorm
21169,89785,methscopolamine,IN,direct_anchor_exact_rxnorm
21170,544284,chlorpheniramine / methscopolamine / phenylephrine,MIN,direct_anchor_exact_rxnorm
21171,47858,methsuximide,IN,direct_anchor_exact_rxnorm
21173,6860,methyclothiazide,IN,direct_anchor_exact_rxnorm
21191,337068,methyl 5-aminolevulinate,IN,unique_convergent_term_evidence
21192,337068,methyl 5-aminolevulinate,IN,direct_anchor_exact_rxnorm
21197,29746,methyl bromide,IN,direct_anchor_exact_rxnorm
21198,1305751,methyl chloride,IN,direct_anchor_exact_rxnorm
21208,29900,methylnicotinate,IN,unique_convergent_term_evidence
21212,1305552,1-methyl-2-pyrrolidinone,IN,unique_convergent_term_evidence
21214,29787,methyl salicylate,IN,direct_anchor_exact_rxnorm
21215,1363574,methyl stearate,IN,direct_anchor_exact_rxnorm
21216,1427065,methyl undecenoyl leucinate,IN,direct_anchor_exact_rxnorm
21233,29829,methylbenzethonium,IN,direct_anchor_exact_rxnorm
21235,6873,methylcellulose,IN,direct_anchor_exact_rxnorm
21240,6876,methyldopa,IN,direct_anchor_exact_rxnorm
21241,6877,methyldopate,IN,direct_anchor_exact_rxnorm
21242,6877,methyldopate,IN,direct_anchor_exact_rxnorm
21244,6878,methylene blue,IN,direct_anchor_exact_rxnorm
21246,1311537,methylene chloride,IN,direct_anchor_exact_rxnorm
21249,6883,methylergonovine,IN,unique_convergent_term_evidence
21252,1368373,methyleugenol,IN,direct_anchor_exact_rxnorm
21253,1435864,methylinositol,IN,direct_anchor_exact_rxnorm
21254,1367166,2-methyl-4-isothiazolin-3-one,IN,unique_convergent_term_evidence
21258,29899,methylnaltrexone,IN,direct_anchor_exact_rxnorm
21259,29899,methylnaltrexone,IN,direct_anchor_exact_rxnorm
21261,29903,methylparaben,IN,direct_anchor_exact_rxnorm
21263,6901,methylphenidate,IN,direct_anchor_exact_rxnorm
21264,6901,methylphenidate,IN,direct_anchor_exact_rxnorm
21265,6758,mephobarbital,IN,unique_convergent_term_evidence
21270,6902,methylprednisolone,IN,direct_anchor_exact_rxnorm
21272,6902,methylprednisolone,IN,direct_anchor_exact_rxnorm
21281,6878,methylene blue,IN,unique_convergent_term_evidence
21286,6910,methyprylon,IN,direct_anchor_exact_rxnorm
21288,6911,methysergide,IN,direct_anchor_exact_rxnorm
21289,6911,methysergide,IN,direct_anchor_exact_rxnorm
21294,2181306,methicillin,IN,unique_convergent_term_evidence
21306,10824,metipranolol,IN,direct_anchor_exact_rxnorm
21307,10824,metipranolol,IN,direct_anchor_exact_rxnorm
21313,29682,methixene,IN,unique_convergent_term_evidence
21318,6915,metoclopramide,IN,direct_anchor_exact_rxnorm
21320,29950,metocurine,IN,direct_anchor_exact_rxnorm
21321,29950,metocurine,IN,direct_anchor_exact_rxnorm
21325,6916,metolazone,IN,direct_anchor_exact_rxnorm
21327,29954,metopimazine,IN,direct_anchor_exact_rxnorm
21333,6918,metoprolol,IN,direct_anchor_exact_rxnorm
21334,6918,metoprolol,IN,direct_anchor_exact_rxnorm
21347,1491625,metreleptin,IN,direct_anchor_exact_rxnorm
21353,1000581,trichlorfon,IN,unique_convergent_term_evidence
21356,6920,metrizamide,IN,direct_anchor_exact_rxnorm
21358,6922,metronidazole,IN,direct_anchor_exact_rxnorm
21362,337068,methyl 5-aminolevulinate,IN,direct_anchor_exact_rxnorm
21367,6923,metyrapone,IN,direct_anchor_exact_rxnorm
21368,1313245,metyrapone tartrate,IN,direct_anchor_exact_rxnorm
21370,266604,metyrosine,IN,direct_anchor_exact_rxnorm
21387,6926,mexiletine,IN,direct_anchor_exact_rxnorm
21388,6926,mexiletine,IN,direct_anchor_exact_rxnorm
21398,6927,mezlocillin,IN,direct_anchor_exact_rxnorm
21411,6929,mianserin,IN,direct_anchor_exact_rxnorm
21412,6929,mianserin,IN,direct_anchor_exact_rxnorm
21416,83213,mibefradil,IN,direct_anchor_exact_rxnorm
21417,83213,mibefradil,IN,direct_anchor_exact_rxnorm
21422,325887,micafungin,IN,direct_anchor_exact_rxnorm
21423,325887,micafungin,IN,direct_anchor_exact_rxnorm
21444,1000577,microcrystalline cellulose,IN,direct_anchor_exact_rxnorm
21447,29996,micronomicin,IN,direct_anchor_exact_rxnorm
21494,2369640,midamaline,IN,direct_anchor_exact_rxnorm
21497,6960,midazolam,IN,direct_anchor_exact_rxnorm
21498,6960,midazolam,IN,direct_anchor_exact_rxnorm
21500,30005,midecamycin,IN,direct_anchor_exact_rxnorm
21503,6963,midodrine,IN,direct_anchor_exact_rxnorm
21504,6963,midodrine,IN,direct_anchor_exact_rxnorm
21506,1919083,midostaurin,IN,direct_anchor_exact_rxnorm
21513,6964,mifepristone,IN,direct_anchor_exact_rxnorm
21515,2054252,migalastat,IN,direct_anchor_exact_rxnorm
21516,2054252,migalastat,IN,direct_anchor_exact_rxnorm
21518,30009,miglitol,IN,direct_anchor_exact_rxnorm
21519,402316,miglustat,IN,direct_anchor_exact_rxnorm
21537,68730,milbemycin oxime,IN,direct_anchor_exact_rxnorm
21543,,,,ambiguous_legacy_anchor_evidence
21545,1310040,millet extract,IN,unique_convergent_term_evidence
21547,588250,milnacipran,IN,direct_anchor_exact_rxnorm
21548,588250,milnacipran,IN,direct_anchor_exact_rxnorm
21553,52769,milrinone,IN,direct_anchor_exact_rxnorm
21554,1494066,miltefosine,IN,direct_anchor_exact_rxnorm
21566,30031,minaprine,IN,direct_anchor_exact_rxnorm
21567,30031,minaprine,IN,direct_anchor_exact_rxnorm
21568,1495077,minaxolone,IN,direct_anchor_exact_rxnorm
21573,6972,mineral oil,IN,direct_anchor_exact_rxnorm
21584,6980,minocycline,IN,direct_anchor_exact_rxnorm
21588,6984,minoxidil,IN,direct_anchor_exact_rxnorm
21592,6985,miocamycin,IN,direct_anchor_exact_rxnorm
21601,1367839,mipomersen,IN,direct_anchor_exact_rxnorm
21602,1367839,mipomersen,IN,direct_anchor_exact_rxnorm
21774,1300786,mirabegron,IN,direct_anchor_exact_rxnorm
21781,2705551,mirdametinib,IN,direct_anchor_exact_rxnorm
21787,2668384,mirikizumab,IN,direct_anchor_exact_rxnorm
21813,15996,mirtazapine,IN,direct_anchor_exact_rxnorm
21814,15996,mirtazapine,IN,direct_anchor_exact_rxnorm
21820,42331,misoprostol,IN,direct_anchor_exact_rxnorm
21822,2594468,mitapivat,IN,direct_anchor_exact_rxnorm
21823,2594468,mitapivat,IN,direct_anchor_exact_rxnorm
21828,6995,plicamycin,IN,unique_convergent_term_evidence
21829,2683,colchicine,IN,direct_anchor_exact_rxnorm
21836,6996,mitobronitol,IN,direct_anchor_exact_rxnorm
21858,632,mitomycin,IN,direct_anchor_exact_rxnorm
21863,7005,mitoxantrone,IN,direct_anchor_exact_rxnorm
21871,30077,mivacurium,IN,direct_anchor_exact_rxnorm
21872,30077,mivacurium,IN,direct_anchor_exact_rxnorm
21886,61455,mizolastine,IN,direct_anchor_exact_rxnorm
21952,30121,moclobemide,IN,direct_anchor_exact_rxnorm
21957,30125,modafinil,IN,direct_anchor_exact_rxnorm
21980,30131,moexipril,IN,direct_anchor_exact_rxnorm
21981,1546358,moexiprilat,IN,direct_anchor_exact_rxnorm
21985,30202,mofebutazone,IN,direct_anchor_exact_rxnorm
21988,11469,mofezolac,IN,direct_anchor_exact_rxnorm
21991,2054068,mogamulizumab,IN,direct_anchor_exact_rxnorm
22001,2637535,molidustat,IN,direct_anchor_exact_rxnorm
22002,2637535,molidustat,IN,direct_anchor_exact_rxnorm
22004,7019,molindone,IN,direct_anchor_exact_rxnorm
22005,7019,molindone,IN,direct_anchor_exact_rxnorm
22007,2587901,molnupiravir,IN,direct_anchor_exact_rxnorm
22009,7023,molsidomine,IN,direct_anchor_exact_rxnorm
22011,1546395,molybdate ion,IN,unique_convergent_term_evidence
22013,7024,molybdenum,IN,direct_anchor_exact_rxnorm
22017,2665204,momelotinib,IN,direct_anchor_exact_rxnorm
22019,108118,mometasone,IN,direct_anchor_exact_rxnorm
22021,1306885,momordica charantia fruit extract,IN,unique_convergent_term_evidence
22030,1368208,monensin,IN,direct_anchor_exact_rxnorm
22031,1368208,monensin,IN,direct_anchor_exact_rxnorm
22035,2387211,tafasitamab,IN,direct_anchor_exact_rxnorm
22039,17145,monobenzone,IN,direct_anchor_exact_rxnorm
22050,30198,monooctanoin,IN,unique_convergent_term_evidence
22052,52885,monofluorophosphate,IN,direct_anchor_exact_rxnorm
22057,1546433,monomethyl fumarate,IN,direct_anchor_exact_rxnorm
22059,34322,potassium phosphate,IN,unique_convergent_term_evidence
22062,1363062,thioglycerol,IN,unique_convergent_term_evidence
22065,88249,montelukast,IN,unique_convergent_term_evidence
22069,88249,montelukast,IN,direct_anchor_exact_rxnorm
22072,1425919,montmorrillonite,IN,unique_convergent_term_evidence
22082,1368900,morantel,IN,direct_anchor_exact_rxnorm
22083,1368900,morantel,IN,direct_anchor_exact_rxnorm
22084,30218,morazone,IN,direct_anchor_exact_rxnorm
22086,867260,southern bayberry pollen extract,IN,unique_convergent_term_evidence
22088,40169,moricizine,IN,direct_anchor_exact_rxnorm
22089,40169,moricizine,IN,direct_anchor_exact_rxnorm
22092,1307834,moringa oleifera leaf extract,IN,unique_convergent_term_evidence
22094,30225,morniflumate,IN,direct_anchor_exact_rxnorm
22096,30227,moroxydine,IN,direct_anchor_exact_rxnorm
22098,7052,morphine,IN,direct_anchor_exact_rxnorm
22100,7052,morphine,IN,direct_anchor_exact_rxnorm
22103,1368870,morpholine,IN,direct_anchor_exact_rxnorm
22108,1363711,n-oxydiethylene-2-benzothiazole sulfenamide,IN,unique_convergent_term_evidence
22110,1547610,morrhuate,IN,direct_anchor_exact_rxnorm
22115,852680,red mulberry pollen extract,IN,unique_convergent_term_evidence
22117,135091,mosapride,IN,direct_anchor_exact_rxnorm
22118,1494846,moschus berezovskii musk sac resin,IN,direct_anchor_exact_rxnorm
22125,2107310,prucalopride,IN,direct_anchor_exact_rxnorm
22144,1007544,ascorbic acid / polyethylene glycol 3350 / potassium chloride / sodium ascorbate / sodium chloride / sodium sulfate,MIN,direct_anchor_exact_rxnorm
22154,52918,moxaverine,IN,direct_anchor_exact_rxnorm
22157,1047072,moxidectin,IN,direct_anchor_exact_rxnorm
22158,139462,moxifloxacin,IN,direct_anchor_exact_rxnorm
22162,10561,moxisylyte,IN,direct_anchor_exact_rxnorm
22164,30257,moxonidine,IN,direct_anchor_exact_rxnorm
22170,733003,plerixafor,IN,direct_anchor_exact_rxnorm
22233,30320,mucopolysaccharide polysulfate,IN,unique_convergent_term_evidence
22239,1485786,mucuna pruriens seed extract,IN,unique_convergent_term_evidence
22261,798372,"mumps virus vaccine live, jeryl lynn strain",IN,unique_convergent_term_evidence
22266,42372,mupirocin,IN,direct_anchor_exact_rxnorm
22267,1311225,interleukin-3,IN,unique_convergent_term_evidence
22278,42405,muromonab-cd3,IN,unique_convergent_term_evidence
22279,852693,house mouse skin extract,IN,unique_convergent_term_evidence
22281,,,,ambiguous_legacy_anchor_evidence
22282,1992540,muscadine grape extract,IN,direct_anchor_exact_rxnorm
22287,,,,ambiguous_legacy_anchor_evidence
22322,7617,octreotide,IN,direct_anchor_exact_rxnorm
22330,68149,mycophenolate mofetil,IN,direct_anchor_exact_rxnorm
22331,265323,mycophenolate,IN,direct_anchor_exact_rxnorm
22332,,,,ambiguous_legacy_anchor_evidence
22351,1368374,myricetin,IN,direct_anchor_exact_rxnorm
22352,236393,miristalkonium,IN,unique_convergent_term_evidence
22354,1313976,myristate,IN,direct_anchor_exact_rxnorm
22359,1362897,myristyl alcohol,IN,direct_anchor_exact_rxnorm
22360,2287736,1-o-tetradecylglycerol,IN,unique_convergent_term_evidence
22361,1425406,myristyl nicotinate,IN,direct_anchor_exact_rxnorm
22363,1192997,gliocladium allergenic extract,IN,unique_convergent_term_evidence
22365,1309206,myrrh oil,IN,direct_anchor_exact_rxnorm
22366,59082,myrtecaine,IN,direct_anchor_exact_rxnorm
22415,1313173,"n,n-dimethylglycine",IN,direct_anchor_exact_rxnorm
22456,1364376,n-(3-(dimethylamino)propyl)octadecanamide,IN,direct_anchor_exact_rxnorm
22648,2280292,n-acetyl-.alpha.-d-glucosamine,IN,unique_convergent_term_evidence
22654,2597521,n-acetyl-glucosamine thiazoline,IN,direct_anchor_exact_rxnorm
22667,1426463,n-acetylmethionine,IN,direct_anchor_exact_rxnorm
22672,31005,n-acetyltyrosine,IN,direct_anchor_exact_rxnorm
22673,1539817,n-alkyl dimethyl benzyl ammonium (c12-c18),IN,direct_anchor_exact_rxnorm
22674,1422066,n-alkyl ethylbenzyl dimethyl ammonium (c12-c14),IN,direct_anchor_exact_rxnorm
22714,1427136,"n-cyclohexyl-n'-phenyl-1,4-phenylenediamine",IN,direct_anchor_exact_rxnorm
22715,2049985,2-(cyclohexylamino)ethanesulfonic acid,IN,unique_convergent_term_evidence
22728,2178066,n-dodecyl .beta.-d-maltoside,IN,direct_anchor_exact_rxnorm
22879,31448,nabumetone,IN,direct_anchor_exact_rxnorm
22884,7222,nadh,IN,direct_anchor_exact_rxnorm
22887,7226,nadolol,IN,direct_anchor_exact_rxnorm
22897,28656,nafarelin,IN,direct_anchor_exact_rxnorm
22898,28656,nafarelin,IN,direct_anchor_exact_rxnorm
22901,7233,nafcillin,IN,direct_anchor_exact_rxnorm
22913,31475,naftazone,IN,direct_anchor_exact_rxnorm
22914,7236,nafronyl,IN,unique_convergent_term_evidence
22915,31476,naftifine,IN,direct_anchor_exact_rxnorm
22916,31476,naftifine,IN,direct_anchor_exact_rxnorm
22925,7238,nalbuphine,IN,direct_anchor_exact_rxnorm
22926,7238,nalbuphine,IN,direct_anchor_exact_rxnorm
22927,1876597,naldemedine,IN,direct_anchor_exact_rxnorm
22928,1876597,naldemedine,IN,direct_anchor_exact_rxnorm
22932,618425,nalidixate,IN,direct_anchor_exact_rxnorm
22933,31479,nalmefene,IN,direct_anchor_exact_rxnorm
22934,31479,nalmefene,IN,direct_anchor_exact_rxnorm
22939,1551777,naloxegol,IN,direct_anchor_exact_rxnorm
22940,7242,naloxone,IN,direct_anchor_exact_rxnorm
22944,7243,naltrexone,IN,direct_anchor_exact_rxnorm
22960,1430990,donepezil / memantine,MIN,direct_anchor_exact_rxnorm
22964,7244,nandrolone,IN,direct_anchor_exact_rxnorm
22966,7244,nandrolone,IN,direct_anchor_exact_rxnorm
22968,7244,nandrolone,IN,direct_anchor_exact_rxnorm
23000,7247,naphazoline,IN,direct_anchor_exact_rxnorm
23002,7247,naphazoline,IN,direct_anchor_exact_rxnorm
23003,1311149,naphthalene,IN,direct_anchor_exact_rxnorm
23010,1721293,naphthoquine,IN,direct_anchor_exact_rxnorm
23018,7258,naproxen,IN,direct_anchor_exact_rxnorm
23026,1314370,narasin,IN,direct_anchor_exact_rxnorm
23027,141366,naratriptan,IN,direct_anchor_exact_rxnorm
23028,141366,naratriptan,IN,direct_anchor_exact_rxnorm
23033,8123,phenelzine,IN,direct_anchor_exact_rxnorm
23036,1368173,naringenin,IN,direct_anchor_exact_rxnorm
23037,31538,naringin,IN,direct_anchor_exact_rxnorm
23044,35780,ropivacaine,IN,direct_anchor_exact_rxnorm
23045,2732291,narsoplimab,IN,direct_anchor_exact_rxnorm
23049,11248,vitamin b12,IN,direct_anchor_exact_rxnorm
23055,354770,natalizumab,IN,direct_anchor_exact_rxnorm
23056,7268,natamycin,IN,direct_anchor_exact_rxnorm
23059,274332,nateglinide,IN,direct_anchor_exact_rxnorm
23061,10379,testosterone,IN,direct_anchor_exact_rxnorm
23063,53553,nattokinase,IN,direct_anchor_exact_rxnorm
23079,39541,vinorelbine,IN,direct_anchor_exact_rxnorm
23080,2739518,navepegritide,IN,direct_anchor_exact_rxnorm
23123,31555,nebivolol,IN,direct_anchor_exact_rxnorm
23124,31555,nebivolol,IN,direct_anchor_exact_rxnorm
23130,1723738,necitumumab,IN,direct_anchor_exact_rxnorm
23139,31563,nedocromil,IN,direct_anchor_exact_rxnorm
23142,2675287,nedosiran,IN,direct_anchor_exact_rxnorm
23143,2675287,nedosiran,IN,direct_anchor_exact_rxnorm
23145,31565,nefazodone,IN,direct_anchor_exact_rxnorm
23151,7285,nefopam,IN,direct_anchor_exact_rxnorm
23152,7285,nefopam,IN,direct_anchor_exact_rxnorm
23165,797629,neisseria meningitidis serogroup a capsular polysaccharide diphtheria toxoid protein conjugate vaccine,IN,unique_convergent_term_evidence
23168,797631,neisseria meningitidis serogroup c capsular polysaccharide diphtheria toxoid protein conjugate vaccine,IN,unique_convergent_term_evidence
23171,797633,neisseria meningitidis serogroup w-135 capsular polysaccharide diphtheria toxoid protein conjugate vaccine,IN,unique_convergent_term_evidence
23174,797635,neisseria meningitidis serogroup y capsular polysaccharide diphtheria toxoid protein conjugate vaccine,IN,unique_convergent_term_evidence
23177,2705455,meningococcal group b vaccine / neisseria meningitidis serogroup a oligosaccharide diphtheria crm197 protein conjugate vaccine / neisseria meningitidis serogroup c oligosaccharide diphtheria crm197 protein conjugate vaccine / neisseria meningitidis serogroup w-135 oligosaccharide diphtheria crm197 protein conjugate vaccine / neisseria meningitidis serogroup y oligosaccharide diphtheria crm197 protein conjugate vaccine,MIN,unique_convergent_term_evidence
23187,134527,nelfinavir,IN,direct_anchor_exact_rxnorm
23197,1309447,nelumbo nucifera flower extract,IN,unique_convergent_term_evidence
23202,8004,pentobarbital,IN,direct_anchor_exact_rxnorm
23206,2691310,nemolizumab,IN,direct_anchor_exact_rxnorm
23236,1311480,neodymium,IN,direct_anchor_exact_rxnorm
23242,7299,neomycin,IN,direct_anchor_exact_rxnorm
23249,7301,neon,IN,direct_anchor_exact_rxnorm
23256,7315,neostigmine,IN,direct_anchor_exact_rxnorm
23257,7315,neostigmine,IN,direct_anchor_exact_rxnorm
23258,1008086,glycopyrronium / neostigmine,MIN,direct_anchor_exact_rxnorm
23260,1367111,neotame,IN,direct_anchor_exact_rxnorm
23269,298665,nepafenac,IN,direct_anchor_exact_rxnorm
23274,1427158,epidermal growth factor,IN,unique_convergent_term_evidence
23281,2725523,nerandomilast,IN,direct_anchor_exact_rxnorm
23282,1940643,neratinib,IN,direct_anchor_exact_rxnorm
23291,2109479,nerium oleander flower,IN,direct_anchor_exact_rxnorm
23293,7327,nerve growth factor,IN,direct_anchor_exact_rxnorm
23298,19666,nesiritide,IN,direct_anchor_exact_rxnorm
23308,1992864,netarsudil,IN,direct_anchor_exact_rxnorm
23309,1992864,netarsudil,IN,direct_anchor_exact_rxnorm
23312,7337,netilmicin,IN,direct_anchor_exact_rxnorm
23313,7337,netilmicin,IN,direct_anchor_exact_rxnorm
23318,1552337,netupitant,IN,direct_anchor_exact_rxnorm
23321,139994,oprelvekin,IN,direct_anchor_exact_rxnorm
23340,42333,trimetrexate,IN,unique_convergent_term_evidence
23347,53654,nevirapine,IN,direct_anchor_exact_rxnorm
23350,495881,sorafenib,IN,direct_anchor_exact_rxnorm
23354,2283229,bempedoic acid / ezetimibe,MIN,direct_anchor_exact_rxnorm
23356,2178390,selinexor,IN,unique_convergent_term_evidence
23368,7393,niacin,IN,direct_anchor_exact_rxnorm
23369,1363721,niacinamide ascorbate,IN,direct_anchor_exact_rxnorm
23371,7394,nialamide,IN,direct_anchor_exact_rxnorm
23372,1309375,oil of niaouli,IN,unique_convergent_term_evidence
23373,31722,niaprazine,IN,direct_anchor_exact_rxnorm
23381,1311583,nicarbazin,IN,direct_anchor_exact_rxnorm
23382,7396,nicardipine,IN,direct_anchor_exact_rxnorm
23383,7396,nicardipine,IN,direct_anchor_exact_rxnorm
23384,7398,nicergoline,IN,direct_anchor_exact_rxnorm
23389,1313176,nickel acetate,IN,direct_anchor_exact_rxnorm
23392,1546280,nickel cation,IN,direct_anchor_exact_rxnorm
23398,31738,nickel sulfate,IN,direct_anchor_exact_rxnorm
23402,7402,niclosamide,IN,direct_anchor_exact_rxnorm
23403,235788,nicoboxil,IN,direct_anchor_exact_rxnorm
23411,104486,nicofuranose,IN,direct_anchor_exact_rxnorm
23418,31748,nicorandil,IN,direct_anchor_exact_rxnorm
23421,7405,niacinamide,IN,unique_convergent_term_evidence
23429,7407,nicotine,IN,direct_anchor_exact_rxnorm
23430,1306107,nicotine bitartrate,IN,direct_anchor_exact_rxnorm
23438,7414,nicotinyl alcohol,IN,direct_anchor_exact_rxnorm
23439,7414,nicotinyl alcohol,IN,direct_anchor_exact_rxnorm
23449,7417,nifedipine,IN,direct_anchor_exact_rxnorm
23454,7418,niflumic acid,IN,direct_anchor_exact_rxnorm
23457,7419,nifuratel,IN,direct_anchor_exact_rxnorm
23463,31782,nifuroxazide,IN,direct_anchor_exact_rxnorm
23465,1311582,nifurpipone,IN,direct_anchor_exact_rxnorm
23470,7421,nifurtimox,IN,direct_anchor_exact_rxnorm
23473,31786,nifurzide,IN,direct_anchor_exact_rxnorm
23477,7424,nikethamide,IN,direct_anchor_exact_rxnorm
23480,31805,nilutamide,IN,direct_anchor_exact_rxnorm
23485,662281,nilotinib,IN,direct_anchor_exact_rxnorm
23489,53692,nilvadipine,IN,direct_anchor_exact_rxnorm
23493,53694,nimesulide,IN,direct_anchor_exact_rxnorm
23496,7426,nimodipine,IN,direct_anchor_exact_rxnorm
23497,7427,nimorazole,IN,direct_anchor_exact_rxnorm
23506,1592737,nintedanib,IN,direct_anchor_exact_rxnorm
23510,1426867,niobium,IN,direct_anchor_exact_rxnorm
23515,8011,pentostatin,IN,direct_anchor_exact_rxnorm
23517,2712693,nipocalimab,IN,direct_anchor_exact_rxnorm
23521,1918231,niraparib,IN,direct_anchor_exact_rxnorm
23524,2587892,nirmatrelvir,IN,direct_anchor_exact_rxnorm
23526,2670631,nirogacestat,IN,direct_anchor_exact_rxnorm
23527,2642401,nirsevimab,IN,direct_anchor_exact_rxnorm
23534,7435,nisoldipine,IN,direct_anchor_exact_rxnorm
23540,1311555,nitarsone,IN,direct_anchor_exact_rxnorm
23541,31819,nitazoxanide,IN,direct_anchor_exact_rxnorm
23543,341379,nitenpyram,IN,direct_anchor_exact_rxnorm
23545,61805,nitisinone,IN,direct_anchor_exact_rxnorm
23549,1546271,nitrate ion,IN,unique_convergent_term_evidence
23550,7440,nitrazepam,IN,direct_anchor_exact_rxnorm
23553,7441,nitrendipine,IN,direct_anchor_exact_rxnorm
23554,1311391,nitric acid,IN,direct_anchor_exact_rxnorm
23555,7442,nitric oxide,IN,direct_anchor_exact_rxnorm
23560,1546424,nitrite ion,IN,unique_convergent_term_evidence
23573,7455,nitrofurazone,IN,unique_convergent_term_evidence
23574,7454,nitrofurantoin,IN,direct_anchor_exact_rxnorm
23577,7456,nitrogen,IN,direct_anchor_exact_rxnorm
23580,4917,nitroglycerin,IN,direct_anchor_exact_rxnorm
23583,89721,nitromersol,IN,direct_anchor_exact_rxnorm
23588,7476,nitroprusside,IN,direct_anchor_exact_rxnorm
23598,7486,nitrous oxide,IN,direct_anchor_exact_rxnorm
23600,31901,nitroxoline,IN,direct_anchor_exact_rxnorm
23610,1597876,nivolumab,IN,direct_anchor_exact_rxnorm
23611,2596775,nivolumab / relatlimab,MIN,unique_convergent_term_evidence
23614,42319,nizatidine,IN,direct_anchor_exact_rxnorm
23660,10324,tamoxifen,IN,unique_convergent_term_evidence
23662,31930,nomegestrol,IN,direct_anchor_exact_rxnorm
23663,31930,nomegestrol,IN,direct_anchor_exact_rxnorm
23665,7500,nomifensine,IN,direct_anchor_exact_rxnorm
23666,7500,nomifensine,IN,direct_anchor_exact_rxnorm
23675,4249,factor ix,IN,unique_convergent_term_evidence
23680,1946823,nonathymulin,IN,direct_anchor_exact_rxnorm
23681,31945,nonivamide,IN,direct_anchor_exact_rxnorm
23683,1311556,nonoxynol-10,IN,direct_anchor_exact_rxnorm
23684,1311559,nonoxynol-30,IN,direct_anchor_exact_rxnorm
23685,1368184,nonoxynol-4,IN,direct_anchor_exact_rxnorm
23686,53750,nonoxynol-9,IN,direct_anchor_exact_rxnorm
23704,3155,nordazepam,IN,direct_anchor_exact_rxnorm
23709,326374,norelgestromin,IN,direct_anchor_exact_rxnorm
23711,7512,norepinephrine,IN,direct_anchor_exact_rxnorm
23713,7513,norethandrolone,IN,direct_anchor_exact_rxnorm
23714,7514,norethindrone,IN,direct_anchor_exact_rxnorm
23715,7514,norethindrone,IN,unique_convergent_term_evidence
23716,7515,norethynodrel,IN,direct_anchor_exact_rxnorm
23718,31988,norfenefrine,IN,direct_anchor_exact_rxnorm
23719,31988,norfenefrine,IN,direct_anchor_exact_rxnorm
23720,7517,norfloxacin,IN,direct_anchor_exact_rxnorm
23722,1311560,norflurane,IN,direct_anchor_exact_rxnorm
23723,31994,norgestimate,IN,direct_anchor_exact_rxnorm
23725,7518,norgestrel,IN,direct_anchor_exact_rxnorm
23726,7519,norgestrienone,IN,direct_anchor_exact_rxnorm
23732,32009,normethadone,IN,direct_anchor_exact_rxnorm
23745,7531,nortriptyline,IN,direct_anchor_exact_rxnorm
23746,7531,nortriptyline,IN,direct_anchor_exact_rxnorm
23752,7533,noscapine,IN,direct_anchor_exact_rxnorm
23773,7538,novobiocin,IN,direct_anchor_exact_rxnorm
23775,7538,novobiocin,IN,direct_anchor_exact_rxnorm
23797,805452,romiplostim,IN,direct_anchor_exact_rxnorm
23824,1720597,mepolizumab,IN,direct_anchor_exact_rxnorm
23837,787390,tapentadol,IN,direct_anchor_exact_rxnorm
23845,1863556,nusinersen,IN,direct_anchor_exact_rxnorm
23848,1309209,nutmeg oil,IN,direct_anchor_exact_rxnorm
23854,314743,nux vomica extract,IN,direct_anchor_exact_rxnorm
23879,7595,nylidrin,IN,direct_anchor_exact_rxnorm
23880,7595,nylidrin,IN,direct_anchor_exact_rxnorm
23919,1364387,o-cymen-5-ol,IN,direct_anchor_exact_rxnorm
23931,285251,oats preparation,IN,unique_convergent_term_evidence
23937,2698195,obecabtagene autoleucel,IN,direct_anchor_exact_rxnorm
23944,1798288,obeticholic acid,IN,direct_anchor_exact_rxnorm
23952,42826,obidoxime,IN,direct_anchor_exact_rxnorm
23953,42826,obidoxime,IN,direct_anchor_exact_rxnorm
23954,1746906,obiltoxaximab,IN,direct_anchor_exact_rxnorm
23977,1487006,oclacitinib,IN,direct_anchor_exact_rxnorm
23978,1487006,oclacitinib,IN,direct_anchor_exact_rxnorm
23980,1876366,ocrelizumab,IN,direct_anchor_exact_rxnorm
23981,29998,ocriplasmin,IN,direct_anchor_exact_rxnorm
23985,12166,1-octacosanol,IN,unique_convergent_term_evidence
24000,2119240,octenidine,IN,direct_anchor_exact_rxnorm
24001,2119240,octenidine,IN,direct_anchor_exact_rxnorm
24004,13369,octinoxate,IN,direct_anchor_exact_rxnorm
24005,91327,octisalate,IN,direct_anchor_exact_rxnorm
24006,77674,octocrylene,IN,direct_anchor_exact_rxnorm
24007,236867,octodrine,IN,direct_anchor_exact_rxnorm
24008,1311141,octopamine,IN,direct_anchor_exact_rxnorm
24011,7617,octreotide,IN,direct_anchor_exact_rxnorm
24025,1314657,octyl triazone,IN,direct_anchor_exact_rxnorm
24026,1367124,octyl dodecanol,IN,unique_convergent_term_evidence
24038,1727492,emtricitabine / rilpivirine / tenofovir alafenamide,MIN,direct_anchor_exact_rxnorm
24039,2461340,odesivimab,IN,direct_anchor_exact_rxnorm
24041,2563966,odevixibat,IN,direct_anchor_exact_rxnorm
24046,895538,white-tailed deer hair extract,IN,unique_convergent_term_evidence
24047,1659191,sonidegib,IN,direct_anchor_exact_rxnorm
24050,7623,ofloxacin,IN,direct_anchor_exact_rxnorm
24057,1367088,oftasceine,IN,direct_anchor_exact_rxnorm
24065,2682434,tovorafenib,IN,direct_anchor_exact_rxnorm
24073,2712235,olaflur,IN,direct_anchor_exact_rxnorm
24078,61381,olanzapine,IN,direct_anchor_exact_rxnorm
24079,61381,olanzapine,IN,direct_anchor_exact_rxnorm
24084,1307955,olea europaea leaf extract,IN,unique_convergent_term_evidence
24085,852653,european olive pollen extract,IN,unique_convergent_term_evidence
24086,7629,oleandomycin,IN,direct_anchor_exact_rxnorm
24090,70616,oleate,IN,direct_anchor_exact_rxnorm
24098,1310603,oleyl alcohol,IN,direct_anchor_exact_rxnorm
24099,1426427,oleyl oleate,IN,direct_anchor_exact_rxnorm
24101,2701418,olezarsen,IN,direct_anchor_exact_rxnorm
24102,2701418,olezarsen,IN,direct_anchor_exact_rxnorm
24105,2392230,oliceridine,IN,direct_anchor_exact_rxnorm
24115,2610407,olipudase alfa,IN,direct_anchor_exact_rxnorm
24117,1309250,olive oil,IN,direct_anchor_exact_rxnorm
24121,321064,olmesartan,IN,direct_anchor_exact_rxnorm
24125,1546059,olodaterol,IN,direct_anchor_exact_rxnorm
24126,1546059,olodaterol,IN,direct_anchor_exact_rxnorm
24130,135391,olopatadine,IN,direct_anchor_exact_rxnorm
24131,2591802,mometasone / olopatadine,MIN,direct_anchor_exact_rxnorm
24138,32385,olsalazine,IN,direct_anchor_exact_rxnorm
24141,2623641,olutasidenib,IN,direct_anchor_exact_rxnorm
24147,2059269,omadacycline,IN,direct_anchor_exact_rxnorm
24148,302379,omalizumab,IN,direct_anchor_exact_rxnorm
24151,2631931,omaveloxolone,IN,direct_anchor_exact_rxnorm
24153,1597371,ombitasvir,IN,direct_anchor_exact_rxnorm
24160,4301,omega-3 fatty acids,IN,direct_anchor_exact_rxnorm
24161,484348,omega-3 acid ethyl esters (usp),IN,unique_convergent_term_evidence
24166,2053495,fish oil (containing omega-3 acids),IN,direct_anchor_exact_rxnorm
24168,7646,omeprazole,IN,direct_anchor_exact_rxnorm
24173,2612691,omidenepag,IN,direct_anchor_exact_rxnorm
24174,2612691,omidenepag,IN,direct_anchor_exact_rxnorm
24175,2637355,omidubicel,IN,direct_anchor_exact_rxnorm
24182,1298944,pertuzumab,IN,unique_convergent_term_evidence
24183,32411,omoconazole,IN,direct_anchor_exact_rxnorm
24204,2170226,onasemnogene abeparvovec,IN,direct_anchor_exact_rxnorm
24209,34132,pegaspargase,IN,direct_anchor_exact_rxnorm
24255,26225,ondansetron,IN,direct_anchor_exact_rxnorm
24259,26225,ondansetron,IN,direct_anchor_exact_rxnorm
24331,2362167,opicapone,IN,direct_anchor_exact_rxnorm
24338,7674,opipramol,IN,direct_anchor_exact_rxnorm
24339,7674,opipramol,IN,direct_anchor_exact_rxnorm
24341,7676,opium,IN,direct_anchor_exact_rxnorm
24347,139994,oprelvekin,IN,direct_anchor_exact_rxnorm
24373,166283,lidocaine / prilocaine,MIN,direct_anchor_exact_rxnorm
24378,995897,orbifloxacin,IN,direct_anchor_exact_rxnorm
24381,7688,metaproterenol,IN,unique_convergent_term_evidence
24395,2739838,orforglipron,IN,direct_anchor_exact_rxnorm
24396,2739838,orforglipron,IN,direct_anchor_exact_rxnorm
24406,32526,orgotein,IN,direct_anchor_exact_rxnorm
24407,2472778,relugolix,IN,direct_anchor_exact_rxnorm
24418,1547611,oritavancin,IN,direct_anchor_exact_rxnorm
24419,1547611,oritavancin,IN,direct_anchor_exact_rxnorm
24420,37925,orlistat,IN,direct_anchor_exact_rxnorm
24425,32533,ormetoprim,IN,direct_anchor_exact_rxnorm
24427,7701,ornidazole,IN,direct_anchor_exact_rxnorm
24428,7703,ornipressin,IN,direct_anchor_exact_rxnorm
24429,7704,ornithine,IN,direct_anchor_exact_rxnorm
24432,7712,orotic acid,IN,direct_anchor_exact_rxnorm
24433,7712,orotic acid,IN,direct_anchor_exact_rxnorm
24438,7715,orphenadrine,IN,direct_anchor_exact_rxnorm
24439,466549,aspirin / caffeine / orphenadrine,MIN,direct_anchor_exact_rxnorm
24440,7715,orphenadrine,IN,direct_anchor_exact_rxnorm
24446,2266810,orthocresol,IN,direct_anchor_exact_rxnorm
24449,1309780,clerodendranthus spicatus leaf extract,IN,unique_convergent_term_evidence
24456,895527,european rabbit hair extract,IN,unique_convergent_term_evidence
24457,895195,european rabbit skin extract,IN,unique_convergent_term_evidence
24465,1360626,"(all-z)-4,7,10,13,16-docosapentaenoic acid",IN,unique_convergent_term_evidence
24468,260101,oseltamivir,IN,direct_anchor_exact_rxnorm
24469,1546279,oseltamivir carboxylate,IN,unique_convergent_term_evidence
24470,260101,oseltamivir,IN,direct_anchor_exact_rxnorm
24487,2286252,osilodrostat,IN,direct_anchor_exact_rxnorm
24488,2286252,osilodrostat,IN,direct_anchor_exact_rxnorm
24490,1721560,osimertinib,IN,direct_anchor_exact_rxnorm
24498,1370971,ospemifene,IN,direct_anchor_exact_rxnorm
24547,2602577,oteseconazole,IN,direct_anchor_exact_rxnorm
24558,1596454,betamethasone / clotrimazole / gentamicin,MIN,direct_anchor_exact_rxnorm
24563,7762,ouabain,IN,direct_anchor_exact_rxnorm
24569,38508,treosulfan,IN,unique_convergent_term_evidence
24570,1427208,ovemotide,IN,direct_anchor_exact_rxnorm
24576,28068,oxaceprol,IN,direct_anchor_exact_rxnorm
24577,7773,oxacillin,IN,direct_anchor_exact_rxnorm
24582,1441660,oxalate,IN,direct_anchor_exact_rxnorm
24583,1427058,oxalic acid,IN,direct_anchor_exact_rxnorm
24589,1661330,oxaloacetate,IN,direct_anchor_exact_rxnorm
24595,7778,oxamniquine,IN,direct_anchor_exact_rxnorm
24598,7779,oxandrolone,IN,direct_anchor_exact_rxnorm
24599,1871175,oxantel,IN,direct_anchor_exact_rxnorm
24603,32613,oxaprozin,IN,direct_anchor_exact_rxnorm
24604,32613,oxaprozin,IN,direct_anchor_exact_rxnorm
24606,54236,oxatomide,IN,direct_anchor_exact_rxnorm
24607,7781,oxazepam,IN,direct_anchor_exact_rxnorm
24614,2265678,voxelotor,IN,direct_anchor_exact_rxnorm
24615,32624,oxcarbazepine,IN,direct_anchor_exact_rxnorm
24619,32626,oxeladin,IN,direct_anchor_exact_rxnorm
24623,67187,oxerutins,IN,direct_anchor_exact_rxnorm
24627,32633,oxetorone,IN,direct_anchor_exact_rxnorm
24628,32633,oxetorone,IN,direct_anchor_exact_rxnorm
24629,32634,oxfendazole,IN,direct_anchor_exact_rxnorm
24632,1009342,oxibendazole,IN,direct_anchor_exact_rxnorm
24634,32638,oxiconazole,IN,direct_anchor_exact_rxnorm
24635,32638,oxiconazole,IN,direct_anchor_exact_rxnorm
24639,2221,cellulose,IN,unique_convergent_term_evidence
24642,1306068,oxidronate,IN,direct_anchor_exact_rxnorm
24646,32639,oxilofrine,IN,direct_anchor_exact_rxnorm
24656,32645,oxiracetam,IN,direct_anchor_exact_rxnorm
24662,,,,ambiguous_legacy_anchor_evidence
24664,32649,oxitropium,IN,direct_anchor_exact_rxnorm
24665,32649,oxitropium,IN,direct_anchor_exact_rxnorm
24670,2593371,oxogestone,IN,direct_anchor_exact_rxnorm
24672,17511,alpha-ketoglutaric acid,IN,unique_convergent_term_evidence
24673,32658,oxolamine,IN,direct_anchor_exact_rxnorm
24674,7798,oxolinic acid,IN,direct_anchor_exact_rxnorm
24679,1926836,oxothiazolidinecarboxylic acid,IN,direct_anchor_exact_rxnorm
24683,7801,oxprenolol,IN,direct_anchor_exact_rxnorm
24684,7801,oxprenolol,IN,direct_anchor_exact_rxnorm
24687,20976,oxtriphylline,IN,direct_anchor_exact_rxnorm
24689,32673,oxybenzone,IN,direct_anchor_exact_rxnorm
24690,18889,benoxinate,IN,unique_convergent_term_evidence
24691,32675,oxybutynin,IN,direct_anchor_exact_rxnorm
24692,32680,oxychlorosene,IN,direct_anchor_exact_rxnorm
24693,32680,oxychlorosene,IN,direct_anchor_exact_rxnorm
24698,7804,oxycodone,IN,direct_anchor_exact_rxnorm
24699,7804,oxycodone,IN,unique_convergent_term_evidence
24701,215451,aspirin / oxycodone hydrochloride / oxycodone terephthalate,MIN,direct_anchor_exact_rxnorm
24704,7805,oxyfedrine,IN,direct_anchor_exact_rxnorm
24705,7805,oxyfedrine,IN,direct_anchor_exact_rxnorm
24706,7806,oxygen,IN,direct_anchor_exact_rxnorm
24713,7812,oxymetazoline,IN,direct_anchor_exact_rxnorm
24714,7813,oxymetholone,IN,direct_anchor_exact_rxnorm
24715,7814,oxymorphone,IN,direct_anchor_exact_rxnorm
24716,7814,oxymorphone,IN,direct_anchor_exact_rxnorm
24718,7815,oxypertine,IN,direct_anchor_exact_rxnorm
24719,7816,oxyphenbutazone,IN,direct_anchor_exact_rxnorm
24721,32698,oxyphencyclimine,IN,direct_anchor_exact_rxnorm
24722,32698,oxyphencyclimine,IN,direct_anchor_exact_rxnorm
24723,8136,oxyphenisatin,IN,direct_anchor_exact_rxnorm
24725,7818,oxyphenonium,IN,direct_anchor_exact_rxnorm
24726,7818,oxyphenonium,IN,direct_anchor_exact_rxnorm
24729,110,oxyquinoline,IN,direct_anchor_exact_rxnorm
24734,7821,oxytetracycline,IN,direct_anchor_exact_rxnorm
24735,7821,oxytetracycline,IN,direct_anchor_exact_rxnorm
24736,7821,oxytetracycline,IN,direct_anchor_exact_rxnorm
24737,7821,oxytetracycline,IN,direct_anchor_exact_rxnorm
24738,7824,oxytocin,IN,direct_anchor_exact_rxnorm
24741,973274,oyster allergenic extract,IN,unique_convergent_term_evidence
24744,2288236,ozanimod,IN,direct_anchor_exact_rxnorm
24745,2288236,ozanimod,IN,direct_anchor_exact_rxnorm
24748,1994739,ozenoxacin,IN,direct_anchor_exact_rxnorm
24751,2289011,ozone,IN,direct_anchor_exact_rxnorm
24754,3264,dexamethasone,IN,direct_anchor_exact_rxnorm
24762,1435279,4-aminophenol,IN,unique_convergent_term_evidence
24775,1485787,4-coumaric acid,IN,unique_convergent_term_evidence
24776,2467144,para-cresol,IN,unique_convergent_term_evidence
24783,2571811,p-nitrobiphenyl,IN,direct_anchor_exact_rxnorm
24787,1362740,4-phenylenediamine,IN,unique_convergent_term_evidence
24790,1427189,p-tert-butylphenol-formaldehyde resin (low molecular weight),IN,direct_anchor_exact_rxnorm
24830,56946,paclitaxel,IN,direct_anchor_exact_rxnorm
24839,2595243,pacritinib,IN,direct_anchor_exact_rxnorm
24846,1363712,padimate a,IN,direct_anchor_exact_rxnorm
24847,32786,padimate-o,IN,unique_convergent_term_evidence
24853,1307731,paeonia lactiflora root extract,IN,unique_convergent_term_evidence
24856,2586857,pafolacianine,IN,direct_anchor_exact_rxnorm
24857,718967,pafuramidine,IN,direct_anchor_exact_rxnorm
24874,679314,paliperidone,IN,direct_anchor_exact_rxnorm
24875,679314,paliperidone,IN,direct_anchor_exact_rxnorm
24877,194279,palivizumab,IN,direct_anchor_exact_rxnorm
24882,32809,palm oil,IN,direct_anchor_exact_rxnorm
24883,2001986,palmidrol,IN,direct_anchor_exact_rxnorm
24885,1370621,palmitate,IN,direct_anchor_exact_rxnorm
24886,2475954,palmitoleate,IN,direct_anchor_exact_rxnorm
24887,1314373,palmitoyl oligopeptide,IN,direct_anchor_exact_rxnorm
24888,1314277,palmitoyl tetrapeptide-7,IN,direct_anchor_exact_rxnorm
24895,32915,teriparatide,IN,direct_anchor_exact_rxnorm
24897,2663954,palovarotene,IN,direct_anchor_exact_rxnorm
24899,2724363,paltusotine,IN,direct_anchor_exact_rxnorm
24900,2724363,paltusotine,IN,direct_anchor_exact_rxnorm
24904,54365,pamabrom,IN,direct_anchor_exact_rxnorm
24911,11473,pamidronate,IN,direct_anchor_exact_rxnorm
24942,1365707,panax notoginseng root extract,IN,unique_convergent_term_evidence
24947,7880,pancreatin,IN,unique_convergent_term_evidence
24948,560,alpha-amylase,IN,unique_convergent_term_evidence
24951,7883,pancuronium,IN,direct_anchor_exact_rxnorm
24952,5175,hemin,IN,direct_anchor_exact_rxnorm
24955,263034,panitumumab,IN,direct_anchor_exact_rxnorm
24956,1007769,bismuth subcitrate / metronidazole / tetracycline,MIN,unique_convergent_term_evidence
24963,32863,pantethine,IN,direct_anchor_exact_rxnorm
24964,1044977,panthenol,IN,direct_anchor_exact_rxnorm
24965,40790,pantoprazole,IN,direct_anchor_exact_rxnorm
24967,7891,pantothenic acid,IN,direct_anchor_exact_rxnorm
24977,7892,papain,IN,direct_anchor_exact_rxnorm
24978,7895,papaverine,IN,direct_anchor_exact_rxnorm
24991,14982,parachlorophenol,IN,direct_anchor_exact_rxnorm
24993,7906,paraffin,IN,direct_anchor_exact_rxnorm
24995,7909,paraldehyde,IN,direct_anchor_exact_rxnorm
24996,32894,paramethadione,IN,direct_anchor_exact_rxnorm
24997,7910,paramethasone,IN,direct_anchor_exact_rxnorm
24998,7910,paramethasone,IN,direct_anchor_exact_rxnorm
25007,1998744,parasorbate,IN,direct_anchor_exact_rxnorm
25010,1427222,parathyroid hormone,IN,direct_anchor_exact_rxnorm
25021,279950,parecoxib,IN,direct_anchor_exact_rxnorm
25022,279950,parecoxib,IN,direct_anchor_exact_rxnorm
25023,2619909,pareptide,IN,direct_anchor_exact_rxnorm
25025,236249,parethoxycaine,IN,direct_anchor_exact_rxnorm
25030,76273,propinox,IN,unique_convergent_term_evidence
25031,76273,propinox,IN,direct_anchor_exact_rxnorm
25033,7930,pargyline,IN,direct_anchor_exact_rxnorm
25034,7930,pargyline,IN,direct_anchor_exact_rxnorm
25035,73710,paricalcitol,IN,direct_anchor_exact_rxnorm
25044,1597373,paritaprevir,IN,direct_anchor_exact_rxnorm
25045,852359,palo verde pollen extract,IN,unique_convergent_term_evidence
25046,69528,parnaparin,IN,direct_anchor_exact_rxnorm
25047,10734,tranylcypromine,IN,direct_anchor_exact_rxnorm
25049,7934,paromomycin,IN,direct_anchor_exact_rxnorm
25051,32937,paroxetine,IN,direct_anchor_exact_rxnorm
25052,32937,paroxetine,IN,direct_anchor_exact_rxnorm
25053,32937,paroxetine,IN,direct_anchor_exact_rxnorm
25079,32941,parthenolide,IN,direct_anchor_exact_rxnorm
25086,852659,western wheatgrass pollen extract,IN,unique_convergent_term_evidence
25088,1364105,pasireotide,IN,direct_anchor_exact_rxnorm
25089,852673,bahia grass pollen extract,IN,unique_convergent_term_evidence
25091,,,,ambiguous_legacy_anchor_evidence
25096,32950,patent blue violet,IN,unique_convergent_term_evidence
25101,1716203,patiromer,IN,direct_anchor_exact_rxnorm
25103,1716203,patiromer,IN,direct_anchor_exact_rxnorm
25104,2053490,patisiran,IN,direct_anchor_exact_rxnorm
25121,714438,pazopanib,IN,direct_anchor_exact_rxnorm
25174,892575,peach allergenic extract,IN,unique_convergent_term_evidence
25176,18235,peanut oil,IN,direct_anchor_exact_rxnorm
25180,892332,pecan allergenic extract,IN,unique_convergent_term_evidence
25189,32987,pectin,IN,direct_anchor_exact_rxnorm
25190,4053,erythromycin,IN,unique_convergent_term_evidence
25194,1546411,thiosulfate,IN,direct_anchor_exact_rxnorm
25198,7960,pefloxacin,IN,direct_anchor_exact_rxnorm
25199,7960,pefloxacin,IN,direct_anchor_exact_rxnorm
25202,1367120,peg-100 stearate,IN,direct_anchor_exact_rxnorm
25214,59768,pegademase bovine,IN,unique_convergent_term_evidence
25219,498509,pegaptanib,IN,direct_anchor_exact_rxnorm
25221,120608,peginterferon alfa-2a,IN,direct_anchor_exact_rxnorm
25224,2557372,pegcetacoplan,IN,direct_anchor_exact_rxnorm
25231,338036,pegfilgrastim,IN,direct_anchor_exact_rxnorm
25232,338036,pegfilgrastim,IN,direct_anchor_exact_rxnorm
25234,1248798,peginesatide,IN,direct_anchor_exact_rxnorm
25235,1248798,peginesatide,IN,direct_anchor_exact_rxnorm
25236,253453,peginterferon alfa-2b,IN,direct_anchor_exact_rxnorm
25238,1546168,peginterferon beta-1a,IN,direct_anchor_exact_rxnorm
25243,1011650,pegloticase,IN,direct_anchor_exact_rxnorm
25252,1607779,pegoterate,IN,direct_anchor_exact_rxnorm
25253,1367127,pegoxol 7 stearate,IN,direct_anchor_exact_rxnorm
25263,2637446,pegunigalsidase alfa,IN,direct_anchor_exact_rxnorm
25264,2046360,pegvaliase,IN,direct_anchor_exact_rxnorm
25265,278739,pegvisomant,IN,direct_anchor_exact_rxnorm
25273,4257,factor viii,IN,unique_convergent_term_evidence
25277,2738648,pegzilarginase,IN,direct_anchor_exact_rxnorm
25286,1310166,pelargonium sidoides root extract,IN,unique_convergent_term_evidence
25301,2359268,pemigatinib,IN,direct_anchor_exact_rxnorm
25314,19551,pemirolast,IN,direct_anchor_exact_rxnorm
25315,19551,pemirolast,IN,direct_anchor_exact_rxnorm
25318,7966,pemoline,IN,direct_anchor_exact_rxnorm
25329,7973,penbutolol,IN,direct_anchor_exact_rxnorm
25330,7973,penbutolol,IN,direct_anchor_exact_rxnorm
25331,59839,penciclovir,IN,direct_anchor_exact_rxnorm
25337,7974,penfluridol,IN,direct_anchor_exact_rxnorm
25340,7975,penicillamine,IN,direct_anchor_exact_rxnorm
25343,7980,penicillin g,IN,direct_anchor_exact_rxnorm
25344,7984,penicillin v,IN,direct_anchor_exact_rxnorm
25351,972365,penicillium roquefortii allergenic extract,IN,unique_convergent_term_evidence
25358,2712542,penpulimab,IN,direct_anchor_exact_rxnorm
25363,1312715,pentadecalactone,IN,direct_anchor_exact_rxnorm
25364,1987138,pentadecanoic acid,IN,direct_anchor_exact_rxnorm
25367,33055,pentaerythritol,IN,unique_convergent_term_evidence
25368,1591891,pentafluoropropane,IN,direct_anchor_exact_rxnorm
25371,7993,pentagastrin,IN,direct_anchor_exact_rxnorm
25376,7994,pentamidine,IN,direct_anchor_exact_rxnorm
25387,816249,pentastarch,IN,direct_anchor_exact_rxnorm
25389,1546283,antimony cation (5+),IN,unique_convergent_term_evidence
25390,8001,pentazocine,IN,direct_anchor_exact_rxnorm
25391,8001,pentazocine,IN,direct_anchor_exact_rxnorm
25392,8001,pentazocine,IN,direct_anchor_exact_rxnorm
25393,1369590,pentetate calcium,IN,direct_anchor_exact_rxnorm
25395,11431,zinc-dtpa,IN,direct_anchor_exact_rxnorm
25396,618371,pentetate,IN,direct_anchor_exact_rxnorm
25398,69893,pentetreotide,IN,direct_anchor_exact_rxnorm
25401,33086,pentifylline,IN,direct_anchor_exact_rxnorm
25406,8004,pentobarbital,IN,direct_anchor_exact_rxnorm
25414,155046,pentosan polysulfate,IN,direct_anchor_exact_rxnorm
25416,8013,pentoxifylline,IN,direct_anchor_exact_rxnorm
25417,20217,carbetapentane,IN,unique_convergent_term_evidence
25424,2288155,peoniflorin,IN,direct_anchor_exact_rxnorm
25431,33094,peppermint oil,IN,direct_anchor_exact_rxnorm
25433,8016,pepsin a,IN,unique_convergent_term_evidence
25443,19478,bismuth subsalicylate,IN,direct_anchor_exact_rxnorm
25444,2045732,peracetic acid,IN,direct_anchor_exact_rxnorm
25449,619693,peramivir,IN,direct_anchor_exact_rxnorm
25450,1356552,perampanel,IN,direct_anchor_exact_rxnorm
25454,8042,perazine,IN,direct_anchor_exact_rxnorm
25461,214183,acetaminophen / oxycodone,MIN,direct_anchor_exact_rxnorm
25462,,,,ambiguous_legacy_anchor_evidence
25466,2474632,perflenapent,IN,direct_anchor_exact_rxnorm
25468,1540828,perflexane,IN,direct_anchor_exact_rxnorm
25474,2462501,perflunafene,IN,unique_convergent_term_evidence
25475,2637547,perfluorohexyloctane,IN,direct_anchor_exact_rxnorm
25477,283753,perflutren,IN,direct_anchor_exact_rxnorm
25481,8047,pergolide,IN,direct_anchor_exact_rxnorm
25482,8047,pergolide,IN,direct_anchor_exact_rxnorm
25483,8050,perhexiline,IN,direct_anchor_exact_rxnorm
25486,8766,periciazine,IN,direct_anchor_exact_rxnorm
25492,54552,perindopril,IN,direct_anchor_exact_rxnorm
25493,1546400,perindoprilat,IN,direct_anchor_exact_rxnorm
25495,905258,american cockroach allergenic extract,IN,unique_convergent_term_evidence
25501,33199,permethrin,IN,direct_anchor_exact_rxnorm
25504,8076,perphenazine,IN,direct_anchor_exact_rxnorm
25505,8076,perphenazine,IN,direct_anchor_exact_rxnorm
25517,8080,pertussis vaccine,IN,direct_anchor_exact_rxnorm
25518,2382603,hyaluronidase / pertuzumab / trastuzumab,MIN,unique_convergent_term_evidence
25531,8091,petrolatum,IN,direct_anchor_exact_rxnorm
25542,2183102,pexidartinib,IN,direct_anchor_exact_rxnorm
25619,852697,canary grass pollen extract,IN,unique_convergent_term_evidence
25620,1098232,littleseed canary grass pollen extract,IN,unique_convergent_term_evidence
25641,1312717,phellinus linteus mycelium extract,IN,unique_convergent_term_evidence
25642,1307947,phellodendron amurense bark extract,IN,unique_convergent_term_evidence
25647,33253,phenacemide,IN,direct_anchor_exact_rxnorm
25648,8113,phenacetin,IN,direct_anchor_exact_rxnorm
25660,8119,phenazocine,IN,direct_anchor_exact_rxnorm
25661,8119,phenazocine,IN,direct_anchor_exact_rxnorm
25662,8120,phenazopyridine,IN,direct_anchor_exact_rxnorm
25668,33272,phendimetrazine,IN,direct_anchor_exact_rxnorm
25669,8123,phenelzine,IN,direct_anchor_exact_rxnorm
25670,8745,promethazine,IN,direct_anchor_exact_rxnorm
25676,1309741,phenethylamine,IN,direct_anchor_exact_rxnorm
25679,8129,phenformin,IN,direct_anchor_exact_rxnorm
25680,8129,phenformin,IN,direct_anchor_exact_rxnorm
25683,235808,phenicarbazide,IN,direct_anchor_exact_rxnorm
25684,33283,phenindamine,IN,direct_anchor_exact_rxnorm
25685,33283,phenindamine,IN,direct_anchor_exact_rxnorm
25686,8130,phenindione,IN,direct_anchor_exact_rxnorm
25689,8132,pheniramine,IN,direct_anchor_exact_rxnorm
25690,8133,phenmetrazine,IN,direct_anchor_exact_rxnorm
25691,8133,phenmetrazine,IN,direct_anchor_exact_rxnorm
25692,8134,phenobarbital,IN,direct_anchor_exact_rxnorm
25694,8134,phenobarbital,IN,direct_anchor_exact_rxnorm
25696,33290,phenol,IN,direct_anchor_exact_rxnorm
25697,1495318,phenolate,IN,direct_anchor_exact_rxnorm
25698,155122,phenolphthalein,IN,direct_anchor_exact_rxnorm
25699,1651702,phenolsulfonate,IN,direct_anchor_exact_rxnorm
25700,8141,phenolsulfonphthalein,IN,direct_anchor_exact_rxnorm
25702,8143,phenoperidine,IN,direct_anchor_exact_rxnorm
25705,33303,phenothrin,IN,direct_anchor_exact_rxnorm
25706,1426336,phenoxyacetate,IN,direct_anchor_exact_rxnorm
25707,8149,phenoxybenzamine,IN,direct_anchor_exact_rxnorm
25708,89552,phenoxyethanol,IN,direct_anchor_exact_rxnorm
25711,8150,phenprocoumon,IN,direct_anchor_exact_rxnorm
25714,33309,phensuximide,IN,direct_anchor_exact_rxnorm
25715,8152,phentermine,IN,direct_anchor_exact_rxnorm
25717,8153,phentolamine,IN,direct_anchor_exact_rxnorm
25722,36122,phenyl salicylate,IN,direct_anchor_exact_rxnorm
25723,1310585,phenyl trimethicone,IN,direct_anchor_exact_rxnorm
25727,1367159,phenylacetaldehyde,IN,direct_anchor_exact_rxnorm
25728,70619,phenylacetate,IN,direct_anchor_exact_rxnorm
25729,70619,phenylacetate,IN,direct_anchor_exact_rxnorm
25732,8156,phenylalanine,IN,direct_anchor_exact_rxnorm
25740,8160,phenylbutazone,IN,direct_anchor_exact_rxnorm
25741,81647,phenylbutyrate,IN,unique_convergent_term_evidence
25743,8163,phenylephrine,IN,direct_anchor_exact_rxnorm
25747,8126,phenylethyl alcohol,IN,direct_anchor_exact_rxnorm
25748,1313724,phenylethyl resorcinol,IN,direct_anchor_exact_rxnorm
25751,1426779,phenylmercury,IN,direct_anchor_exact_rxnorm
25754,89722,phenylmercuric nitrate,IN,direct_anchor_exact_rxnorm
25756,8175,phenylpropanolamine,IN,direct_anchor_exact_rxnorm
25757,1007119,acetaminophen / chlorpheniramine / dextromethorphan / phenylpropanolamine,MIN,direct_anchor_exact_rxnorm
25761,33408,phenyltoloxamine,IN,direct_anchor_exact_rxnorm
25766,8183,phenytoin,IN,direct_anchor_exact_rxnorm
25770,851994,timothy grass pollen extract,IN,unique_convergent_term_evidence
25773,1368167,phloretin,IN,direct_anchor_exact_rxnorm
25774,1362735,phlorhizin,IN,unique_convergent_term_evidence
25775,8196,phloroglucinol,IN,direct_anchor_exact_rxnorm
25776,1310707,d&c red no. 28,IN,unique_convergent_term_evidence
25777,852704,date palm pollen extract,IN,unique_convergent_term_evidence
25778,33431,pholcodine,IN,direct_anchor_exact_rxnorm
25779,33432,pholedrine,IN,direct_anchor_exact_rxnorm
25789,486961,phosphate ion,IN,direct_anchor_exact_rxnorm
25792,89959,phosphatidylserine,IN,unique_convergent_term_evidence
25799,8226,phosphocysteamine,IN,direct_anchor_exact_rxnorm
25814,8259,phosphoric acid,IN,direct_anchor_exact_rxnorm
25815,8263,phosphorus,IN,direct_anchor_exact_rxnorm
25816,121070,chromic phosphate p32,IN,unique_convergent_term_evidence
25823,23066,dihematoporphyrin ether,IN,direct_anchor_exact_rxnorm
25829,1999764,pigment blue 16,IN,unique_convergent_term_evidence
25831,89736,phthalylsulfacetamide,IN,direct_anchor_exact_rxnorm
25833,33632,phthalylsulfathiazole,IN,direct_anchor_exact_rxnorm
25836,966692,algal fungi allergenic extract,IN,unique_convergent_term_evidence
25838,8299,physostigmine,IN,direct_anchor_exact_rxnorm
25839,392457,physostigmine / pilocarpine,MIN,direct_anchor_exact_rxnorm
25840,8299,physostigmine,IN,direct_anchor_exact_rxnorm
25843,8302,phytic acid,IN,direct_anchor_exact_rxnorm
25848,,,,ambiguous_legacy_anchor_evidence
25849,1363444,phytosphingosine,IN,direct_anchor_exact_rxnorm
25888,1940636,pibrentasvir,IN,direct_anchor_exact_rxnorm
25894,900704,blue spruce pollen extract,IN,unique_convergent_term_evidence
25909,33684,picolinic acid,IN,direct_anchor_exact_rxnorm
25914,1546458,picosulfurate,IN,direct_anchor_exact_rxnorm
25918,1443000,picrate,IN,direct_anchor_exact_rxnorm
25921,2539172,picrotoxin,IN,direct_anchor_exact_rxnorm
25934,9036,pyrrolidonecarboxylic acid,IN,unique_convergent_term_evidence
25935,40450,pidotimod,IN,direct_anchor_exact_rxnorm
25939,2556617,piflufolastat,IN,unique_convergent_term_evidence
25946,82910,piketoprofen,IN,direct_anchor_exact_rxnorm
25949,8328,pilocarpine,IN,direct_anchor_exact_rxnorm
25952,1311670,pimagedine,IN,direct_anchor_exact_rxnorm
25953,1311670,pimagedine,IN,direct_anchor_exact_rxnorm
25956,1791685,pimavanserin,IN,direct_anchor_exact_rxnorm
25957,1791685,pimavanserin,IN,direct_anchor_exact_rxnorm
25958,2673756,pimeclone,IN,direct_anchor_exact_rxnorm
25959,321952,pimecrolimus,IN,direct_anchor_exact_rxnorm
25964,33712,pimethixene,IN,direct_anchor_exact_rxnorm
25975,1110783,pimobendan,IN,direct_anchor_exact_rxnorm
25979,8331,pimozide,IN,direct_anchor_exact_rxnorm
25981,33717,pinacidil,IN,direct_anchor_exact_rxnorm
25985,33724,pinaverium,IN,direct_anchor_exact_rxnorm
25986,33724,pinaverium,IN,direct_anchor_exact_rxnorm
25989,8332,pindolol,IN,direct_anchor_exact_rxnorm
25990,1360627,pine needle oil (pinus mugo),IN,direct_anchor_exact_rxnorm
25991,8333,pine tar,IN,direct_anchor_exact_rxnorm
26001,1014690,jack pine pollen extract,IN,unique_convergent_term_evidence
26002,898324,lodgepole pine pollen extract,IN,unique_convergent_term_evidence
26004,852709,shortleaf pine pollen extract,IN,unique_convergent_term_evidence
26005,900731,slash pine pollen extract,IN,unique_convergent_term_evidence
26006,900743,western white pine pollen extract,IN,unique_convergent_term_evidence
26007,900750,austrian pine pollen extract,IN,unique_convergent_term_evidence
26008,1014360,longleaf pine pollen extract,IN,unique_convergent_term_evidence
26009,852716,yellow pine pollen extract,IN,unique_convergent_term_evidence
26010,900754,red pine pollen extract,IN,unique_convergent_term_evidence
26011,900758,pitch pine pollen extract,IN,unique_convergent_term_evidence
26012,852738,eastern white pine pollen extract,IN,unique_convergent_term_evidence
26013,900764,scotch pine pollen extract,IN,unique_convergent_term_evidence
26014,900770,loblolly pine pollen extract,IN,unique_convergent_term_evidence
26015,900777,japanese black pine pollen extract,IN,unique_convergent_term_evidence
26016,1013913,scrub pine pollen extract,IN,unique_convergent_term_evidence
26017,33738,pioglitazone,IN,direct_anchor_exact_rxnorm
26020,33739,pipamperone,IN,direct_anchor_exact_rxnorm
26021,33740,pipazethate,IN,direct_anchor_exact_rxnorm
26022,33740,pipazethate,IN,direct_anchor_exact_rxnorm
26024,33742,pipecuronium,IN,direct_anchor_exact_rxnorm
26025,33742,pipecuronium,IN,direct_anchor_exact_rxnorm
26026,113831,pipemidate,IN,direct_anchor_exact_rxnorm
26028,33743,pipenzolate,IN,direct_anchor_exact_rxnorm
26029,33743,pipenzolate,IN,direct_anchor_exact_rxnorm
26031,8338,piperacetazine,IN,direct_anchor_exact_rxnorm
26032,8339,piperacillin,IN,direct_anchor_exact_rxnorm
26036,8340,piperazine,IN,direct_anchor_exact_rxnorm
26037,8340,piperazine,IN,direct_anchor_exact_rxnorm
26039,8340,piperazine,IN,direct_anchor_exact_rxnorm
26040,8340,piperazine,IN,direct_anchor_exact_rxnorm
26041,8340,piperazine,IN,direct_anchor_exact_rxnorm
26042,8340,piperazine,IN,direct_anchor_exact_rxnorm
26046,59064,piperidolate,IN,direct_anchor_exact_rxnorm
26047,59064,piperidolate,IN,direct_anchor_exact_rxnorm
26048,1311146,piperine,IN,direct_anchor_exact_rxnorm
26049,8345,piperonyl butoxide,IN,direct_anchor_exact_rxnorm
26055,8347,pipobroman,IN,direct_anchor_exact_rxnorm
26059,8348,pipothiazine,IN,unique_convergent_term_evidence
26060,8348,pipothiazine,IN,direct_anchor_exact_rxnorm
26062,33758,pipoxolan,IN,direct_anchor_exact_rxnorm
26063,33758,pipoxolan,IN,direct_anchor_exact_rxnorm
26071,33761,piprozoline,IN,unique_convergent_term_evidence
26075,8351,piracetam,IN,direct_anchor_exact_rxnorm
26079,33764,pirarubicin,IN,direct_anchor_exact_rxnorm
26086,33767,pirbuterol,IN,direct_anchor_exact_rxnorm
26087,33767,pirbuterol,IN,direct_anchor_exact_rxnorm
26091,228080,pirenoxine,IN,direct_anchor_exact_rxnorm
26093,8352,pirenzepine,IN,direct_anchor_exact_rxnorm
26094,8352,pirenzepine,IN,direct_anchor_exact_rxnorm
26097,33770,piretanide,IN,direct_anchor_exact_rxnorm
26098,1592254,pirfenidone,IN,direct_anchor_exact_rxnorm
26099,8353,piribedil,IN,direct_anchor_exact_rxnorm
26102,1947299,piridocaine,IN,direct_anchor_exact_rxnorm
26103,1947299,piridocaine,IN,direct_anchor_exact_rxnorm
26120,1367292,pirlimycin,IN,direct_anchor_exact_rxnorm
26121,1367292,pirlimycin,IN,direct_anchor_exact_rxnorm
26128,2058907,piroctone,IN,direct_anchor_exact_rxnorm
26129,33783,piroctone olamine,IN,direct_anchor_exact_rxnorm
26141,8356,piroxicam,IN,direct_anchor_exact_rxnorm
26142,8356,piroxicam,IN,direct_anchor_exact_rxnorm
26152,904606,pistachio nut allergenic extract,IN,unique_convergent_term_evidence
26154,861634,pitavastatin,IN,direct_anchor_exact_rxnorm
26155,861634,pitavastatin,IN,direct_anchor_exact_rxnorm
26158,2197878,pitolisant,IN,direct_anchor_exact_rxnorm
26159,2197878,pitolisant,IN,direct_anchor_exact_rxnorm
26164,8372,pivampicillin,IN,direct_anchor_exact_rxnorm
26165,8372,pivampicillin,IN,direct_anchor_exact_rxnorm
26170,627,amdinocillin pivoxil,IN,unique_convergent_term_evidence
26178,8373,pizotyline,IN,unique_convergent_term_evidence
26193,852742,english plantain pollen extract,IN,unique_convergent_term_evidence
26194,,,,ambiguous_legacy_anchor_evidence
26195,82088,plantago seed,IN,direct_anchor_exact_rxnorm
26196,33835,plasma protein fraction,IN,unique_convergent_term_evidence
26202,2557200,plasminogen,IN,direct_anchor_exact_rxnorm
26208,900788,maple leaf sycamore pollen extract,IN,unique_convergent_term_evidence
26210,852750,western sycamore pollen extract,IN,unique_convergent_term_evidence
26238,1307614,platycodon grandiflorum root extract,IN,unique_convergent_term_evidence
26241,32968,clopidogrel,IN,direct_anchor_exact_rxnorm
26243,2049549,plazomicin,IN,direct_anchor_exact_rxnorm
26244,2049549,plazomicin,IN,direct_anchor_exact_rxnorm
26245,1873752,plecanatide,IN,direct_anchor_exact_rxnorm
26268,2727175,plozasiran,IN,direct_anchor_exact_rxnorm
26269,2727175,plozasiran,IN,direct_anchor_exact_rxnorm
26304,898404,annual bluegrass pollen extract,IN,unique_convergent_term_evidence
26305,1014731,canadian bluegrass pollen extract,IN,unique_convergent_term_evidence
26306,852834,kentucky bluegrass pollen extract,IN,unique_convergent_term_evidence
26313,8463,podofilox,IN,direct_anchor_exact_rxnorm
26314,8462,podophyllin,IN,direct_anchor_exact_rxnorm
26316,1314376,polacrilin,IN,direct_anchor_exact_rxnorm
26317,2179843,polaprezinc,IN,direct_anchor_exact_rxnorm
26319,2174090,polatuzumab vedotin,IN,direct_anchor_exact_rxnorm
26320,33926,poldine,IN,direct_anchor_exact_rxnorm
26321,33926,poldine,IN,direct_anchor_exact_rxnorm
26323,2668059,policapram,IN,direct_anchor_exact_rxnorm
26324,54908,policresulen,IN,direct_anchor_exact_rxnorm
26326,968170,polidocanol,IN,direct_anchor_exact_rxnorm
26327,1426892,polidronium,IN,direct_anchor_exact_rxnorm
26328,1426339,polifeprosan 20,IN,direct_anchor_exact_rxnorm
26331,,,,ambiguous_legacy_anchor_evidence
26332,1541249,polignate sodium,IN,direct_anchor_exact_rxnorm
26333,1373041,polihexanide,IN,direct_anchor_exact_rxnorm
26338,763096,"poliovirus vaccine inactivated, type 1 (mahoney)",IN,unique_convergent_term_evidence
26340,763098,"poliovirus vaccine inactivated, type 2 (mef-1)",IN,unique_convergent_term_evidence
26342,763100,"poliovirus vaccine inactivated, type 3 (saukett)",IN,unique_convergent_term_evidence
26345,1294634,red paper wasp venom protein,IN,unique_convergent_term_evidence
26346,1294628,common paper wasp venom protein,IN,unique_convergent_term_evidence
26347,1294632,northern paper wasp venom protein,IN,unique_convergent_term_evidence
26348,1294630,metricus paper wasp venom protein,IN,unique_convergent_term_evidence
26350,1549143,polixetonium,IN,direct_anchor_exact_rxnorm
26358,1314414,poloxalene,IN,direct_anchor_exact_rxnorm
26359,155152,poloxamer 188,IN,direct_anchor_exact_rxnorm
26360,1492190,poloxamer 237,IN,direct_anchor_exact_rxnorm
26361,1486516,poloxamer 331,IN,direct_anchor_exact_rxnorm
26362,155155,poloxamer 407,IN,direct_anchor_exact_rxnorm
26370,1993232,polyacrylamide (crosslinked; 2 mole percent bisacrylamide),IN,direct_anchor_exact_rxnorm
26372,1314381,polyaminopropyl biguanide,IN,direct_anchor_exact_rxnorm
26375,2049679,polybutester,IN,direct_anchor_exact_rxnorm
26378,1364277,polydatin,IN,direct_anchor_exact_rxnorm
26379,1363053,polydextrose,IN,direct_anchor_exact_rxnorm
26381,34119,polyestradiol,IN,direct_anchor_exact_rxnorm
26382,,,,ambiguous_legacy_anchor_evidence
26384,1367110,polyethylene glycol 1450,IN,direct_anchor_exact_rxnorm
26385,1314382,polyethylene glycol 1500,IN,direct_anchor_exact_rxnorm
26387,1368864,polyethylene glycol 200,IN,direct_anchor_exact_rxnorm
26388,8513,polyethylene glycol 300,IN,direct_anchor_exact_rxnorm
26389,1312707,polyethylene glycol 3500,IN,direct_anchor_exact_rxnorm
26390,8514,polyethylene glycol 400,IN,direct_anchor_exact_rxnorm
26392,1358490,polyethylene glycol 4500,IN,direct_anchor_exact_rxnorm
26393,1310598,polyethylene glycol 600,IN,direct_anchor_exact_rxnorm
26395,1307313,polyethylene glycol 800,IN,direct_anchor_exact_rxnorm
26396,1314204,polyethylene glycol 900,IN,direct_anchor_exact_rxnorm
26399,1310087,polygala senega root extract,IN,unique_convergent_term_evidence
26401,8521,polygeline,IN,direct_anchor_exact_rxnorm
26404,2466982,polyglycolate,IN,direct_anchor_exact_rxnorm
26410,8536,polymyxin b,IN,direct_anchor_exact_rxnorm
26416,34188,polynoxylin,IN,direct_anchor_exact_rxnorm
26417,1309246,polyoxyl 35 castor oil,IN,direct_anchor_exact_rxnorm
26419,1426432,polyoxyl 40 stearate,IN,direct_anchor_exact_rxnorm
26421,1367143,polyquaternium-10 (400 cps at 2%),IN,direct_anchor_exact_rxnorm
26422,1804843,polysaccharide-k,IN,direct_anchor_exact_rxnorm
26424,1367142,polysilicone-15,IN,direct_anchor_exact_rxnorm
26425,8559,polysorbate 20,IN,direct_anchor_exact_rxnorm
26426,1368867,polysorbate 60,IN,direct_anchor_exact_rxnorm
26427,1426405,polysorbate 65,IN,direct_anchor_exact_rxnorm
26428,8560,polysorbate 80,IN,direct_anchor_exact_rxnorm
26429,1368887,polysorbate 85,IN,direct_anchor_exact_rxnorm
26430,1085955,polysulfated glycosaminoglycan,IN,direct_anchor_exact_rxnorm
26431,1358182,polytetrafluoroethylene,IN,direct_anchor_exact_rxnorm
26432,8565,polythiazide,IN,direct_anchor_exact_rxnorm
26436,8570,polyvinyl alcohol,IN,direct_anchor_exact_rxnorm
26443,1369713,pomalidomide,IN,direct_anchor_exact_rxnorm
26444,725206,pomegranate extract,IN,unique_convergent_term_evidence
26451,298983,ponazuril,IN,direct_anchor_exact_rxnorm
26452,2532300,ponesimod,IN,direct_anchor_exact_rxnorm
26457,852382,white poplar pollen extract,IN,unique_convergent_term_evidence
26458,,,,ambiguous_legacy_anchor_evidence
26459,852363,eastern cottonwood pollen extract,IN,unique_convergent_term_evidence
26460,867297,plains cottonwood pollen extract,IN,unique_convergent_term_evidence
26461,852355,fremont cottonwood pollen extract,IN,unique_convergent_term_evidence
26463,852339,aspen pollen extract,IN,unique_convergent_term_evidence
26464,236381,poractant alfa,IN,direct_anchor_exact_rxnorm
26481,282446,posaconazole,IN,direct_anchor_exact_rxnorm
26493,8588,potassium,IN,direct_anchor_exact_rxnorm
26495,54987,potassium acetate,IN,direct_anchor_exact_rxnorm
26496,,,,ambiguous_legacy_anchor_evidence
26498,8589,potassium aspartate,IN,direct_anchor_exact_rxnorm
26499,34296,potassium bicarbonate,IN,direct_anchor_exact_rxnorm
26500,1366859,hydrogen sulfite,IN,direct_anchor_exact_rxnorm
26501,223779,potassium bitartrate,IN,direct_anchor_exact_rxnorm
26502,34300,potassium carbonate,IN,direct_anchor_exact_rxnorm
26503,1318915,potassium ion,IN,unique_convergent_term_evidence
26504,8591,potassium chloride,IN,direct_anchor_exact_rxnorm
26507,54993,potassium citrate,IN,direct_anchor_exact_rxnorm
26508,1923817,cyanide,IN,direct_anchor_exact_rxnorm
26509,8595,potassium dichromate,IN,direct_anchor_exact_rxnorm
26512,89903,potassium gluconate,IN,direct_anchor_exact_rxnorm
26514,636827,guaiacolsulfonate,IN,direct_anchor_exact_rxnorm
26516,34311,potassium hydroxide,IN,direct_anchor_exact_rxnorm
26517,34312,potassium iodate,IN,direct_anchor_exact_rxnorm
26518,8597,potassium iodide,IN,direct_anchor_exact_rxnorm
26519,314797,potassium lactate,IN,direct_anchor_exact_rxnorm
26520,314797,potassium lactate,IN,direct_anchor_exact_rxnorm
26521,1362899,potassium metabisulfite,IN,direct_anchor_exact_rxnorm
26522,1364922,polymetaphosphate,IN,direct_anchor_exact_rxnorm
26523,34316,potassium nitrate,IN,direct_anchor_exact_rxnorm
26525,70616,oleate,IN,direct_anchor_exact_rxnorm
26527,34318,potassium perchlorate,IN,direct_anchor_exact_rxnorm
26528,8604,potassium permanganate,IN,direct_anchor_exact_rxnorm
26533,9525,salicylic acid,IN,direct_anchor_exact_rxnorm
26535,1311363,potassium sodium tartrate,IN,direct_anchor_exact_rxnorm
26536,34323,potassium sulfate,IN,direct_anchor_exact_rxnorm
26538,1376155,potassium triiodide,IN,direct_anchor_exact_rxnorm
26544,8610,povidone,IN,direct_anchor_exact_rxnorm
26545,8610,povidone,IN,direct_anchor_exact_rxnorm
26546,8611,povidone-iodine,IN,direct_anchor_exact_rxnorm
26553,2663938,pozelimab,IN,direct_anchor_exact_rxnorm
26562,1313178,ppg-15 stearyl ether,IN,direct_anchor_exact_rxnorm
26574,8620,practolol,IN,direct_anchor_exact_rxnorm
26575,1037042,dabigatran etexilate,IN,unique_convergent_term_evidence
26576,1037042,dabigatran etexilate,IN,direct_anchor_exact_rxnorm
26579,2713314,prademagene zamikeracel,IN,direct_anchor_exact_rxnorm
26583,1367269,pradofloxacin,IN,direct_anchor_exact_rxnorm
26585,8622,prajmaline,IN,direct_anchor_exact_rxnorm
26586,8622,prajmaline,IN,direct_anchor_exact_rxnorm
26588,34345,pralidoxime,IN,direct_anchor_exact_rxnorm
26589,465370,atropine / pralidoxime,MIN,direct_anchor_exact_rxnorm
26590,34345,pralidoxime,IN,direct_anchor_exact_rxnorm
26591,34345,pralidoxime,IN,direct_anchor_exact_rxnorm
26592,1492039,pralmorelin,IN,direct_anchor_exact_rxnorm
26593,1492039,pralmorelin,IN,direct_anchor_exact_rxnorm
26598,746741,pramipexole,IN,direct_anchor_exact_rxnorm
26602,190433,pramiverine,IN,direct_anchor_exact_rxnorm
26603,139953,pramlintide,IN,direct_anchor_exact_rxnorm
26604,139953,pramlintide,IN,direct_anchor_exact_rxnorm
26605,34347,pramoxine,IN,unique_convergent_term_evidence
26617,3143,prasterone,IN,direct_anchor_exact_rxnorm
26619,3143,prasterone,IN,direct_anchor_exact_rxnorm
26622,613391,prasugrel,IN,direct_anchor_exact_rxnorm
26625,42463,pravastatin,IN,direct_anchor_exact_rxnorm
26629,34347,pramoxine,IN,direct_anchor_exact_rxnorm
26631,1716191,idarucizumab,IN,direct_anchor_exact_rxnorm
26634,8627,prazepam,IN,direct_anchor_exact_rxnorm
26636,8628,praziquantel,IN,direct_anchor_exact_rxnorm
26639,8629,prazosin,IN,direct_anchor_exact_rxnorm
26660,168651,prednazoline,IN,direct_anchor_exact_rxnorm
26666,34369,prednicarbate,IN,direct_anchor_exact_rxnorm
26671,8637,prednimustine,IN,direct_anchor_exact_rxnorm
26675,8638,prednisolone,IN,direct_anchor_exact_rxnorm
26685,12473,prednylidene,IN,direct_anchor_exact_rxnorm
26692,187832,pregabalin,IN,direct_anchor_exact_rxnorm
26695,114052,pregnenolone,IN,direct_anchor_exact_rxnorm
26702,214156,acetaminophen / pamabrom / pyrilamine,MIN,direct_anchor_exact_rxnorm
26711,8674,prenylamine,IN,direct_anchor_exact_rxnorm
26721,2198359,pretomanid,IN,direct_anchor_exact_rxnorm
26722,17128,lansoprazole,IN,direct_anchor_exact_rxnorm
26725,2566305,streptococcus pneumoniae serotype 1 capsular antigen diphtheria crm197 protein conjugate vaccine / streptococcus pneumoniae serotype 10a capsular antigen diphtheria crm197 protein conjugate vaccine / streptococcus pneumoniae serotype 11a capsular antigen diphtheria crm197 protein conjugate vaccine / streptococcus pneumoniae serotype 12f capsular antigen diphtheria crm197 protein conjugate vaccine / streptococcus pneumoniae serotype 14 capsular antigen diphtheria crm197 protein conjugate vaccine / streptococcus pneumoniae serotype 15b capsular antigen diphtheria crm197 protein conjugate vaccine / streptococcus pneumoniae serotype 18c capsular antigen diphtheria crm197 protein conjugate vaccine / streptococcus pneumoniae serotype 19a capsular antigen diphtheria crm197 protein conjugate vaccine / streptococcus pneumoniae serotype 19f capsular antigen diphtheria crm197 protein conjugate vaccine / streptococcus pneumoniae serotype 22f capsular antigen diphtheria crm197 protein conjugate vaccine / streptococcus pneumoniae serotype 23f capsular antigen diphtheria crm197 protein conjugate vaccine / streptococcus pneumoniae serotype 3 capsular antigen diphtheria crm197 protein conjugate vaccine / streptococcus pneumoniae serotype 33f capsular antigen diphtheria crm197 protein conjugate vaccine / streptococcus pneumoniae serotype 4 capsular antigen diphtheria crm197 protein conjugate vaccine / streptococcus pneumoniae serotype 5 capsular antigen diphtheria crm197 protein conjugate vaccine / streptococcus pneumoniae serotype 6a capsular antigen diphtheria crm197 protein conjugate vaccine / streptococcus pneumoniae serotype 6b capsular antigen diphtheria crm197 protein conjugate vaccine / streptococcus pneumoniae serotype 7f capsular antigen diphtheria crm197 protein conjugate vaccine / streptococcus pneumoniae serotype 8 capsular antigen diphtheria crm197 protein conjugate vaccine / streptococcus pneumoniae serotype 9v capsular antigen diphtheria crm197 protein conjugate vaccine,MIN,direct_anchor_exact_rxnorm
26729,1368533,prezatide,IN,direct_anchor_exact_rxnorm
26730,1314233,prezatide copper,IN,direct_anchor_exact_rxnorm
26731,1314596,prezatide copper acetate,IN,direct_anchor_exact_rxnorm
26732,1598380,cobicistat / darunavir,MIN,direct_anchor_exact_rxnorm
26744,34479,pridinol,IN,direct_anchor_exact_rxnorm
26749,236174,prifinium,IN,direct_anchor_exact_rxnorm
26753,7646,omeprazole,IN,direct_anchor_exact_rxnorm
26756,8687,primaquine,IN,direct_anchor_exact_rxnorm
26763,34482,cilastatin / imipenem,MIN,direct_anchor_exact_rxnorm
26767,8691,primidone,IN,direct_anchor_exact_rxnorm
26771,1311310,primula veris extract,IN,direct_anchor_exact_rxnorm
26772,2479689,primycin,IN,direct_anchor_exact_rxnorm
26783,66958,pristinamycin,IN,direct_anchor_exact_rxnorm
26813,8699,probucol,IN,direct_anchor_exact_rxnorm
26815,8700,procainamide,IN,direct_anchor_exact_rxnorm
26816,8700,procainamide,IN,direct_anchor_exact_rxnorm
26817,8701,procaine,IN,direct_anchor_exact_rxnorm
26820,8701,procaine,IN,direct_anchor_exact_rxnorm
26824,34530,procaterol,IN,direct_anchor_exact_rxnorm
26825,34530,procaterol,IN,direct_anchor_exact_rxnorm
26827,8704,prochlorperazine,IN,direct_anchor_exact_rxnorm
26835,34347,pramoxine,IN,direct_anchor_exact_rxnorm
26836,8718,procyclidine,IN,direct_anchor_exact_rxnorm
26837,8718,procyclidine,IN,direct_anchor_exact_rxnorm
26852,4134,profenamine,IN,direct_anchor_exact_rxnorm
26855,1670383,factor ix complex,IN,direct_anchor_exact_rxnorm
26856,8723,proflavine,IN,direct_anchor_exact_rxnorm
26858,8723,proflavine,IN,direct_anchor_exact_rxnorm
26863,34568,progabide,IN,direct_anchor_exact_rxnorm
26867,34769,proglumetacin,IN,direct_anchor_exact_rxnorm
26868,8730,proglumide,IN,direct_anchor_exact_rxnorm
26870,2382,proguanil,IN,direct_anchor_exact_rxnorm
26878,8737,proline,IN,direct_anchor_exact_rxnorm
26879,8737,proline,IN,direct_anchor_exact_rxnorm
26882,34604,prolintane,IN,direct_anchor_exact_rxnorm
26883,34604,prolintane,IN,direct_anchor_exact_rxnorm
26886,8742,promazine,IN,direct_anchor_exact_rxnorm
26887,8742,promazine,IN,direct_anchor_exact_rxnorm
26890,8744,promegestone,IN,direct_anchor_exact_rxnorm
26891,34625,promestriene,IN,direct_anchor_exact_rxnorm
26892,8745,promethazine,IN,direct_anchor_exact_rxnorm
26893,8745,promethazine,IN,direct_anchor_exact_rxnorm
26901,8754,propafenone,IN,direct_anchor_exact_rxnorm
26902,8754,propafenone,IN,direct_anchor_exact_rxnorm
26903,158660,proxigermanium,IN,unique_convergent_term_evidence
26904,34633,propamidine,IN,direct_anchor_exact_rxnorm
26905,1362877,propane,IN,direct_anchor_exact_rxnorm
26907,8758,propanidid,IN,direct_anchor_exact_rxnorm
26909,34658,propionic acid,IN,unique_convergent_term_evidence
26911,8761,propantheline,IN,direct_anchor_exact_rxnorm
26912,34905,proparacaine,IN,direct_anchor_exact_rxnorm
26916,34644,propentofylline,IN,direct_anchor_exact_rxnorm
26924,34649,propicillin,IN,direct_anchor_exact_rxnorm
26925,34649,propicillin,IN,direct_anchor_exact_rxnorm
26930,1311565,propiolactone,IN,direct_anchor_exact_rxnorm
26931,8770,propiomazine,IN,direct_anchor_exact_rxnorm
26932,8770,propiomazine,IN,direct_anchor_exact_rxnorm
26933,1366667,propionamide,IN,direct_anchor_exact_rxnorm
26940,55175,propiverine,IN,direct_anchor_exact_rxnorm
26942,8782,propofol,IN,direct_anchor_exact_rxnorm
26944,1311659,propolis wax,IN,direct_anchor_exact_rxnorm
26946,2745576,propoxur,IN,direct_anchor_exact_rxnorm
26950,8787,propranolol,IN,direct_anchor_exact_rxnorm
26951,1649519,propyl acetate,IN,direct_anchor_exact_rxnorm
26952,1362872,1-propanol,IN,unique_convergent_term_evidence
26953,1311134,propyl gallate,IN,direct_anchor_exact_rxnorm
26956,1363696,propylene carbonate,IN,direct_anchor_exact_rxnorm
26957,34693,propylene glycol,IN,direct_anchor_exact_rxnorm
26958,1356149,propylene glycol monolaurate,IN,direct_anchor_exact_rxnorm
26959,1427010,propylene glycol monopalmitostearate,IN,direct_anchor_exact_rxnorm
26960,1368175,propylene oxide,IN,direct_anchor_exact_rxnorm
26962,8792,propylhexedrine,IN,direct_anchor_exact_rxnorm
26963,8793,propyliodone,IN,direct_anchor_exact_rxnorm
26964,34706,propylparaben,IN,direct_anchor_exact_rxnorm
26965,34706,propylparaben,IN,direct_anchor_exact_rxnorm
26966,8794,propylthiouracil,IN,direct_anchor_exact_rxnorm
26967,1999765,propyperone,IN,direct_anchor_exact_rxnorm
26968,34710,propyphenazone,IN,direct_anchor_exact_rxnorm
26971,2669456,proquazone,IN,direct_anchor_exact_rxnorm
26978,8795,proscillaridin,IN,direct_anchor_exact_rxnorm
26981,852320,mesquite pollen extract,IN,unique_convergent_term_evidence
27014,34822,protein s,IN,unique_convergent_term_evidence
27022,55244,prothipendyl,IN,direct_anchor_exact_rxnorm
27023,55244,prothipendyl,IN,direct_anchor_exact_rxnorm
27025,1441688,prothrombin,IN,direct_anchor_exact_rxnorm
27026,1670383,factor ix complex,IN,unique_convergent_term_evidence
27028,8871,prothionamide,IN,unique_convergent_term_evidence
27030,1362689,protocatechualdehyde,IN,direct_anchor_exact_rxnorm
27035,40790,pantoprazole,IN,direct_anchor_exact_rxnorm
27042,8886,protriptyline,IN,direct_anchor_exact_rxnorm
27043,8886,protriptyline,IN,direct_anchor_exact_rxnorm
27044,997261,sipuleucel-t,IN,direct_anchor_exact_rxnorm
27049,83885,proxibarbal,IN,direct_anchor_exact_rxnorm
27055,34906,proxyphylline,IN,direct_anchor_exact_rxnorm
27058,2107310,prucalopride,IN,direct_anchor_exact_rxnorm
27062,,,,ambiguous_legacy_anchor_evidence
27076,8896,pseudoephedrine,IN,direct_anchor_exact_rxnorm
27077,34930,pseudoisocytidine,IN,direct_anchor_exact_rxnorm
27078,1310913,pseudomonas aeruginosa,IN,direct_anchor_exact_rxnorm
27084,1098257,douglas fir pollen extract,IN,unique_convergent_term_evidence
27127,1989334,pumice,IN,direct_anchor_exact_rxnorm
27178,8984,pyrantel,IN,direct_anchor_exact_rxnorm
27181,8984,pyrantel,IN,direct_anchor_exact_rxnorm
27183,8987,pyrazinamide,IN,direct_anchor_exact_rxnorm
27192,1232405,pyrethrum extract,IN,direct_anchor_exact_rxnorm
27197,9000,pyridostigmine,IN,direct_anchor_exact_rxnorm
27198,9000,pyridostigmine,IN,direct_anchor_exact_rxnorm
27199,9002,pyridoxal,IN,direct_anchor_exact_rxnorm
27200,9002,pyridoxal,IN,direct_anchor_exact_rxnorm
27205,684879,pyridoxine,IN,direct_anchor_exact_rxnorm
27218,35100,pyrithione,IN,direct_anchor_exact_rxnorm
27219,35100,pyrithione,IN,direct_anchor_exact_rxnorm
27221,1420978,pyritidium,IN,direct_anchor_exact_rxnorm
27227,1364533,pyrophosphate,IN,direct_anchor_exact_rxnorm
27242,2585446,pyrrolidine,IN,direct_anchor_exact_rxnorm
27247,2594468,mitapivat,IN,direct_anchor_exact_rxnorm
27248,1373350,pyruvaldehyde,IN,direct_anchor_exact_rxnorm
27250,72031,pyruvate,IN,direct_anchor_exact_rxnorm
27254,1008570,glycolate / pyruvate,MIN,direct_anchor_exact_rxnorm
27255,35163,pyrvinium,IN,direct_anchor_exact_rxnorm
27257,35163,pyrvinium,IN,direct_anchor_exact_rxnorm
27269,2369389,ripretinib,IN,direct_anchor_exact_rxnorm
27277,2002417,qs-21,IN,direct_anchor_exact_rxnorm
27283,9549,samarium,IN,direct_anchor_exact_rxnorm
27284,1313268,quadrosilan,IN,direct_anchor_exact_rxnorm
27285,892539,clam allergenic extract,IN,unique_convergent_term_evidence
27286,9071,quinine,IN,direct_anchor_exact_rxnorm
27292,283678,quaternium-15,IN,direct_anchor_exact_rxnorm
27293,1363625,quaternium-18,IN,direct_anchor_exact_rxnorm
27294,1539969,quaternium-24,IN,direct_anchor_exact_rxnorm
27296,35185,quazepam,IN,direct_anchor_exact_rxnorm
27302,9060,quercetin,IN,direct_anchor_exact_rxnorm
27308,852302,coast live oak pollen extract,IN,unique_convergent_term_evidence
27310,852802,california scrub oak pollen extract,IN,unique_convergent_term_evidence
27311,852276,gambels oak pollen extract,IN,unique_convergent_term_evidence
27312,900987,garrys oak pollen extract,IN,unique_convergent_term_evidence
27313,1014721,california black oak pollen extract,IN,unique_convergent_term_evidence
27314,1111024,valley oak pollen extract,IN,unique_convergent_term_evidence
27315,900991,bur oak pollen extract,IN,unique_convergent_term_evidence
27317,1013944,water oak pollen extract,IN,unique_convergent_term_evidence
27318,900999,pin oak pollen extract,IN,unique_convergent_term_evidence
27320,901011,post oak pollen extract,IN,unique_convergent_term_evidence
27321,852260,black oak pollen extract,IN,unique_convergent_term_evidence
27323,51272,quetiapine,IN,direct_anchor_exact_rxnorm
27324,51272,quetiapine,IN,direct_anchor_exact_rxnorm
27338,9061,quinacrine,IN,direct_anchor_exact_rxnorm
27340,76887,quinagolide,IN,direct_anchor_exact_rxnorm
27345,35208,quinapril,IN,direct_anchor_exact_rxnorm
27346,1546359,quinaprilat,IN,direct_anchor_exact_rxnorm
27356,35215,quinestradol,IN,direct_anchor_exact_rxnorm
27357,9066,quinestrol,IN,direct_anchor_exact_rxnorm
27358,59743,quinethazone,IN,direct_anchor_exact_rxnorm
27361,35216,quinfamide,IN,direct_anchor_exact_rxnorm
27365,9068,quinidine,IN,direct_anchor_exact_rxnorm
27367,1040053,dextromethorphan / quinidine,MIN,direct_anchor_exact_rxnorm
27368,9071,quinine,IN,direct_anchor_exact_rxnorm
27369,9071,quinine,IN,direct_anchor_exact_rxnorm
27371,9071,quinine,IN,direct_anchor_exact_rxnorm
27388,35242,quinupramine,IN,direct_anchor_exact_rxnorm
27389,229367,quinupristin,IN,direct_anchor_exact_rxnorm
27399,2643048,quizartinib,IN,direct_anchor_exact_rxnorm
27428,2003595,rabacfosadine,IN,direct_anchor_exact_rxnorm
27429,2003595,rabacfosadine,IN,direct_anchor_exact_rxnorm
27431,114979,rabeprazole,IN,direct_anchor_exact_rxnorm
27434,89886,"rabies immune globulin, human",IN,direct_anchor_exact_rxnorm
27436,830457,rabies virus vaccine flury-lep strain,IN,unique_convergent_term_evidence
27444,16738,racecadotril,IN,direct_anchor_exact_rxnorm
27446,9100,racemethionine,IN,direct_anchor_exact_rxnorm
27455,66887,racepinephrine,IN,direct_anchor_exact_rxnorm
27456,66887,racepinephrine,IN,direct_anchor_exact_rxnorm
27460,1311677,ractopamine,IN,direct_anchor_exact_rxnorm
27461,1311677,ractopamine,IN,direct_anchor_exact_rxnorm
27484,1546450,radium,IN,direct_anchor_exact_rxnorm
27486,1546450,radium,IN,direct_anchor_exact_rxnorm
27494,1362905,raffinose,IN,direct_anchor_exact_rxnorm
27516,719872,raltegravir,IN,direct_anchor_exact_rxnorm
27517,196239,raltitrexed,IN,direct_anchor_exact_rxnorm
27524,596205,ramelteon,IN,direct_anchor_exact_rxnorm
27526,35296,ramipril,IN,direct_anchor_exact_rxnorm
27527,1546377,ramiprilat,IN,direct_anchor_exact_rxnorm
27539,595060,ranibizumab,IN,direct_anchor_exact_rxnorm
27541,9143,ranitidine,IN,direct_anchor_exact_rxnorm
27542,9143,ranitidine,IN,direct_anchor_exact_rxnorm
27545,35829,ranolazine,IN,direct_anchor_exact_rxnorm
27552,262100,rapacuronium,IN,direct_anchor_exact_rxnorm
27553,262100,rapacuronium,IN,direct_anchor_exact_rxnorm
27554,35302,sirolimus,IN,direct_anchor_exact_rxnorm
27556,1311246,raphanus sativa extract,IN,unique_convergent_term_evidence
27566,134748,rasagiline,IN,direct_anchor_exact_rxnorm
27567,134748,rasagiline,IN,direct_anchor_exact_rxnorm
27582,895279,rat skin extract,IN,unique_convergent_term_evidence
27584,,,,ambiguous_legacy_anchor_evidence
27592,2107301,ravulizumab,IN,direct_anchor_exact_rxnorm
27593,1366567,raxibacumab,IN,direct_anchor_exact_rxnorm
27597,1889,calcifediol,IN,direct_anchor_exact_rxnorm
27604,9154,razoxane,IN,direct_anchor_exact_rxnorm
27628,1667222,rebaudioside a,IN,direct_anchor_exact_rxnorm
27633,60842,reboxetine,IN,direct_anchor_exact_rxnorm
27634,60842,reboxetine,IN,direct_anchor_exact_rxnorm
27641,2184141,cilastatin / imipenem / relebactam,MIN,direct_anchor_exact_rxnorm
27650,77655,zoledronic acid,IN,direct_anchor_exact_rxnorm
27721,4257,factor viii,IN,direct_anchor_exact_rxnorm
27734,1006340,cayenne pepper allergenic extract,IN,unique_convergent_term_evidence
27736,232540,red yeast rice,IN,direct_anchor_exact_rxnorm
27750,640062,regadenoson,IN,direct_anchor_exact_rxnorm
27752,6387,lidocaine,IN,direct_anchor_exact_rxnorm
27753,2221,cellulose,IN,direct_anchor_exact_rxnorm
27757,1312397,regorafenib,IN,direct_anchor_exact_rxnorm
27758,1313722,regrelor,IN,direct_anchor_exact_rxnorm
27761,1309220,rehmannia glutinosa root extract,IN,unique_convergent_term_evidence
27767,2739519,relacorilant,IN,direct_anchor_exact_rxnorm
27769,2596773,relatlimab,IN,direct_anchor_exact_rxnorm
27775,2184137,relebactam,IN,direct_anchor_exact_rxnorm
27789,2284718,remdesivir,IN,direct_anchor_exact_rxnorm
27791,2700765,remestemcel-l,IN,direct_anchor_exact_rxnorm
27793,2724365,remibrutinib,IN,direct_anchor_exact_rxnorm
27794,73032,remifentanil,IN,direct_anchor_exact_rxnorm
27795,73032,remifentanil,IN,direct_anchor_exact_rxnorm
27797,2383941,remimazolam,IN,direct_anchor_exact_rxnorm
27803,343048,treprostinil,IN,direct_anchor_exact_rxnorm
27805,35350,remoxipride,IN,direct_anchor_exact_rxnorm
27806,35350,remoxipride,IN,direct_anchor_exact_rxnorm
27814,214824,sevelamer,IN,direct_anchor_exact_rxnorm
27827,73044,repaglinide,IN,direct_anchor_exact_rxnorm
27829,2531544,lacticaseibacillus rhamnosus / limosilactobacillus reuteri,MIN,direct_anchor_exact_rxnorm
27843,35373,reproterol,IN,direct_anchor_exact_rxnorm
27844,35373,reproterol,IN,direct_anchor_exact_rxnorm
27850,9259,rescinnamine,IN,direct_anchor_exact_rxnorm
27853,9260,reserpine,IN,direct_anchor_exact_rxnorm
27863,1746889,reslizumab,IN,direct_anchor_exact_rxnorm
27864,2677894,resmetirom,IN,direct_anchor_exact_rxnorm
27876,35382,resorcinol,IN,direct_anchor_exact_rxnorm
27877,2106739,resorcinol monoacetate,IN,direct_anchor_exact_rxnorm
27887,3008,cyclosporine,IN,direct_anchor_exact_rxnorm
27889,1000492,resveratrol,IN,direct_anchor_exact_rxnorm
27903,642274,retapamulin,IN,direct_anchor_exact_rxnorm
27905,2722410,retatrutide,IN,direct_anchor_exact_rxnorm
27907,76895,reteplase,IN,direct_anchor_exact_rxnorm
27908,2370147,selpercatinib,IN,direct_anchor_exact_rxnorm
27911,2632981,retifanlimab,IN,direct_anchor_exact_rxnorm
27920,11413,zidovudine,IN,direct_anchor_exact_rxnorm
27927,2708830,revakinagene taroretcel,IN,direct_anchor_exact_rxnorm
27932,2102775,revefenacin,IN,direct_anchor_exact_rxnorm
27940,75960,reviparin,IN,direct_anchor_exact_rxnorm
27945,2698325,revumenib,IN,direct_anchor_exact_rxnorm
27946,2698325,revumenib,IN,direct_anchor_exact_rxnorm
27951,1309940,fallopia multiflora root extract,IN,unique_convergent_term_evidence
27952,2639155,rezafungin,IN,direct_anchor_exact_rxnorm
27953,2639155,rezafungin,IN,direct_anchor_exact_rxnorm
27982,1872246,rhamnose,IN,direct_anchor_exact_rxnorm
27998,35465,rho(d) immune globulin,IN,direct_anchor_exact_rxnorm
28001,1362930,rhodamine b,IN,direct_anchor_exact_rxnorm
28005,35465,rho(d) immune globulin,IN,direct_anchor_exact_rxnorm
28007,10528,thrombin,IN,unique_convergent_term_evidence
28008,,,,ambiguous_legacy_anchor_evidence
28010,1098274,smooth sumac pollen extract,IN,unique_convergent_term_evidence
28014,9344,ribavirin,IN,direct_anchor_exact_rxnorm
28020,1873916,ribociclib,IN,direct_anchor_exact_rxnorm
28024,9346,riboflavin,IN,direct_anchor_exact_rxnorm
28025,1925821,riboflavin 5'-phosphate,IN,direct_anchor_exact_rxnorm
28026,9346,riboflavin,IN,direct_anchor_exact_rxnorm
28033,1314858,ribose,IN,direct_anchor_exact_rxnorm
28043,,,,ambiguous_legacy_anchor_evidence
28044,1356151,rice bran,IN,direct_anchor_exact_rxnorm
28045,1309223,rice bran oil,IN,direct_anchor_exact_rxnorm
28047,618482,ricinoleate,IN,direct_anchor_exact_rxnorm
28052,55672,rifabutin,IN,direct_anchor_exact_rxnorm
28054,9384,rifampin,IN,unique_convergent_term_evidence
28055,35616,rifamycin sv,IN,unique_convergent_term_evidence
28056,9385,rifamycins,IN,direct_anchor_exact_rxnorm
28057,35617,rifapentine,IN,direct_anchor_exact_rxnorm
28060,35619,rifaximin,IN,direct_anchor_exact_rxnorm
28074,55679,rilmenidine,IN,direct_anchor_exact_rxnorm
28075,763450,rilonacept,IN,direct_anchor_exact_rxnorm
28080,1102270,rilpivirine,IN,direct_anchor_exact_rxnorm
28081,1102270,rilpivirine,IN,direct_anchor_exact_rxnorm
28085,35623,riluzole,IN,direct_anchor_exact_rxnorm
28086,2722398,rilzabrutinib,IN,direct_anchor_exact_rxnorm
28088,9386,rimantadine,IN,direct_anchor_exact_rxnorm
28094,2282307,rimegepant,IN,direct_anchor_exact_rxnorm
28095,2282307,rimegepant,IN,direct_anchor_exact_rxnorm
28097,55681,rimexolone,IN,direct_anchor_exact_rxnorm
28102,9388,rimiterol,IN,direct_anchor_exact_rxnorm
28103,9388,rimiterol,IN,direct_anchor_exact_rxnorm
28115,1439816,riociguat,IN,direct_anchor_exact_rxnorm
28123,2166040,risankizumab,IN,direct_anchor_exact_rxnorm
28124,2390935,risdiplam,IN,direct_anchor_exact_rxnorm
28126,73056,risedronate,IN,direct_anchor_exact_rxnorm
28135,35636,risperidone,IN,direct_anchor_exact_rxnorm
28147,2641595,ritlecitinib,IN,direct_anchor_exact_rxnorm
28149,9392,ritodrine,IN,direct_anchor_exact_rxnorm
28150,9392,ritodrine,IN,direct_anchor_exact_rxnorm
28152,85762,ritonavir,IN,direct_anchor_exact_rxnorm
28154,1927884,hyaluronidase / rituximab,MIN,direct_anchor_exact_rxnorm
28163,1114195,rivaroxaban,IN,direct_anchor_exact_rxnorm
28165,183379,rivastigmine,IN,direct_anchor_exact_rxnorm
28174,88014,rizatriptan,IN,direct_anchor_exact_rxnorm
28181,9394,rna,IN,direct_anchor_exact_rxnorm
28207,1250203,robenacoxib,IN,direct_anchor_exact_rxnorm
28208,1311554,robenidine,IN,direct_anchor_exact_rxnorm
28209,1311554,robenidine,IN,direct_anchor_exact_rxnorm
28211,867325,black locust pollen extract,IN,unique_convergent_term_evidence
28216,1894,calcitriol,IN,direct_anchor_exact_rxnorm
28230,68139,rocuronium,IN,direct_anchor_exact_rxnorm
28231,68139,rocuronium,IN,direct_anchor_exact_rxnorm
28236,232158,rofecoxib,IN,direct_anchor_exact_rxnorm
28239,1091836,roflumilast,IN,direct_anchor_exact_rxnorm
28245,1665496,rolapitant,IN,direct_anchor_exact_rxnorm
28257,9462,rolitetracycline,IN,direct_anchor_exact_rxnorm
28269,1091919,romifidine,IN,direct_anchor_exact_rxnorm
28270,1091919,romifidine,IN,direct_anchor_exact_rxnorm
28272,2123126,romosozumab,IN,direct_anchor_exact_rxnorm
28282,1535498,ronidazole,IN,direct_anchor_exact_rxnorm
28292,72302,ropinirole,IN,direct_anchor_exact_rxnorm
28293,72302,ropinirole,IN,direct_anchor_exact_rxnorm
28296,35780,ropivacaine,IN,direct_anchor_exact_rxnorm
28305,1311501,rosa canina fruit extract,IN,unique_convergent_term_evidence
28306,1305664,rosa centifolia flower oil,IN,direct_anchor_exact_rxnorm
28309,9471,rose bengal,IN,direct_anchor_exact_rxnorm
28315,1322046,rose petal extract,IN,direct_anchor_exact_rxnorm
28317,317702,rosmarinus officinalis preparation,IN,unique_convergent_term_evidence
28318,90945,rosemary oil,IN,direct_anchor_exact_rxnorm
28319,84108,rosiglitazone,IN,direct_anchor_exact_rxnorm
28321,84108,rosiglitazone,IN,direct_anchor_exact_rxnorm
28322,1362931,rosin,IN,direct_anchor_exact_rxnorm
28325,2531312,rosmarinate,IN,direct_anchor_exact_rxnorm
28329,35797,rosoxacin,IN,direct_anchor_exact_rxnorm
28333,301542,rosuvastatin,IN,direct_anchor_exact_rxnorm
28344,1366666,rotenone,IN,direct_anchor_exact_rxnorm
28347,616739,rotigotine,IN,direct_anchor_exact_rxnorm
28366,1314413,roxarsone,IN,direct_anchor_exact_rxnorm
28367,114817,roxatidine,IN,direct_anchor_exact_rxnorm
28368,114817,roxatidine,IN,direct_anchor_exact_rxnorm
28369,114817,roxatidine,IN,direct_anchor_exact_rxnorm
28374,9478,roxithromycin,IN,direct_anchor_exact_rxnorm
28379,35805,royal jelly,IN,direct_anchor_exact_rxnorm
28381,2642274,rozanolixizumab,IN,direct_anchor_exact_rxnorm
28388,2740382,marnetegragene autotemcel,IN,unique_convergent_term_evidence
28427,762817,rubella virus vaccine live (wistar ra 27-3 strain),IN,unique_convergent_term_evidence
28428,1311489,rubidium,IN,direct_anchor_exact_rxnorm
28429,1311489,rubidium,IN,direct_anchor_exact_rxnorm
28436,1862579,rucaparib,IN,direct_anchor_exact_rxnorm
28439,69036,rufinamide,IN,direct_anchor_exact_rxnorm
28448,852213,sheep sorrel pollen extract,IN,unique_convergent_term_evidence
28450,1232604,pale dock pollen extract,IN,unique_convergent_term_evidence
28452,1345677,rumex crispus root extract,IN,direct_anchor_exact_rxnorm
28455,1014739,bitter dock pollen extract,IN,unique_convergent_term_evidence
28456,1014743,white (mexican) dock pollen extract,IN,unique_convergent_term_evidence
28467,35890,ruscogenin,IN,direct_anchor_exact_rxnorm
28471,1367425,ruta graveolens flowering top oil,IN,direct_anchor_exact_rxnorm
28474,9500,rutin,IN,direct_anchor_exact_rxnorm
28580,1314278,saccharide isomerate,IN,direct_anchor_exact_rxnorm
28581,9509,saccharin,IN,direct_anchor_exact_rxnorm
28582,9509,saccharin,IN,direct_anchor_exact_rxnorm
28583,9509,saccharin,IN,direct_anchor_exact_rxnorm
28584,9509,saccharin,IN,direct_anchor_exact_rxnorm
28586,9511,saccharomyces cerevisiae,IN,direct_anchor_exact_rxnorm
28588,2360231,sacituzumab,IN,direct_anchor_exact_rxnorm
28590,214817,sacrosidase,IN,direct_anchor_exact_rxnorm
28591,1656328,sacubitril,IN,direct_anchor_exact_rxnorm
28592,1860608,sacubitrilat,IN,direct_anchor_exact_rxnorm
28594,901195,safflower seed allergenic extract,IN,unique_convergent_term_evidence
28595,9515,safflower oil,IN,direct_anchor_exact_rxnorm
28598,1922448,safinamide,IN,direct_anchor_exact_rxnorm
28599,1922448,safinamide,IN,direct_anchor_exact_rxnorm
28606,2383532,safrole,IN,direct_anchor_exact_rxnorm
28609,1011627,sage leaf allergenic extract,IN,unique_convergent_term_evidence
28610,1305661,sage oil,IN,direct_anchor_exact_rxnorm
28612,2263158,sakuranetin,IN,direct_anchor_exact_rxnorm
28621,435,albuterol,IN,unique_convergent_term_evidence
28622,2200638,salcaprozate,IN,direct_anchor_exact_rxnorm
28630,1363054,salicyl alcohol,IN,direct_anchor_exact_rxnorm
28631,9518,salicylamide,IN,direct_anchor_exact_rxnorm
28636,9525,salicylic acid,IN,direct_anchor_exact_rxnorm
28639,1311566,salinomycin,IN,direct_anchor_exact_rxnorm
28644,1305659,salix alba bark volatile oil,IN,direct_anchor_exact_rxnorm
28645,852174,pussy willow pollen extract,IN,unique_convergent_term_evidence
28646,852170,arroyo willow pollen extract,IN,unique_convergent_term_evidence
28647,1014755,western black willow pollen extract,IN,unique_convergent_term_evidence
28651,36117,salmeterol,IN,direct_anchor_exact_rxnorm
28652,36117,salmeterol,IN,direct_anchor_exact_rxnorm
28653,36118,salmon calcitonin,IN,direct_anchor_exact_rxnorm
28655,,,,ambiguous_legacy_anchor_evidence
28669,36108,salsalate,IN,direct_anchor_exact_rxnorm
28670,852158,russian thistle pollen extract,IN,unique_convergent_term_evidence
28675,1307580,salvia miltiorrhiza root extract,IN,unique_convergent_term_evidence
28680,9549,samarium,IN,direct_anchor_exact_rxnorm
28681,,,,ambiguous_legacy_anchor_evidence
28684,1307698,sambucus nigra flowering top,IN,direct_anchor_exact_rxnorm
28687,2559612,samidorphan,IN,direct_anchor_exact_rxnorm
28688,2559612,samidorphan,IN,direct_anchor_exact_rxnorm
28714,1311390,santonin,IN,direct_anchor_exact_rxnorm
28718,2395271,sapanisertib,IN,direct_anchor_exact_rxnorm
28725,753340,sapropterin,IN,direct_anchor_exact_rxnorm
28727,83395,saquinavir,IN,direct_anchor_exact_rxnorm
28740,9556,saralasin,IN,direct_anchor_exact_rxnorm
28741,9556,saralasin,IN,direct_anchor_exact_rxnorm
28742,852152,greasewood pollen extract,IN,unique_convergent_term_evidence
28745,1362906,sarcosine,IN,direct_anchor_exact_rxnorm
28746,2059018,sarecycline,IN,direct_anchor_exact_rxnorm
28749,1923319,sarilumab,IN,direct_anchor_exact_rxnorm
28755,905070,acremonium strictum allergenic extract,IN,unique_convergent_term_evidence
28757,1740360,sarolaner,IN,direct_anchor_exact_rxnorm
28788,2391541,satralizumab,IN,direct_anchor_exact_rxnorm
28790,1733681,satraplatin,IN,direct_anchor_exact_rxnorm
28794,1599538,edoxaban,IN,direct_anchor_exact_rxnorm
28799,,,,ambiguous_legacy_anchor_evidence
28802,857974,saxagliptin,IN,direct_anchor_exact_rxnorm
28803,857974,saxagliptin,IN,direct_anchor_exact_rxnorm
28843,,,,ambiguous_legacy_anchor_evidence
28844,1538275,schizochytrium dha oil,IN,direct_anchor_exact_rxnorm
28848,,,,ambiguous_legacy_anchor_evidence
28850,1119986,centruroides (scorpion) immune f(ab')2 (equine),IN,unique_convergent_term_evidence
28853,1307750,scutellaria baicalensis root extract,IN,unique_convergent_term_evidence
28863,1311499,sea salt,IN,direct_anchor_exact_rxnorm
28867,1427069,sebacate,IN,direct_anchor_exact_rxnorm
28868,1726975,sebelipase alfa,IN,direct_anchor_exact_rxnorm
28869,2717944,sebetralstat,IN,direct_anchor_exact_rxnorm
28872,1014774,cultivated rye grass pollen extract,IN,unique_convergent_term_evidence
28876,36314,secnidazole,IN,direct_anchor_exact_rxnorm
28878,9624,secobarbital,IN,direct_anchor_exact_rxnorm
28879,9624,secobarbital,IN,direct_anchor_exact_rxnorm
28884,9627,secretin,IN,unique_convergent_term_evidence
28886,1599788,secukinumab,IN,direct_anchor_exact_rxnorm
28896,2055978,segesterone,IN,direct_anchor_exact_rxnorm
28897,2055926,ethinyl estradiol / segesterone,MIN,direct_anchor_exact_rxnorm
28905,2690869,seladelpar,IN,direct_anchor_exact_rxnorm
28906,2690869,seladelpar,IN,direct_anchor_exact_rxnorm
28907,1044269,selamectin,IN,direct_anchor_exact_rxnorm
28922,9639,selegiline,IN,direct_anchor_exact_rxnorm
28925,36344,selenious acid,IN,direct_anchor_exact_rxnorm
28926,9641,selenium,IN,direct_anchor_exact_rxnorm
28928,36345,selenium sulfide,IN,direct_anchor_exact_rxnorm
28930,1549332,selenocysteine,IN,direct_anchor_exact_rxnorm
28932,9644,selenomethionine,IN,direct_anchor_exact_rxnorm
28933,9644,selenomethionine,IN,unique_convergent_term_evidence
28939,1729002,selexipag,IN,direct_anchor_exact_rxnorm
28958,1991302,semaglutide,IN,direct_anchor_exact_rxnorm
28964,1314385,semduramicin,IN,direct_anchor_exact_rxnorm
28970,2368733,semuloparin,IN,direct_anchor_exact_rxnorm
28979,36387,"sennosides, usp",IN,direct_anchor_exact_rxnorm
28980,1008340,"docusate / sennosides, usp",MIN,direct_anchor_exact_rxnorm
28995,2723056,sepiapterin,IN,direct_anchor_exact_rxnorm
29017,1014707,redwood pollen extract,IN,unique_convergent_term_evidence
29021,1999800,seractide,IN,direct_anchor_exact_rxnorm
29022,1999800,seractide,IN,direct_anchor_exact_rxnorm
29032,2562176,serdexmethylphenidate,IN,direct_anchor_exact_rxnorm
29033,2562176,serdexmethylphenidate,IN,direct_anchor_exact_rxnorm
29042,9671,serine,IN,direct_anchor_exact_rxnorm
29046,894961,canary feather extract,IN,unique_convergent_term_evidence
29050,56188,sermorelin,IN,direct_anchor_exact_rxnorm
29051,56188,sermorelin,IN,direct_anchor_exact_rxnorm
29052,1311214,serotonin,IN,direct_anchor_exact_rxnorm
29058,36434,serratiopeptidase,IN,unique_convergent_term_evidence
29059,36435,sertaconazole,IN,direct_anchor_exact_rxnorm
29060,41996,sertindole,IN,direct_anchor_exact_rxnorm
29061,36437,sertraline,IN,direct_anchor_exact_rxnorm
29067,1309247,sesame oil,IN,direct_anchor_exact_rxnorm
29079,2469247,setmelanotide,IN,direct_anchor_exact_rxnorm
29090,214824,sevelamer,IN,direct_anchor_exact_rxnorm
29091,214824,sevelamer,IN,direct_anchor_exact_rxnorm
29096,36453,sevoflurane,IN,direct_anchor_exact_rxnorm
29115,91472,shark liver oil,IN,direct_anchor_exact_rxnorm
29116,1310571,shea butter,IN,direct_anchor_exact_rxnorm
29117,1305658,sheanut oil,IN,direct_anchor_exact_rxnorm
29140,892592,shrimp allergenic extract,IN,unique_convergent_term_evidence
29154,36514,sibutramine,IN,direct_anchor_exact_rxnorm
29155,36514,sibutramine,IN,direct_anchor_exact_rxnorm
29174,5552,hydroxyurea,IN,direct_anchor_exact_rxnorm
29175,2611455,silandrone,IN,direct_anchor_exact_rxnorm
29176,1601667,silanol,IN,direct_anchor_exact_rxnorm
29178,136411,sildenafil,IN,direct_anchor_exact_rxnorm
29182,1426646,silica dimethyl silylate,IN,direct_anchor_exact_rxnorm
29183,9771,silicon dioxide,IN,direct_anchor_exact_rxnorm
29184,9774,silicon,IN,direct_anchor_exact_rxnorm
29185,9771,silicon dioxide,IN,direct_anchor_exact_rxnorm
29191,1652102,silk sericin,IN,direct_anchor_exact_rxnorm
29194,720825,silodosin,IN,direct_anchor_exact_rxnorm
29195,1373351,silodrate,IN,direct_anchor_exact_rxnorm
29200,1535218,siltuximab,IN,direct_anchor_exact_rxnorm
29201,2606543,silver,IN,direct_anchor_exact_rxnorm
29202,1358876,silver cation,IN,direct_anchor_exact_rxnorm
29203,1306066,silver citrate,IN,direct_anchor_exact_rxnorm
29204,9789,silver nitrate,IN,direct_anchor_exact_rxnorm
29205,1368701,disilver oxide,IN,unique_convergent_term_evidence
29207,9793,silver sulfadiazine,IN,direct_anchor_exact_rxnorm
29208,9794,silymarin,IN,direct_anchor_exact_rxnorm
29213,1482790,simeprevir,IN,direct_anchor_exact_rxnorm
29214,9796,simethicone,IN,direct_anchor_exact_rxnorm
29222,4257,factor viii,IN,direct_anchor_exact_rxnorm
29233,36567,simvastatin,IN,direct_anchor_exact_rxnorm
29236,1440288,sinapultide,IN,direct_anchor_exact_rxnorm
29240,9800,sincalide,IN,direct_anchor_exact_rxnorm
29243,753346,sinecatechins,IN,direct_anchor_exact_rxnorm
29245,103990,carbidopa / levodopa,MIN,direct_anchor_exact_rxnorm
29264,2121085,siponimod,IN,direct_anchor_exact_rxnorm
29282,9806,sisomicin,IN,direct_anchor_exact_rxnorm
29283,9806,sisomicin,IN,direct_anchor_exact_rxnorm
29291,593411,sitagliptin,IN,direct_anchor_exact_rxnorm
29293,729717,metformin / sitagliptin,MIN,direct_anchor_exact_rxnorm
29319,1311386,skatole,IN,direct_anchor_exact_rxnorm
29325,1310587,skim milk,IN,direct_anchor_exact_rxnorm
29350,1492300,vaccinia virus strain new york city board of health live antigen,IN,unique_convergent_term_evidence
29386,36669,sobrerol,IN,direct_anchor_exact_rxnorm
29394,56443,sodium acetate,IN,direct_anchor_exact_rxnorm
29395,1362917,aluminum silicate,IN,unique_convergent_term_evidence
29399,267366,sodium ascorbate,IN,direct_anchor_exact_rxnorm
29400,1370605,ascorbyl phosphate,IN,direct_anchor_exact_rxnorm
29401,42547,aurothiomalate,IN,unique_convergent_term_evidence
29403,36676,sodium bicarbonate,IN,direct_anchor_exact_rxnorm
29409,1367207,sodium bisulfate,IN,direct_anchor_exact_rxnorm
29411,36679,sodium bisulfite,IN,direct_anchor_exact_rxnorm
29412,1700,boric acid,IN,direct_anchor_exact_rxnorm
29413,1311138,sodium bromide,IN,direct_anchor_exact_rxnorm
29416,20178,octanoic acid,IN,direct_anchor_exact_rxnorm
29417,36685,sodium carbonate,IN,direct_anchor_exact_rxnorm
29418,36685,sodium carbonate,IN,direct_anchor_exact_rxnorm
29419,1364429,sodium cation,IN,direct_anchor_exact_rxnorm
29420,2221,cellulose,IN,unique_convergent_term_evidence
29421,1370628,cetostearyl sulfate,IN,direct_anchor_exact_rxnorm
29422,9863,sodium chloride,IN,direct_anchor_exact_rxnorm
29424,992920,sodium chlorite,IN,direct_anchor_exact_rxnorm
29427,56466,sodium citrate,IN,direct_anchor_exact_rxnorm
29428,20852,chlorophyllin,IN,direct_anchor_exact_rxnorm
29430,2969,cyclamate,IN,direct_anchor_exact_rxnorm
29431,1547632,sodium diacetate,IN,direct_anchor_exact_rxnorm
29432,402565,dibunate,IN,direct_anchor_exact_rxnorm
29433,3347,dichloroacetate,IN,direct_anchor_exact_rxnorm
29435,2056673,sodium dithionite,IN,direct_anchor_exact_rxnorm
29438,4103,estrone,IN,direct_anchor_exact_rxnorm
29439,105673,sodium ironedetate,IN,unique_convergent_term_evidence
29440,9873,sodium fluoride,IN,direct_anchor_exact_rxnorm
29442,1592295,formaldehyde sulfoxylate,IN,direct_anchor_exact_rxnorm
29443,2053265,sodium gentisate,IN,direct_anchor_exact_rxnorm
29444,56476,sodium gluconate,IN,direct_anchor_exact_rxnorm
29445,1423803,glyceryl phosphate,IN,direct_anchor_exact_rxnorm
29446,70603,glycolate,IN,direct_anchor_exact_rxnorm
29447,2667891,sodium gualenate,IN,direct_anchor_exact_rxnorm
29448,62372,hyaluronate,IN,unique_convergent_term_evidence
29449,9880,sodium hydroxide,IN,direct_anchor_exact_rxnorm
29455,114202,lactate,IN,direct_anchor_exact_rxnorm
29456,1310570,laureth-3,IN,direct_anchor_exact_rxnorm
29457,1007810,dodecyl sulfate / oxyquinoline,MIN,unique_convergent_term_evidence
29458,314832,sodium lauryl sulfoacetate,IN,direct_anchor_exact_rxnorm
29460,36696,sodium metabisulfite,IN,direct_anchor_exact_rxnorm
29462,36699,sodium molybdate(vi),IN,unique_convergent_term_evidence
29464,36700,sodium nitrate,IN,direct_anchor_exact_rxnorm
29466,1441660,oxalate,IN,direct_anchor_exact_rxnorm
29467,2393796,calcium oxybate / magnesium oxybate / potassium oxybate / sodium oxybate,MIN,direct_anchor_exact_rxnorm
29471,1008811,benzoate / phenylacetate,MIN,direct_anchor_exact_rxnorm
29472,36709,sodium phosphate,IN,direct_anchor_exact_rxnorm
29473,36710,tribasic sodium phosphate,IN,unique_convergent_term_evidence
29474,236719,"sodium phosphate, dibasic",IN,direct_anchor_exact_rxnorm
29475,236719,"sodium phosphate, dibasic",IN,direct_anchor_exact_rxnorm
29476,236719,"sodium phosphate, dibasic",IN,direct_anchor_exact_rxnorm
29478,235496,"sodium phosphate, monobasic",IN,direct_anchor_exact_rxnorm
29479,235496,"sodium phosphate, monobasic",IN,direct_anchor_exact_rxnorm
29483,36710,tribasic sodium phosphate,IN,direct_anchor_exact_rxnorm
29489,1364922,polymetaphosphate,IN,direct_anchor_exact_rxnorm
29490,56512,sodium polystyrene sulfonate,IN,direct_anchor_exact_rxnorm
29491,155060,pyroglutamate,IN,direct_anchor_exact_rxnorm
29492,1364533,pyrophosphate,IN,direct_anchor_exact_rxnorm
29495,1368706,stearate,IN,direct_anchor_exact_rxnorm
29496,1370626,stearyl fumarate,IN,direct_anchor_exact_rxnorm
29498,8010,sodium stibogluconate,IN,direct_anchor_exact_rxnorm
29499,1311370,sodium succinate,IN,direct_anchor_exact_rxnorm
29500,1307106,succinate,IN,direct_anchor_exact_rxnorm
29501,36721,sodium sulfate,IN,direct_anchor_exact_rxnorm
29503,1293719,sodium sulfide,IN,direct_anchor_exact_rxnorm
29504,56524,sodium tartrate,IN,direct_anchor_exact_rxnorm
29505,9913,sodium tetradecyl sulfate,IN,direct_anchor_exact_rxnorm
29506,1370627,thioglycolate,IN,direct_anchor_exact_rxnorm
29507,91099,thiosalicylate,IN,direct_anchor_exact_rxnorm
29510,1487534,triphosphate,IN,unique_convergent_term_evidence
29511,2047628,sodium zirconium cyclosilicate,IN,direct_anchor_exact_rxnorm
29519,1484911,sofosbuvir,IN,direct_anchor_exact_rxnorm
29520,2689322,sofpironium,IN,direct_anchor_exact_rxnorm
29528,1551455,solasulfone,IN,direct_anchor_exact_rxnorm
29536,867341,red imported fire ant allergenic extract,IN,unique_convergent_term_evidence
29537,995738,black imported fire ant allergenic extract,IN,unique_convergent_term_evidence
29538,995743,canada goldenrod pollen extract,IN,unique_convergent_term_evidence
29539,322167,solifenacin,IN,direct_anchor_exact_rxnorm
29540,322167,solifenacin,IN,direct_anchor_exact_rxnorm
29549,2121751,solriamfetol,IN,direct_anchor_exact_rxnorm
29550,2121751,solriamfetol,IN,direct_anchor_exact_rxnorm
29569,2557373,somapacitan,IN,direct_anchor_exact_rxnorm
29571,236901,somatorelin,IN,direct_anchor_exact_rxnorm
29573,9939,somatostatin,IN,direct_anchor_exact_rxnorm
29575,,,,ambiguous_legacy_anchor_evidence
29576,2644503,somatrogon,IN,direct_anchor_exact_rxnorm
29587,1427014,sometribove,IN,direct_anchor_exact_rxnorm
29598,1659191,sonidegib,IN,direct_anchor_exact_rxnorm
29620,1367146,sorbitan,IN,direct_anchor_exact_rxnorm
29621,9945,sorbitol,IN,direct_anchor_exact_rxnorm
29624,1311406,sorghum bicolor pollen extract,IN,unique_convergent_term_evidence
29625,1098455,sudan grass pollen extract,IN,unique_convergent_term_evidence
29626,852136,johnson grass pollen extract,IN,unique_convergent_term_evidence
29632,2638675,sotagliflozin,IN,direct_anchor_exact_rxnorm
29633,9947,sotalol,IN,direct_anchor_exact_rxnorm
29634,2678930,sotatercept,IN,direct_anchor_exact_rxnorm
29644,6064,isotretinoin,IN,direct_anchor_exact_rxnorm
29645,2550731,sotrovimab,IN,direct_anchor_exact_rxnorm
29654,1363446,soy sterol,IN,direct_anchor_exact_rxnorm
29656,9949,soybean oil,IN,direct_anchor_exact_rxnorm
29670,18469,sparfloxacin,IN,direct_anchor_exact_rxnorm
29673,2630535,sparsentan,IN,direct_anchor_exact_rxnorm
29682,270,spectinomycin,IN,direct_anchor_exact_rxnorm
29683,270,spectinomycin,IN,direct_anchor_exact_rxnorm
29687,9968,spermaceti,IN,direct_anchor_exact_rxnorm
29688,1483262,spermidine,IN,direct_anchor_exact_rxnorm
29689,1483263,spermine,IN,direct_anchor_exact_rxnorm
29690,2610417,spesolimab,IN,direct_anchor_exact_rxnorm
29701,299081,spinosad,IN,direct_anchor_exact_rxnorm
29706,36908,spirapril,IN,direct_anchor_exact_rxnorm
29712,69120,tiotropium,IN,direct_anchor_exact_rxnorm
29717,9997,spironolactone,IN,direct_anchor_exact_rxnorm
29725,,,,ambiguous_legacy_anchor_evidence
29741,1363644,squalane,IN,direct_anchor_exact_rxnorm
29742,10014,squalene,IN,direct_anchor_exact_rxnorm
29778,1310069,hypoxis hemerocallidea root extract,IN,unique_convergent_term_evidence
29792,37032,stannous chloride,IN,direct_anchor_exact_rxnorm
29793,10030,stannous fluoride,IN,direct_anchor_exact_rxnorm
29797,10032,stanozolol,IN,direct_anchor_exact_rxnorm
29803,10046,starch,IN,direct_anchor_exact_rxnorm
29804,1039062,corn starch,IN,unique_convergent_term_evidence
29806,1367117,"starch, rice",IN,direct_anchor_exact_rxnorm
29807,2619252,"starch, tapioca",IN,direct_anchor_exact_rxnorm
29808,1367109,"starch, wheat",IN,direct_anchor_exact_rxnorm
29818,59763,stavudine,IN,direct_anchor_exact_rxnorm
29820,1368706,stearate,IN,direct_anchor_exact_rxnorm
29821,37071,stearyl alcohol,IN,direct_anchor_exact_rxnorm
29825,2373652,stem bromelain,IN,direct_anchor_exact_rxnorm
29832,2375829,stepronin,IN,direct_anchor_exact_rxnorm
29845,37106,stevioside,IN,direct_anchor_exact_rxnorm
29859,338036,pegfilgrastim,IN,direct_anchor_exact_rxnorm
29872,580119,stinging nettle extract,IN,direct_anchor_exact_rxnorm
29873,2054968,stiripentol,IN,direct_anchor_exact_rxnorm
29914,854930,streptococcus pneumoniae type 1 capsular polysaccharide antigen,IN,direct_anchor_exact_rxnorm
29915,901620,streptococcus pneumoniae serotype 1 capsular antigen diphtheria crm197 protein conjugate vaccine,IN,unique_convergent_term_evidence
29916,854932,streptococcus pneumoniae type 10a capsular polysaccharide antigen,IN,direct_anchor_exact_rxnorm
29918,854934,streptococcus pneumoniae type 11a capsular polysaccharide antigen,IN,direct_anchor_exact_rxnorm
29920,854936,streptococcus pneumoniae type 12f capsular polysaccharide antigen,IN,direct_anchor_exact_rxnorm
29922,854938,streptococcus pneumoniae type 14 capsular polysaccharide antigen,IN,direct_anchor_exact_rxnorm
29923,798220,streptococcus pneumoniae serotype 14 capsular antigen diphtheria crm197 protein conjugate vaccine,IN,unique_convergent_term_evidence
29924,854940,streptococcus pneumoniae type 15b capsular polysaccharide antigen,IN,direct_anchor_exact_rxnorm
29926,854942,streptococcus pneumoniae type 17f capsular polysaccharide antigen,IN,direct_anchor_exact_rxnorm
29927,854944,streptococcus pneumoniae type 18c capsular polysaccharide antigen,IN,direct_anchor_exact_rxnorm
29928,798222,streptococcus pneumoniae serotype 18c capsular antigen diphtheria crm197 protein conjugate vaccine,IN,unique_convergent_term_evidence
29929,854946,streptococcus pneumoniae type 19a capsular polysaccharide antigen,IN,direct_anchor_exact_rxnorm
29930,901624,streptococcus pneumoniae serotype 19a capsular antigen diphtheria crm197 protein conjugate vaccine,IN,unique_convergent_term_evidence
29931,854948,streptococcus pneumoniae type 19f capsular polysaccharide antigen,IN,direct_anchor_exact_rxnorm
29932,798224,streptococcus pneumoniae serotype 19f capsular antigen diphtheria crm197 protein conjugate vaccine,IN,unique_convergent_term_evidence
29933,854950,streptococcus pneumoniae type 2 capsular polysaccharide antigen,IN,direct_anchor_exact_rxnorm
29934,854952,streptococcus pneumoniae type 20 capsular polysaccharide antigen,IN,direct_anchor_exact_rxnorm
29935,854954,streptococcus pneumoniae type 22f capsular polysaccharide antigen,IN,direct_anchor_exact_rxnorm
29936,2566297,streptococcus pneumoniae serotype 22f capsular antigen diphtheria crm197 protein conjugate vaccine,IN,unique_convergent_term_evidence
29937,854956,streptococcus pneumoniae type 23f capsular polysaccharide antigen,IN,direct_anchor_exact_rxnorm
29938,798226,streptococcus pneumoniae serotype 23f capsular antigen diphtheria crm197 protein conjugate vaccine,IN,unique_convergent_term_evidence
29939,854958,streptococcus pneumoniae type 3 capsular polysaccharide antigen,IN,direct_anchor_exact_rxnorm
29940,901628,streptococcus pneumoniae serotype 3 capsular antigen diphtheria crm197 protein conjugate vaccine,IN,unique_convergent_term_evidence
29941,854960,streptococcus pneumoniae type 33f capsular polysaccharide antigen,IN,direct_anchor_exact_rxnorm
29942,2566296,streptococcus pneumoniae serotype 33f capsular antigen diphtheria crm197 protein conjugate vaccine,IN,unique_convergent_term_evidence
29943,854962,streptococcus pneumoniae type 4 capsular polysaccharide antigen,IN,direct_anchor_exact_rxnorm
29944,798228,streptococcus pneumoniae serotype 4 capsular antigen diphtheria crm197 protein conjugate vaccine,IN,unique_convergent_term_evidence
29945,854964,streptococcus pneumoniae type 5 capsular polysaccharide antigen,IN,direct_anchor_exact_rxnorm
29946,901631,streptococcus pneumoniae serotype 5 capsular antigen diphtheria crm197 protein conjugate vaccine,IN,unique_convergent_term_evidence
29948,901633,streptococcus pneumoniae serotype 6a capsular antigen diphtheria crm197 protein conjugate vaccine,IN,unique_convergent_term_evidence
29949,854966,streptococcus pneumoniae type 6b capsular polysaccharide antigen,IN,direct_anchor_exact_rxnorm
29950,798230,streptococcus pneumoniae serotype 6b capsular antigen diphtheria crm197 protein conjugate vaccine,IN,unique_convergent_term_evidence
29951,854968,streptococcus pneumoniae type 7f capsular polysaccharide antigen,IN,direct_anchor_exact_rxnorm
29952,901636,streptococcus pneumoniae serotype 7f capsular antigen diphtheria crm197 protein conjugate vaccine,IN,unique_convergent_term_evidence
29953,854970,streptococcus pneumoniae type 8 capsular polysaccharide antigen,IN,direct_anchor_exact_rxnorm
29955,854972,streptococcus pneumoniae type 9n capsular polysaccharide antigen,IN,direct_anchor_exact_rxnorm
29956,854974,streptococcus pneumoniae type 9v capsular polysaccharide antigen,IN,direct_anchor_exact_rxnorm
29957,798232,streptococcus pneumoniae serotype 9v capsular antigen diphtheria crm197 protein conjugate vaccine,IN,unique_convergent_term_evidence
29958,2593692,streptococcus thermophilus,IN,direct_anchor_exact_rxnorm
29959,10106,streptokinase,IN,direct_anchor_exact_rxnorm
29962,10109,streptomycin,IN,direct_anchor_exact_rxnorm
29966,10114,streptozocin,IN,direct_anchor_exact_rxnorm
29974,37175,strontium chloride,IN,direct_anchor_exact_rxnorm
29975,37175,strontium chloride,IN,direct_anchor_exact_rxnorm
29982,66422,strychnine,IN,direct_anchor_exact_rxnorm
29989,89818,styramate,IN,direct_anchor_exact_rxnorm
29995,852106,alkali blite pollen extract,IN,unique_convergent_term_evidence
30003,3446,succimer,IN,direct_anchor_exact_rxnorm
30010,56790,succinylated gelatin,IN,direct_anchor_exact_rxnorm
30011,10154,succinylcholine,IN,direct_anchor_exact_rxnorm
30012,37289,succinylsulfathiazole,IN,direct_anchor_exact_rxnorm
30015,10156,sucralfate,IN,direct_anchor_exact_rxnorm
30016,1439115,sucralose,IN,direct_anchor_exact_rxnorm
30017,10159,sucrose,IN,direct_anchor_exact_rxnorm
30025,56795,sufentanil,IN,direct_anchor_exact_rxnorm
30026,56795,sufentanil,IN,direct_anchor_exact_rxnorm
30032,1726988,sugammadex,IN,direct_anchor_exact_rxnorm
30040,10167,sulbactam,IN,direct_anchor_exact_rxnorm
30041,10167,sulbactam,IN,unique_convergent_term_evidence
30042,10167,sulbactam,IN,direct_anchor_exact_rxnorm
30043,10168,sulbenicillin,IN,direct_anchor_exact_rxnorm
30046,37317,sulbutiamine,IN,direct_anchor_exact_rxnorm
30048,37319,sulconazole,IN,direct_anchor_exact_rxnorm
30051,37320,sulfabenzamide,IN,direct_anchor_exact_rxnorm
30055,10169,sulfacetamide,IN,direct_anchor_exact_rxnorm
30056,2476008,sulfachlorpyridazine,IN,direct_anchor_exact_rxnorm
30057,236832,sulfachrysoidine,IN,direct_anchor_exact_rxnorm
30061,78902,sulfacytine,IN,direct_anchor_exact_rxnorm
30062,10171,sulfadiazine,IN,direct_anchor_exact_rxnorm
30063,10171,sulfadiazine,IN,direct_anchor_exact_rxnorm
30065,10172,sulfadimethoxine,IN,direct_anchor_exact_rxnorm
30066,10172,sulfadimethoxine,IN,direct_anchor_exact_rxnorm
30067,10173,sulfadoxine,IN,direct_anchor_exact_rxnorm
30068,37324,sulfaethidole,IN,direct_anchor_exact_rxnorm
30071,10174,sulfaguanidine,IN,direct_anchor_exact_rxnorm
30073,10206,sulfisomidine,IN,unique_convergent_term_evidence
30078,10176,sulfamerazine,IN,direct_anchor_exact_rxnorm
30079,10176,sulfamerazine,IN,direct_anchor_exact_rxnorm
30082,10178,sulfamethazine,IN,direct_anchor_exact_rxnorm
30084,10178,sulfamethazine,IN,direct_anchor_exact_rxnorm
30085,10179,sulfamethizole,IN,direct_anchor_exact_rxnorm
30087,10181,sulfamethoxypyridazine,IN,direct_anchor_exact_rxnorm
30090,10175,sulfalene,IN,unique_convergent_term_evidence
30091,10180,sulfamethoxazole,IN,unique_convergent_term_evidence
30092,37328,sulfametrole,IN,direct_anchor_exact_rxnorm
30096,10183,sulfamoxole,IN,direct_anchor_exact_rxnorm
30097,10184,sulfanilamide,IN,direct_anchor_exact_rxnorm
30104,10188,sulfapyridine,IN,direct_anchor_exact_rxnorm
30106,1306111,sulfaquinoxaline,IN,direct_anchor_exact_rxnorm
30108,9524,sulfasalazine,IN,direct_anchor_exact_rxnorm
30113,1426598,sulfate ion,IN,direct_anchor_exact_rxnorm
30115,10193,sulfathiazole,IN,direct_anchor_exact_rxnorm
30129,10205,sulfinpyrazone,IN,direct_anchor_exact_rxnorm
30130,10207,sulfisoxazole,IN,direct_anchor_exact_rxnorm
30131,10207,sulfisoxazole,IN,direct_anchor_exact_rxnorm
30132,10212,sulfobromophthalein,IN,direct_anchor_exact_rxnorm
30133,1426609,cyclodextrins,IN,direct_anchor_exact_rxnorm
30154,1362879,sulfur dioxide,IN,direct_anchor_exact_rxnorm
30155,1599276,sulfur hexafluoride,IN,direct_anchor_exact_rxnorm
30156,10231,sulfuric acid,IN,direct_anchor_exact_rxnorm
30158,2266498,sulfurous acid,IN,direct_anchor_exact_rxnorm
30162,10237,sulindac,IN,direct_anchor_exact_rxnorm
30165,1311567,sulisobenzone,IN,direct_anchor_exact_rxnorm
30174,2717833,sulopenem,IN,direct_anchor_exact_rxnorm
30187,10239,sulpiride,IN,direct_anchor_exact_rxnorm
30195,10240,sulthiame,IN,direct_anchor_exact_rxnorm
30198,37416,sultopride,IN,direct_anchor_exact_rxnorm
30214,37418,sumatriptan,IN,direct_anchor_exact_rxnorm
30226,37422,sunflower oil,IN,direct_anchor_exact_rxnorm
30230,357977,sunitinib,IN,direct_anchor_exact_rxnorm
30237,2719226,sunvozertinib,IN,direct_anchor_exact_rxnorm
30256,10255,suprofen,IN,direct_anchor_exact_rxnorm
30261,10256,suramin,IN,direct_anchor_exact_rxnorm
30282,852839,hog skin extract,IN,unique_convergent_term_evidence
30292,2591404,sutimlimab,IN,direct_anchor_exact_rxnorm
30301,1547099,suvorexant,IN,direct_anchor_exact_rxnorm
30304,10154,succinylcholine,IN,direct_anchor_exact_rxnorm
30311,2704819,suzetrigine,IN,direct_anchor_exact_rxnorm
30315,1370776,swertia japonica extract,IN,unique_convergent_term_evidence
30321,867353,queen palm pollen extract,IN,unique_convergent_term_evidence
30327,2375531,symclosene,IN,direct_anchor_exact_rxnorm
30331,1996260,cobicistat / darunavir / emtricitabine / tenofovir alafenamide,MIN,direct_anchor_exact_rxnorm
30345,10288,synephrine,IN,direct_anchor_exact_rxnorm
30355,1371994,synthetic camphor,IN,direct_anchor_exact_rxnorm
30356,618365,"synthetic conjugated estrogens, b",IN,direct_anchor_exact_rxnorm
30365,10798,trientine,IN,direct_anchor_exact_rxnorm
30374,1362739,2-tert-butylhydroquinone,IN,unique_convergent_term_evidence
30399,291204,tacalcitol,IN,direct_anchor_exact_rxnorm
30405,389190,fibrinogen / thrombin,MIN,direct_anchor_exact_rxnorm
30409,10318,tacrine,IN,direct_anchor_exact_rxnorm
30410,10318,tacrine,IN,direct_anchor_exact_rxnorm
30412,358263,tadalafil,IN,direct_anchor_exact_rxnorm
30417,1545063,tafamidis,IN,direct_anchor_exact_rxnorm
30418,2054023,tafenoquine,IN,direct_anchor_exact_rxnorm
30422,1244607,tafluprost,IN,direct_anchor_exact_rxnorm
30447,2604577,vonoprazan,IN,unique_convergent_term_evidence
30451,1425933,lactoferrin,IN,direct_anchor_exact_rxnorm
30456,10322,talampicillin,IN,direct_anchor_exact_rxnorm
30462,2099704,talazoparib,IN,direct_anchor_exact_rxnorm
30463,89810,talbutal,IN,direct_anchor_exact_rxnorm
30464,10323,talc,IN,direct_anchor_exact_rxnorm
30468,2716919,taletrectinib,IN,direct_anchor_exact_rxnorm
30470,1291609,taliglucerase alfa,IN,direct_anchor_exact_rxnorm
30472,2670341,talinexomer,IN,direct_anchor_exact_rxnorm
30473,37546,talinolol,IN,direct_anchor_exact_rxnorm
30483,236770,talniflumate,IN,direct_anchor_exact_rxnorm
30491,2644447,talquetamab,IN,direct_anchor_exact_rxnorm
30501,852806,salt cedar pollen extract,IN,unique_convergent_term_evidence
30517,77492,tamsulosin,IN,direct_anchor_exact_rxnorm
30530,2682551,tangeretin,IN,direct_anchor_exact_rxnorm
30537,10328,tannic acid,IN,direct_anchor_exact_rxnorm
30541,1311490,tantalum,IN,direct_anchor_exact_rxnorm
30546,787390,tapentadol,IN,direct_anchor_exact_rxnorm
30547,2602286,tapinarof,IN,direct_anchor_exact_rxnorm
30559,852079,dandelion pollen extract,IN,unique_convergent_term_evidence
30570,2682954,tarlatamab,IN,direct_anchor_exact_rxnorm
30571,2682954,tarlatamab,IN,direct_anchor_exact_rxnorm
30584,1490468,tasimelteon,IN,direct_anchor_exact_rxnorm
30590,283746,tasonermin,IN,direct_anchor_exact_rxnorm
30596,10337,taurine,IN,direct_anchor_exact_rxnorm
30600,2670453,taurolidine,IN,direct_anchor_exact_rxnorm
30603,2613950,taurursodiol,IN,unique_convergent_term_evidence
30605,1543173,tavaborole,IN,direct_anchor_exact_rxnorm
30606,2044896,fostamatinib,IN,direct_anchor_exact_rxnorm
30612,2578,clemastine,IN,direct_anchor_exact_rxnorm
30623,2700758,taxifolin,IN,direct_anchor_exact_rxnorm
30626,995747,bald cypress pollen extract,IN,unique_convergent_term_evidence
30635,83947,tazarotene,IN,direct_anchor_exact_rxnorm
30637,2274378,tazemetostat,IN,direct_anchor_exact_rxnorm
30642,37617,tazobactam,IN,direct_anchor_exact_rxnorm
30662,966696,orange pekoe tea allergenic extract,IN,unique_convergent_term_evidence
30663,69627,tea tree oil,IN,direct_anchor_exact_rxnorm
30697,2571856,technetium,IN,unique_convergent_term_evidence
30701,2571856,technetium,IN,unique_convergent_term_evidence
30707,2571856,technetium,IN,unique_convergent_term_evidence
30713,2571856,technetium,IN,unique_convergent_term_evidence
30718,,,,ambiguous_legacy_anchor_evidence
30727,2571856,technetium,IN,unique_convergent_term_evidence
30729,2571856,technetium,IN,direct_anchor_exact_rxnorm
30730,2571856,technetium,IN,direct_anchor_exact_rxnorm
30731,2571856,technetium,IN,unique_convergent_term_evidence
30735,2571856,technetium,IN,direct_anchor_exact_rxnorm
30738,2571856,technetium,IN,unique_convergent_term_evidence
30743,2619426,teclistamab,IN,direct_anchor_exact_rxnorm
30752,2055104,tecovirimat,IN,direct_anchor_exact_rxnorm
30759,1540825,tedizolid,IN,direct_anchor_exact_rxnorm
30760,1540825,tedizolid,IN,direct_anchor_exact_rxnorm
30762,1364468,teduglutide,IN,direct_anchor_exact_rxnorm
30773,139778,tegaserod,IN,direct_anchor_exact_rxnorm
30774,139778,tegaserod,IN,direct_anchor_exact_rxnorm
30784,57021,teicoplanin,IN,direct_anchor_exact_rxnorm
30794,1102261,telaprevir,IN,direct_anchor_exact_rxnorm
30798,473837,telavancin,IN,direct_anchor_exact_rxnorm
30799,473837,telavancin,IN,direct_anchor_exact_rxnorm
30802,474128,telbivudine,IN,direct_anchor_exact_rxnorm
30808,2714237,telisotuzumab,IN,direct_anchor_exact_rxnorm
30809,2714237,telisotuzumab,IN,direct_anchor_exact_rxnorm
30811,274786,telithromycin,IN,direct_anchor_exact_rxnorm
30813,85929,telmesteine,IN,direct_anchor_exact_rxnorm
30814,73494,telmisartan,IN,direct_anchor_exact_rxnorm
30821,1872382,telotristat,IN,direct_anchor_exact_rxnorm
30825,37771,temafloxacin,IN,direct_anchor_exact_rxnorm
30826,37771,temafloxacin,IN,direct_anchor_exact_rxnorm
30831,10355,temazepam,IN,direct_anchor_exact_rxnorm
30842,37775,temocillin,IN,direct_anchor_exact_rxnorm
30843,37776,temozolomide,IN,unique_convergent_term_evidence
30847,115243,temoporfin,IN,direct_anchor_exact_rxnorm
30854,2675620,temsavir,IN,direct_anchor_exact_rxnorm
30855,657797,temsirolimus,IN,direct_anchor_exact_rxnorm
30862,2199674,tenapanor,IN,direct_anchor_exact_rxnorm
30863,2199674,tenapanor,IN,direct_anchor_exact_rxnorm
30864,259280,tenecteplase,IN,direct_anchor_exact_rxnorm
30873,10362,teniposide,IN,direct_anchor_exact_rxnorm
30877,117466,tenofovir,IN,direct_anchor_exact_rxnorm
30878,1721603,tenofovir alafenamide,IN,direct_anchor_exact_rxnorm
30880,300195,tenofovir disoproxil,IN,direct_anchor_exact_rxnorm
30881,300195,tenofovir disoproxil,IN,unique_convergent_term_evidence
30883,236186,tenonitrozole,IN,direct_anchor_exact_rxnorm
30884,151195,atenolol / chlorthalidone,MIN,direct_anchor_exact_rxnorm
30887,37790,tenoxicam,IN,direct_anchor_exact_rxnorm
30893,10473,thiotepa,IN,direct_anchor_exact_rxnorm
30898,2621880,teplizumab,IN,direct_anchor_exact_rxnorm
30899,2477103,tepotinib,IN,direct_anchor_exact_rxnorm
30900,2477103,tepotinib,IN,direct_anchor_exact_rxnorm
30904,1362746,geranylgeranylacetone,IN,unique_convergent_term_evidence
30905,2274803,teprotumumab,IN,direct_anchor_exact_rxnorm
30909,37798,terazosin,IN,direct_anchor_exact_rxnorm
30910,37798,terazosin,IN,direct_anchor_exact_rxnorm
30912,37801,terbinafine,IN,direct_anchor_exact_rxnorm
30917,10368,terbutaline,IN,direct_anchor_exact_rxnorm
30918,10368,terbutaline,IN,direct_anchor_exact_rxnorm
30920,37806,terconazole,IN,direct_anchor_exact_rxnorm
30925,42330,terfenadine,IN,direct_anchor_exact_rxnorm
30929,1310520,teriflunomide,IN,direct_anchor_exact_rxnorm
30931,32915,teriparatide,IN,direct_anchor_exact_rxnorm
30932,57047,terizidone,IN,direct_anchor_exact_rxnorm
30934,57048,terlipressin,IN,direct_anchor_exact_rxnorm
30938,37815,terodiline,IN,direct_anchor_exact_rxnorm
30939,37815,terodiline,IN,direct_anchor_exact_rxnorm
30947,89916,terpin hydrate,IN,direct_anchor_exact_rxnorm
30949,1368180,terpineol,IN,direct_anchor_exact_rxnorm
30950,1312739,terpinyl acetate,IN,direct_anchor_exact_rxnorm
30952,1363061,tert-butyl alcohol,IN,unique_convergent_term_evidence
30961,37840,tertatolol,IN,direct_anchor_exact_rxnorm
30964,1044584,tesamorelin,IN,direct_anchor_exact_rxnorm
30976,10378,testolactone,IN,direct_anchor_exact_rxnorm
30978,10379,testosterone,IN,direct_anchor_exact_rxnorm
30980,10379,testosterone,IN,direct_anchor_exact_rxnorm
30984,214553,estradiol / testosterone,MIN,direct_anchor_exact_rxnorm
30986,10379,testosterone,IN,direct_anchor_exact_rxnorm
30989,1727875,tetanus immune globulin,IN,direct_anchor_exact_rxnorm
30990,1735049,tetanus toxin,IN,direct_anchor_exact_rxnorm
30996,10390,tetrabenazine,IN,direct_anchor_exact_rxnorm
31000,10391,tetracaine,IN,direct_anchor_exact_rxnorm
31001,10391,tetracaine,IN,unique_convergent_term_evidence
31005,2890,cosyntropin,IN,unique_convergent_term_evidence
31011,10395,tetracycline,IN,direct_anchor_exact_rxnorm
31013,10395,tetracycline,IN,direct_anchor_exact_rxnorm
31015,1370424,tetradecyl hydrogen sulfate (ester),IN,direct_anchor_exact_rxnorm
31019,1594675,ferric citrate,IN,unique_convergent_term_evidence
31034,37935,tetrahydrozoline,IN,unique_convergent_term_evidence
31039,1363713,tetramethylthiuram monosulfide,IN,direct_anchor_exact_rxnorm
31048,2260905,tetraxetan,IN,direct_anchor_exact_rxnorm
31049,37985,tetrazepam,IN,direct_anchor_exact_rxnorm
31054,1311569,tetrofosmin,IN,direct_anchor_exact_rxnorm
31058,37999,tetroxoprim,IN,direct_anchor_exact_rxnorm
31059,37935,tetrahydrozoline,IN,unique_convergent_term_evidence
31067,2677426,tislelizumab,IN,direct_anchor_exact_rxnorm
31073,1999382,tezacaftor,IN,direct_anchor_exact_rxnorm
31079,2587789,tezepelumab,IN,direct_anchor_exact_rxnorm
31108,1311633,thallium,IN,direct_anchor_exact_rxnorm
31113,38021,theaflavin,IN,direct_anchor_exact_rxnorm
31114,38022,theanine,IN,direct_anchor_exact_rxnorm
31119,38025,thenyldiamine,IN,direct_anchor_exact_rxnorm
31122,10437,theobromine,IN,direct_anchor_exact_rxnorm
31123,31958,theodrenaline,IN,direct_anchor_exact_rxnorm
31124,236713,theofibrate,IN,direct_anchor_exact_rxnorm
31125,10438,theophylline,IN,direct_anchor_exact_rxnorm
31128,76469,"bcg, live, connaught strain",IN,unique_convergent_term_evidence
31157,1306060,thermus thermophilus lysate,IN,direct_anchor_exact_rxnorm
31158,10450,thiabendazole,IN,direct_anchor_exact_rxnorm
31165,10454,thiamine,IN,direct_anchor_exact_rxnorm
31166,10454,thiamine,IN,direct_anchor_exact_rxnorm
31171,10463,thiamphenicol,IN,direct_anchor_exact_rxnorm
31172,10464,thiamylal,IN,direct_anchor_exact_rxnorm
31173,10464,thiamylal,IN,direct_anchor_exact_rxnorm
31187,10471,thiethylperazine,IN,direct_anchor_exact_rxnorm
31194,10472,thimerosal,IN,direct_anchor_exact_rxnorm
31199,38077,thiobutabarbital,IN,direct_anchor_exact_rxnorm
31200,38077,thiobutabarbital,IN,direct_anchor_exact_rxnorm
31205,38085,thiocolchicoside,IN,direct_anchor_exact_rxnorm
31207,1597391,thioctic acid amide,IN,unique_convergent_term_evidence
31213,1306886,n-cyclohexyl-2-benzothiazosulfenamide,IN,unique_convergent_term_evidence
31217,10493,thiopental,IN,direct_anchor_exact_rxnorm
31218,10493,thiopental,IN,direct_anchor_exact_rxnorm
31220,38133,thiopropazate,IN,direct_anchor_exact_rxnorm
31221,10498,thioproperazine,IN,direct_anchor_exact_rxnorm
31224,1314275,thioredoxin,IN,direct_anchor_exact_rxnorm
31225,10502,thioridazine,IN,direct_anchor_exact_rxnorm
31228,322165,thiosalicylic acid,IN,direct_anchor_exact_rxnorm
31229,1365970,thiostrepton,IN,direct_anchor_exact_rxnorm
31232,10510,thiothixene,IN,direct_anchor_exact_rxnorm
31233,10510,thiothixene,IN,direct_anchor_exact_rxnorm
31236,38150,thiphenamil,IN,direct_anchor_exact_rxnorm
31240,10517,thiram,IN,direct_anchor_exact_rxnorm
31243,237058,thonzonium,IN,direct_anchor_exact_rxnorm
31244,1360721,thonzylamine,IN,direct_anchor_exact_rxnorm
31250,10524,threonine,IN,direct_anchor_exact_rxnorm
31254,10528,thrombin,IN,direct_anchor_exact_rxnorm
31255,10528,thrombin,IN,direct_anchor_exact_rxnorm
31265,1307585,thuja occidentalis bark extract,IN,direct_anchor_exact_rxnorm
31266,38221,thymalfasin,IN,direct_anchor_exact_rxnorm
31269,90950,thyme oil,IN,direct_anchor_exact_rxnorm
31283,1368871,thymine,IN,direct_anchor_exact_rxnorm
31286,10553,thymol,IN,direct_anchor_exact_rxnorm
31287,89717,thymol iodide,IN,direct_anchor_exact_rxnorm
31288,40230,thymopentin,IN,direct_anchor_exact_rxnorm
31295,235479,"thyroid, porcine",IN,direct_anchor_exact_rxnorm
31298,10579,thyrotropin,IN,direct_anchor_exact_rxnorm
31299,4952,thyrotropin alfa,IN,direct_anchor_exact_rxnorm
31306,38248,tiadenol,IN,direct_anchor_exact_rxnorm
31308,31914,tiagabine,IN,direct_anchor_exact_rxnorm
31313,1546410,tiamulin,IN,direct_anchor_exact_rxnorm
31314,1314589,tiamulin fumarate,IN,direct_anchor_exact_rxnorm
31316,38252,tianeptine,IN,direct_anchor_exact_rxnorm
31319,10588,tiapride,IN,direct_anchor_exact_rxnorm
31320,618442,tiaprofenate,IN,direct_anchor_exact_rxnorm
31331,237141,tibezonium iodide,IN,direct_anchor_exact_rxnorm
31334,38260,tibolone,IN,direct_anchor_exact_rxnorm
31345,10591,ticarcillin,IN,direct_anchor_exact_rxnorm
31346,10591,ticarcillin,IN,direct_anchor_exact_rxnorm
31349,10594,ticlopidine,IN,unique_convergent_term_evidence
31350,10594,ticlopidine,IN,direct_anchor_exact_rxnorm
31358,236188,tiemonium,IN,direct_anchor_exact_rxnorm
31373,38685,trimethobenzamide,IN,direct_anchor_exact_rxnorm
31376,384455,tigecycline,IN,direct_anchor_exact_rxnorm
31378,2478456,tigilanol tiglate,IN,direct_anchor_exact_rxnorm
31381,2698199,tigolaner,IN,direct_anchor_exact_rxnorm
31391,41397,lactase,IN,unique_convergent_term_evidence
31395,166718,tilbroquinol,IN,direct_anchor_exact_rxnorm
31397,1306059,tildipirosin,IN,direct_anchor_exact_rxnorm
31398,2053436,tildrakizumab,IN,direct_anchor_exact_rxnorm
31399,1535217,tiletamine,IN,direct_anchor_exact_rxnorm
31400,1535217,tiletamine,IN,direct_anchor_exact_rxnorm
31401,995754,american basswood pollen extract,IN,unique_convergent_term_evidence
31402,852070,linden pollen extract,IN,unique_convergent_term_evidence
31403,10597,tilidine,IN,direct_anchor_exact_rxnorm
31404,10597,tilidine,IN,direct_anchor_exact_rxnorm
31411,38278,tilmicosin,IN,direct_anchor_exact_rxnorm
31412,38278,tilmicosin,IN,direct_anchor_exact_rxnorm
31426,57230,tiludronate,IN,direct_anchor_exact_rxnorm
31427,11476,tiludronic acid,IN,direct_anchor_exact_rxnorm
31444,10600,timolol,IN,direct_anchor_exact_rxnorm
31445,812786,amiloride / hydrochlorothiazide / timolol,MIN,direct_anchor_exact_rxnorm
31458,10612,tinidazole,IN,direct_anchor_exact_rxnorm
31467,69646,tinzaparin,IN,direct_anchor_exact_rxnorm
31469,163426,tioclomarol,IN,direct_anchor_exact_rxnorm
31470,38298,tioconazole,IN,direct_anchor_exact_rxnorm
31479,6765,tiopronin,IN,direct_anchor_exact_rxnorm
31484,69120,tiotropium,IN,direct_anchor_exact_rxnorm
31485,69120,tiotropium,IN,direct_anchor_exact_rxnorm
31490,2059173,tioxolone,IN,direct_anchor_exact_rxnorm
31500,1670304,tipiracil,IN,direct_anchor_exact_rxnorm
31501,1670304,tipiracil,IN,direct_anchor_exact_rxnorm
31504,190548,tipranavir,IN,direct_anchor_exact_rxnorm
31523,13982,tiratricol,IN,direct_anchor_exact_rxnorm
31524,2471078,tirbanibulin,IN,direct_anchor_exact_rxnorm
31527,72467,tirilazad,IN,direct_anchor_exact_rxnorm
31529,73137,tirofiban,IN,direct_anchor_exact_rxnorm
31530,38315,tiropramide,IN,direct_anchor_exact_rxnorm
31532,2601723,tirzepatide,IN,direct_anchor_exact_rxnorm
31536,38136,tisopurine,IN,direct_anchor_exact_rxnorm
31538,2571095,tisotumab,IN,direct_anchor_exact_rxnorm
31540,1305547,titanium,IN,direct_anchor_exact_rxnorm
31541,38323,titanium dioxide,IN,direct_anchor_exact_rxnorm
31547,2740012,tividenofusp alfa,IN,direct_anchor_exact_rxnorm
31549,5781,indomethacin,IN,direct_anchor_exact_rxnorm
31551,2587300,tixagevimab,IN,direct_anchor_exact_rxnorm
31553,57257,tixocortol,IN,direct_anchor_exact_rxnorm
31554,57257,tixocortol,IN,direct_anchor_exact_rxnorm
31556,57258,tizanidine,IN,direct_anchor_exact_rxnorm
31557,57258,tizanidine,IN,direct_anchor_exact_rxnorm
31605,10627,tobramycin,IN,direct_anchor_exact_rxnorm
31607,42359,tocainide,IN,direct_anchor_exact_rxnorm
31609,60906,tocamphyl,IN,direct_anchor_exact_rxnorm
31610,1145945,toceranib,IN,direct_anchor_exact_rxnorm
31611,1145945,toceranib,IN,direct_anchor_exact_rxnorm
31614,159151,tocophersolan,IN,unique_convergent_term_evidence
31616,1236136,tocopherol,IN,direct_anchor_exact_rxnorm
31618,1376149,alpha-tocopherylquinone,IN,unique_convergent_term_evidence
31621,1357536,tofacitinib,IN,direct_anchor_exact_rxnorm
31624,2634995,tofersen,IN,direct_anchor_exact_rxnorm
31629,38365,tofisopam,IN,direct_anchor_exact_rxnorm
31636,10633,tolazamide,IN,direct_anchor_exact_rxnorm
31637,10634,tolazoline,IN,direct_anchor_exact_rxnorm
31638,10634,tolazoline,IN,direct_anchor_exact_rxnorm
31640,10635,tolbutamide,IN,direct_anchor_exact_rxnorm
31641,10635,tolbutamide,IN,direct_anchor_exact_rxnorm
31642,72937,tolcapone,IN,direct_anchor_exact_rxnorm
31643,38372,tolciclate,IN,direct_anchor_exact_rxnorm
31645,2001181,toldimfos,IN,direct_anchor_exact_rxnorm
31647,1546437,polystyrene sulfonate,IN,unique_convergent_term_evidence
31650,38377,tolfenamic acid,IN,direct_anchor_exact_rxnorm
31663,10636,tolmetin,IN,direct_anchor_exact_rxnorm
31664,10636,tolmetin,IN,direct_anchor_exact_rxnorm
31669,38382,toloxatone,IN,direct_anchor_exact_rxnorm
31673,10639,tolperisone,IN,direct_anchor_exact_rxnorm
31679,38386,tolrestat,IN,direct_anchor_exact_rxnorm
31680,119565,tolterodine,IN,direct_anchor_exact_rxnorm
31681,1535930,toltrazuril,IN,direct_anchor_exact_rxnorm
31682,1116238,tolu balsam,IN,direct_anchor_exact_rxnorm
31685,1311381,toluene,IN,direct_anchor_exact_rxnorm
31688,358257,tolvaptan,IN,direct_anchor_exact_rxnorm
31742,38404,topiramate,IN,direct_anchor_exact_rxnorm
31771,38413,torsemide,IN,unique_convergent_term_evidence
31777,38409,toremifene,IN,direct_anchor_exact_rxnorm
31828,1716278,trabectedin,IN,direct_anchor_exact_rxnorm
31834,2739506,tradipitant,IN,direct_anchor_exact_rxnorm
31836,1368197,tragacanth,IN,direct_anchor_exact_rxnorm
31840,2589225,tralokinumab,IN,direct_anchor_exact_rxnorm
31842,10689,tramadol,IN,direct_anchor_exact_rxnorm
31843,10689,tramadol,IN,unique_convergent_term_evidence
31844,38453,tramazoline,IN,direct_anchor_exact_rxnorm
31847,1374845,tramiprosate,IN,direct_anchor_exact_rxnorm
31851,38454,trandolapril,IN,direct_anchor_exact_rxnorm
31852,1546379,trandolaprilat,IN,direct_anchor_exact_rxnorm
31853,57330,tranilast,IN,direct_anchor_exact_rxnorm
31883,10734,tranylcypromine,IN,direct_anchor_exact_rxnorm
31885,10735,trapidil,IN,direct_anchor_exact_rxnorm
31892,224905,trastuzumab,IN,direct_anchor_exact_rxnorm
31898,283809,travoprost,IN,direct_anchor_exact_rxnorm
31906,10737,trazodone,IN,direct_anchor_exact_rxnorm
31907,10737,trazodone,IN,direct_anchor_exact_rxnorm
31925,1311373,trehalose,IN,direct_anchor_exact_rxnorm
31926,1311373,trehalose,IN,direct_anchor_exact_rxnorm
31939,1484278,trenbolone,IN,direct_anchor_exact_rxnorm
31940,1549461,estradiol / trenbolone,MIN,direct_anchor_exact_rxnorm
31945,44532,trepibutone,IN,direct_anchor_exact_rxnorm
31949,343048,treprostinil,IN,direct_anchor_exact_rxnorm
31950,343048,treprostinil,IN,direct_anchor_exact_rxnorm
31965,10756,triacetin,IN,direct_anchor_exact_rxnorm
31973,10759,triamcinolone,IN,direct_anchor_exact_rxnorm
31979,10763,triamterene,IN,direct_anchor_exact_rxnorm
31984,10767,triazolam,IN,direct_anchor_exact_rxnorm
31990,38557,tribenoside,IN,direct_anchor_exact_rxnorm
31994,1423345,tribulus,IN,unique_convergent_term_evidence
31995,1311579,tribulus terrestris fruit extract,IN,unique_convergent_term_evidence
31996,1306058,tribulus terrestris root extract,IN,unique_convergent_term_evidence
32000,1370418,tricaine,IN,direct_anchor_exact_rxnorm
32001,1314419,tricaprin,IN,direct_anchor_exact_rxnorm
32002,1314420,tricaprylin,IN,direct_anchor_exact_rxnorm
32007,1994358,tricetin,IN,direct_anchor_exact_rxnorm
32008,10772,trichlormethiazide,IN,direct_anchor_exact_rxnorm
32010,38574,trichloroacetaldehyde,IN,direct_anchor_exact_rxnorm
32011,618564,trichloroacetate,IN,direct_anchor_exact_rxnorm
32012,2534464,trichloroethylene,IN,direct_anchor_exact_rxnorm
32016,465118,trichophyton antigen,IN,direct_anchor_exact_rxnorm
32021,1310905,trichophyton verrucosum,IN,direct_anchor_exact_rxnorm
32027,2118525,triclabendazole,IN,direct_anchor_exact_rxnorm
32033,38610,triclofos,IN,direct_anchor_exact_rxnorm
32034,38610,triclofos,IN,direct_anchor_exact_rxnorm
32037,10795,triclosan,IN,direct_anchor_exact_rxnorm
32046,38617,tridihexethyl,IN,direct_anchor_exact_rxnorm
32047,38617,tridihexethyl,IN,direct_anchor_exact_rxnorm
32050,10798,trientine,IN,direct_anchor_exact_rxnorm
32051,1363986,triethanolamine lauryl sulfate,IN,direct_anchor_exact_rxnorm
32052,1310586,octyltriethoxysilane,IN,unique_convergent_term_evidence
32053,1310554,triethyl citrate,IN,direct_anchor_exact_rxnorm
32055,1368702,triethylene glycol,IN,direct_anchor_exact_rxnorm
32057,10798,trientine,IN,unique_convergent_term_evidence
32058,1368189,triethylhexanoin,IN,direct_anchor_exact_rxnorm
32059,2205637,trifarotene,IN,direct_anchor_exact_rxnorm
32067,10800,trifluoperazine,IN,direct_anchor_exact_rxnorm
32076,10804,trifluperidol,IN,direct_anchor_exact_rxnorm
32077,10805,triflupromazine,IN,direct_anchor_exact_rxnorm
32078,10803,trifluridine,IN,direct_anchor_exact_rxnorm
32079,38655,triflusal,IN,direct_anchor_exact_rxnorm
32090,1313234,triheptanoin,IN,direct_anchor_exact_rxnorm
32092,10811,trihexyphenidyl,IN,direct_anchor_exact_rxnorm
32093,10811,trihexyphenidyl,IN,direct_anchor_exact_rxnorm
32094,2479690,trilaciclib,IN,direct_anchor_exact_rxnorm
32096,38668,trilostane,IN,direct_anchor_exact_rxnorm
32102,10819,trimebutine,IN,direct_anchor_exact_rxnorm
32112,1008055,prednisolone / trimeprazine,MIN,direct_anchor_exact_rxnorm
32123,10826,trimetazidine,IN,direct_anchor_exact_rxnorm
32124,10827,trimethadione,IN,direct_anchor_exact_rxnorm
32125,10828,trimethaphan,IN,direct_anchor_exact_rxnorm
32126,10828,trimethaphan,IN,direct_anchor_exact_rxnorm
32128,38685,trimethobenzamide,IN,direct_anchor_exact_rxnorm
32129,10829,trimethoprim,IN,direct_anchor_exact_rxnorm
32130,10829,trimethoprim,IN,direct_anchor_exact_rxnorm
32152,10834,trimipramine,IN,direct_anchor_exact_rxnorm
32153,10834,trimipramine,IN,direct_anchor_exact_rxnorm
32154,1007810,dodecyl sulfate / oxyquinoline,MIN,direct_anchor_exact_rxnorm
32171,1368882,trimyristin,IN,direct_anchor_exact_rxnorm
32177,10844,trioxsalen,IN,direct_anchor_exact_rxnorm
32180,10847,tripelennamine,IN,direct_anchor_exact_rxnorm
32181,10847,tripelennamine,IN,direct_anchor_exact_rxnorm
32182,690847,diphenhydramine / tripelennamine,MIN,direct_anchor_exact_rxnorm
32186,1364529,triphosphoric acid,IN,direct_anchor_exact_rxnorm
32189,10849,triprolidine,IN,direct_anchor_exact_rxnorm
32193,38782,triptorelin,IN,direct_anchor_exact_rxnorm
32201,1364568,n-(hydroxyethyl)ethylenediaminetriacetic acid,IN,direct_anchor_exact_rxnorm
32204,1368872,tristearin,IN,direct_anchor_exact_rxnorm
32212,867361,wheat pollen extract,IN,unique_convergent_term_evidence
32213,38810,tritoqualine,IN,direct_anchor_exact_rxnorm
32216,1546887,abacavir / dolutegravir / lamivudine,MIN,direct_anchor_exact_rxnorm
32223,284620,abacavir / lamivudine / zidovudine,MIN,direct_anchor_exact_rxnorm
32237,1537576,troclosene,IN,direct_anchor_exact_rxnorm
32240,2632852,trofinetide,IN,direct_anchor_exact_rxnorm
32241,38865,trofosfamide,IN,direct_anchor_exact_rxnorm
32242,72610,troglitazone,IN,direct_anchor_exact_rxnorm
32243,38623,triethanolamine,IN,unique_convergent_term_evidence
32245,38866,trolamine salicylate,IN,direct_anchor_exact_rxnorm
32246,10864,troleandomycin,IN,direct_anchor_exact_rxnorm
32250,38868,tromantadine,IN,direct_anchor_exact_rxnorm
32251,38868,tromantadine,IN,direct_anchor_exact_rxnorm
32253,10865,tromethamine,IN,direct_anchor_exact_rxnorm
32260,38876,tropatepine,IN,direct_anchor_exact_rxnorm
32262,10869,tropicamide,IN,direct_anchor_exact_rxnorm
32269,27392,tropisetron,IN,direct_anchor_exact_rxnorm
32276,236778,trospium,IN,direct_anchor_exact_rxnorm
32277,2694836,trospium / xanomeline,MIN,direct_anchor_exact_rxnorm
32280,115552,trovafloxacin,IN,direct_anchor_exact_rxnorm
32281,115552,trovafloxacin,IN,direct_anchor_exact_rxnorm
32285,38893,troxerutin,IN,direct_anchor_exact_rxnorm
32296,1008145,emtricitabine / tenofovir disoproxil,MIN,direct_anchor_exact_rxnorm
32304,1726081,trypan blue free acid,IN,direct_anchor_exact_rxnorm
32307,10890,trypsin,IN,direct_anchor_exact_rxnorm
32309,10898,tryptophan,IN,direct_anchor_exact_rxnorm
32338,8948,purified protein derivative of tuberculin,IN,unique_convergent_term_evidence
32339,10908,tuberculin,IN,direct_anchor_exact_rxnorm
32340,8948,purified protein derivative of tuberculin,IN,unique_convergent_term_evidence
32342,10917,tubocurarine,IN,direct_anchor_exact_rxnorm
32343,10917,tubocurarine,IN,direct_anchor_exact_rxnorm
32351,2361285,tucatinib,IN,direct_anchor_exact_rxnorm
32352,89821,witch hazel,IN,direct_anchor_exact_rxnorm
32355,1437806,tulathromycin a,IN,direct_anchor_exact_rxnorm
32358,38967,tulobuterol,IN,direct_anchor_exact_rxnorm
32373,892503,tuna allergenic extract,IN,unique_convergent_term_evidence
32379,,,,ambiguous_legacy_anchor_evidence
32380,1373037,turmeric oil,IN,direct_anchor_exact_rxnorm
32381,,,,ambiguous_legacy_anchor_evidence
32383,4257,factor viii,IN,direct_anchor_exact_rxnorm
32386,10938,turpentine,IN,direct_anchor_exact_rxnorm
32403,62178,tybamate,IN,direct_anchor_exact_rxnorm
32405,817579,acetaminophen / codeine,MIN,direct_anchor_exact_rxnorm
32406,995505,tylosin,IN,direct_anchor_exact_rxnorm
32407,1363719,tylosin phosphate,IN,direct_anchor_exact_rxnorm
32408,995505,tylosin,IN,direct_anchor_exact_rxnorm
32409,38998,tyloxapol,IN,direct_anchor_exact_rxnorm
32410,1368469,tylvalosin,IN,direct_anchor_exact_rxnorm
32411,1368469,tylvalosin,IN,direct_anchor_exact_rxnorm
32415,1232637,broadleaf cattail pollen extract,IN,unique_convergent_term_evidence
32417,,,,ambiguous_legacy_anchor_evidence
32418,807219,"typhoid vi polysaccharide vaccine, s typhi ty2 strain",IN,unique_convergent_term_evidence
32420,10958,tyramine,IN,direct_anchor_exact_rxnorm
32432,10968,tyrothricin,IN,direct_anchor_exact_rxnorm
32454,21406,ubidecarenone,IN,direct_anchor_exact_rxnorm
32456,39085,ubiquinol,IN,direct_anchor_exact_rxnorm
32458,1423925,ubiquinone q2,IN,direct_anchor_exact_rxnorm
32461,2626349,ublituximab,IN,direct_anchor_exact_rxnorm
32462,2268216,ubrogepant,IN,direct_anchor_exact_rxnorm
32490,2478439,umbralisib,IN,unique_convergent_term_evidence
32505,1005921,ulipristal,IN,direct_anchor_exact_rxnorm
32509,852054,american elm pollen extract,IN,unique_convergent_term_evidence
32510,1014191,cedar elm pollen extract,IN,unique_convergent_term_evidence
32511,852844,chinese elm pollen extract,IN,unique_convergent_term_evidence
32512,1299981,siberian elm pollen extract,IN,unique_convergent_term_evidence
32514,41208,halobetasol,IN,unique_convergent_term_evidence
32525,352362,acetaminophen / tramadol,MIN,direct_anchor_exact_rxnorm
32532,1338620,ulva lactuca extract,IN,direct_anchor_exact_rxnorm
32536,1487514,umeclidinium,IN,direct_anchor_exact_rxnorm
32542,1942479,umirolimus,IN,direct_anchor_exact_rxnorm
32554,314881,undecylenate,IN,unique_convergent_term_evidence
32560,5992,iron-dextran complex,IN,direct_anchor_exact_rxnorm
32570,10991,unithiol,IN,direct_anchor_exact_rxnorm
32574,1546408,unoprostone,IN,direct_anchor_exact_rxnorm
32580,2196092,upadacitinib,IN,direct_anchor_exact_rxnorm
32600,39230,urapidil,IN,direct_anchor_exact_rxnorm
32601,11002,urea,IN,direct_anchor_exact_rxnorm
32610,1420982,urethane,IN,direct_anchor_exact_rxnorm
32612,1427088,uric acid,IN,direct_anchor_exact_rxnorm
32614,11017,uridine,IN,direct_anchor_exact_rxnorm
32619,1665222,uridine triacetate,IN,direct_anchor_exact_rxnorm
32634,894750,para grass pollen extract,IN,unique_convergent_term_evidence
32637,134404,urofollitropin,IN,direct_anchor_exact_rxnorm
32638,11055,urokinase,IN,direct_anchor_exact_rxnorm
32646,2045735,ursadiol,IN,direct_anchor_exact_rxnorm
32647,62427,ursodeoxycholate,IN,unique_convergent_term_evidence
32648,1370661,ursolate,IN,direct_anchor_exact_rxnorm
32650,852046,nettle pollen extract,IN,unique_convergent_term_evidence
32661,847083,ustekinumab,IN,direct_anchor_exact_rxnorm
32662,349978,oat smut allergenic extract,IN,unique_convergent_term_evidence
32664,314488,corn smut allergenic extract,IN,unique_convergent_term_evidence
32705,1945217,meropenem / vaborbactam,MIN,direct_anchor_exact_rxnorm
32706,1945213,vaborbactam,IN,direct_anchor_exact_rxnorm
32725,2679296,vadadustat,IN,direct_anchor_exact_rxnorm
32737,73645,valacyclovir,IN,direct_anchor_exact_rxnorm
32741,1918219,valbenazine,IN,direct_anchor_exact_rxnorm
32742,1918219,valbenazine,IN,direct_anchor_exact_rxnorm
32746,275891,valganciclovir,IN,direct_anchor_exact_rxnorm
32747,278567,valdecoxib,IN,direct_anchor_exact_rxnorm
32756,275891,valganciclovir,IN,direct_anchor_exact_rxnorm
32763,2604036,valnemulin,IN,direct_anchor_exact_rxnorm
32764,2604036,valnemulin,IN,direct_anchor_exact_rxnorm
32767,2641610,valoctocogene roxaparvovec,IN,direct_anchor_exact_rxnorm
32775,40254,valproate,IN,direct_anchor_exact_rxnorm
32776,324003,bismuth dipropylacetate,IN,unique_convergent_term_evidence
32781,31435,valrubicin,IN,direct_anchor_exact_rxnorm
32782,31435,valrubicin,IN,direct_anchor_exact_rxnorm
32783,69749,valsartan,IN,direct_anchor_exact_rxnorm
32788,73645,valacyclovir,IN,direct_anchor_exact_rxnorm
32796,2669799,vamorolone,IN,direct_anchor_exact_rxnorm
32798,11121,vanadium,IN,direct_anchor_exact_rxnorm
32800,11124,vancomycin,IN,direct_anchor_exact_rxnorm
32801,11124,vancomycin,IN,direct_anchor_exact_rxnorm
32808,901291,vanilla bean allergenic extract,IN,unique_convergent_term_evidence
32810,1368176,vanillin,IN,direct_anchor_exact_rxnorm
32812,1313189,vanillyl butyl ether,IN,direct_anchor_exact_rxnorm
32820,2701431,vanzacaftor,IN,direct_anchor_exact_rxnorm
32828,2274413,"hepatitis a virus strain cr 326f antigen, inactivated",IN,direct_anchor_exact_rxnorm
32829,306674,vardenafil,IN,direct_anchor_exact_rxnorm
32831,591622,varenicline,IN,direct_anchor_exact_rxnorm
32839,1986821,varicella zoster virus glycoprotein e,IN,unique_convergent_term_evidence
32854,214536,enalapril / hydrochlorothiazide,MIN,direct_anchor_exact_rxnorm
32855,1942960,vasoactive intestinal peptide,IN,direct_anchor_exact_rxnorm
32864,2601584,vatinoxan,IN,direct_anchor_exact_rxnorm
32865,2601586,medetomidine / vatinoxan,MIN,direct_anchor_exact_rxnorm
32895,71535,vecuronium,IN,direct_anchor_exact_rxnorm
32898,1538097,vedolizumab,IN,direct_anchor_exact_rxnorm
32911,1317116,velafermin,IN,direct_anchor_exact_rxnorm
32912,901805,velaglucerase alfa,IN,direct_anchor_exact_rxnorm
32921,2630725,velmanase alfa,IN,direct_anchor_exact_rxnorm
32923,1799206,velpatasvir,IN,direct_anchor_exact_rxnorm
32932,1147220,vemurafenib,IN,direct_anchor_exact_rxnorm
32934,1747556,venetoclax,IN,direct_anchor_exact_rxnorm
32938,39786,venlafaxine,IN,direct_anchor_exact_rxnorm
32944,2743350,vepdegestrant,IN,direct_anchor_exact_rxnorm
32953,39468,veralipride,IN,direct_anchor_exact_rxnorm
32954,11170,verapamil,IN,direct_anchor_exact_rxnorm
32962,2539289,verdinexor,IN,direct_anchor_exact_rxnorm
32965,2475830,vericiguat,IN,direct_anchor_exact_rxnorm
32969,8638,prednisolone,IN,direct_anchor_exact_rxnorm
32979,118886,verteporfin,IN,direct_anchor_exact_rxnorm
32996,1297531,german wasp venom protein,IN,unique_convergent_term_evidence
32998,1297535,western yellow jacket venom protein,IN,unique_convergent_term_evidence
33000,,,,ambiguous_legacy_anchor_evidence
33003,1989819,vestronidase alfa,IN,direct_anchor_exact_rxnorm
33008,121243,voriconazole,IN,direct_anchor_exact_rxnorm
33018,2472254,vibegron,IN,direct_anchor_exact_rxnorm
33023,1812935,vibrio cholerae cvd 103-hgr strain live antigen,IN,direct_anchor_exact_rxnorm
33035,11194,vidarabine,IN,direct_anchor_exact_rxnorm
33036,11194,vidarabine,IN,direct_anchor_exact_rxnorm
33042,14851,vigabatrin,IN,direct_anchor_exact_rxnorm
33044,1424884,vilanterol,IN,direct_anchor_exact_rxnorm
33045,1424884,vilanterol,IN,direct_anchor_exact_rxnorm
33047,1086769,vilazodone,IN,direct_anchor_exact_rxnorm
33048,596554,vildagliptin,IN,direct_anchor_exact_rxnorm
33049,2639620,vilobelimab,IN,direct_anchor_exact_rxnorm
33050,11196,viloxazine,IN,direct_anchor_exact_rxnorm
33051,11196,viloxazine,IN,direct_anchor_exact_rxnorm
33052,2389840,viltolarsen,IN,direct_anchor_exact_rxnorm
33058,2705378,vimseltinib,IN,direct_anchor_exact_rxnorm
33059,89811,vinbarbital,IN,direct_anchor_exact_rxnorm
33063,57954,vinburnine,IN,direct_anchor_exact_rxnorm
33066,11201,vincamine,IN,direct_anchor_exact_rxnorm
33079,11202,vincristine,IN,unique_convergent_term_evidence
33094,24506,vinpocetine,IN,direct_anchor_exact_rxnorm
33118,,,,ambiguous_legacy_anchor_evidence
33119,2597054,vipivotide tetraxetan,IN,direct_anchor_exact_rxnorm
33123,39580,viquidil,IN,direct_anchor_exact_rxnorm
33135,11232,virginiamycin,IN,direct_anchor_exact_rxnorm
33161,11246,vitamin a,IN,direct_anchor_exact_rxnorm
33171,2276893,vitamin k7,IN,direct_anchor_exact_rxnorm
33177,2684982,vitexin,IN,direct_anchor_exact_rxnorm
33178,,,,ambiguous_legacy_anchor_evidence
33201,2475166,voclosporin,IN,direct_anchor_exact_rxnorm
33210,2637345,volanesorsen,IN,direct_anchor_exact_rxnorm
33231,226623,factor viii / von willebrand factor,MIN,unique_convergent_term_evidence
33236,1812589,vonicog alfa,IN,direct_anchor_exact_rxnorm
33242,1537034,vorapaxar,IN,direct_anchor_exact_rxnorm
33243,2690647,vorasidenib,IN,direct_anchor_exact_rxnorm
33244,2690647,vorasidenib,IN,direct_anchor_exact_rxnorm
33247,1995537,voretigene neparvovec,IN,direct_anchor_exact_rxnorm
33248,121243,voriconazole,IN,direct_anchor_exact_rxnorm
33252,194337,vorinostat,IN,direct_anchor_exact_rxnorm
33263,1455099,vortioxetine,IN,direct_anchor_exact_rxnorm
33271,2586354,vosoritide,IN,direct_anchor_exact_rxnorm
33274,1939323,voxilaprevir,IN,direct_anchor_exact_rxnorm
33300,2604578,vutrisiran,IN,direct_anchor_exact_rxnorm
33307,484211,ezetimibe / simvastatin,MIN,direct_anchor_exact_rxnorm
33316,11289,warfarin,IN,direct_anchor_exact_rxnorm
33322,11295,water,IN,direct_anchor_exact_rxnorm
33341,901299,whole wheat allergenic extract,IN,unique_convergent_term_evidence
33343,72385,wheat germ oil,IN,direct_anchor_exact_rxnorm
33347,901265,white fish allergenic extract,IN,unique_convergent_term_evidence
33357,,,,ambiguous_legacy_anchor_evidence
33368,89821,witch hazel,IN,direct_anchor_exact_rxnorm
33377,2915,creosote,IN,unique_convergent_term_evidence
33379,1309324,wormwood extract,IN,unique_convergent_term_evidence
33426,39801,xamoterol,IN,direct_anchor_exact_rxnorm
33427,39801,xamoterol,IN,direct_anchor_exact_rxnorm
33429,596,alprazolam,IN,direct_anchor_exact_rxnorm
33430,2694828,xanomeline,IN,direct_anchor_exact_rxnorm
33431,2694828,xanomeline,IN,direct_anchor_exact_rxnorm
33435,1307815,xanthan gum,IN,direct_anchor_exact_rxnorm
33436,1311085,xanthine,IN,direct_anchor_exact_rxnorm
33438,89795,xanthinol,IN,direct_anchor_exact_rxnorm
33439,89795,xanthinol,IN,direct_anchor_exact_rxnorm
33441,,,,ambiguous_legacy_anchor_evidence
33442,902215,common cocklebur pollen extract,IN,unique_convergent_term_evidence
33457,1357536,tofacitinib,IN,direct_anchor_exact_rxnorm
33458,5666,immunoglobulin g,IN,direct_anchor_exact_rxnorm
33469,11363,xenon,IN,direct_anchor_exact_rxnorm
33472,11363,xenon,IN,direct_anchor_exact_rxnorm
33480,1872441,telotristat ethyl,IN,direct_anchor_exact_rxnorm
33488,39823,xibornol,IN,direct_anchor_exact_rxnorm
33501,11371,xipamide,IN,direct_anchor_exact_rxnorm
33531,5552,hydroxyurea,IN,direct_anchor_exact_rxnorm
33539,1099660,xylazine,IN,direct_anchor_exact_rxnorm
33540,1099660,xylazine,IN,direct_anchor_exact_rxnorm
33541,11377,xylitol,IN,direct_anchor_exact_rxnorm
33542,11377,xylitol,IN,direct_anchor_exact_rxnorm
33544,39841,xylometazoline,IN,direct_anchor_exact_rxnorm
33545,39841,xylometazoline,IN,direct_anchor_exact_rxnorm
33546,11378,xylose,IN,direct_anchor_exact_rxnorm
33567,804187,yellow fever virus strain 17d-204 live antigen,IN,unique_convergent_term_evidence
33584,220982,yohimbine,IN,direct_anchor_exact_rxnorm
33585,220982,yohimbine,IN,direct_anchor_exact_rxnorm
33615,114970,zafirlukast,IN,direct_anchor_exact_rxnorm
33620,3363,zalcitabine,IN,direct_anchor_exact_rxnorm
33622,74667,zaleplon,IN,direct_anchor_exact_rxnorm
33634,1232150,aflibercept,IN,direct_anchor_exact_rxnorm
33649,69722,zanamivir,IN,direct_anchor_exact_rxnorm
33654,2698198,zanidatamab,IN,direct_anchor_exact_rxnorm
33686,2637955,zavegepant,IN,direct_anchor_exact_rxnorm
33687,2637955,zavegepant,IN,direct_anchor_exact_rxnorm
33693,852015,corn pollen extract,IN,unique_convergent_term_evidence
33694,1440227,zeatin,IN,direct_anchor_exact_rxnorm
33695,39918,zeaxanthin,IN,direct_anchor_exact_rxnorm
33726,2699588,zenocutuzumab,IN,direct_anchor_exact_rxnorm
33730,1734635,elbasvir / grazoprevir,MIN,direct_anchor_exact_rxnorm
33733,1368476,zeranol,IN,direct_anchor_exact_rxnorm
33734,1597614,ceftolozane / tazobactam,MIN,direct_anchor_exact_rxnorm
33748,214317,bisoprolol / hydrochlorothiazide,MIN,direct_anchor_exact_rxnorm
33751,68503,ziconotide,IN,direct_anchor_exact_rxnorm
33755,2744813,zidebactam,IN,direct_anchor_exact_rxnorm
33765,2725985,ziftomenib,IN,direct_anchor_exact_rxnorm
33772,40575,zileuton,IN,direct_anchor_exact_rxnorm
33777,1727538,zilpaterol,IN,direct_anchor_exact_rxnorm
33778,2672489,zilucoplan,IN,direct_anchor_exact_rxnorm
33786,11416,zinc,IN,direct_anchor_exact_rxnorm
33787,58295,zinc acetate,IN,direct_anchor_exact_rxnorm
33789,1549114,zinc ascorbate,IN,direct_anchor_exact_rxnorm
33790,236142,zinc aspartate,IN,direct_anchor_exact_rxnorm
33791,39935,zinc carbonate,IN,direct_anchor_exact_rxnorm
33792,1546264,zinc cation,IN,direct_anchor_exact_rxnorm
33793,39937,zinc chloride,IN,direct_anchor_exact_rxnorm
33796,236911,zinc citrate,IN,direct_anchor_exact_rxnorm
33797,1426943,dibutyldithiocarbamate,IN,direct_anchor_exact_rxnorm
33801,58300,zinc gluconate,IN,direct_anchor_exact_rxnorm
33802,1306063,zinc glycinate,IN,direct_anchor_exact_rxnorm
33803,1306063,zinc glycinate,IN,direct_anchor_exact_rxnorm
33804,1921759,zinc iodide,IN,direct_anchor_exact_rxnorm
33807,11422,zinc orotate,IN,direct_anchor_exact_rxnorm
33808,11423,zinc oxide,IN,direct_anchor_exact_rxnorm
33811,1651702,phenolsulfonate,IN,direct_anchor_exact_rxnorm
33812,58301,zinc picolinate,IN,direct_anchor_exact_rxnorm
33814,39952,zinc pyrithione,IN,direct_anchor_exact_rxnorm
33815,1368706,stearate,IN,direct_anchor_exact_rxnorm
33817,39954,zinc sulfate,IN,direct_anchor_exact_rxnorm
33820,1733817,zinc sulfide,IN,direct_anchor_exact_rxnorm
33826,2199325,zingerone,IN,direct_anchor_exact_rxnorm
33836,39969,zipeprol,IN,direct_anchor_exact_rxnorm
33837,115698,ziprasidone,IN,direct_anchor_exact_rxnorm
33838,115698,ziprasidone,IN,direct_anchor_exact_rxnorm
33839,115698,ziprasidone,IN,direct_anchor_exact_rxnorm
33842,39972,zirconium oxide,IN,unique_convergent_term_evidence
33857,1487907,dinitolmide,IN,unique_convergent_term_evidence
33864,39990,zofenopril,IN,direct_anchor_exact_rxnorm
33865,39990,zofenopril,IN,direct_anchor_exact_rxnorm
33875,1535252,zolazepam,IN,direct_anchor_exact_rxnorm
33876,1535252,zolazepam,IN,direct_anchor_exact_rxnorm
33877,2695869,zolbetuximab,IN,direct_anchor_exact_rxnorm
33883,77655,zoledronic acid,IN,direct_anchor_exact_rxnorm
33888,2734122,zoliflodacin,IN,direct_anchor_exact_rxnorm
33893,135775,zolmitriptan,IN,direct_anchor_exact_rxnorm
33895,39993,zolpidem,IN,direct_anchor_exact_rxnorm
33903,39994,zomepirac,IN,direct_anchor_exact_rxnorm
33904,39994,zomepirac,IN,direct_anchor_exact_rxnorm
33912,2721604,zongertinib,IN,direct_anchor_exact_rxnorm
33916,39998,zonisamide,IN,direct_anchor_exact_rxnorm
33917,1537034,vorapaxar,IN,direct_anchor_exact_rxnorm
33920,40001,zopiclone,IN,direct_anchor_exact_rxnorm
33938,40003,zotepine,IN,direct_anchor_exact_rxnorm
33950,114176,zuclopenthixol,IN,direct_anchor_exact_rxnorm
33951,114176,zuclopenthixol,IN,direct_anchor_exact_rxnorm
33952,114176,zuclopenthixol,IN,direct_anchor_exact_rxnorm
33953,114176,zuclopenthixol,IN,direct_anchor_exact_rxnorm
33957,2669905,zuranolone,IN,direct_anchor_exact_rxnorm
33977,20610,cetirizine,IN,direct_anchor_exact_rxnorm
